ISO-10303-21;
HEADER;
FILE_DESCRIPTION(('FreeCAD Model'),'2;1');
FILE_NAME('Open CASCADE Shape Model','2026-10-03T22:13:24',('FreeCAD'),(
    'FreeCAD'),'Open CASCADE STEP processor 7.8','FreeCAD','Unknown');
FILE_SCHEMA(('AUTOMOTIVE_DESIGN { 1 0 10303 214 1 1 1 1 }'));
ENDSEC;
DATA;
#1 = APPLICATION_PROTOCOL_DEFINITION('international standard',
  'automotive_design',2000,#2);
#2 = APPLICATION_CONTEXT(
  'core data for automotive mechanical design processes');
#3 = SHAPE_DEFINITION_REPRESENTATION(#4,#10);
#4 = PRODUCT_DEFINITION_SHAPE('','',#5);
#5 = PRODUCT_DEFINITION('design','',#6,#9);
#6 = PRODUCT_DEFINITION_FORMATION('','',#7);
#7 = PRODUCT('Open CASCADE STEP translator 7.8 2',
  'Open CASCADE STEP translator 7.8 2','',(#8));
#8 = PRODUCT_CONTEXT('',#2,'mechanical');
#9 = PRODUCT_DEFINITION_CONTEXT('part definition',#2,'design');
#10 = SHAPE_REPRESENTATION('',(#11,#15,#1821,#3627,#5295,#6963,#7557,
    #8142),#9480);
#11 = AXIS2_PLACEMENT_3D('',#12,#13,#14);
#12 = CARTESIAN_POINT('',(0.,0.,0.));
#13 = DIRECTION('',(0.,0.,1.));
#14 = DIRECTION('',(1.,0.,-0.));
#15 = MANIFOLD_SOLID_BREP('',#16);
#16 = CLOSED_SHELL('',(#17,#57,#88,#183,#369,#532,#549,#566,#795,#819,
    #859,#899,#923,#1074,#1086,#1103,#1125,#1142,#1159,#1171,#1193,#1210
    ,#1227,#1239,#1261,#1278,#1295,#1307,#1332,#1357,#1382,#1407,#1429,
    #1446,#1458,#1470,#1494,#1511,#1535,#1552,#1569,#1581,#1603,#1620,
    #1637,#1649,#1671,#1688,#1705,#1717,#1739,#1756,#1773,#1785,#1797,
    #1809));
#17 = ADVANCED_FACE('',(#18),#52,.T.);
#18 = FACE_BOUND('',#19,.T.);
#19 = EDGE_LOOP('',(#20,#30,#38,#46));
#20 = ORIENTED_EDGE('',*,*,#21,.T.);
#21 = EDGE_CURVE('',#22,#24,#26,.T.);
#22 = VERTEX_POINT('',#23);
#23 = CARTESIAN_POINT('',(-94.,5.428435478905E-14,44.45));
#24 = VERTEX_POINT('',#25);
#25 = CARTESIAN_POINT('',(-94.,-6.5,44.45));
#26 = LINE('',#27,#28);
#27 = CARTESIAN_POINT('',(-94.,1.027511409291E-14,44.45));
#28 = VECTOR('',#29,1.);
#29 = DIRECTION('',(-1.887379141863E-15,-1.,-6.661338147751E-16));
#30 = ORIENTED_EDGE('',*,*,#31,.T.);
#31 = EDGE_CURVE('',#24,#32,#34,.T.);
#32 = VERTEX_POINT('',#33);
#33 = CARTESIAN_POINT('',(-94.,-6.5,1.42108547152E-14));
#34 = LINE('',#35,#36);
#35 = CARTESIAN_POINT('',(-94.,-6.5,44.45));
#36 = VECTOR('',#37,1.);
#37 = DIRECTION('',(-9.992007221626E-16,-2.22044604925E-15,-1.));
#38 = ORIENTED_EDGE('',*,*,#39,.F.);
#39 = EDGE_CURVE('',#40,#32,#42,.T.);
#40 = VERTEX_POINT('',#41);
#41 = CARTESIAN_POINT('',(-94.,5.768545369429E-30,1.42108547152E-14));
#42 = LINE('',#43,#44);
#43 = CARTESIAN_POINT('',(-94.,-8.348877145181E-14,-7.04991620637E-14));
#44 = VECTOR('',#45,1.);
#45 = DIRECTION('',(-1.887379141863E-15,-1.,-6.661338147751E-16));
#46 = ORIENTED_EDGE('',*,*,#47,.F.);
#47 = EDGE_CURVE('',#22,#40,#48,.T.);
#48 = LINE('',#49,#50);
#49 = CARTESIAN_POINT('',(-94.,-1.021405182655E-13,44.45));
#50 = VECTOR('',#51,1.);
#51 = DIRECTION('',(-9.992007221626E-16,-2.22044604925E-15,-1.));
#52 = PLANE('',#53);
#53 = AXIS2_PLACEMENT_3D('',#54,#55,#56);
#54 = CARTESIAN_POINT('',(-94.,1.027511409291E-14,44.45));
#55 = DIRECTION('',(1.,7.771561172376E-16,1.7763568394E-15));
#56 = DIRECTION('',(-8.881784197001E-16,-2.109423746788E-15,-1.));
#57 = ADVANCED_FACE('',(#58),#83,.T.);
#58 = FACE_BOUND('',#59,.T.);
#59 = EDGE_LOOP('',(#60,#70,#76,#77));
#60 = ORIENTED_EDGE('',*,*,#61,.T.);
#61 = EDGE_CURVE('',#62,#64,#66,.T.);
#62 = VERTEX_POINT('',#63);
#63 = CARTESIAN_POINT('',(-123.,5.428435478905E-14,44.45));
#64 = VERTEX_POINT('',#65);
#65 = CARTESIAN_POINT('',(-123.,-6.5,44.45));
#66 = LINE('',#67,#68);
#67 = CARTESIAN_POINT('',(-123.,-1.54820600784E-14,44.45));
#68 = VECTOR('',#69,1.);
#69 = DIRECTION('',(-1.887379141863E-15,-1.,-6.661338147751E-16));
#70 = ORIENTED_EDGE('',*,*,#71,.T.);
#71 = EDGE_CURVE('',#64,#24,#72,.T.);
#72 = LINE('',#73,#74);
#73 = CARTESIAN_POINT('',(-123.,-6.5,44.45));
#74 = VECTOR('',#75,1.);
#75 = DIRECTION('',(1.,9.992007221626E-16,1.998401444325E-15));
#76 = ORIENTED_EDGE('',*,*,#21,.F.);
#77 = ORIENTED_EDGE('',*,*,#78,.F.);
#78 = EDGE_CURVE('',#62,#22,#79,.T.);
#79 = LINE('',#80,#81);
#80 = CARTESIAN_POINT('',(-123.,-1.311173392082E-13,44.45));
#81 = VECTOR('',#82,1.);
#82 = DIRECTION('',(1.,9.992007221626E-16,1.998401444325E-15));
#83 = PLANE('',#84);
#84 = AXIS2_PLACEMENT_3D('',#85,#86,#87);
#85 = CARTESIAN_POINT('',(-123.,-1.54820600784E-14,44.45));
#86 = DIRECTION('',(7.771561172376E-16,1.998401444325E-15,1.));
#87 = DIRECTION('',(1.,8.881784197001E-16,1.887379141863E-15));
#88 = ADVANCED_FACE('',(#89),#178,.T.);
#89 = FACE_BOUND('',#90,.T.);
#90 = EDGE_LOOP('',(#91,#101,#109,#117,#125,#133,#141,#149,#157,#163,
    #164,#172));
#91 = ORIENTED_EDGE('',*,*,#92,.F.);
#92 = EDGE_CURVE('',#93,#95,#97,.T.);
#93 = VERTEX_POINT('',#94);
#94 = CARTESIAN_POINT('',(-110.2,-1.774937036747E-30,0.));
#95 = VERTEX_POINT('',#96);
#96 = CARTESIAN_POINT('',(-123.,-7.099748146989E-30,-1.42108547152E-14)
  );
#97 = LINE('',#98,#99);
#98 = CARTESIAN_POINT('',(-94.,-2.008393451547E-13,1.42108547152E-13));
#99 = VECTOR('',#100,1.);
#100 = DIRECTION('',(-1.,-9.992007221626E-16,-1.998401444325E-15));
#101 = ORIENTED_EDGE('',*,*,#102,.T.);
#102 = EDGE_CURVE('',#93,#103,#105,.T.);
#103 = VERTEX_POINT('',#104);
#104 = CARTESIAN_POINT('',(-110.2,149.5,0.));
#105 = LINE('',#106,#107);
#106 = CARTESIAN_POINT('',(-110.2,-7.340794638822E-14,
    -7.696066006702E-14));
#107 = VECTOR('',#108,1.);
#108 = DIRECTION('',(1.7763568394E-15,1.,6.661338147751E-16));
#109 = ORIENTED_EDGE('',*,*,#110,.F.);
#110 = EDGE_CURVE('',#111,#103,#113,.T.);
#111 = VERTEX_POINT('',#112);
#112 = CARTESIAN_POINT('',(-107.,149.5,0.));
#113 = LINE('',#114,#115);
#114 = CARTESIAN_POINT('',(-106.6153306613,149.5,-5.909164273463E-15));
#115 = VECTOR('',#116,1.);
#116 = DIRECTION('',(-1.,-3.330669073875E-16,-9.584061687599E-16));
#117 = ORIENTED_EDGE('',*,*,#118,.F.);
#118 = EDGE_CURVE('',#119,#111,#121,.T.);
#119 = VERTEX_POINT('',#120);
#120 = CARTESIAN_POINT('',(-107.,144.,0.));
#121 = LINE('',#122,#123);
#122 = CARTESIAN_POINT('',(-107.,-1.187938636349E-13,-1.187938636349E-13
    ));
#123 = VECTOR('',#124,1.);
#124 = DIRECTION('',(2.22044604925E-15,1.,1.110223024625E-15));
#125 = ORIENTED_EDGE('',*,*,#126,.F.);
#126 = EDGE_CURVE('',#127,#119,#129,.T.);
#127 = VERTEX_POINT('',#128);
#128 = CARTESIAN_POINT('',(-99.,144.,0.));
#129 = LINE('',#130,#131);
#130 = CARTESIAN_POINT('',(-98.99999999999,143.99999999999,
    1.136868377216E-13));
#131 = VECTOR('',#132,1.);
#132 = DIRECTION('',(-1.,-7.771561172376E-16,-1.554312234475E-15));
#133 = ORIENTED_EDGE('',*,*,#134,.F.);
#134 = EDGE_CURVE('',#135,#127,#137,.T.);
#135 = VERTEX_POINT('',#136);
#136 = CARTESIAN_POINT('',(-99.,8.3,1.42108547152E-14));
#137 = LINE('',#138,#139);
#138 = CARTESIAN_POINT('',(-99.,137.,3.153033389935E-14));
#139 = VECTOR('',#140,1.);
#140 = DIRECTION('',(1.443289932013E-15,1.,4.440892098501E-16));
#141 = ORIENTED_EDGE('',*,*,#142,.T.);
#142 = EDGE_CURVE('',#135,#143,#145,.T.);
#143 = VERTEX_POINT('',#144);
#144 = CARTESIAN_POINT('',(-107.,8.3,0.));
#145 = LINE('',#146,#147);
#146 = CARTESIAN_POINT('',(-99.,8.3,-6.338263247585E-14));
#147 = VECTOR('',#148,1.);
#148 = DIRECTION('',(-1.,-7.771561172376E-16,-1.665334536938E-15));
#149 = ORIENTED_EDGE('',*,*,#150,.F.);
#150 = EDGE_CURVE('',#151,#143,#153,.T.);
#151 = VERTEX_POINT('',#152);
#152 = CARTESIAN_POINT('',(-107.,-5.605193857299E-45,0.));
#153 = LINE('',#154,#155);
#154 = CARTESIAN_POINT('',(-107.,-1.187938636349E-13,-1.187938636349E-13
    ));
#155 = VECTOR('',#156,1.);
#156 = DIRECTION('',(2.22044604925E-15,1.,1.110223024625E-15));
#157 = ORIENTED_EDGE('',*,*,#158,.F.);
#158 = EDGE_CURVE('',#40,#151,#159,.T.);
#159 = LINE('',#160,#161);
#160 = CARTESIAN_POINT('',(-94.,-2.008393451547E-13,1.42108547152E-13));
#161 = VECTOR('',#162,1.);
#162 = DIRECTION('',(-1.,-9.992007221626E-16,-1.998401444325E-15));
#163 = ORIENTED_EDGE('',*,*,#39,.T.);
#164 = ORIENTED_EDGE('',*,*,#165,.T.);
#165 = EDGE_CURVE('',#32,#166,#168,.T.);
#166 = VERTEX_POINT('',#167);
#167 = CARTESIAN_POINT('',(-123.,-6.5,-1.42108547152E-14));
#168 = LINE('',#169,#170);
#169 = CARTESIAN_POINT('',(-94.,-6.5,1.42108547152E-13));
#170 = VECTOR('',#171,1.);
#171 = DIRECTION('',(-1.,-9.992007221626E-16,-1.998401444325E-15));
#172 = ORIENTED_EDGE('',*,*,#173,.F.);
#173 = EDGE_CURVE('',#95,#166,#174,.T.);
#174 = LINE('',#175,#176);
#175 = CARTESIAN_POINT('',(-123.,-1.092459456231E-13,-1.252331571777E-13
    ));
#176 = VECTOR('',#177,1.);
#177 = DIRECTION('',(-1.887379141863E-15,-1.,-6.661338147751E-16));
#178 = PLANE('',#179);
#179 = AXIS2_PLACEMENT_3D('',#180,#181,#182);
#180 = CARTESIAN_POINT('',(-106.2306613226,88.342384769539,
    -1.150356140783E-14));
#181 = DIRECTION('',(-3.738614607903E-16,-1.33226762955E-15,-1.));
#182 = DIRECTION('',(-1.,-6.661338147751E-16,-1.624539983535E-15));
#183 = ADVANCED_FACE('',(#184,#234,#270,#306,#342,#353),#364,.T.);
#184 = FACE_BOUND('',#185,.T.);
#185 = EDGE_LOOP('',(#186,#187,#188,#196,#204,#210,#211,#219,#227,#233)
  );
#186 = ORIENTED_EDGE('',*,*,#47,.T.);
#187 = ORIENTED_EDGE('',*,*,#158,.T.);
#188 = ORIENTED_EDGE('',*,*,#189,.F.);
#189 = EDGE_CURVE('',#190,#151,#192,.T.);
#190 = VERTEX_POINT('',#191);
#191 = CARTESIAN_POINT('',(-107.,4.474198789239E-14,40.3));
#192 = LINE('',#193,#194);
#193 = CARTESIAN_POINT('',(-107.,-2.93098878501E-14,40.3));
#194 = VECTOR('',#195,1.);
#195 = DIRECTION('',(-1.110223024625E-15,-2.22044604925E-15,-1.));
#196 = ORIENTED_EDGE('',*,*,#197,.T.);
#197 = EDGE_CURVE('',#190,#198,#200,.T.);
#198 = VERTEX_POINT('',#199);
#199 = CARTESIAN_POINT('',(-110.2,4.474198789239E-14,40.3));
#200 = LINE('',#201,#202);
#201 = CARTESIAN_POINT('',(-107.,-2.190470027585E-14,40.3));
#202 = VECTOR('',#203,1.);
#203 = DIRECTION('',(-1.,-9.992007221626E-16,-2.109423746788E-15));
#204 = ORIENTED_EDGE('',*,*,#205,.T.);
#205 = EDGE_CURVE('',#198,#93,#206,.T.);
#206 = LINE('',#207,#208);
#207 = CARTESIAN_POINT('',(-110.2,-2.93098878501E-14,40.3));
#208 = VECTOR('',#209,1.);
#209 = DIRECTION('',(-1.110223024625E-15,-2.22044604925E-15,-1.));
#210 = ORIENTED_EDGE('',*,*,#92,.T.);
#211 = ORIENTED_EDGE('',*,*,#212,.T.);
#212 = EDGE_CURVE('',#95,#213,#215,.T.);
#213 = VERTEX_POINT('',#214);
#214 = CARTESIAN_POINT('',(-127.,4.884981308351E-15,4.));
#215 = LINE('',#216,#217);
#216 = CARTESIAN_POINT('',(-123.,-2.298161660974E-13,8.526512829121E-14)
  );
#217 = VECTOR('',#218,1.);
#218 = DIRECTION('',(-0.707106781187,8.635508522761E-16,0.707106781187)
  );
#219 = ORIENTED_EDGE('',*,*,#220,.T.);
#220 = EDGE_CURVE('',#213,#221,#223,.T.);
#221 = VERTEX_POINT('',#222);
#222 = CARTESIAN_POINT('',(-127.,4.93993734807E-14,40.45));
#223 = LINE('',#224,#225);
#224 = CARTESIAN_POINT('',(-127.,-2.249311847891E-13,4.));
#225 = VECTOR('',#226,1.);
#226 = DIRECTION('',(9.992007221626E-16,2.22044604925E-15,1.));
#227 = ORIENTED_EDGE('',*,*,#228,.T.);
#228 = EDGE_CURVE('',#221,#62,#229,.T.);
#229 = LINE('',#230,#231);
#230 = CARTESIAN_POINT('',(-127.,-1.439959262939E-13,40.45));
#231 = VECTOR('',#232,1.);
#232 = DIRECTION('',(0.707106781187,2.276634065091E-15,0.707106781187));
#233 = ORIENTED_EDGE('',*,*,#78,.T.);
#234 = FACE_BOUND('',#235,.T.);
#235 = EDGE_LOOP('',(#236,#247,#255,#264));
#236 = ORIENTED_EDGE('',*,*,#237,.T.);
#237 = EDGE_CURVE('',#238,#240,#242,.T.);
#238 = VERTEX_POINT('',#239);
#239 = CARTESIAN_POINT('',(-120.4625,7.499556531343E-15,9.65));
#240 = VERTEX_POINT('',#241);
#241 = CARTESIAN_POINT('',(-120.4625,2.370326157575E-15,3.05));
#242 = CIRCLE('',#243,3.3);
#243 = AXIS2_PLACEMENT_3D('',#244,#245,#246);
#244 = CARTESIAN_POINT('',(-120.4625,-1.178071529218E-13,6.35));
#245 = DIRECTION('',(5.551115123126E-16,-1.,1.33226762955E-15));
#246 = DIRECTION('',(1.,5.551115123126E-16,1.110223024625E-15));
#247 = ORIENTED_EDGE('',*,*,#248,.T.);
#248 = EDGE_CURVE('',#240,#249,#251,.T.);
#249 = VERTEX_POINT('',#250);
#250 = CARTESIAN_POINT('',(-116.0625,2.370326157575E-15,3.05));
#251 = LINE('',#252,#253);
#252 = CARTESIAN_POINT('',(-120.4625,-1.222036360993E-13,3.05));
#253 = VECTOR('',#254,1.);
#254 = DIRECTION('',(1.,5.551115123126E-16,1.110223024625E-15));
#255 = ORIENTED_EDGE('',*,*,#256,.T.);
#256 = EDGE_CURVE('',#249,#257,#259,.T.);
#257 = VERTEX_POINT('',#258);
#258 = CARTESIAN_POINT('',(-116.0625,7.499556531343E-15,9.65));
#259 = CIRCLE('',#260,3.3);
#260 = AXIS2_PLACEMENT_3D('',#261,#262,#263);
#261 = CARTESIAN_POINT('',(-116.0625,-1.153646622676E-13,6.35));
#262 = DIRECTION('',(5.551115123126E-16,-1.,1.33226762955E-15));
#263 = DIRECTION('',(1.,5.551115123126E-16,1.110223024625E-15));
#264 = ORIENTED_EDGE('',*,*,#265,.T.);
#265 = EDGE_CURVE('',#257,#238,#266,.T.);
#266 = LINE('',#267,#268);
#267 = CARTESIAN_POINT('',(-116.0625,-1.109681790901E-13,9.65));
#268 = VECTOR('',#269,1.);
#269 = DIRECTION('',(-1.,-5.551115123126E-16,-1.110223024625E-15));
#270 = FACE_BOUND('',#271,.T.);
#271 = EDGE_LOOP('',(#272,#283,#291,#300));
#272 = ORIENTED_EDGE('',*,*,#273,.T.);
#273 = EDGE_CURVE('',#274,#276,#278,.T.);
#274 = VERTEX_POINT('',#275);
#275 = CARTESIAN_POINT('',(-120.4625,1.983690989249E-14,25.525));
#276 = VERTEX_POINT('',#277);
#277 = CARTESIAN_POINT('',(-120.4625,1.470767951872E-14,18.925));
#278 = CIRCLE('',#279,3.3);
#279 = AXIS2_PLACEMENT_3D('',#280,#281,#282);
#280 = CARTESIAN_POINT('',(-120.4625,-9.665740430265E-14,22.225));
#281 = DIRECTION('',(5.551115123126E-16,-1.,1.33226762955E-15));
#282 = DIRECTION('',(1.,5.551115123126E-16,1.110223024625E-15));
#283 = ORIENTED_EDGE('',*,*,#284,.T.);
#284 = EDGE_CURVE('',#276,#285,#287,.T.);
#285 = VERTEX_POINT('',#286);
#286 = CARTESIAN_POINT('',(-116.0625,1.470767951872E-14,18.925));
#287 = LINE('',#288,#289);
#288 = CARTESIAN_POINT('',(-120.4625,-1.010538874802E-13,18.925));
#289 = VECTOR('',#290,1.);
#290 = DIRECTION('',(1.,5.551115123126E-16,1.110223024625E-15));
#291 = ORIENTED_EDGE('',*,*,#292,.T.);
#292 = EDGE_CURVE('',#285,#293,#295,.T.);
#293 = VERTEX_POINT('',#294);
#294 = CARTESIAN_POINT('',(-116.0625,1.983690989249E-14,25.525));
#295 = CIRCLE('',#296,3.3);
#296 = AXIS2_PLACEMENT_3D('',#297,#298,#299);
#297 = CARTESIAN_POINT('',(-116.0625,-9.421491364847E-14,22.225));
#298 = DIRECTION('',(5.551115123126E-16,-1.,1.33226762955E-15));
#299 = DIRECTION('',(1.,5.551115123126E-16,1.110223024625E-15));
#300 = ORIENTED_EDGE('',*,*,#301,.T.);
#301 = EDGE_CURVE('',#293,#274,#302,.T.);
#302 = LINE('',#303,#304);
#303 = CARTESIAN_POINT('',(-116.0625,-8.981843047096E-14,25.525));
#304 = VECTOR('',#305,1.);
#305 = DIRECTION('',(-1.,-5.551115123126E-16,-1.110223024625E-15));
#306 = FACE_BOUND('',#307,.T.);
#307 = EDGE_LOOP('',(#308,#319,#327,#336));
#308 = ORIENTED_EDGE('',*,*,#309,.T.);
#309 = EDGE_CURVE('',#310,#312,#314,.T.);
#310 = VERTEX_POINT('',#311);
#311 = CARTESIAN_POINT('',(-120.4625,3.217426325364E-14,41.4));
#312 = VERTEX_POINT('',#313);
#313 = CARTESIAN_POINT('',(-120.4625,2.704503287987E-14,34.8));
#314 = CIRCLE('',#315,3.3);
#315 = AXIS2_PLACEMENT_3D('',#316,#317,#318);
#316 = CARTESIAN_POINT('',(-120.4625,-7.550765568354E-14,38.1));
#317 = DIRECTION('',(5.551115123126E-16,-1.,1.33226762955E-15));
#318 = DIRECTION('',(1.,5.551115123126E-16,1.110223024625E-15));
#319 = ORIENTED_EDGE('',*,*,#320,.T.);
#320 = EDGE_CURVE('',#312,#321,#323,.T.);
#321 = VERTEX_POINT('',#322);
#322 = CARTESIAN_POINT('',(-116.0625,2.704503287987E-14,34.8));
#323 = LINE('',#324,#325);
#324 = CARTESIAN_POINT('',(-120.4625,-7.990413886105E-14,34.8));
#325 = VECTOR('',#326,1.);
#326 = DIRECTION('',(1.,5.551115123126E-16,1.110223024625E-15));
#327 = ORIENTED_EDGE('',*,*,#328,.T.);
#328 = EDGE_CURVE('',#321,#329,#331,.T.);
#329 = VERTEX_POINT('',#330);
#330 = CARTESIAN_POINT('',(-116.0625,3.217426325364E-14,41.4));
#331 = CIRCLE('',#332,3.3);
#332 = AXIS2_PLACEMENT_3D('',#333,#334,#335);
#333 = CARTESIAN_POINT('',(-116.0625,-7.306516502936E-14,38.1));
#334 = DIRECTION('',(5.551115123126E-16,-1.,1.33226762955E-15));
#335 = DIRECTION('',(1.,5.551115123126E-16,1.110223024625E-15));
#336 = ORIENTED_EDGE('',*,*,#337,.T.);
#337 = EDGE_CURVE('',#329,#310,#338,.T.);
#338 = LINE('',#339,#340);
#339 = CARTESIAN_POINT('',(-116.0625,-6.866868185185E-14,41.4));
#340 = VECTOR('',#341,1.);
#341 = DIRECTION('',(-1.,-5.551115123126E-16,-1.110223024625E-15));
#342 = FACE_BOUND('',#343,.T.);
#343 = EDGE_LOOP('',(#344));
#344 = ORIENTED_EDGE('',*,*,#345,.T.);
#345 = EDGE_CURVE('',#346,#346,#348,.T.);
#346 = VERTEX_POINT('',#347);
#347 = CARTESIAN_POINT('',(-96.8,7.932543510947E-15,14.29));
#348 = CIRCLE('',#349,3.2);
#349 = AXIS2_PLACEMENT_3D('',#350,#351,#352);
#350 = CARTESIAN_POINT('',(-100.,-5.625278021171E-14,14.29));
#351 = DIRECTION('',(3.330669073875E-16,-1.,8.881784197001E-16));
#352 = DIRECTION('',(1.,3.330669073875E-16,6.661338147751E-16));
#353 = FACE_BOUND('',#354,.T.);
#354 = EDGE_LOOP('',(#355));
#355 = ORIENTED_EDGE('',*,*,#356,.T.);
#356 = EDGE_CURVE('',#357,#357,#359,.T.);
#357 = VERTEX_POINT('',#358);
#358 = CARTESIAN_POINT('',(-96.8,1.674216321135E-14,30.16));
#359 = CIRCLE('',#360,3.2);
#360 = AXIS2_PLACEMENT_3D('',#361,#362,#363);
#361 = CARTESIAN_POINT('',(-100.,-4.215738869107E-14,30.16));
#362 = DIRECTION('',(3.330669073875E-16,-1.,8.881784197001E-16));
#363 = DIRECTION('',(1.,3.330669073875E-16,6.661338147751E-16));
#364 = PLANE('',#365);
#365 = AXIS2_PLACEMENT_3D('',#366,#367,#368);
#366 = CARTESIAN_POINT('',(-109.9411214022,-1.674183117273E-13,22.225));
#367 = DIRECTION('',(1.998401444325E-15,1.,9.992007221626E-16));
#368 = DIRECTION('',(9.992007221626E-16,1.998401444325E-15,1.));
#369 = ADVANCED_FACE('',(#370,#397,#433,#469,#505,#516),#527,.F.);
#370 = FACE_BOUND('',#371,.F.);
#371 = EDGE_LOOP('',(#372,#373,#381,#389,#395,#396));
#372 = ORIENTED_EDGE('',*,*,#165,.T.);
#373 = ORIENTED_EDGE('',*,*,#374,.T.);
#374 = EDGE_CURVE('',#166,#375,#377,.T.);
#375 = VERTEX_POINT('',#376);
#376 = CARTESIAN_POINT('',(-127.,-6.5,4.));
#377 = LINE('',#378,#379);
#378 = CARTESIAN_POINT('',(-123.,-6.5,8.526512829121E-14));
#379 = VECTOR('',#380,1.);
#380 = DIRECTION('',(-0.707106781187,8.635508522761E-16,0.707106781187)
  );
#381 = ORIENTED_EDGE('',*,*,#382,.T.);
#382 = EDGE_CURVE('',#375,#383,#385,.T.);
#383 = VERTEX_POINT('',#384);
#384 = CARTESIAN_POINT('',(-127.,-6.5,40.45));
#385 = LINE('',#386,#387);
#386 = CARTESIAN_POINT('',(-127.,-6.5,4.));
#387 = VECTOR('',#388,1.);
#388 = DIRECTION('',(9.992007221626E-16,2.22044604925E-15,1.));
#389 = ORIENTED_EDGE('',*,*,#390,.T.);
#390 = EDGE_CURVE('',#383,#64,#391,.T.);
#391 = LINE('',#392,#393);
#392 = CARTESIAN_POINT('',(-127.,-6.5,40.45));
#393 = VECTOR('',#394,1.);
#394 = DIRECTION('',(0.707106781187,2.276634065091E-15,0.707106781187));
#395 = ORIENTED_EDGE('',*,*,#71,.T.);
#396 = ORIENTED_EDGE('',*,*,#31,.T.);
#397 = FACE_BOUND('',#398,.F.);
#398 = EDGE_LOOP('',(#399,#410,#418,#427));
#399 = ORIENTED_EDGE('',*,*,#400,.T.);
#400 = EDGE_CURVE('',#401,#403,#405,.T.);
#401 = VERTEX_POINT('',#402);
#402 = CARTESIAN_POINT('',(-120.4625,-6.5,9.65));
#403 = VERTEX_POINT('',#404);
#404 = CARTESIAN_POINT('',(-120.4625,-6.5,3.05));
#405 = CIRCLE('',#406,3.3);
#406 = AXIS2_PLACEMENT_3D('',#407,#408,#409);
#407 = CARTESIAN_POINT('',(-120.4625,-6.5,6.35));
#408 = DIRECTION('',(5.551115123126E-16,-1.,1.33226762955E-15));
#409 = DIRECTION('',(1.,5.551115123126E-16,1.110223024625E-15));
#410 = ORIENTED_EDGE('',*,*,#411,.T.);
#411 = EDGE_CURVE('',#403,#412,#414,.T.);
#412 = VERTEX_POINT('',#413);
#413 = CARTESIAN_POINT('',(-116.0625,-6.5,3.05));
#414 = LINE('',#415,#416);
#415 = CARTESIAN_POINT('',(-120.4625,-6.5,3.05));
#416 = VECTOR('',#417,1.);
#417 = DIRECTION('',(1.,5.551115123126E-16,1.110223024625E-15));
#418 = ORIENTED_EDGE('',*,*,#419,.T.);
#419 = EDGE_CURVE('',#412,#420,#422,.T.);
#420 = VERTEX_POINT('',#421);
#421 = CARTESIAN_POINT('',(-116.0625,-6.5,9.65));
#422 = CIRCLE('',#423,3.3);
#423 = AXIS2_PLACEMENT_3D('',#424,#425,#426);
#424 = CARTESIAN_POINT('',(-116.0625,-6.5,6.35));
#425 = DIRECTION('',(5.551115123126E-16,-1.,1.33226762955E-15));
#426 = DIRECTION('',(1.,5.551115123126E-16,1.110223024625E-15));
#427 = ORIENTED_EDGE('',*,*,#428,.T.);
#428 = EDGE_CURVE('',#420,#401,#429,.T.);
#429 = LINE('',#430,#431);
#430 = CARTESIAN_POINT('',(-116.0625,-6.5,9.65));
#431 = VECTOR('',#432,1.);
#432 = DIRECTION('',(-1.,-5.551115123126E-16,-1.110223024625E-15));
#433 = FACE_BOUND('',#434,.F.);
#434 = EDGE_LOOP('',(#435,#446,#454,#463));
#435 = ORIENTED_EDGE('',*,*,#436,.T.);
#436 = EDGE_CURVE('',#437,#439,#441,.T.);
#437 = VERTEX_POINT('',#438);
#438 = CARTESIAN_POINT('',(-120.4625,-6.5,25.525));
#439 = VERTEX_POINT('',#440);
#440 = CARTESIAN_POINT('',(-120.4625,-6.5,18.925));
#441 = CIRCLE('',#442,3.3);
#442 = AXIS2_PLACEMENT_3D('',#443,#444,#445);
#443 = CARTESIAN_POINT('',(-120.4625,-6.5,22.225));
#444 = DIRECTION('',(5.551115123126E-16,-1.,1.33226762955E-15));
#445 = DIRECTION('',(1.,5.551115123126E-16,1.110223024625E-15));
#446 = ORIENTED_EDGE('',*,*,#447,.T.);
#447 = EDGE_CURVE('',#439,#448,#450,.T.);
#448 = VERTEX_POINT('',#449);
#449 = CARTESIAN_POINT('',(-116.0625,-6.5,18.925));
#450 = LINE('',#451,#452);
#451 = CARTESIAN_POINT('',(-120.4625,-6.5,18.925));
#452 = VECTOR('',#453,1.);
#453 = DIRECTION('',(1.,5.551115123126E-16,1.110223024625E-15));
#454 = ORIENTED_EDGE('',*,*,#455,.T.);
#455 = EDGE_CURVE('',#448,#456,#458,.T.);
#456 = VERTEX_POINT('',#457);
#457 = CARTESIAN_POINT('',(-116.0625,-6.5,25.525));
#458 = CIRCLE('',#459,3.3);
#459 = AXIS2_PLACEMENT_3D('',#460,#461,#462);
#460 = CARTESIAN_POINT('',(-116.0625,-6.5,22.225));
#461 = DIRECTION('',(5.551115123126E-16,-1.,1.33226762955E-15));
#462 = DIRECTION('',(1.,5.551115123126E-16,1.110223024625E-15));
#463 = ORIENTED_EDGE('',*,*,#464,.T.);
#464 = EDGE_CURVE('',#456,#437,#465,.T.);
#465 = LINE('',#466,#467);
#466 = CARTESIAN_POINT('',(-116.0625,-6.5,25.525));
#467 = VECTOR('',#468,1.);
#468 = DIRECTION('',(-1.,-5.551115123126E-16,-1.110223024625E-15));
#469 = FACE_BOUND('',#470,.F.);
#470 = EDGE_LOOP('',(#471,#482,#490,#499));
#471 = ORIENTED_EDGE('',*,*,#472,.T.);
#472 = EDGE_CURVE('',#473,#475,#477,.T.);
#473 = VERTEX_POINT('',#474);
#474 = CARTESIAN_POINT('',(-120.4625,-6.5,41.4));
#475 = VERTEX_POINT('',#476);
#476 = CARTESIAN_POINT('',(-120.4625,-6.5,34.8));
#477 = CIRCLE('',#478,3.3);
#478 = AXIS2_PLACEMENT_3D('',#479,#480,#481);
#479 = CARTESIAN_POINT('',(-120.4625,-6.5,38.1));
#480 = DIRECTION('',(5.551115123126E-16,-1.,1.33226762955E-15));
#481 = DIRECTION('',(1.,5.551115123126E-16,1.110223024625E-15));
#482 = ORIENTED_EDGE('',*,*,#483,.T.);
#483 = EDGE_CURVE('',#475,#484,#486,.T.);
#484 = VERTEX_POINT('',#485);
#485 = CARTESIAN_POINT('',(-116.0625,-6.5,34.8));
#486 = LINE('',#487,#488);
#487 = CARTESIAN_POINT('',(-120.4625,-6.5,34.8));
#488 = VECTOR('',#489,1.);
#489 = DIRECTION('',(1.,5.551115123126E-16,1.110223024625E-15));
#490 = ORIENTED_EDGE('',*,*,#491,.T.);
#491 = EDGE_CURVE('',#484,#492,#494,.T.);
#492 = VERTEX_POINT('',#493);
#493 = CARTESIAN_POINT('',(-116.0625,-6.5,41.4));
#494 = CIRCLE('',#495,3.3);
#495 = AXIS2_PLACEMENT_3D('',#496,#497,#498);
#496 = CARTESIAN_POINT('',(-116.0625,-6.5,38.1));
#497 = DIRECTION('',(5.551115123126E-16,-1.,1.33226762955E-15));
#498 = DIRECTION('',(1.,5.551115123126E-16,1.110223024625E-15));
#499 = ORIENTED_EDGE('',*,*,#500,.T.);
#500 = EDGE_CURVE('',#492,#473,#501,.T.);
#501 = LINE('',#502,#503);
#502 = CARTESIAN_POINT('',(-116.0625,-6.5,41.4));
#503 = VECTOR('',#504,1.);
#504 = DIRECTION('',(-1.,-5.551115123126E-16,-1.110223024625E-15));
#505 = FACE_BOUND('',#506,.F.);
#506 = EDGE_LOOP('',(#507));
#507 = ORIENTED_EDGE('',*,*,#508,.T.);
#508 = EDGE_CURVE('',#509,#509,#511,.T.);
#509 = VERTEX_POINT('',#510);
#510 = CARTESIAN_POINT('',(-94.5,-6.5,14.29));
#511 = CIRCLE('',#512,5.5);
#512 = AXIS2_PLACEMENT_3D('',#513,#514,#515);
#513 = CARTESIAN_POINT('',(-100.,-6.5,14.29));
#514 = DIRECTION('',(2.22044604925E-16,-1.,6.661338147751E-16));
#515 = DIRECTION('',(1.,2.22044604925E-16,4.440892098501E-16));
#516 = FACE_BOUND('',#517,.F.);
#517 = EDGE_LOOP('',(#518));
#518 = ORIENTED_EDGE('',*,*,#519,.T.);
#519 = EDGE_CURVE('',#520,#520,#522,.T.);
#520 = VERTEX_POINT('',#521);
#521 = CARTESIAN_POINT('',(-94.5,-6.5,30.16));
#522 = CIRCLE('',#523,5.5);
#523 = AXIS2_PLACEMENT_3D('',#524,#525,#526);
#524 = CARTESIAN_POINT('',(-100.,-6.5,30.16));
#525 = DIRECTION('',(2.22044604925E-16,-1.,6.661338147751E-16));
#526 = DIRECTION('',(1.,2.22044604925E-16,4.440892098501E-16));
#527 = PLANE('',#528);
#528 = AXIS2_PLACEMENT_3D('',#529,#530,#531);
#529 = CARTESIAN_POINT('',(-109.9411214022,-6.5,22.225));
#530 = DIRECTION('',(1.998401444325E-15,1.,9.992007221626E-16));
#531 = DIRECTION('',(9.992007221626E-16,1.998401444325E-15,1.));
#532 = ADVANCED_FACE('',(#533),#544,.T.);
#533 = FACE_BOUND('',#534,.T.);
#534 = EDGE_LOOP('',(#535,#541,#542,#543));
#535 = ORIENTED_EDGE('',*,*,#536,.T.);
#536 = EDGE_CURVE('',#221,#383,#537,.T.);
#537 = LINE('',#538,#539);
#538 = CARTESIAN_POINT('',(-127.,-2.747246874435E-14,40.45));
#539 = VECTOR('',#540,1.);
#540 = DIRECTION('',(-1.887379141863E-15,-1.,-6.661338147751E-16));
#541 = ORIENTED_EDGE('',*,*,#390,.T.);
#542 = ORIENTED_EDGE('',*,*,#61,.F.);
#543 = ORIENTED_EDGE('',*,*,#228,.F.);
#544 = PLANE('',#545);
#545 = AXIS2_PLACEMENT_3D('',#546,#547,#548);
#546 = CARTESIAN_POINT('',(-127.,-2.747246874435E-14,40.45));
#547 = DIRECTION('',(-0.707106781187,8.635508522761E-16,0.707106781187)
  );
#548 = DIRECTION('',(0.707106781187,2.119624819223E-15,0.707106781187));
#549 = ADVANCED_FACE('',(#550),#561,.T.);
#550 = FACE_BOUND('',#551,.T.);
#551 = EDGE_LOOP('',(#552,#553,#554,#560));
#552 = ORIENTED_EDGE('',*,*,#173,.T.);
#553 = ORIENTED_EDGE('',*,*,#374,.T.);
#554 = ORIENTED_EDGE('',*,*,#555,.F.);
#555 = EDGE_CURVE('',#213,#375,#556,.T.);
#556 = LINE('',#557,#558);
#557 = CARTESIAN_POINT('',(-127.,-1.043609643148E-13,4.));
#558 = VECTOR('',#559,1.);
#559 = DIRECTION('',(-1.887379141863E-15,-1.,-6.661338147751E-16));
#560 = ORIENTED_EDGE('',*,*,#212,.F.);
#561 = PLANE('',#562);
#562 = AXIS2_PLACEMENT_3D('',#563,#564,#565);
#563 = CARTESIAN_POINT('',(-123.,-1.092459456231E-13,-1.252331571777E-13
    ));
#564 = DIRECTION('',(-0.707106781187,-1.962615573355E-15,-0.707106781187
    ));
#565 = DIRECTION('',(-0.707106781187,8.635508522761E-16,0.707106781187)
  );
#566 = ADVANCED_FACE('',(#567,#688,#722,#756),#790,.T.);
#567 = FACE_BOUND('',#568,.T.);
#568 = EDGE_LOOP('',(#569,#579,#587,#593,#594,#595,#603,#611,#619,#627,
    #635,#643,#651,#659,#665,#666,#674,#682));
#569 = ORIENTED_EDGE('',*,*,#570,.T.);
#570 = EDGE_CURVE('',#571,#573,#575,.T.);
#571 = VERTEX_POINT('',#572);
#572 = CARTESIAN_POINT('',(-107.,196.,0.));
#573 = VERTEX_POINT('',#574);
#574 = CARTESIAN_POINT('',(-107.,206.,0.));
#575 = LINE('',#576,#577);
#576 = CARTESIAN_POINT('',(-107.,-1.187938636349E-13,-1.187938636349E-13
    ));
#577 = VECTOR('',#578,1.);
#578 = DIRECTION('',(2.22044604925E-15,1.,1.110223024625E-15));
#579 = ORIENTED_EDGE('',*,*,#580,.T.);
#580 = EDGE_CURVE('',#573,#581,#583,.T.);
#581 = VERTEX_POINT('',#582);
#582 = CARTESIAN_POINT('',(-107.,206.,40.3));
#583 = LINE('',#584,#585);
#584 = CARTESIAN_POINT('',(-106.9999999999,205.99999999999,
    1.099120794379E-13));
#585 = VECTOR('',#586,1.);
#586 = DIRECTION('',(1.110223024625E-15,2.22044604925E-15,1.));
#587 = ORIENTED_EDGE('',*,*,#588,.T.);
#588 = EDGE_CURVE('',#581,#190,#589,.T.);
#589 = LINE('',#590,#591);
#590 = CARTESIAN_POINT('',(-106.9999999999,205.99999999999,40.3));
#591 = VECTOR('',#592,1.);
#592 = DIRECTION('',(-2.22044604925E-15,-1.,-1.110223024625E-15));
#593 = ORIENTED_EDGE('',*,*,#189,.T.);
#594 = ORIENTED_EDGE('',*,*,#150,.T.);
#595 = ORIENTED_EDGE('',*,*,#596,.F.);
#596 = EDGE_CURVE('',#597,#143,#599,.T.);
#597 = VERTEX_POINT('',#598);
#598 = CARTESIAN_POINT('',(-107.,8.3,3.));
#599 = LINE('',#600,#601);
#600 = CARTESIAN_POINT('',(-107.,8.3,11.575));
#601 = VECTOR('',#602,1.);
#602 = DIRECTION('',(-4.440892098501E-16,-5.218048215738E-15,-1.));
#603 = ORIENTED_EDGE('',*,*,#604,.F.);
#604 = EDGE_CURVE('',#605,#597,#607,.T.);
#605 = VERTEX_POINT('',#606);
#606 = CARTESIAN_POINT('',(-107.,137.,3.));
#607 = LINE('',#608,#609);
#608 = CARTESIAN_POINT('',(-107.,120.,3.));
#609 = VECTOR('',#610,1.);
#610 = DIRECTION('',(-1.554312234475E-15,-1.,-7.771561172376E-16));
#611 = ORIENTED_EDGE('',*,*,#612,.T.);
#612 = EDGE_CURVE('',#605,#613,#615,.T.);
#613 = VERTEX_POINT('',#614);
#614 = CARTESIAN_POINT('',(-107.,137.,36.));
#615 = LINE('',#616,#617);
#616 = CARTESIAN_POINT('',(-107.,137.,19.075));
#617 = VECTOR('',#618,1.);
#618 = DIRECTION('',(2.22044604925E-16,1.33226762955E-15,1.));
#619 = ORIENTED_EDGE('',*,*,#620,.T.);
#620 = EDGE_CURVE('',#613,#621,#623,.T.);
#621 = VERTEX_POINT('',#622);
#622 = CARTESIAN_POINT('',(-107.,144.,36.));
#623 = LINE('',#624,#625);
#624 = CARTESIAN_POINT('',(-107.,120.,36.));
#625 = VECTOR('',#626,1.);
#626 = DIRECTION('',(1.33226762955E-15,1.,4.440892098501E-16));
#627 = ORIENTED_EDGE('',*,*,#628,.F.);
#628 = EDGE_CURVE('',#629,#621,#631,.T.);
#629 = VERTEX_POINT('',#630);
#630 = CARTESIAN_POINT('',(-107.,144.,25.));
#631 = LINE('',#632,#633);
#632 = CARTESIAN_POINT('',(-107.,144.,19.075));
#633 = VECTOR('',#634,1.);
#634 = DIRECTION('',(2.22044604925E-16,1.33226762955E-15,1.));
#635 = ORIENTED_EDGE('',*,*,#636,.T.);
#636 = EDGE_CURVE('',#629,#637,#639,.T.);
#637 = VERTEX_POINT('',#638);
#638 = CARTESIAN_POINT('',(-107.,202.,25.));
#639 = LINE('',#640,#641);
#640 = CARTESIAN_POINT('',(-107.,144.,25.));
#641 = VECTOR('',#642,1.);
#642 = DIRECTION('',(1.221245327088E-15,1.,3.330669073875E-16));
#643 = ORIENTED_EDGE('',*,*,#644,.F.);
#644 = EDGE_CURVE('',#645,#637,#647,.T.);
#645 = VERTEX_POINT('',#646);
#646 = CARTESIAN_POINT('',(-107.,202.,15.));
#647 = LINE('',#648,#649);
#648 = CARTESIAN_POINT('',(-107.,202.,20.075));
#649 = VECTOR('',#650,1.);
#650 = DIRECTION('',(5.300159206954E-31,1.110223024625E-15,1.));
#651 = ORIENTED_EDGE('',*,*,#652,.F.);
#652 = EDGE_CURVE('',#653,#645,#655,.T.);
#653 = VERTEX_POINT('',#654);
#654 = CARTESIAN_POINT('',(-107.,144.,15.));
#655 = LINE('',#656,#657);
#656 = CARTESIAN_POINT('',(-107.,144.,15.));
#657 = VECTOR('',#658,1.);
#658 = DIRECTION('',(1.221245327088E-15,1.,3.330669073875E-16));
#659 = ORIENTED_EDGE('',*,*,#660,.F.);
#660 = EDGE_CURVE('',#119,#653,#661,.T.);
#661 = LINE('',#662,#663);
#662 = CARTESIAN_POINT('',(-107.,144.,19.075));
#663 = VECTOR('',#664,1.);
#664 = DIRECTION('',(2.22044604925E-16,1.33226762955E-15,1.));
#665 = ORIENTED_EDGE('',*,*,#118,.T.);
#666 = ORIENTED_EDGE('',*,*,#667,.F.);
#667 = EDGE_CURVE('',#668,#111,#670,.T.);
#668 = VERTEX_POINT('',#669);
#669 = CARTESIAN_POINT('',(-107.,149.5,4.5));
#670 = LINE('',#671,#672);
#671 = CARTESIAN_POINT('',(-107.,149.5,4.5));
#672 = VECTOR('',#673,1.);
#673 = DIRECTION('',(-4.440892098501E-16,-8.881784197001E-16,-1.));
#674 = ORIENTED_EDGE('',*,*,#675,.F.);
#675 = EDGE_CURVE('',#676,#668,#678,.T.);
#676 = VERTEX_POINT('',#677);
#677 = CARTESIAN_POINT('',(-107.,196.,4.5));
#678 = LINE('',#679,#680);
#679 = CARTESIAN_POINT('',(-107.,196.,4.5));
#680 = VECTOR('',#681,1.);
#681 = DIRECTION('',(-8.881784197001E-16,-1.,-4.440892098501E-16));
#682 = ORIENTED_EDGE('',*,*,#683,.F.);
#683 = EDGE_CURVE('',#571,#676,#684,.T.);
#684 = LINE('',#685,#686);
#685 = CARTESIAN_POINT('',(-107.,196.,-1.));
#686 = VECTOR('',#687,1.);
#687 = DIRECTION('',(4.440892098501E-16,8.881784197001E-16,1.));
#688 = FACE_BOUND('',#689,.T.);
#689 = EDGE_LOOP('',(#690,#700,#708,#716));
#690 = ORIENTED_EDGE('',*,*,#691,.F.);
#691 = EDGE_CURVE('',#692,#694,#696,.T.);
#692 = VERTEX_POINT('',#693);
#693 = CARTESIAN_POINT('',(-107.,96.,10.));
#694 = VERTEX_POINT('',#695);
#695 = CARTESIAN_POINT('',(-107.,124.,10.));
#696 = LINE('',#697,#698);
#697 = CARTESIAN_POINT('',(-107.,96.,10.));
#698 = VECTOR('',#699,1.);
#699 = DIRECTION('',(2.22044604925E-16,1.,1.110223024625E-16));
#700 = ORIENTED_EDGE('',*,*,#701,.F.);
#701 = EDGE_CURVE('',#702,#692,#704,.T.);
#702 = VERTEX_POINT('',#703);
#703 = CARTESIAN_POINT('',(-107.,96.,30.));
#704 = LINE('',#705,#706);
#705 = CARTESIAN_POINT('',(-107.,96.,30.));
#706 = VECTOR('',#707,1.);
#707 = DIRECTION('',(-1.110223024625E-16,-2.22044604925E-16,-1.));
#708 = ORIENTED_EDGE('',*,*,#709,.F.);
#709 = EDGE_CURVE('',#710,#702,#712,.T.);
#710 = VERTEX_POINT('',#711);
#711 = CARTESIAN_POINT('',(-107.,124.,30.));
#712 = LINE('',#713,#714);
#713 = CARTESIAN_POINT('',(-107.,124.,30.));
#714 = VECTOR('',#715,1.);
#715 = DIRECTION('',(-2.22044604925E-16,-1.,-1.110223024625E-16));
#716 = ORIENTED_EDGE('',*,*,#717,.F.);
#717 = EDGE_CURVE('',#694,#710,#718,.T.);
#718 = LINE('',#719,#720);
#719 = CARTESIAN_POINT('',(-107.,124.,10.));
#720 = VECTOR('',#721,1.);
#721 = DIRECTION('',(1.110223024625E-16,2.22044604925E-16,1.));
#722 = FACE_BOUND('',#723,.T.);
#723 = EDGE_LOOP('',(#724,#734,#742,#750));
#724 = ORIENTED_EDGE('',*,*,#725,.F.);
#725 = EDGE_CURVE('',#726,#728,#730,.T.);
#726 = VERTEX_POINT('',#727);
#727 = CARTESIAN_POINT('',(-107.,60.,10.));
#728 = VERTEX_POINT('',#729);
#729 = CARTESIAN_POINT('',(-107.,88.,10.));
#730 = LINE('',#731,#732);
#731 = CARTESIAN_POINT('',(-107.,60.,10.));
#732 = VECTOR('',#733,1.);
#733 = DIRECTION('',(2.22044604925E-16,1.,1.110223024625E-16));
#734 = ORIENTED_EDGE('',*,*,#735,.F.);
#735 = EDGE_CURVE('',#736,#726,#738,.T.);
#736 = VERTEX_POINT('',#737);
#737 = CARTESIAN_POINT('',(-107.,60.,30.));
#738 = LINE('',#739,#740);
#739 = CARTESIAN_POINT('',(-107.,60.,30.));
#740 = VECTOR('',#741,1.);
#741 = DIRECTION('',(-1.110223024625E-16,-2.22044604925E-16,-1.));
#742 = ORIENTED_EDGE('',*,*,#743,.F.);
#743 = EDGE_CURVE('',#744,#736,#746,.T.);
#744 = VERTEX_POINT('',#745);
#745 = CARTESIAN_POINT('',(-107.,88.,30.));
#746 = LINE('',#747,#748);
#747 = CARTESIAN_POINT('',(-107.,88.,30.));
#748 = VECTOR('',#749,1.);
#749 = DIRECTION('',(-2.22044604925E-16,-1.,-1.110223024625E-16));
#750 = ORIENTED_EDGE('',*,*,#751,.F.);
#751 = EDGE_CURVE('',#728,#744,#752,.T.);
#752 = LINE('',#753,#754);
#753 = CARTESIAN_POINT('',(-107.,88.,10.));
#754 = VECTOR('',#755,1.);
#755 = DIRECTION('',(1.110223024625E-16,2.22044604925E-16,1.));
#756 = FACE_BOUND('',#757,.T.);
#757 = EDGE_LOOP('',(#758,#768,#776,#784));
#758 = ORIENTED_EDGE('',*,*,#759,.F.);
#759 = EDGE_CURVE('',#760,#762,#764,.T.);
#760 = VERTEX_POINT('',#761);
#761 = CARTESIAN_POINT('',(-107.,24.,10.));
#762 = VERTEX_POINT('',#763);
#763 = CARTESIAN_POINT('',(-107.,52.,10.));
#764 = LINE('',#765,#766);
#765 = CARTESIAN_POINT('',(-107.,24.,10.));
#766 = VECTOR('',#767,1.);
#767 = DIRECTION('',(2.22044604925E-16,1.,1.110223024625E-16));
#768 = ORIENTED_EDGE('',*,*,#769,.F.);
#769 = EDGE_CURVE('',#770,#760,#772,.T.);
#770 = VERTEX_POINT('',#771);
#771 = CARTESIAN_POINT('',(-107.,24.,30.));
#772 = LINE('',#773,#774);
#773 = CARTESIAN_POINT('',(-107.,24.,30.));
#774 = VECTOR('',#775,1.);
#775 = DIRECTION('',(-1.110223024625E-16,-2.22044604925E-16,-1.));
#776 = ORIENTED_EDGE('',*,*,#777,.F.);
#777 = EDGE_CURVE('',#778,#770,#780,.T.);
#778 = VERTEX_POINT('',#779);
#779 = CARTESIAN_POINT('',(-107.,52.,30.));
#780 = LINE('',#781,#782);
#781 = CARTESIAN_POINT('',(-107.,52.,30.));
#782 = VECTOR('',#783,1.);
#783 = DIRECTION('',(-2.22044604925E-16,-1.,-1.110223024625E-16));
#784 = ORIENTED_EDGE('',*,*,#785,.F.);
#785 = EDGE_CURVE('',#762,#778,#786,.T.);
#786 = LINE('',#787,#788);
#787 = CARTESIAN_POINT('',(-107.,52.,10.));
#788 = VECTOR('',#789,1.);
#789 = DIRECTION('',(1.110223024625E-16,2.22044604925E-16,1.));
#790 = PLANE('',#791);
#791 = AXIS2_PLACEMENT_3D('',#792,#793,#794);
#792 = CARTESIAN_POINT('',(-107.,102.99999999999,20.15));
#793 = DIRECTION('',(1.,1.110223024625E-15,2.22044604925E-15));
#794 = DIRECTION('',(1.110223024625E-15,2.22044604925E-15,1.));
#795 = ADVANCED_FACE('',(#796),#814,.T.);
#796 = FACE_BOUND('',#797,.T.);
#797 = EDGE_LOOP('',(#798,#806,#812,#813));
#798 = ORIENTED_EDGE('',*,*,#799,.F.);
#799 = EDGE_CURVE('',#800,#135,#802,.T.);
#800 = VERTEX_POINT('',#801);
#801 = CARTESIAN_POINT('',(-99.,8.3,3.));
#802 = LINE('',#803,#804);
#803 = CARTESIAN_POINT('',(-99.,8.3,3.));
#804 = VECTOR('',#805,1.);
#805 = DIRECTION('',(-8.881784197001E-16,-5.329070518201E-15,-1.));
#806 = ORIENTED_EDGE('',*,*,#807,.T.);
#807 = EDGE_CURVE('',#800,#597,#808,.T.);
#808 = LINE('',#809,#810);
#809 = CARTESIAN_POINT('',(-99.,8.3,3.));
#810 = VECTOR('',#811,1.);
#811 = DIRECTION('',(-1.,-7.771561172376E-16,-1.665334536938E-15));
#812 = ORIENTED_EDGE('',*,*,#596,.T.);
#813 = ORIENTED_EDGE('',*,*,#142,.F.);
#814 = PLANE('',#815);
#815 = AXIS2_PLACEMENT_3D('',#816,#817,#818);
#816 = CARTESIAN_POINT('',(-99.,8.3,3.));
#817 = DIRECTION('',(-1.554312234475E-15,-1.,2.886579864025E-15));
#818 = DIRECTION('',(-7.771561172376E-16,-5.218048215738E-15,-1.));
#819 = ADVANCED_FACE('',(#820),#854,.T.);
#820 = FACE_BOUND('',#821,.T.);
#821 = EDGE_LOOP('',(#822,#823,#831,#839,#847,#853));
#822 = ORIENTED_EDGE('',*,*,#134,.T.);
#823 = ORIENTED_EDGE('',*,*,#824,.F.);
#824 = EDGE_CURVE('',#825,#127,#827,.T.);
#825 = VERTEX_POINT('',#826);
#826 = CARTESIAN_POINT('',(-99.,144.,36.));
#827 = LINE('',#828,#829);
#828 = CARTESIAN_POINT('',(-98.99999999999,143.99999999999,36.));
#829 = VECTOR('',#830,1.);
#830 = DIRECTION('',(-7.771561172376E-16,-1.7763568394E-15,-1.));
#831 = ORIENTED_EDGE('',*,*,#832,.F.);
#832 = EDGE_CURVE('',#833,#825,#835,.T.);
#833 = VERTEX_POINT('',#834);
#834 = CARTESIAN_POINT('',(-99.,137.,36.));
#835 = LINE('',#836,#837);
#836 = CARTESIAN_POINT('',(-99.,137.,36.));
#837 = VECTOR('',#838,1.);
#838 = DIRECTION('',(1.443289932013E-15,1.,4.440892098501E-16));
#839 = ORIENTED_EDGE('',*,*,#840,.T.);
#840 = EDGE_CURVE('',#833,#841,#843,.T.);
#841 = VERTEX_POINT('',#842);
#842 = CARTESIAN_POINT('',(-99.,137.,3.));
#843 = LINE('',#844,#845);
#844 = CARTESIAN_POINT('',(-99.,136.99999999999,36.));
#845 = VECTOR('',#846,1.);
#846 = DIRECTION('',(-7.771561172376E-16,-1.7763568394E-15,-1.));
#847 = ORIENTED_EDGE('',*,*,#848,.T.);
#848 = EDGE_CURVE('',#841,#800,#849,.T.);
#849 = LINE('',#850,#851);
#850 = CARTESIAN_POINT('',(-99.,137.,3.));
#851 = VECTOR('',#852,1.);
#852 = DIRECTION('',(-1.7763568394E-15,-1.,-8.881784197001E-16));
#853 = ORIENTED_EDGE('',*,*,#799,.T.);
#854 = PLANE('',#855);
#855 = AXIS2_PLACEMENT_3D('',#856,#857,#858);
#856 = CARTESIAN_POINT('',(-99.,88.517792661619,5.632207338381));
#857 = DIRECTION('',(1.,6.661338147751E-16,1.683043189984E-15));
#858 = DIRECTION('',(3.153582543411E-16,1.33226762955E-15,1.));
#859 = ADVANCED_FACE('',(#860),#894,.T.);
#860 = FACE_BOUND('',#861,.T.);
#861 = EDGE_LOOP('',(#862,#868,#869,#870,#871,#879,#887,#893));
#862 = ORIENTED_EDGE('',*,*,#863,.T.);
#863 = EDGE_CURVE('',#621,#825,#864,.T.);
#864 = LINE('',#865,#866);
#865 = CARTESIAN_POINT('',(-110.1999999999,143.99999999999,36.));
#866 = VECTOR('',#867,1.);
#867 = DIRECTION('',(1.,7.771561172376E-16,1.554312234475E-15));
#868 = ORIENTED_EDGE('',*,*,#824,.T.);
#869 = ORIENTED_EDGE('',*,*,#126,.T.);
#870 = ORIENTED_EDGE('',*,*,#660,.T.);
#871 = ORIENTED_EDGE('',*,*,#872,.T.);
#872 = EDGE_CURVE('',#653,#873,#875,.T.);
#873 = VERTEX_POINT('',#874);
#874 = CARTESIAN_POINT('',(-103.,144.,11.));
#875 = LINE('',#876,#877);
#876 = CARTESIAN_POINT('',(-107.,144.,15.));
#877 = VECTOR('',#878,1.);
#878 = DIRECTION('',(0.707106781187,-6.280369834735E-16,-0.707106781187)
  );
#879 = ORIENTED_EDGE('',*,*,#880,.T.);
#880 = EDGE_CURVE('',#873,#881,#883,.T.);
#881 = VERTEX_POINT('',#882);
#882 = CARTESIAN_POINT('',(-103.,144.,29.));
#883 = LINE('',#884,#885);
#884 = CARTESIAN_POINT('',(-103.,144.,11.));
#885 = VECTOR('',#886,1.);
#886 = DIRECTION('',(6.661338147751E-16,1.554312234475E-15,1.));
#887 = ORIENTED_EDGE('',*,*,#888,.T.);
#888 = EDGE_CURVE('',#881,#629,#889,.T.);
#889 = LINE('',#890,#891);
#890 = CARTESIAN_POINT('',(-103.,144.,29.));
#891 = VECTOR('',#892,1.);
#892 = DIRECTION('',(-0.707106781187,-1.570092458684E-15,-0.707106781187
    ));
#893 = ORIENTED_EDGE('',*,*,#628,.T.);
#894 = PLANE('',#895);
#895 = AXIS2_PLACEMENT_3D('',#896,#897,#898);
#896 = CARTESIAN_POINT('',(-104.6,144.,18.));
#897 = DIRECTION('',(1.554312234475E-15,1.,7.771561172376E-16));
#898 = DIRECTION('',(7.771561172376E-16,1.554312234475E-15,1.));
#899 = ADVANCED_FACE('',(#900),#918,.F.);
#900 = FACE_BOUND('',#901,.F.);
#901 = EDGE_LOOP('',(#902,#903,#911,#917));
#902 = ORIENTED_EDGE('',*,*,#667,.F.);
#903 = ORIENTED_EDGE('',*,*,#904,.T.);
#904 = EDGE_CURVE('',#668,#905,#907,.T.);
#905 = VERTEX_POINT('',#906);
#906 = CARTESIAN_POINT('',(-110.2,149.5,4.5));
#907 = LINE('',#908,#909);
#908 = CARTESIAN_POINT('',(-107.,149.5,4.5));
#909 = VECTOR('',#910,1.);
#910 = DIRECTION('',(-1.,-3.330669073875E-16,-7.771561172376E-16));
#911 = ORIENTED_EDGE('',*,*,#912,.T.);
#912 = EDGE_CURVE('',#905,#103,#913,.T.);
#913 = LINE('',#914,#915);
#914 = CARTESIAN_POINT('',(-110.2,149.5,4.5));
#915 = VECTOR('',#916,1.);
#916 = DIRECTION('',(-4.440892098501E-16,-8.881784197001E-16,-1.));
#917 = ORIENTED_EDGE('',*,*,#110,.F.);
#918 = PLANE('',#919);
#919 = AXIS2_PLACEMENT_3D('',#920,#921,#922);
#920 = CARTESIAN_POINT('',(-107.,149.5,4.5));
#921 = DIRECTION('',(-6.661338147751E-16,-1.,-2.22044604925E-16));
#922 = DIRECTION('',(-3.330669073875E-16,-7.771561172376E-16,-1.));
#923 = ADVANCED_FACE('',(#924,#967,#1001,#1035),#1069,.T.);
#924 = FACE_BOUND('',#925,.T.);
#925 = EDGE_LOOP('',(#926,#927,#935,#943,#951,#959,#965,#966));
#926 = ORIENTED_EDGE('',*,*,#205,.F.);
#927 = ORIENTED_EDGE('',*,*,#928,.F.);
#928 = EDGE_CURVE('',#929,#198,#931,.T.);
#929 = VERTEX_POINT('',#930);
#930 = CARTESIAN_POINT('',(-110.2,206.,40.3));
#931 = LINE('',#932,#933);
#932 = CARTESIAN_POINT('',(-110.1999999999,205.99999999999,40.3));
#933 = VECTOR('',#934,1.);
#934 = DIRECTION('',(-2.22044604925E-15,-1.,-1.110223024625E-15));
#935 = ORIENTED_EDGE('',*,*,#936,.F.);
#936 = EDGE_CURVE('',#937,#929,#939,.T.);
#937 = VERTEX_POINT('',#938);
#938 = CARTESIAN_POINT('',(-110.2,206.,0.));
#939 = LINE('',#940,#941);
#940 = CARTESIAN_POINT('',(-110.1999999999,205.99999999999,
    8.526512829121E-14));
#941 = VECTOR('',#942,1.);
#942 = DIRECTION('',(1.110223024625E-15,2.22044604925E-15,1.));
#943 = ORIENTED_EDGE('',*,*,#944,.F.);
#944 = EDGE_CURVE('',#945,#937,#947,.T.);
#945 = VERTEX_POINT('',#946);
#946 = CARTESIAN_POINT('',(-110.2,196.,0.));
#947 = LINE('',#948,#949);
#948 = CARTESIAN_POINT('',(-110.2,-7.340794638822E-14,
    -7.696066006702E-14));
#949 = VECTOR('',#950,1.);
#950 = DIRECTION('',(1.7763568394E-15,1.,6.661338147751E-16));
#951 = ORIENTED_EDGE('',*,*,#952,.T.);
#952 = EDGE_CURVE('',#945,#953,#955,.T.);
#953 = VERTEX_POINT('',#954);
#954 = CARTESIAN_POINT('',(-110.2,196.,4.5));
#955 = LINE('',#956,#957);
#956 = CARTESIAN_POINT('',(-110.2,196.,-1.));
#957 = VECTOR('',#958,1.);
#958 = DIRECTION('',(4.440892098501E-16,8.881784197001E-16,1.));
#959 = ORIENTED_EDGE('',*,*,#960,.T.);
#960 = EDGE_CURVE('',#953,#905,#961,.T.);
#961 = LINE('',#962,#963);
#962 = CARTESIAN_POINT('',(-110.2,196.,4.5));
#963 = VECTOR('',#964,1.);
#964 = DIRECTION('',(-8.881784197001E-16,-1.,-4.440892098501E-16));
#965 = ORIENTED_EDGE('',*,*,#912,.T.);
#966 = ORIENTED_EDGE('',*,*,#102,.F.);
#967 = FACE_BOUND('',#968,.T.);
#968 = EDGE_LOOP('',(#969,#979,#987,#995));
#969 = ORIENTED_EDGE('',*,*,#970,.T.);
#970 = EDGE_CURVE('',#971,#973,#975,.T.);
#971 = VERTEX_POINT('',#972);
#972 = CARTESIAN_POINT('',(-110.2,24.,30.));
#973 = VERTEX_POINT('',#974);
#974 = CARTESIAN_POINT('',(-110.2,24.,10.));
#975 = LINE('',#976,#977);
#976 = CARTESIAN_POINT('',(-110.2,24.,30.));
#977 = VECTOR('',#978,1.);
#978 = DIRECTION('',(-1.110223024625E-16,-2.22044604925E-16,-1.));
#979 = ORIENTED_EDGE('',*,*,#980,.T.);
#980 = EDGE_CURVE('',#973,#981,#983,.T.);
#981 = VERTEX_POINT('',#982);
#982 = CARTESIAN_POINT('',(-110.2,52.,10.));
#983 = LINE('',#984,#985);
#984 = CARTESIAN_POINT('',(-110.2,24.,10.));
#985 = VECTOR('',#986,1.);
#986 = DIRECTION('',(2.22044604925E-16,1.,1.110223024625E-16));
#987 = ORIENTED_EDGE('',*,*,#988,.T.);
#988 = EDGE_CURVE('',#981,#989,#991,.T.);
#989 = VERTEX_POINT('',#990);
#990 = CARTESIAN_POINT('',(-110.2,52.,30.));
#991 = LINE('',#992,#993);
#992 = CARTESIAN_POINT('',(-110.2,52.,10.));
#993 = VECTOR('',#994,1.);
#994 = DIRECTION('',(1.110223024625E-16,2.22044604925E-16,1.));
#995 = ORIENTED_EDGE('',*,*,#996,.T.);
#996 = EDGE_CURVE('',#989,#971,#997,.T.);
#997 = LINE('',#998,#999);
#998 = CARTESIAN_POINT('',(-110.2,52.,30.));
#999 = VECTOR('',#1000,1.);
#1000 = DIRECTION('',(-2.22044604925E-16,-1.,-1.110223024625E-16));
#1001 = FACE_BOUND('',#1002,.T.);
#1002 = EDGE_LOOP('',(#1003,#1013,#1021,#1029));
#1003 = ORIENTED_EDGE('',*,*,#1004,.T.);
#1004 = EDGE_CURVE('',#1005,#1007,#1009,.T.);
#1005 = VERTEX_POINT('',#1006);
#1006 = CARTESIAN_POINT('',(-110.2,96.,30.));
#1007 = VERTEX_POINT('',#1008);
#1008 = CARTESIAN_POINT('',(-110.2,96.,10.));
#1009 = LINE('',#1010,#1011);
#1010 = CARTESIAN_POINT('',(-110.2,96.,30.));
#1011 = VECTOR('',#1012,1.);
#1012 = DIRECTION('',(-1.110223024625E-16,-2.22044604925E-16,-1.));
#1013 = ORIENTED_EDGE('',*,*,#1014,.T.);
#1014 = EDGE_CURVE('',#1007,#1015,#1017,.T.);
#1015 = VERTEX_POINT('',#1016);
#1016 = CARTESIAN_POINT('',(-110.2,124.,10.));
#1017 = LINE('',#1018,#1019);
#1018 = CARTESIAN_POINT('',(-110.2,96.,10.));
#1019 = VECTOR('',#1020,1.);
#1020 = DIRECTION('',(2.22044604925E-16,1.,1.110223024625E-16));
#1021 = ORIENTED_EDGE('',*,*,#1022,.T.);
#1022 = EDGE_CURVE('',#1015,#1023,#1025,.T.);
#1023 = VERTEX_POINT('',#1024);
#1024 = CARTESIAN_POINT('',(-110.2,124.,30.));
#1025 = LINE('',#1026,#1027);
#1026 = CARTESIAN_POINT('',(-110.2,124.,10.));
#1027 = VECTOR('',#1028,1.);
#1028 = DIRECTION('',(1.110223024625E-16,2.22044604925E-16,1.));
#1029 = ORIENTED_EDGE('',*,*,#1030,.T.);
#1030 = EDGE_CURVE('',#1023,#1005,#1031,.T.);
#1031 = LINE('',#1032,#1033);
#1032 = CARTESIAN_POINT('',(-110.2,124.,30.));
#1033 = VECTOR('',#1034,1.);
#1034 = DIRECTION('',(-2.22044604925E-16,-1.,-1.110223024625E-16));
#1035 = FACE_BOUND('',#1036,.T.);
#1036 = EDGE_LOOP('',(#1037,#1047,#1055,#1063));
#1037 = ORIENTED_EDGE('',*,*,#1038,.T.);
#1038 = EDGE_CURVE('',#1039,#1041,#1043,.T.);
#1039 = VERTEX_POINT('',#1040);
#1040 = CARTESIAN_POINT('',(-110.2,60.,30.));
#1041 = VERTEX_POINT('',#1042);
#1042 = CARTESIAN_POINT('',(-110.2,60.,10.));
#1043 = LINE('',#1044,#1045);
#1044 = CARTESIAN_POINT('',(-110.2,60.,30.));
#1045 = VECTOR('',#1046,1.);
#1046 = DIRECTION('',(-1.110223024625E-16,-2.22044604925E-16,-1.));
#1047 = ORIENTED_EDGE('',*,*,#1048,.T.);
#1048 = EDGE_CURVE('',#1041,#1049,#1051,.T.);
#1049 = VERTEX_POINT('',#1050);
#1050 = CARTESIAN_POINT('',(-110.2,88.,10.));
#1051 = LINE('',#1052,#1053);
#1052 = CARTESIAN_POINT('',(-110.2,60.,10.));
#1053 = VECTOR('',#1054,1.);
#1054 = DIRECTION('',(2.22044604925E-16,1.,1.110223024625E-16));
#1055 = ORIENTED_EDGE('',*,*,#1056,.T.);
#1056 = EDGE_CURVE('',#1049,#1057,#1059,.T.);
#1057 = VERTEX_POINT('',#1058);
#1058 = CARTESIAN_POINT('',(-110.2,88.,30.));
#1059 = LINE('',#1060,#1061);
#1060 = CARTESIAN_POINT('',(-110.2,88.,10.));
#1061 = VECTOR('',#1062,1.);
#1062 = DIRECTION('',(1.110223024625E-16,2.22044604925E-16,1.));
#1063 = ORIENTED_EDGE('',*,*,#1064,.T.);
#1064 = EDGE_CURVE('',#1057,#1039,#1065,.T.);
#1065 = LINE('',#1066,#1067);
#1066 = CARTESIAN_POINT('',(-110.2,88.,30.));
#1067 = VECTOR('',#1068,1.);
#1068 = DIRECTION('',(-2.22044604925E-16,-1.,-1.110223024625E-16));
#1069 = PLANE('',#1070);
#1070 = AXIS2_PLACEMENT_3D('',#1071,#1072,#1073);
#1071 = CARTESIAN_POINT('',(-110.2,103.,20.15));
#1072 = DIRECTION('',(-1.,-2.223792416749E-16,-1.635026544172E-15));
#1073 = DIRECTION('',(-1.77602220265E-15,-1.,-6.661338147751E-16));
#1074 = ADVANCED_FACE('',(#1075),#1081,.T.);
#1075 = FACE_BOUND('',#1076,.T.);
#1076 = EDGE_LOOP('',(#1077,#1078,#1079,#1080));
#1077 = ORIENTED_EDGE('',*,*,#555,.T.);
#1078 = ORIENTED_EDGE('',*,*,#382,.T.);
#1079 = ORIENTED_EDGE('',*,*,#536,.F.);
#1080 = ORIENTED_EDGE('',*,*,#220,.F.);
#1081 = PLANE('',#1082);
#1082 = AXIS2_PLACEMENT_3D('',#1083,#1084,#1085);
#1083 = CARTESIAN_POINT('',(-127.,-1.043609643148E-13,4.));
#1084 = DIRECTION('',(-1.,-7.771561172376E-16,-1.7763568394E-15));
#1085 = DIRECTION('',(8.881784197001E-16,2.109423746788E-15,1.));
#1086 = ADVANCED_FACE('',(#1087),#1098,.T.);
#1087 = FACE_BOUND('',#1088,.T.);
#1088 = EDGE_LOOP('',(#1089,#1095,#1096,#1097));
#1089 = ORIENTED_EDGE('',*,*,#1090,.T.);
#1090 = EDGE_CURVE('',#581,#929,#1091,.T.);
#1091 = LINE('',#1092,#1093);
#1092 = CARTESIAN_POINT('',(-106.9999999999,205.99999999999,40.3));
#1093 = VECTOR('',#1094,1.);
#1094 = DIRECTION('',(-1.,-9.992007221626E-16,-2.109423746788E-15));
#1095 = ORIENTED_EDGE('',*,*,#928,.T.);
#1096 = ORIENTED_EDGE('',*,*,#197,.F.);
#1097 = ORIENTED_EDGE('',*,*,#588,.F.);
#1098 = PLANE('',#1099);
#1099 = AXIS2_PLACEMENT_3D('',#1100,#1101,#1102);
#1100 = CARTESIAN_POINT('',(-106.9999999999,205.99999999999,40.3));
#1101 = DIRECTION('',(8.881784197001E-16,1.998401444325E-15,1.));
#1102 = DIRECTION('',(-2.109423746788E-15,-1.,-9.992007221626E-16));
#1103 = ADVANCED_FACE('',(#1104),#1120,.F.);
#1104 = FACE_BOUND('',#1105,.T.);
#1105 = EDGE_LOOP('',(#1106,#1112,#1113,#1119));
#1106 = ORIENTED_EDGE('',*,*,#1107,.T.);
#1107 = EDGE_CURVE('',#238,#401,#1108,.T.);
#1108 = LINE('',#1109,#1110);
#1109 = CARTESIAN_POINT('',(-120.4625,-4.171107903517E-14,9.65));
#1110 = VECTOR('',#1111,1.);
#1111 = DIRECTION('',(-9.992007221626E-16,-1.,-2.22044604925E-16));
#1112 = ORIENTED_EDGE('',*,*,#400,.T.);
#1113 = ORIENTED_EDGE('',*,*,#1114,.F.);
#1114 = EDGE_CURVE('',#240,#403,#1115,.T.);
#1115 = LINE('',#1116,#1117);
#1116 = CARTESIAN_POINT('',(-120.4625,-4.977129819395E-14,3.05));
#1117 = VECTOR('',#1118,1.);
#1118 = DIRECTION('',(-9.992007221626E-16,-1.,-2.22044604925E-16));
#1119 = ORIENTED_EDGE('',*,*,#237,.F.);
#1120 = CYLINDRICAL_SURFACE('',#1121,3.3);
#1121 = AXIS2_PLACEMENT_3D('',#1122,#1123,#1124);
#1122 = CARTESIAN_POINT('',(-120.4625,-4.574118861456E-14,6.35));
#1123 = DIRECTION('',(8.881784197001E-16,1.,1.110223024625E-16));
#1124 = DIRECTION('',(1.,4.440892098501E-16,9.992007221626E-16));
#1125 = ADVANCED_FACE('',(#1126),#1137,.T.);
#1126 = FACE_BOUND('',#1127,.T.);
#1127 = EDGE_LOOP('',(#1128,#1134,#1135,#1136));
#1128 = ORIENTED_EDGE('',*,*,#1129,.T.);
#1129 = EDGE_CURVE('',#257,#420,#1130,.T.);
#1130 = LINE('',#1131,#1132);
#1131 = CARTESIAN_POINT('',(-116.0625,-3.975708651183E-14,9.65));
#1132 = VECTOR('',#1133,1.);
#1133 = DIRECTION('',(-9.992007221626E-16,-1.,-2.22044604925E-16));
#1134 = ORIENTED_EDGE('',*,*,#428,.T.);
#1135 = ORIENTED_EDGE('',*,*,#1107,.F.);
#1136 = ORIENTED_EDGE('',*,*,#265,.F.);
#1137 = PLANE('',#1138);
#1138 = AXIS2_PLACEMENT_3D('',#1139,#1140,#1141);
#1139 = CARTESIAN_POINT('',(-116.0625,-3.975708651183E-14,9.65));
#1140 = DIRECTION('',(-3.330669073875E-16,-1.110223024625E-15,-1.));
#1141 = DIRECTION('',(-1.,-4.440892098501E-16,-9.992007221626E-16));
#1142 = ADVANCED_FACE('',(#1143),#1154,.T.);
#1143 = FACE_BOUND('',#1144,.T.);
#1144 = EDGE_LOOP('',(#1145,#1146,#1147,#1153));
#1145 = ORIENTED_EDGE('',*,*,#1114,.T.);
#1146 = ORIENTED_EDGE('',*,*,#411,.T.);
#1147 = ORIENTED_EDGE('',*,*,#1148,.F.);
#1148 = EDGE_CURVE('',#249,#412,#1149,.T.);
#1149 = LINE('',#1150,#1151);
#1150 = CARTESIAN_POINT('',(-116.0625,-4.781730567061E-14,3.05));
#1151 = VECTOR('',#1152,1.);
#1152 = DIRECTION('',(-9.992007221626E-16,-1.,-2.22044604925E-16));
#1153 = ORIENTED_EDGE('',*,*,#248,.F.);
#1154 = PLANE('',#1155);
#1155 = AXIS2_PLACEMENT_3D('',#1156,#1157,#1158);
#1156 = CARTESIAN_POINT('',(-120.4625,-4.977129819395E-14,3.05));
#1157 = DIRECTION('',(3.330669073875E-16,1.110223024625E-15,1.));
#1158 = DIRECTION('',(1.,4.440892098501E-16,9.992007221626E-16));
#1159 = ADVANCED_FACE('',(#1160),#1166,.F.);
#1160 = FACE_BOUND('',#1161,.T.);
#1161 = EDGE_LOOP('',(#1162,#1163,#1164,#1165));
#1162 = ORIENTED_EDGE('',*,*,#1148,.T.);
#1163 = ORIENTED_EDGE('',*,*,#419,.T.);
#1164 = ORIENTED_EDGE('',*,*,#1129,.F.);
#1165 = ORIENTED_EDGE('',*,*,#256,.F.);
#1166 = CYLINDRICAL_SURFACE('',#1167,3.3);
#1167 = AXIS2_PLACEMENT_3D('',#1168,#1169,#1170);
#1168 = CARTESIAN_POINT('',(-116.0625,-4.378719609122E-14,6.35));
#1169 = DIRECTION('',(8.881784197001E-16,1.,1.110223024625E-16));
#1170 = DIRECTION('',(1.,4.440892098501E-16,9.992007221626E-16));
#1171 = ADVANCED_FACE('',(#1172),#1188,.F.);
#1172 = FACE_BOUND('',#1173,.T.);
#1173 = EDGE_LOOP('',(#1174,#1180,#1181,#1187));
#1174 = ORIENTED_EDGE('',*,*,#1175,.T.);
#1175 = EDGE_CURVE('',#274,#437,#1176,.T.);
#1176 = LINE('',#1177,#1178);
#1177 = CARTESIAN_POINT('',(-120.4625,-2.232380946765E-14,25.525));
#1178 = VECTOR('',#1179,1.);
#1179 = DIRECTION('',(-9.992007221626E-16,-1.,-2.22044604925E-16));
#1180 = ORIENTED_EDGE('',*,*,#436,.T.);
#1181 = ORIENTED_EDGE('',*,*,#1182,.F.);
#1182 = EDGE_CURVE('',#276,#439,#1183,.T.);
#1183 = LINE('',#1184,#1185);
#1184 = CARTESIAN_POINT('',(-120.4625,-3.038402862643E-14,18.925));
#1185 = VECTOR('',#1186,1.);
#1186 = DIRECTION('',(-9.992007221626E-16,-1.,-2.22044604925E-16));
#1187 = ORIENTED_EDGE('',*,*,#273,.F.);
#1188 = CYLINDRICAL_SURFACE('',#1189,3.3);
#1189 = AXIS2_PLACEMENT_3D('',#1190,#1191,#1192);
#1190 = CARTESIAN_POINT('',(-120.4625,-2.635391904704E-14,22.225));
#1191 = DIRECTION('',(8.881784197001E-16,1.,1.110223024625E-16));
#1192 = DIRECTION('',(1.,4.440892098501E-16,9.992007221626E-16));
#1193 = ADVANCED_FACE('',(#1194),#1205,.T.);
#1194 = FACE_BOUND('',#1195,.T.);
#1195 = EDGE_LOOP('',(#1196,#1202,#1203,#1204));
#1196 = ORIENTED_EDGE('',*,*,#1197,.T.);
#1197 = EDGE_CURVE('',#293,#456,#1198,.T.);
#1198 = LINE('',#1199,#1200);
#1199 = CARTESIAN_POINT('',(-116.0625,-2.036981694431E-14,25.525));
#1200 = VECTOR('',#1201,1.);
#1201 = DIRECTION('',(-9.992007221626E-16,-1.,-2.22044604925E-16));
#1202 = ORIENTED_EDGE('',*,*,#464,.T.);
#1203 = ORIENTED_EDGE('',*,*,#1175,.F.);
#1204 = ORIENTED_EDGE('',*,*,#301,.F.);
#1205 = PLANE('',#1206);
#1206 = AXIS2_PLACEMENT_3D('',#1207,#1208,#1209);
#1207 = CARTESIAN_POINT('',(-116.0625,-2.036981694431E-14,25.525));
#1208 = DIRECTION('',(-3.330669073875E-16,-1.110223024625E-15,-1.));
#1209 = DIRECTION('',(-1.,-4.440892098501E-16,-9.992007221626E-16));
#1210 = ADVANCED_FACE('',(#1211),#1222,.T.);
#1211 = FACE_BOUND('',#1212,.T.);
#1212 = EDGE_LOOP('',(#1213,#1214,#1215,#1221));
#1213 = ORIENTED_EDGE('',*,*,#1182,.T.);
#1214 = ORIENTED_EDGE('',*,*,#447,.T.);
#1215 = ORIENTED_EDGE('',*,*,#1216,.F.);
#1216 = EDGE_CURVE('',#285,#448,#1217,.T.);
#1217 = LINE('',#1218,#1219);
#1218 = CARTESIAN_POINT('',(-116.0625,-2.843003610309E-14,18.925));
#1219 = VECTOR('',#1220,1.);
#1220 = DIRECTION('',(-9.992007221626E-16,-1.,-2.22044604925E-16));
#1221 = ORIENTED_EDGE('',*,*,#284,.F.);
#1222 = PLANE('',#1223);
#1223 = AXIS2_PLACEMENT_3D('',#1224,#1225,#1226);
#1224 = CARTESIAN_POINT('',(-120.4625,-3.038402862643E-14,18.925));
#1225 = DIRECTION('',(3.330669073875E-16,1.110223024625E-15,1.));
#1226 = DIRECTION('',(1.,4.440892098501E-16,9.992007221626E-16));
#1227 = ADVANCED_FACE('',(#1228),#1234,.F.);
#1228 = FACE_BOUND('',#1229,.T.);
#1229 = EDGE_LOOP('',(#1230,#1231,#1232,#1233));
#1230 = ORIENTED_EDGE('',*,*,#1216,.T.);
#1231 = ORIENTED_EDGE('',*,*,#455,.T.);
#1232 = ORIENTED_EDGE('',*,*,#1197,.F.);
#1233 = ORIENTED_EDGE('',*,*,#292,.F.);
#1234 = CYLINDRICAL_SURFACE('',#1235,3.3);
#1235 = AXIS2_PLACEMENT_3D('',#1236,#1237,#1238);
#1236 = CARTESIAN_POINT('',(-116.0625,-2.43999265237E-14,22.225));
#1237 = DIRECTION('',(8.881784197001E-16,1.,1.110223024625E-16));
#1238 = DIRECTION('',(1.,4.440892098501E-16,9.992007221626E-16));
#1239 = ADVANCED_FACE('',(#1240),#1256,.F.);
#1240 = FACE_BOUND('',#1241,.T.);
#1241 = EDGE_LOOP('',(#1242,#1248,#1249,#1255));
#1242 = ORIENTED_EDGE('',*,*,#1243,.T.);
#1243 = EDGE_CURVE('',#310,#473,#1244,.T.);
#1244 = LINE('',#1245,#1246);
#1245 = CARTESIAN_POINT('',(-120.4625,-2.936539900134E-15,41.4));
#1246 = VECTOR('',#1247,1.);
#1247 = DIRECTION('',(-9.992007221626E-16,-1.,-2.22044604925E-16));
#1248 = ORIENTED_EDGE('',*,*,#472,.T.);
#1249 = ORIENTED_EDGE('',*,*,#1250,.F.);
#1250 = EDGE_CURVE('',#312,#475,#1251,.T.);
#1251 = LINE('',#1252,#1253);
#1252 = CARTESIAN_POINT('',(-120.4625,-1.099675905891E-14,34.8));
#1253 = VECTOR('',#1254,1.);
#1254 = DIRECTION('',(-9.992007221626E-16,-1.,-2.22044604925E-16));
#1255 = ORIENTED_EDGE('',*,*,#309,.F.);
#1256 = CYLINDRICAL_SURFACE('',#1257,3.3);
#1257 = AXIS2_PLACEMENT_3D('',#1258,#1259,#1260);
#1258 = CARTESIAN_POINT('',(-120.4625,-6.966649479523E-15,38.1));
#1259 = DIRECTION('',(8.881784197001E-16,1.,1.110223024625E-16));
#1260 = DIRECTION('',(1.,4.440892098501E-16,9.992007221626E-16));
#1261 = ADVANCED_FACE('',(#1262),#1273,.T.);
#1262 = FACE_BOUND('',#1263,.T.);
#1263 = EDGE_LOOP('',(#1264,#1270,#1271,#1272));
#1264 = ORIENTED_EDGE('',*,*,#1265,.T.);
#1265 = EDGE_CURVE('',#329,#492,#1266,.T.);
#1266 = LINE('',#1267,#1268);
#1267 = CARTESIAN_POINT('',(-116.0625,-9.825473767933E-16,41.4));
#1268 = VECTOR('',#1269,1.);
#1269 = DIRECTION('',(-9.992007221626E-16,-1.,-2.22044604925E-16));
#1270 = ORIENTED_EDGE('',*,*,#500,.T.);
#1271 = ORIENTED_EDGE('',*,*,#1243,.F.);
#1272 = ORIENTED_EDGE('',*,*,#337,.F.);
#1273 = PLANE('',#1274);
#1274 = AXIS2_PLACEMENT_3D('',#1275,#1276,#1277);
#1275 = CARTESIAN_POINT('',(-116.0625,-9.825473767933E-16,41.4));
#1276 = DIRECTION('',(-3.330669073875E-16,-1.110223024625E-15,-1.));
#1277 = DIRECTION('',(-1.,-4.440892098501E-16,-9.992007221626E-16));
#1278 = ADVANCED_FACE('',(#1279),#1290,.T.);
#1279 = FACE_BOUND('',#1280,.T.);
#1280 = EDGE_LOOP('',(#1281,#1282,#1283,#1289));
#1281 = ORIENTED_EDGE('',*,*,#1250,.T.);
#1282 = ORIENTED_EDGE('',*,*,#483,.T.);
#1283 = ORIENTED_EDGE('',*,*,#1284,.F.);
#1284 = EDGE_CURVE('',#321,#484,#1285,.T.);
#1285 = LINE('',#1286,#1287);
#1286 = CARTESIAN_POINT('',(-116.0625,-9.042766535572E-15,34.8));
#1287 = VECTOR('',#1288,1.);
#1288 = DIRECTION('',(-9.992007221626E-16,-1.,-2.22044604925E-16));
#1289 = ORIENTED_EDGE('',*,*,#320,.F.);
#1290 = PLANE('',#1291);
#1291 = AXIS2_PLACEMENT_3D('',#1292,#1293,#1294);
#1292 = CARTESIAN_POINT('',(-120.4625,-1.099675905891E-14,34.8));
#1293 = DIRECTION('',(3.330669073875E-16,1.110223024625E-15,1.));
#1294 = DIRECTION('',(1.,4.440892098501E-16,9.992007221626E-16));
#1295 = ADVANCED_FACE('',(#1296),#1302,.F.);
#1296 = FACE_BOUND('',#1297,.T.);
#1297 = EDGE_LOOP('',(#1298,#1299,#1300,#1301));
#1298 = ORIENTED_EDGE('',*,*,#1284,.T.);
#1299 = ORIENTED_EDGE('',*,*,#491,.T.);
#1300 = ORIENTED_EDGE('',*,*,#1265,.F.);
#1301 = ORIENTED_EDGE('',*,*,#328,.F.);
#1302 = CYLINDRICAL_SURFACE('',#1303,3.3);
#1303 = AXIS2_PLACEMENT_3D('',#1304,#1305,#1306);
#1304 = CARTESIAN_POINT('',(-116.0625,-5.012656956183E-15,38.1));
#1305 = DIRECTION('',(8.881784197001E-16,1.,1.110223024625E-16));
#1306 = DIRECTION('',(1.,4.440892098501E-16,9.992007221626E-16));
#1307 = ADVANCED_FACE('',(#1308),#1327,.F.);
#1308 = FACE_BOUND('',#1309,.T.);
#1309 = EDGE_LOOP('',(#1310,#1311,#1319,#1326));
#1310 = ORIENTED_EDGE('',*,*,#345,.F.);
#1311 = ORIENTED_EDGE('',*,*,#1312,.T.);
#1312 = EDGE_CURVE('',#346,#1313,#1315,.T.);
#1313 = VERTEX_POINT('',#1314);
#1314 = CARTESIAN_POINT('',(-96.8,-5.5,14.29));
#1315 = LINE('',#1316,#1317);
#1316 = CARTESIAN_POINT('',(-96.8,-1.038835684142E-14,14.29));
#1317 = VECTOR('',#1318,1.);
#1318 = DIRECTION('',(-5.551115123126E-16,-1.,-1.355854680849E-31));
#1319 = ORIENTED_EDGE('',*,*,#1320,.F.);
#1320 = EDGE_CURVE('',#1313,#1313,#1321,.T.);
#1321 = CIRCLE('',#1322,3.2);
#1322 = AXIS2_PLACEMENT_3D('',#1323,#1324,#1325);
#1323 = CARTESIAN_POINT('',(-100.,-5.5,14.29));
#1324 = DIRECTION('',(1.725633230171E-31,1.,-5.551115123126E-16));
#1325 = DIRECTION('',(1.,7.395570986447E-32,4.440892098501E-16));
#1326 = ORIENTED_EDGE('',*,*,#1312,.F.);
#1327 = CYLINDRICAL_SURFACE('',#1328,3.2);
#1328 = AXIS2_PLACEMENT_3D('',#1329,#1330,#1331);
#1329 = CARTESIAN_POINT('',(-100.,-1.109889957718E-14,14.29));
#1330 = DIRECTION('',(4.440892098501E-16,1.,-1.110223024625E-16));
#1331 = DIRECTION('',(1.,2.22044604925E-16,5.551115123126E-16));
#1332 = ADVANCED_FACE('',(#1333),#1352,.F.);
#1333 = FACE_BOUND('',#1334,.T.);
#1334 = EDGE_LOOP('',(#1335,#1336,#1344,#1351));
#1335 = ORIENTED_EDGE('',*,*,#356,.F.);
#1336 = ORIENTED_EDGE('',*,*,#1337,.T.);
#1337 = EDGE_CURVE('',#357,#1338,#1340,.T.);
#1338 = VERTEX_POINT('',#1339);
#1339 = CARTESIAN_POINT('',(-96.8,-5.5,30.16));
#1340 = LINE('',#1341,#1342);
#1341 = CARTESIAN_POINT('',(-96.8,1.945110739143E-15,30.16));
#1342 = VECTOR('',#1343,1.);
#1343 = DIRECTION('',(-5.551115123126E-16,-1.,-1.355854680849E-31));
#1344 = ORIENTED_EDGE('',*,*,#1345,.F.);
#1345 = EDGE_CURVE('',#1338,#1338,#1346,.T.);
#1346 = CIRCLE('',#1347,3.2);
#1347 = AXIS2_PLACEMENT_3D('',#1348,#1349,#1350);
#1348 = CARTESIAN_POINT('',(-100.,-5.5,30.16));
#1349 = DIRECTION('',(1.725633230171E-31,1.,-5.551115123126E-16));
#1350 = DIRECTION('',(1.,7.395570986447E-32,4.440892098501E-16));
#1351 = ORIENTED_EDGE('',*,*,#1337,.F.);
#1352 = CYLINDRICAL_SURFACE('',#1353,3.2);
#1353 = AXIS2_PLACEMENT_3D('',#1354,#1355,#1356);
#1354 = CARTESIAN_POINT('',(-100.,1.234568003383E-15,30.16));
#1355 = DIRECTION('',(4.440892098501E-16,1.,-1.110223024625E-16));
#1356 = DIRECTION('',(1.,2.22044604925E-16,5.551115123126E-16));
#1357 = ADVANCED_FACE('',(#1358),#1377,.F.);
#1358 = FACE_BOUND('',#1359,.F.);
#1359 = EDGE_LOOP('',(#1360,#1368,#1375,#1376));
#1360 = ORIENTED_EDGE('',*,*,#1361,.T.);
#1361 = EDGE_CURVE('',#509,#1362,#1364,.T.);
#1362 = VERTEX_POINT('',#1363);
#1363 = CARTESIAN_POINT('',(-94.5,-5.5,14.29));
#1364 = LINE('',#1365,#1366);
#1365 = CARTESIAN_POINT('',(-94.5,-6.5,14.29));
#1366 = VECTOR('',#1367,1.);
#1367 = DIRECTION('',(3.330669073875E-16,1.,-1.110223024625E-16));
#1368 = ORIENTED_EDGE('',*,*,#1369,.T.);
#1369 = EDGE_CURVE('',#1362,#1362,#1370,.T.);
#1370 = CIRCLE('',#1371,5.5);
#1371 = AXIS2_PLACEMENT_3D('',#1372,#1373,#1374);
#1372 = CARTESIAN_POINT('',(-100.,-5.5,14.29));
#1373 = DIRECTION('',(2.22044604925E-16,-1.,6.661338147751E-16));
#1374 = DIRECTION('',(1.,2.22044604925E-16,4.440892098501E-16));
#1375 = ORIENTED_EDGE('',*,*,#1361,.F.);
#1376 = ORIENTED_EDGE('',*,*,#508,.F.);
#1377 = CYLINDRICAL_SURFACE('',#1378,5.5);
#1378 = AXIS2_PLACEMENT_3D('',#1379,#1380,#1381);
#1379 = CARTESIAN_POINT('',(-100.,-6.5,14.29));
#1380 = DIRECTION('',(-2.22044604925E-16,-1.,2.22044604925E-16));
#1381 = DIRECTION('',(1.,1.110223024625E-16,3.330669073875E-16));
#1382 = ADVANCED_FACE('',(#1383),#1402,.F.);
#1383 = FACE_BOUND('',#1384,.F.);
#1384 = EDGE_LOOP('',(#1385,#1393,#1400,#1401));
#1385 = ORIENTED_EDGE('',*,*,#1386,.T.);
#1386 = EDGE_CURVE('',#520,#1387,#1389,.T.);
#1387 = VERTEX_POINT('',#1388);
#1388 = CARTESIAN_POINT('',(-94.5,-5.5,30.16));
#1389 = LINE('',#1390,#1391);
#1390 = CARTESIAN_POINT('',(-94.5,-6.5,30.16));
#1391 = VECTOR('',#1392,1.);
#1392 = DIRECTION('',(3.330669073875E-16,1.,-1.110223024625E-16));
#1393 = ORIENTED_EDGE('',*,*,#1394,.T.);
#1394 = EDGE_CURVE('',#1387,#1387,#1395,.T.);
#1395 = CIRCLE('',#1396,5.5);
#1396 = AXIS2_PLACEMENT_3D('',#1397,#1398,#1399);
#1397 = CARTESIAN_POINT('',(-100.,-5.5,30.16));
#1398 = DIRECTION('',(2.22044604925E-16,-1.,6.661338147751E-16));
#1399 = DIRECTION('',(1.,2.22044604925E-16,4.440892098501E-16));
#1400 = ORIENTED_EDGE('',*,*,#1386,.F.);
#1401 = ORIENTED_EDGE('',*,*,#519,.F.);
#1402 = CYLINDRICAL_SURFACE('',#1403,5.5);
#1403 = AXIS2_PLACEMENT_3D('',#1404,#1405,#1406);
#1404 = CARTESIAN_POINT('',(-100.,-6.5,30.16));
#1405 = DIRECTION('',(-2.22044604925E-16,-1.,2.22044604925E-16));
#1406 = DIRECTION('',(1.,1.110223024625E-16,3.330669073875E-16));
#1407 = ADVANCED_FACE('',(#1408),#1424,.T.);
#1408 = FACE_BOUND('',#1409,.T.);
#1409 = EDGE_LOOP('',(#1410,#1416,#1417,#1423));
#1410 = ORIENTED_EDGE('',*,*,#1411,.F.);
#1411 = EDGE_CURVE('',#945,#571,#1412,.T.);
#1412 = LINE('',#1413,#1414);
#1413 = CARTESIAN_POINT('',(-106.6153306613,196.,-5.936919849079E-15));
#1414 = VECTOR('',#1415,1.);
#1415 = DIRECTION('',(1.,3.330669073875E-16,9.584061687599E-16));
#1416 = ORIENTED_EDGE('',*,*,#944,.T.);
#1417 = ORIENTED_EDGE('',*,*,#1418,.F.);
#1418 = EDGE_CURVE('',#573,#937,#1419,.T.);
#1419 = LINE('',#1420,#1421);
#1420 = CARTESIAN_POINT('',(-106.9999999999,205.99999999999,
    9.89208714941E-14));
#1421 = VECTOR('',#1422,1.);
#1422 = DIRECTION('',(-1.,-9.992007221626E-16,-2.109423746788E-15));
#1423 = ORIENTED_EDGE('',*,*,#570,.F.);
#1424 = PLANE('',#1425);
#1425 = AXIS2_PLACEMENT_3D('',#1426,#1427,#1428);
#1426 = CARTESIAN_POINT('',(-106.2306613226,88.342384769539,
    -1.150356140783E-14));
#1427 = DIRECTION('',(-3.738614607903E-16,-1.33226762955E-15,-1.));
#1428 = DIRECTION('',(-1.,-6.661338147751E-16,-1.624539983535E-15));
#1429 = ADVANCED_FACE('',(#1430),#1441,.F.);
#1430 = FACE_BOUND('',#1431,.F.);
#1431 = EDGE_LOOP('',(#1432,#1433,#1434,#1435));
#1432 = ORIENTED_EDGE('',*,*,#683,.F.);
#1433 = ORIENTED_EDGE('',*,*,#1411,.F.);
#1434 = ORIENTED_EDGE('',*,*,#952,.T.);
#1435 = ORIENTED_EDGE('',*,*,#1436,.F.);
#1436 = EDGE_CURVE('',#676,#953,#1437,.T.);
#1437 = LINE('',#1438,#1439);
#1438 = CARTESIAN_POINT('',(-107.,196.,4.5));
#1439 = VECTOR('',#1440,1.);
#1440 = DIRECTION('',(-1.,-3.330669073875E-16,-7.771561172376E-16));
#1441 = PLANE('',#1442);
#1442 = AXIS2_PLACEMENT_3D('',#1443,#1444,#1445);
#1443 = CARTESIAN_POINT('',(-107.,196.,-1.));
#1444 = DIRECTION('',(6.661338147751E-16,1.,2.22044604925E-16));
#1445 = DIRECTION('',(3.330669073875E-16,7.771561172376E-16,1.));
#1446 = ADVANCED_FACE('',(#1447),#1453,.T.);
#1447 = FACE_BOUND('',#1448,.T.);
#1448 = EDGE_LOOP('',(#1449,#1450,#1451,#1452));
#1449 = ORIENTED_EDGE('',*,*,#1418,.T.);
#1450 = ORIENTED_EDGE('',*,*,#936,.T.);
#1451 = ORIENTED_EDGE('',*,*,#1090,.F.);
#1452 = ORIENTED_EDGE('',*,*,#580,.F.);
#1453 = PLANE('',#1454);
#1454 = AXIS2_PLACEMENT_3D('',#1455,#1456,#1457);
#1455 = CARTESIAN_POINT('',(-106.9999999999,205.99999999999,
    9.89208714941E-14));
#1456 = DIRECTION('',(1.998401444325E-15,1.,8.881784197001E-16));
#1457 = DIRECTION('',(9.992007221626E-16,2.109423746788E-15,1.));
#1458 = ADVANCED_FACE('',(#1459),#1465,.F.);
#1459 = FACE_BOUND('',#1460,.F.);
#1460 = EDGE_LOOP('',(#1461,#1462,#1463,#1464));
#1461 = ORIENTED_EDGE('',*,*,#1436,.T.);
#1462 = ORIENTED_EDGE('',*,*,#960,.T.);
#1463 = ORIENTED_EDGE('',*,*,#904,.F.);
#1464 = ORIENTED_EDGE('',*,*,#675,.F.);
#1465 = PLANE('',#1466);
#1466 = AXIS2_PLACEMENT_3D('',#1467,#1468,#1469);
#1467 = CARTESIAN_POINT('',(-107.,196.,4.5));
#1468 = DIRECTION('',(2.22044604925E-16,6.661338147751E-16,1.));
#1469 = DIRECTION('',(-7.771561172376E-16,-1.,-3.330669073875E-16));
#1470 = ADVANCED_FACE('',(#1471),#1489,.T.);
#1471 = FACE_BOUND('',#1472,.T.);
#1472 = EDGE_LOOP('',(#1473,#1474,#1482,#1488));
#1473 = ORIENTED_EDGE('',*,*,#652,.T.);
#1474 = ORIENTED_EDGE('',*,*,#1475,.T.);
#1475 = EDGE_CURVE('',#645,#1476,#1478,.T.);
#1476 = VERTEX_POINT('',#1477);
#1477 = CARTESIAN_POINT('',(-103.,202.,11.));
#1478 = LINE('',#1479,#1480);
#1479 = CARTESIAN_POINT('',(-106.9999999999,201.99999999999,15.));
#1480 = VECTOR('',#1481,1.);
#1481 = DIRECTION('',(0.707106781187,-6.280369834735E-16,-0.707106781187
    ));
#1482 = ORIENTED_EDGE('',*,*,#1483,.F.);
#1483 = EDGE_CURVE('',#873,#1476,#1484,.T.);
#1484 = LINE('',#1485,#1486);
#1485 = CARTESIAN_POINT('',(-103.,144.,11.));
#1486 = VECTOR('',#1487,1.);
#1487 = DIRECTION('',(1.221245327088E-15,1.,3.330669073875E-16));
#1488 = ORIENTED_EDGE('',*,*,#872,.F.);
#1489 = PLANE('',#1490);
#1490 = AXIS2_PLACEMENT_3D('',#1491,#1492,#1493);
#1491 = CARTESIAN_POINT('',(-107.,144.,15.));
#1492 = DIRECTION('',(-0.707106781187,-1.256073966947E-15,
    -0.707106781187));
#1493 = DIRECTION('',(0.707106781187,-6.280369834735E-16,-0.707106781187
    ));
#1494 = ADVANCED_FACE('',(#1495),#1506,.T.);
#1495 = FACE_BOUND('',#1496,.T.);
#1496 = EDGE_LOOP('',(#1497,#1498,#1504,#1505));
#1497 = ORIENTED_EDGE('',*,*,#848,.F.);
#1498 = ORIENTED_EDGE('',*,*,#1499,.T.);
#1499 = EDGE_CURVE('',#841,#605,#1500,.T.);
#1500 = LINE('',#1501,#1502);
#1501 = CARTESIAN_POINT('',(-99.,137.,3.));
#1502 = VECTOR('',#1503,1.);
#1503 = DIRECTION('',(-1.,-7.771561172376E-16,-1.665334536938E-15));
#1504 = ORIENTED_EDGE('',*,*,#604,.T.);
#1505 = ORIENTED_EDGE('',*,*,#807,.F.);
#1506 = PLANE('',#1507);
#1507 = AXIS2_PLACEMENT_3D('',#1508,#1509,#1510);
#1508 = CARTESIAN_POINT('',(-99.,137.,3.));
#1509 = DIRECTION('',(6.661338147751E-16,1.554312234475E-15,1.));
#1510 = DIRECTION('',(-1.665334536938E-15,-1.,-7.771561172376E-16));
#1511 = ADVANCED_FACE('',(#1512),#1530,.T.);
#1512 = FACE_BOUND('',#1513,.T.);
#1513 = EDGE_LOOP('',(#1514,#1515,#1516,#1524));
#1514 = ORIENTED_EDGE('',*,*,#1475,.F.);
#1515 = ORIENTED_EDGE('',*,*,#644,.T.);
#1516 = ORIENTED_EDGE('',*,*,#1517,.F.);
#1517 = EDGE_CURVE('',#1518,#637,#1520,.T.);
#1518 = VERTEX_POINT('',#1519);
#1519 = CARTESIAN_POINT('',(-103.,202.,29.));
#1520 = LINE('',#1521,#1522);
#1521 = CARTESIAN_POINT('',(-102.9999999999,201.99999999999,29.));
#1522 = VECTOR('',#1523,1.);
#1523 = DIRECTION('',(-0.707106781187,-1.570092458684E-15,
    -0.707106781187));
#1524 = ORIENTED_EDGE('',*,*,#1525,.F.);
#1525 = EDGE_CURVE('',#1476,#1518,#1526,.T.);
#1526 = LINE('',#1527,#1528);
#1527 = CARTESIAN_POINT('',(-102.9999999999,201.99999999999,11.));
#1528 = VECTOR('',#1529,1.);
#1529 = DIRECTION('',(6.661338147751E-16,1.554312234475E-15,1.));
#1530 = PLANE('',#1531);
#1531 = AXIS2_PLACEMENT_3D('',#1532,#1533,#1534);
#1532 = CARTESIAN_POINT('',(-104.7829522431,201.99999999999,20.));
#1533 = DIRECTION('',(1.33226762955E-15,1.,6.661338147751E-16));
#1534 = DIRECTION('',(6.661338147751E-16,1.33226762955E-15,1.));
#1535 = ADVANCED_FACE('',(#1536),#1547,.F.);
#1536 = FACE_BOUND('',#1537,.F.);
#1537 = EDGE_LOOP('',(#1538,#1539,#1540,#1541));
#1538 = ORIENTED_EDGE('',*,*,#840,.T.);
#1539 = ORIENTED_EDGE('',*,*,#1499,.T.);
#1540 = ORIENTED_EDGE('',*,*,#612,.T.);
#1541 = ORIENTED_EDGE('',*,*,#1542,.T.);
#1542 = EDGE_CURVE('',#613,#833,#1543,.T.);
#1543 = LINE('',#1544,#1545);
#1544 = CARTESIAN_POINT('',(-110.1999999999,136.99999999999,36.));
#1545 = VECTOR('',#1546,1.);
#1546 = DIRECTION('',(1.,7.771561172376E-16,1.554312234475E-15));
#1547 = PLANE('',#1548);
#1548 = AXIS2_PLACEMENT_3D('',#1549,#1550,#1551);
#1549 = CARTESIAN_POINT('',(-104.6,137.,18.));
#1550 = DIRECTION('',(1.554312234475E-15,1.,7.771561172376E-16));
#1551 = DIRECTION('',(7.771561172376E-16,1.554312234475E-15,1.));
#1552 = ADVANCED_FACE('',(#1553),#1564,.T.);
#1553 = FACE_BOUND('',#1554,.T.);
#1554 = EDGE_LOOP('',(#1555,#1561,#1562,#1563));
#1555 = ORIENTED_EDGE('',*,*,#1556,.T.);
#1556 = EDGE_CURVE('',#881,#1518,#1557,.T.);
#1557 = LINE('',#1558,#1559);
#1558 = CARTESIAN_POINT('',(-103.,144.,29.));
#1559 = VECTOR('',#1560,1.);
#1560 = DIRECTION('',(1.221245327088E-15,1.,3.330669073875E-16));
#1561 = ORIENTED_EDGE('',*,*,#1517,.T.);
#1562 = ORIENTED_EDGE('',*,*,#636,.F.);
#1563 = ORIENTED_EDGE('',*,*,#888,.F.);
#1564 = PLANE('',#1565);
#1565 = AXIS2_PLACEMENT_3D('',#1566,#1567,#1568);
#1566 = CARTESIAN_POINT('',(-103.,144.,29.));
#1567 = DIRECTION('',(-0.707106781187,6.280369834735E-16,0.707106781187)
  );
#1568 = DIRECTION('',(-0.707106781187,-1.413083212815E-15,
    -0.707106781187));
#1569 = ADVANCED_FACE('',(#1570),#1576,.F.);
#1570 = FACE_BOUND('',#1571,.F.);
#1571 = EDGE_LOOP('',(#1572,#1573,#1574,#1575));
#1572 = ORIENTED_EDGE('',*,*,#1542,.F.);
#1573 = ORIENTED_EDGE('',*,*,#620,.T.);
#1574 = ORIENTED_EDGE('',*,*,#863,.T.);
#1575 = ORIENTED_EDGE('',*,*,#832,.F.);
#1576 = PLANE('',#1577);
#1577 = AXIS2_PLACEMENT_3D('',#1578,#1579,#1580);
#1578 = CARTESIAN_POINT('',(-110.2,137.,36.));
#1579 = DIRECTION('',(-5.551115123126E-16,-1.554312234475E-15,-1.));
#1580 = DIRECTION('',(1.,6.661338147751E-16,1.443289932013E-15));
#1581 = ADVANCED_FACE('',(#1582),#1598,.F.);
#1582 = FACE_BOUND('',#1583,.F.);
#1583 = EDGE_LOOP('',(#1584,#1590,#1591,#1597));
#1584 = ORIENTED_EDGE('',*,*,#1585,.T.);
#1585 = EDGE_CURVE('',#692,#1007,#1586,.T.);
#1586 = LINE('',#1587,#1588);
#1587 = CARTESIAN_POINT('',(-107.,96.,10.));
#1588 = VECTOR('',#1589,1.);
#1589 = DIRECTION('',(-1.,-0.,-1.110223024625E-16));
#1590 = ORIENTED_EDGE('',*,*,#1014,.T.);
#1591 = ORIENTED_EDGE('',*,*,#1592,.F.);
#1592 = EDGE_CURVE('',#694,#1015,#1593,.T.);
#1593 = LINE('',#1594,#1595);
#1594 = CARTESIAN_POINT('',(-107.,124.,10.));
#1595 = VECTOR('',#1596,1.);
#1596 = DIRECTION('',(-1.,-0.,-1.110223024625E-16));
#1597 = ORIENTED_EDGE('',*,*,#691,.F.);
#1598 = PLANE('',#1599);
#1599 = AXIS2_PLACEMENT_3D('',#1600,#1601,#1602);
#1600 = CARTESIAN_POINT('',(-107.,96.,10.));
#1601 = DIRECTION('',(1.110223024625E-16,-1.232595164408E-32,-1.));
#1602 = DIRECTION('',(1.110223024625E-16,1.,0.));
#1603 = ADVANCED_FACE('',(#1604),#1615,.F.);
#1604 = FACE_BOUND('',#1605,.F.);
#1605 = EDGE_LOOP('',(#1606,#1607,#1608,#1614));
#1606 = ORIENTED_EDGE('',*,*,#1592,.T.);
#1607 = ORIENTED_EDGE('',*,*,#1022,.T.);
#1608 = ORIENTED_EDGE('',*,*,#1609,.F.);
#1609 = EDGE_CURVE('',#710,#1023,#1610,.T.);
#1610 = LINE('',#1611,#1612);
#1611 = CARTESIAN_POINT('',(-107.,124.,30.));
#1612 = VECTOR('',#1613,1.);
#1613 = DIRECTION('',(-1.,-0.,-1.110223024625E-16));
#1614 = ORIENTED_EDGE('',*,*,#717,.F.);
#1615 = PLANE('',#1616);
#1616 = AXIS2_PLACEMENT_3D('',#1617,#1618,#1619);
#1617 = CARTESIAN_POINT('',(-107.,124.,10.));
#1618 = DIRECTION('',(1.232595164408E-32,1.,-1.110223024625E-16));
#1619 = DIRECTION('',(0.,1.110223024625E-16,1.));
#1620 = ADVANCED_FACE('',(#1621),#1632,.F.);
#1621 = FACE_BOUND('',#1622,.F.);
#1622 = EDGE_LOOP('',(#1623,#1624,#1625,#1631));
#1623 = ORIENTED_EDGE('',*,*,#1609,.T.);
#1624 = ORIENTED_EDGE('',*,*,#1030,.T.);
#1625 = ORIENTED_EDGE('',*,*,#1626,.F.);
#1626 = EDGE_CURVE('',#702,#1005,#1627,.T.);
#1627 = LINE('',#1628,#1629);
#1628 = CARTESIAN_POINT('',(-107.,96.,30.));
#1629 = VECTOR('',#1630,1.);
#1630 = DIRECTION('',(-1.,-0.,-1.110223024625E-16));
#1631 = ORIENTED_EDGE('',*,*,#709,.F.);
#1632 = PLANE('',#1633);
#1633 = AXIS2_PLACEMENT_3D('',#1634,#1635,#1636);
#1634 = CARTESIAN_POINT('',(-107.,124.,30.));
#1635 = DIRECTION('',(-1.110223024625E-16,1.232595164408E-32,1.));
#1636 = DIRECTION('',(-1.110223024625E-16,-1.,0.));
#1637 = ADVANCED_FACE('',(#1638),#1644,.F.);
#1638 = FACE_BOUND('',#1639,.F.);
#1639 = EDGE_LOOP('',(#1640,#1641,#1642,#1643));
#1640 = ORIENTED_EDGE('',*,*,#1626,.T.);
#1641 = ORIENTED_EDGE('',*,*,#1004,.T.);
#1642 = ORIENTED_EDGE('',*,*,#1585,.F.);
#1643 = ORIENTED_EDGE('',*,*,#701,.F.);
#1644 = PLANE('',#1645);
#1645 = AXIS2_PLACEMENT_3D('',#1646,#1647,#1648);
#1646 = CARTESIAN_POINT('',(-107.,96.,30.));
#1647 = DIRECTION('',(-1.232595164408E-32,-1.,1.110223024625E-16));
#1648 = DIRECTION('',(0.,-1.110223024625E-16,-1.));
#1649 = ADVANCED_FACE('',(#1650),#1666,.F.);
#1650 = FACE_BOUND('',#1651,.F.);
#1651 = EDGE_LOOP('',(#1652,#1658,#1659,#1665));
#1652 = ORIENTED_EDGE('',*,*,#1653,.T.);
#1653 = EDGE_CURVE('',#726,#1041,#1654,.T.);
#1654 = LINE('',#1655,#1656);
#1655 = CARTESIAN_POINT('',(-107.,60.,10.));
#1656 = VECTOR('',#1657,1.);
#1657 = DIRECTION('',(-1.,-0.,-1.110223024625E-16));
#1658 = ORIENTED_EDGE('',*,*,#1048,.T.);
#1659 = ORIENTED_EDGE('',*,*,#1660,.F.);
#1660 = EDGE_CURVE('',#728,#1049,#1661,.T.);
#1661 = LINE('',#1662,#1663);
#1662 = CARTESIAN_POINT('',(-107.,88.,10.));
#1663 = VECTOR('',#1664,1.);
#1664 = DIRECTION('',(-1.,-0.,-1.110223024625E-16));
#1665 = ORIENTED_EDGE('',*,*,#725,.F.);
#1666 = PLANE('',#1667);
#1667 = AXIS2_PLACEMENT_3D('',#1668,#1669,#1670);
#1668 = CARTESIAN_POINT('',(-107.,60.,10.));
#1669 = DIRECTION('',(1.110223024625E-16,-1.232595164408E-32,-1.));
#1670 = DIRECTION('',(1.110223024625E-16,1.,0.));
#1671 = ADVANCED_FACE('',(#1672),#1683,.F.);
#1672 = FACE_BOUND('',#1673,.F.);
#1673 = EDGE_LOOP('',(#1674,#1675,#1676,#1682));
#1674 = ORIENTED_EDGE('',*,*,#1660,.T.);
#1675 = ORIENTED_EDGE('',*,*,#1056,.T.);
#1676 = ORIENTED_EDGE('',*,*,#1677,.F.);
#1677 = EDGE_CURVE('',#744,#1057,#1678,.T.);
#1678 = LINE('',#1679,#1680);
#1679 = CARTESIAN_POINT('',(-107.,88.,30.));
#1680 = VECTOR('',#1681,1.);
#1681 = DIRECTION('',(-1.,-0.,-1.110223024625E-16));
#1682 = ORIENTED_EDGE('',*,*,#751,.F.);
#1683 = PLANE('',#1684);
#1684 = AXIS2_PLACEMENT_3D('',#1685,#1686,#1687);
#1685 = CARTESIAN_POINT('',(-107.,88.,10.));
#1686 = DIRECTION('',(1.232595164408E-32,1.,-1.110223024625E-16));
#1687 = DIRECTION('',(0.,1.110223024625E-16,1.));
#1688 = ADVANCED_FACE('',(#1689),#1700,.F.);
#1689 = FACE_BOUND('',#1690,.F.);
#1690 = EDGE_LOOP('',(#1691,#1692,#1693,#1699));
#1691 = ORIENTED_EDGE('',*,*,#1677,.T.);
#1692 = ORIENTED_EDGE('',*,*,#1064,.T.);
#1693 = ORIENTED_EDGE('',*,*,#1694,.F.);
#1694 = EDGE_CURVE('',#736,#1039,#1695,.T.);
#1695 = LINE('',#1696,#1697);
#1696 = CARTESIAN_POINT('',(-107.,60.,30.));
#1697 = VECTOR('',#1698,1.);
#1698 = DIRECTION('',(-1.,-0.,-1.110223024625E-16));
#1699 = ORIENTED_EDGE('',*,*,#743,.F.);
#1700 = PLANE('',#1701);
#1701 = AXIS2_PLACEMENT_3D('',#1702,#1703,#1704);
#1702 = CARTESIAN_POINT('',(-107.,88.,30.));
#1703 = DIRECTION('',(-1.110223024625E-16,1.232595164408E-32,1.));
#1704 = DIRECTION('',(-1.110223024625E-16,-1.,0.));
#1705 = ADVANCED_FACE('',(#1706),#1712,.F.);
#1706 = FACE_BOUND('',#1707,.F.);
#1707 = EDGE_LOOP('',(#1708,#1709,#1710,#1711));
#1708 = ORIENTED_EDGE('',*,*,#1694,.T.);
#1709 = ORIENTED_EDGE('',*,*,#1038,.T.);
#1710 = ORIENTED_EDGE('',*,*,#1653,.F.);
#1711 = ORIENTED_EDGE('',*,*,#735,.F.);
#1712 = PLANE('',#1713);
#1713 = AXIS2_PLACEMENT_3D('',#1714,#1715,#1716);
#1714 = CARTESIAN_POINT('',(-107.,60.,30.));
#1715 = DIRECTION('',(-1.232595164408E-32,-1.,1.110223024625E-16));
#1716 = DIRECTION('',(0.,-1.110223024625E-16,-1.));
#1717 = ADVANCED_FACE('',(#1718),#1734,.F.);
#1718 = FACE_BOUND('',#1719,.F.);
#1719 = EDGE_LOOP('',(#1720,#1726,#1727,#1733));
#1720 = ORIENTED_EDGE('',*,*,#1721,.T.);
#1721 = EDGE_CURVE('',#760,#973,#1722,.T.);
#1722 = LINE('',#1723,#1724);
#1723 = CARTESIAN_POINT('',(-107.,24.,10.));
#1724 = VECTOR('',#1725,1.);
#1725 = DIRECTION('',(-1.,-0.,-1.110223024625E-16));
#1726 = ORIENTED_EDGE('',*,*,#980,.T.);
#1727 = ORIENTED_EDGE('',*,*,#1728,.F.);
#1728 = EDGE_CURVE('',#762,#981,#1729,.T.);
#1729 = LINE('',#1730,#1731);
#1730 = CARTESIAN_POINT('',(-107.,52.,10.));
#1731 = VECTOR('',#1732,1.);
#1732 = DIRECTION('',(-1.,-0.,-1.110223024625E-16));
#1733 = ORIENTED_EDGE('',*,*,#759,.F.);
#1734 = PLANE('',#1735);
#1735 = AXIS2_PLACEMENT_3D('',#1736,#1737,#1738);
#1736 = CARTESIAN_POINT('',(-107.,24.,10.));
#1737 = DIRECTION('',(1.110223024625E-16,-1.232595164408E-32,-1.));
#1738 = DIRECTION('',(1.110223024625E-16,1.,0.));
#1739 = ADVANCED_FACE('',(#1740),#1751,.F.);
#1740 = FACE_BOUND('',#1741,.F.);
#1741 = EDGE_LOOP('',(#1742,#1743,#1744,#1750));
#1742 = ORIENTED_EDGE('',*,*,#1728,.T.);
#1743 = ORIENTED_EDGE('',*,*,#988,.T.);
#1744 = ORIENTED_EDGE('',*,*,#1745,.F.);
#1745 = EDGE_CURVE('',#778,#989,#1746,.T.);
#1746 = LINE('',#1747,#1748);
#1747 = CARTESIAN_POINT('',(-107.,52.,30.));
#1748 = VECTOR('',#1749,1.);
#1749 = DIRECTION('',(-1.,-0.,-1.110223024625E-16));
#1750 = ORIENTED_EDGE('',*,*,#785,.F.);
#1751 = PLANE('',#1752);
#1752 = AXIS2_PLACEMENT_3D('',#1753,#1754,#1755);
#1753 = CARTESIAN_POINT('',(-107.,52.,10.));
#1754 = DIRECTION('',(1.232595164408E-32,1.,-1.110223024625E-16));
#1755 = DIRECTION('',(0.,1.110223024625E-16,1.));
#1756 = ADVANCED_FACE('',(#1757),#1768,.F.);
#1757 = FACE_BOUND('',#1758,.F.);
#1758 = EDGE_LOOP('',(#1759,#1760,#1761,#1767));
#1759 = ORIENTED_EDGE('',*,*,#1745,.T.);
#1760 = ORIENTED_EDGE('',*,*,#996,.T.);
#1761 = ORIENTED_EDGE('',*,*,#1762,.F.);
#1762 = EDGE_CURVE('',#770,#971,#1763,.T.);
#1763 = LINE('',#1764,#1765);
#1764 = CARTESIAN_POINT('',(-107.,24.,30.));
#1765 = VECTOR('',#1766,1.);
#1766 = DIRECTION('',(-1.,-0.,-1.110223024625E-16));
#1767 = ORIENTED_EDGE('',*,*,#777,.F.);
#1768 = PLANE('',#1769);
#1769 = AXIS2_PLACEMENT_3D('',#1770,#1771,#1772);
#1770 = CARTESIAN_POINT('',(-107.,52.,30.));
#1771 = DIRECTION('',(-1.110223024625E-16,1.232595164408E-32,1.));
#1772 = DIRECTION('',(-1.110223024625E-16,-1.,0.));
#1773 = ADVANCED_FACE('',(#1774),#1780,.F.);
#1774 = FACE_BOUND('',#1775,.F.);
#1775 = EDGE_LOOP('',(#1776,#1777,#1778,#1779));
#1776 = ORIENTED_EDGE('',*,*,#1762,.T.);
#1777 = ORIENTED_EDGE('',*,*,#970,.T.);
#1778 = ORIENTED_EDGE('',*,*,#1721,.F.);
#1779 = ORIENTED_EDGE('',*,*,#769,.F.);
#1780 = PLANE('',#1781);
#1781 = AXIS2_PLACEMENT_3D('',#1782,#1783,#1784);
#1782 = CARTESIAN_POINT('',(-107.,24.,30.));
#1783 = DIRECTION('',(-1.232595164408E-32,-1.,1.110223024625E-16));
#1784 = DIRECTION('',(0.,-1.110223024625E-16,-1.));
#1785 = ADVANCED_FACE('',(#1786),#1792,.T.);
#1786 = FACE_BOUND('',#1787,.T.);
#1787 = EDGE_LOOP('',(#1788,#1789,#1790,#1791));
#1788 = ORIENTED_EDGE('',*,*,#1483,.T.);
#1789 = ORIENTED_EDGE('',*,*,#1525,.T.);
#1790 = ORIENTED_EDGE('',*,*,#1556,.F.);
#1791 = ORIENTED_EDGE('',*,*,#880,.F.);
#1792 = PLANE('',#1793);
#1793 = AXIS2_PLACEMENT_3D('',#1794,#1795,#1796);
#1794 = CARTESIAN_POINT('',(-103.,144.,11.));
#1795 = DIRECTION('',(1.,4.440892098501E-16,1.110223024625E-15));
#1796 = DIRECTION('',(5.551115123126E-16,1.443289932013E-15,1.));
#1797 = ADVANCED_FACE('',(#1798,#1801),#1804,.F.);
#1798 = FACE_BOUND('',#1799,.F.);
#1799 = EDGE_LOOP('',(#1800));
#1800 = ORIENTED_EDGE('',*,*,#1369,.F.);
#1801 = FACE_BOUND('',#1802,.F.);
#1802 = EDGE_LOOP('',(#1803));
#1803 = ORIENTED_EDGE('',*,*,#1320,.F.);
#1804 = PLANE('',#1805);
#1805 = AXIS2_PLACEMENT_3D('',#1806,#1807,#1808);
#1806 = CARTESIAN_POINT('',(-100.,-5.5,22.225));
#1807 = DIRECTION('',(4.440892098501E-16,1.,-1.263450004348E-17));
#1808 = DIRECTION('',(2.22044604925E-16,6.787683148186E-16,1.));
#1809 = ADVANCED_FACE('',(#1810,#1813),#1816,.F.);
#1810 = FACE_BOUND('',#1811,.F.);
#1811 = EDGE_LOOP('',(#1812));
#1812 = ORIENTED_EDGE('',*,*,#1394,.F.);
#1813 = FACE_BOUND('',#1814,.F.);
#1814 = EDGE_LOOP('',(#1815));
#1815 = ORIENTED_EDGE('',*,*,#1345,.F.);
#1816 = PLANE('',#1817);
#1817 = AXIS2_PLACEMENT_3D('',#1818,#1819,#1820);
#1818 = CARTESIAN_POINT('',(-100.,-5.5,22.225));
#1819 = DIRECTION('',(4.440892098501E-16,1.,-1.263450004348E-17));
#1820 = DIRECTION('',(2.22044604925E-16,6.787683148186E-16,1.));
#1821 = MANIFOLD_SOLID_BREP('',#1822);
#1822 = CLOSED_SHELL('',(#1823,#1863,#1894,#1925,#2156,#2307,#2324,#2519
    ,#2536,#2553,#2611,#2658,#2682,#2706,#2730,#2754,#2778,#2795,#2812,
    #2834,#2851,#2868,#2880,#2902,#2919,#2936,#2948,#2970,#2987,#3004,
    #3016,#3040,#3064,#3088,#3112,#3129,#3154,#3179,#3211,#3235,#3259,
    #3277,#3309,#3333,#3357,#3375,#3407,#3431,#3455,#3473,#3487,#3541,
    #3553,#3573,#3593,#3610));
#1823 = ADVANCED_FACE('',(#1824),#1858,.F.);
#1824 = FACE_BOUND('',#1825,.F.);
#1825 = EDGE_LOOP('',(#1826,#1836,#1844,#1852));
#1826 = ORIENTED_EDGE('',*,*,#1827,.T.);
#1827 = EDGE_CURVE('',#1828,#1830,#1832,.T.);
#1828 = VERTEX_POINT('',#1829);
#1829 = CARTESIAN_POINT('',(107.,206.,0.));
#1830 = VERTEX_POINT('',#1831);
#1831 = CARTESIAN_POINT('',(110.2,206.,0.));
#1832 = LINE('',#1833,#1834);
#1833 = CARTESIAN_POINT('',(107.,205.99999999999,3.127498260369E-13));
#1834 = VECTOR('',#1835,1.);
#1835 = DIRECTION('',(1.,9.992007221626E-16,2.109423746788E-15));
#1836 = ORIENTED_EDGE('',*,*,#1837,.T.);
#1837 = EDGE_CURVE('',#1830,#1838,#1840,.T.);
#1838 = VERTEX_POINT('',#1839);
#1839 = CARTESIAN_POINT('',(110.2,206.,40.3));
#1840 = LINE('',#1841,#1842);
#1841 = CARTESIAN_POINT('',(110.2,205.99999999999,3.725908470642E-13));
#1842 = VECTOR('',#1843,1.);
#1843 = DIRECTION('',(1.110223024625E-15,2.22044604925E-15,1.));
#1844 = ORIENTED_EDGE('',*,*,#1845,.F.);
#1845 = EDGE_CURVE('',#1846,#1838,#1848,.T.);
#1846 = VERTEX_POINT('',#1847);
#1847 = CARTESIAN_POINT('',(107.,206.,40.3));
#1848 = LINE('',#1849,#1850);
#1849 = CARTESIAN_POINT('',(107.,206.,40.3));
#1850 = VECTOR('',#1851,1.);
#1851 = DIRECTION('',(1.,9.992007221626E-16,2.109423746788E-15));
#1852 = ORIENTED_EDGE('',*,*,#1853,.F.);
#1853 = EDGE_CURVE('',#1828,#1846,#1854,.T.);
#1854 = LINE('',#1855,#1856);
#1855 = CARTESIAN_POINT('',(107.,205.99999999999,3.474998067077E-13));
#1856 = VECTOR('',#1857,1.);
#1857 = DIRECTION('',(1.110223024625E-15,2.22044604925E-15,1.));
#1858 = PLANE('',#1859);
#1859 = AXIS2_PLACEMENT_3D('',#1860,#1861,#1862);
#1860 = CARTESIAN_POINT('',(107.,205.99999999999,3.127498260369E-13));
#1861 = DIRECTION('',(-1.998401444325E-15,-1.,-8.881784197001E-16));
#1862 = DIRECTION('',(9.992007221626E-16,2.109423746788E-15,1.));
#1863 = ADVANCED_FACE('',(#1864),#1889,.T.);
#1864 = FACE_BOUND('',#1865,.T.);
#1865 = EDGE_LOOP('',(#1866,#1874,#1882,#1888));
#1866 = ORIENTED_EDGE('',*,*,#1867,.F.);
#1867 = EDGE_CURVE('',#1868,#1830,#1870,.T.);
#1868 = VERTEX_POINT('',#1869);
#1869 = CARTESIAN_POINT('',(110.2,196.,0.));
#1870 = LINE('',#1871,#1872);
#1871 = CARTESIAN_POINT('',(110.2,7.340794638822E-14,7.696066006702E-14)
  );
#1872 = VECTOR('',#1873,1.);
#1873 = DIRECTION('',(1.7763568394E-15,1.,6.661338147751E-16));
#1874 = ORIENTED_EDGE('',*,*,#1875,.T.);
#1875 = EDGE_CURVE('',#1868,#1876,#1878,.T.);
#1876 = VERTEX_POINT('',#1877);
#1877 = CARTESIAN_POINT('',(107.,196.,0.));
#1878 = LINE('',#1879,#1880);
#1879 = CARTESIAN_POINT('',(106.61533066132,196.,6.490412415933E-14));
#1880 = VECTOR('',#1881,1.);
#1881 = DIRECTION('',(-1.,-3.330669073875E-16,-9.781626030201E-16));
#1882 = ORIENTED_EDGE('',*,*,#1883,.T.);
#1883 = EDGE_CURVE('',#1876,#1828,#1884,.T.);
#1884 = LINE('',#1885,#1886);
#1885 = CARTESIAN_POINT('',(107.,1.187938636349E-13,1.187938636349E-13)
  );
#1886 = VECTOR('',#1887,1.);
#1887 = DIRECTION('',(2.22044604925E-15,1.,1.110223024625E-15));
#1888 = ORIENTED_EDGE('',*,*,#1827,.T.);
#1889 = PLANE('',#1890);
#1890 = AXIS2_PLACEMENT_3D('',#1891,#1892,#1893);
#1891 = CARTESIAN_POINT('',(106.23066132264,88.342384769539,
    1.293329771936E-13));
#1892 = DIRECTION('',(-3.541050265301E-16,-1.33226762955E-15,-1.));
#1893 = DIRECTION('',(-1.,-6.661338147751E-16,-1.644296417795E-15));
#1894 = ADVANCED_FACE('',(#1895),#1920,.F.);
#1895 = FACE_BOUND('',#1896,.F.);
#1896 = EDGE_LOOP('',(#1897,#1898,#1906,#1914));
#1897 = ORIENTED_EDGE('',*,*,#1845,.T.);
#1898 = ORIENTED_EDGE('',*,*,#1899,.T.);
#1899 = EDGE_CURVE('',#1838,#1900,#1902,.T.);
#1900 = VERTEX_POINT('',#1901);
#1901 = CARTESIAN_POINT('',(110.2,4.474198789239E-14,40.3));
#1902 = LINE('',#1903,#1904);
#1903 = CARTESIAN_POINT('',(110.2,206.,40.3));
#1904 = VECTOR('',#1905,1.);
#1905 = DIRECTION('',(-2.22044604925E-15,-1.,-1.110223024625E-15));
#1906 = ORIENTED_EDGE('',*,*,#1907,.F.);
#1907 = EDGE_CURVE('',#1908,#1900,#1910,.T.);
#1908 = VERTEX_POINT('',#1909);
#1909 = CARTESIAN_POINT('',(107.,4.474198789239E-14,40.3));
#1910 = LINE('',#1911,#1912);
#1911 = CARTESIAN_POINT('',(107.,1.91924254267E-13,40.3));
#1912 = VECTOR('',#1913,1.);
#1913 = DIRECTION('',(1.,9.992007221626E-16,2.109423746788E-15));
#1914 = ORIENTED_EDGE('',*,*,#1915,.F.);
#1915 = EDGE_CURVE('',#1846,#1908,#1916,.T.);
#1916 = LINE('',#1917,#1918);
#1917 = CARTESIAN_POINT('',(107.,206.,40.3));
#1918 = VECTOR('',#1919,1.);
#1919 = DIRECTION('',(-2.22044604925E-15,-1.,-1.110223024625E-15));
#1920 = PLANE('',#1921);
#1921 = AXIS2_PLACEMENT_3D('',#1922,#1923,#1924);
#1922 = CARTESIAN_POINT('',(107.,206.,40.3));
#1923 = DIRECTION('',(-8.881784197001E-16,-1.998401444325E-15,-1.));
#1924 = DIRECTION('',(-2.109423746788E-15,-1.,-9.992007221626E-16));
#1925 = ADVANCED_FACE('',(#1926,#2049,#2083,#2117),#2151,.F.);
#1926 = FACE_BOUND('',#1927,.F.);
#1927 = EDGE_LOOP('',(#1928,#1929,#1930,#1931,#1939,#1947,#1955,#1963,
    #1971,#1979,#1987,#1995,#2003,#2011,#2019,#2027,#2035,#2043));
#1928 = ORIENTED_EDGE('',*,*,#1883,.T.);
#1929 = ORIENTED_EDGE('',*,*,#1853,.T.);
#1930 = ORIENTED_EDGE('',*,*,#1915,.T.);
#1931 = ORIENTED_EDGE('',*,*,#1932,.T.);
#1932 = EDGE_CURVE('',#1908,#1933,#1935,.T.);
#1933 = VERTEX_POINT('',#1934);
#1934 = CARTESIAN_POINT('',(107.,5.605193857299E-45,0.));
#1935 = LINE('',#1936,#1937);
#1936 = CARTESIAN_POINT('',(107.,2.082778394197E-13,40.3));
#1937 = VECTOR('',#1938,1.);
#1938 = DIRECTION('',(-1.110223024625E-15,-2.22044604925E-15,-1.));
#1939 = ORIENTED_EDGE('',*,*,#1940,.T.);
#1940 = EDGE_CURVE('',#1933,#1941,#1943,.T.);
#1941 = VERTEX_POINT('',#1942);
#1942 = CARTESIAN_POINT('',(107.,8.3,0.));
#1943 = LINE('',#1944,#1945);
#1944 = CARTESIAN_POINT('',(107.,1.187938636349E-13,1.187938636349E-13)
  );
#1945 = VECTOR('',#1946,1.);
#1946 = DIRECTION('',(2.22044604925E-15,1.,1.110223024625E-15));
#1947 = ORIENTED_EDGE('',*,*,#1948,.T.);
#1948 = EDGE_CURVE('',#1941,#1949,#1951,.T.);
#1949 = VERTEX_POINT('',#1950);
#1950 = CARTESIAN_POINT('',(107.,8.3,3.));
#1951 = LINE('',#1952,#1953);
#1952 = CARTESIAN_POINT('',(107.,8.3,11.575));
#1953 = VECTOR('',#1954,1.);
#1954 = DIRECTION('',(4.440892098501E-16,5.218048215738E-15,1.));
#1955 = ORIENTED_EDGE('',*,*,#1956,.T.);
#1956 = EDGE_CURVE('',#1949,#1957,#1959,.T.);
#1957 = VERTEX_POINT('',#1958);
#1958 = CARTESIAN_POINT('',(107.,137.,3.));
#1959 = LINE('',#1960,#1961);
#1960 = CARTESIAN_POINT('',(107.,120.,3.));
#1961 = VECTOR('',#1962,1.);
#1962 = DIRECTION('',(1.554312234475E-15,1.,7.771561172376E-16));
#1963 = ORIENTED_EDGE('',*,*,#1964,.T.);
#1964 = EDGE_CURVE('',#1957,#1965,#1967,.T.);
#1965 = VERTEX_POINT('',#1966);
#1966 = CARTESIAN_POINT('',(107.,137.,36.));
#1967 = LINE('',#1968,#1969);
#1968 = CARTESIAN_POINT('',(107.,137.,19.075));
#1969 = VECTOR('',#1970,1.);
#1970 = DIRECTION('',(2.22044604925E-16,1.33226762955E-15,1.));
#1971 = ORIENTED_EDGE('',*,*,#1972,.F.);
#1972 = EDGE_CURVE('',#1973,#1965,#1975,.T.);
#1973 = VERTEX_POINT('',#1974);
#1974 = CARTESIAN_POINT('',(107.,144.,36.));
#1975 = LINE('',#1976,#1977);
#1976 = CARTESIAN_POINT('',(107.,120.,36.));
#1977 = VECTOR('',#1978,1.);
#1978 = DIRECTION('',(-1.33226762955E-15,-1.,-4.440892098501E-16));
#1979 = ORIENTED_EDGE('',*,*,#1980,.F.);
#1980 = EDGE_CURVE('',#1981,#1973,#1983,.T.);
#1981 = VERTEX_POINT('',#1982);
#1982 = CARTESIAN_POINT('',(107.,144.,25.));
#1983 = LINE('',#1984,#1985);
#1984 = CARTESIAN_POINT('',(107.,144.,19.075));
#1985 = VECTOR('',#1986,1.);
#1986 = DIRECTION('',(2.22044604925E-16,1.33226762955E-15,1.));
#1987 = ORIENTED_EDGE('',*,*,#1988,.T.);
#1988 = EDGE_CURVE('',#1981,#1989,#1991,.T.);
#1989 = VERTEX_POINT('',#1990);
#1990 = CARTESIAN_POINT('',(107.,202.,25.));
#1991 = LINE('',#1992,#1993);
#1992 = CARTESIAN_POINT('',(107.,144.,25.));
#1993 = VECTOR('',#1994,1.);
#1994 = DIRECTION('',(1.221245327088E-15,1.,3.330669073875E-16));
#1995 = ORIENTED_EDGE('',*,*,#1996,.F.);
#1996 = EDGE_CURVE('',#1997,#1989,#1999,.T.);
#1997 = VERTEX_POINT('',#1998);
#1998 = CARTESIAN_POINT('',(107.,202.,15.));
#1999 = LINE('',#2000,#2001);
#2000 = CARTESIAN_POINT('',(107.,202.,20.075));
#2001 = VECTOR('',#2002,1.);
#2002 = DIRECTION('',(5.300159206954E-31,1.110223024625E-15,1.));
#2003 = ORIENTED_EDGE('',*,*,#2004,.F.);
#2004 = EDGE_CURVE('',#2005,#1997,#2007,.T.);
#2005 = VERTEX_POINT('',#2006);
#2006 = CARTESIAN_POINT('',(107.,144.,15.));
#2007 = LINE('',#2008,#2009);
#2008 = CARTESIAN_POINT('',(107.,144.,15.));
#2009 = VECTOR('',#2010,1.);
#2010 = DIRECTION('',(1.221245327088E-15,1.,3.330669073875E-16));
#2011 = ORIENTED_EDGE('',*,*,#2012,.F.);
#2012 = EDGE_CURVE('',#2013,#2005,#2015,.T.);
#2013 = VERTEX_POINT('',#2014);
#2014 = CARTESIAN_POINT('',(107.,144.,0.));
#2015 = LINE('',#2016,#2017);
#2016 = CARTESIAN_POINT('',(107.,144.,19.075));
#2017 = VECTOR('',#2018,1.);
#2018 = DIRECTION('',(2.22044604925E-16,1.33226762955E-15,1.));
#2019 = ORIENTED_EDGE('',*,*,#2020,.T.);
#2020 = EDGE_CURVE('',#2013,#2021,#2023,.T.);
#2021 = VERTEX_POINT('',#2022);
#2022 = CARTESIAN_POINT('',(107.,149.5,0.));
#2023 = LINE('',#2024,#2025);
#2024 = CARTESIAN_POINT('',(107.,1.187938636349E-13,1.187938636349E-13)
  );
#2025 = VECTOR('',#2026,1.);
#2026 = DIRECTION('',(2.22044604925E-15,1.,1.110223024625E-15));
#2027 = ORIENTED_EDGE('',*,*,#2028,.F.);
#2028 = EDGE_CURVE('',#2029,#2021,#2031,.T.);
#2029 = VERTEX_POINT('',#2030);
#2030 = CARTESIAN_POINT('',(107.,149.5,4.5));
#2031 = LINE('',#2032,#2033);
#2032 = CARTESIAN_POINT('',(107.,149.5,4.5));
#2033 = VECTOR('',#2034,1.);
#2034 = DIRECTION('',(-4.440892098501E-16,-8.881784197001E-16,-1.));
#2035 = ORIENTED_EDGE('',*,*,#2036,.F.);
#2036 = EDGE_CURVE('',#2037,#2029,#2039,.T.);
#2037 = VERTEX_POINT('',#2038);
#2038 = CARTESIAN_POINT('',(107.,196.,4.5));
#2039 = LINE('',#2040,#2041);
#2040 = CARTESIAN_POINT('',(107.,196.,4.5));
#2041 = VECTOR('',#2042,1.);
#2042 = DIRECTION('',(-8.881784197001E-16,-1.,-4.440892098501E-16));
#2043 = ORIENTED_EDGE('',*,*,#2044,.F.);
#2044 = EDGE_CURVE('',#1876,#2037,#2045,.T.);
#2045 = LINE('',#2046,#2047);
#2046 = CARTESIAN_POINT('',(107.,196.,-1.));
#2047 = VECTOR('',#2048,1.);
#2048 = DIRECTION('',(4.440892098501E-16,8.881784197001E-16,1.));
#2049 = FACE_BOUND('',#2050,.F.);
#2050 = EDGE_LOOP('',(#2051,#2061,#2069,#2077));
#2051 = ORIENTED_EDGE('',*,*,#2052,.F.);
#2052 = EDGE_CURVE('',#2053,#2055,#2057,.T.);
#2053 = VERTEX_POINT('',#2054);
#2054 = CARTESIAN_POINT('',(107.,96.,10.));
#2055 = VERTEX_POINT('',#2056);
#2056 = CARTESIAN_POINT('',(107.,124.,10.));
#2057 = LINE('',#2058,#2059);
#2058 = CARTESIAN_POINT('',(107.,96.,10.));
#2059 = VECTOR('',#2060,1.);
#2060 = DIRECTION('',(2.22044604925E-16,1.,1.110223024625E-16));
#2061 = ORIENTED_EDGE('',*,*,#2062,.F.);
#2062 = EDGE_CURVE('',#2063,#2053,#2065,.T.);
#2063 = VERTEX_POINT('',#2064);
#2064 = CARTESIAN_POINT('',(107.,96.,30.));
#2065 = LINE('',#2066,#2067);
#2066 = CARTESIAN_POINT('',(107.,96.,30.));
#2067 = VECTOR('',#2068,1.);
#2068 = DIRECTION('',(-1.110223024625E-16,-2.22044604925E-16,-1.));
#2069 = ORIENTED_EDGE('',*,*,#2070,.F.);
#2070 = EDGE_CURVE('',#2071,#2063,#2073,.T.);
#2071 = VERTEX_POINT('',#2072);
#2072 = CARTESIAN_POINT('',(107.,124.,30.));
#2073 = LINE('',#2074,#2075);
#2074 = CARTESIAN_POINT('',(107.,124.,30.));
#2075 = VECTOR('',#2076,1.);
#2076 = DIRECTION('',(-2.22044604925E-16,-1.,-1.110223024625E-16));
#2077 = ORIENTED_EDGE('',*,*,#2078,.F.);
#2078 = EDGE_CURVE('',#2055,#2071,#2079,.T.);
#2079 = LINE('',#2080,#2081);
#2080 = CARTESIAN_POINT('',(107.,124.,10.));
#2081 = VECTOR('',#2082,1.);
#2082 = DIRECTION('',(1.110223024625E-16,2.22044604925E-16,1.));
#2083 = FACE_BOUND('',#2084,.F.);
#2084 = EDGE_LOOP('',(#2085,#2095,#2103,#2111));
#2085 = ORIENTED_EDGE('',*,*,#2086,.F.);
#2086 = EDGE_CURVE('',#2087,#2089,#2091,.T.);
#2087 = VERTEX_POINT('',#2088);
#2088 = CARTESIAN_POINT('',(107.,60.,10.));
#2089 = VERTEX_POINT('',#2090);
#2090 = CARTESIAN_POINT('',(107.,88.,10.));
#2091 = LINE('',#2092,#2093);
#2092 = CARTESIAN_POINT('',(107.,60.,10.));
#2093 = VECTOR('',#2094,1.);
#2094 = DIRECTION('',(2.22044604925E-16,1.,1.110223024625E-16));
#2095 = ORIENTED_EDGE('',*,*,#2096,.F.);
#2096 = EDGE_CURVE('',#2097,#2087,#2099,.T.);
#2097 = VERTEX_POINT('',#2098);
#2098 = CARTESIAN_POINT('',(107.,60.,30.));
#2099 = LINE('',#2100,#2101);
#2100 = CARTESIAN_POINT('',(107.,60.,30.));
#2101 = VECTOR('',#2102,1.);
#2102 = DIRECTION('',(-1.110223024625E-16,-2.22044604925E-16,-1.));
#2103 = ORIENTED_EDGE('',*,*,#2104,.F.);
#2104 = EDGE_CURVE('',#2105,#2097,#2107,.T.);
#2105 = VERTEX_POINT('',#2106);
#2106 = CARTESIAN_POINT('',(107.,88.,30.));
#2107 = LINE('',#2108,#2109);
#2108 = CARTESIAN_POINT('',(107.,88.,30.));
#2109 = VECTOR('',#2110,1.);
#2110 = DIRECTION('',(-2.22044604925E-16,-1.,-1.110223024625E-16));
#2111 = ORIENTED_EDGE('',*,*,#2112,.F.);
#2112 = EDGE_CURVE('',#2089,#2105,#2113,.T.);
#2113 = LINE('',#2114,#2115);
#2114 = CARTESIAN_POINT('',(107.,88.,10.));
#2115 = VECTOR('',#2116,1.);
#2116 = DIRECTION('',(1.110223024625E-16,2.22044604925E-16,1.));
#2117 = FACE_BOUND('',#2118,.F.);
#2118 = EDGE_LOOP('',(#2119,#2129,#2137,#2145));
#2119 = ORIENTED_EDGE('',*,*,#2120,.F.);
#2120 = EDGE_CURVE('',#2121,#2123,#2125,.T.);
#2121 = VERTEX_POINT('',#2122);
#2122 = CARTESIAN_POINT('',(107.,24.,10.));
#2123 = VERTEX_POINT('',#2124);
#2124 = CARTESIAN_POINT('',(107.,52.,10.));
#2125 = LINE('',#2126,#2127);
#2126 = CARTESIAN_POINT('',(107.,24.,10.));
#2127 = VECTOR('',#2128,1.);
#2128 = DIRECTION('',(2.22044604925E-16,1.,1.110223024625E-16));
#2129 = ORIENTED_EDGE('',*,*,#2130,.F.);
#2130 = EDGE_CURVE('',#2131,#2121,#2133,.T.);
#2131 = VERTEX_POINT('',#2132);
#2132 = CARTESIAN_POINT('',(107.,24.,30.));
#2133 = LINE('',#2134,#2135);
#2134 = CARTESIAN_POINT('',(107.,24.,30.));
#2135 = VECTOR('',#2136,1.);
#2136 = DIRECTION('',(-1.110223024625E-16,-2.22044604925E-16,-1.));
#2137 = ORIENTED_EDGE('',*,*,#2138,.F.);
#2138 = EDGE_CURVE('',#2139,#2131,#2141,.T.);
#2139 = VERTEX_POINT('',#2140);
#2140 = CARTESIAN_POINT('',(107.,52.,30.));
#2141 = LINE('',#2142,#2143);
#2142 = CARTESIAN_POINT('',(107.,52.,30.));
#2143 = VECTOR('',#2144,1.);
#2144 = DIRECTION('',(-2.22044604925E-16,-1.,-1.110223024625E-16));
#2145 = ORIENTED_EDGE('',*,*,#2146,.F.);
#2146 = EDGE_CURVE('',#2123,#2139,#2147,.T.);
#2147 = LINE('',#2148,#2149);
#2148 = CARTESIAN_POINT('',(107.,52.,10.));
#2149 = VECTOR('',#2150,1.);
#2150 = DIRECTION('',(1.110223024625E-16,2.22044604925E-16,1.));
#2151 = PLANE('',#2152);
#2152 = AXIS2_PLACEMENT_3D('',#2153,#2154,#2155);
#2153 = CARTESIAN_POINT('',(107.,103.,20.15));
#2154 = DIRECTION('',(1.,1.110223024625E-15,2.22044604925E-15));
#2155 = DIRECTION('',(1.110223024625E-15,2.22044604925E-15,1.));
#2156 = ADVANCED_FACE('',(#2157,#2200,#2234,#2268),#2302,.T.);
#2157 = FACE_BOUND('',#2158,.T.);
#2158 = EDGE_LOOP('',(#2159,#2160,#2161,#2169,#2177,#2185,#2193,#2199));
#2159 = ORIENTED_EDGE('',*,*,#1837,.T.);
#2160 = ORIENTED_EDGE('',*,*,#1899,.T.);
#2161 = ORIENTED_EDGE('',*,*,#2162,.T.);
#2162 = EDGE_CURVE('',#1900,#2163,#2165,.T.);
#2163 = VERTEX_POINT('',#2164);
#2164 = CARTESIAN_POINT('',(110.2,1.774937036747E-30,0.));
#2165 = LINE('',#2166,#2167);
#2166 = CARTESIAN_POINT('',(110.2,2.082778394197E-13,40.3));
#2167 = VECTOR('',#2168,1.);
#2168 = DIRECTION('',(-1.110223024625E-15,-2.22044604925E-15,-1.));
#2169 = ORIENTED_EDGE('',*,*,#2170,.T.);
#2170 = EDGE_CURVE('',#2163,#2171,#2173,.T.);
#2171 = VERTEX_POINT('',#2172);
#2172 = CARTESIAN_POINT('',(110.2,149.5,0.));
#2173 = LINE('',#2174,#2175);
#2174 = CARTESIAN_POINT('',(110.2,7.340794638822E-14,7.696066006702E-14)
  );
#2175 = VECTOR('',#2176,1.);
#2176 = DIRECTION('',(1.7763568394E-15,1.,6.661338147751E-16));
#2177 = ORIENTED_EDGE('',*,*,#2178,.F.);
#2178 = EDGE_CURVE('',#2179,#2171,#2181,.T.);
#2179 = VERTEX_POINT('',#2180);
#2180 = CARTESIAN_POINT('',(110.2,149.5,4.5));
#2181 = LINE('',#2182,#2183);
#2182 = CARTESIAN_POINT('',(110.2,149.5,4.5));
#2183 = VECTOR('',#2184,1.);
#2184 = DIRECTION('',(-4.440892098501E-16,-8.881784197001E-16,-1.));
#2185 = ORIENTED_EDGE('',*,*,#2186,.F.);
#2186 = EDGE_CURVE('',#2187,#2179,#2189,.T.);
#2187 = VERTEX_POINT('',#2188);
#2188 = CARTESIAN_POINT('',(110.2,196.,4.5));
#2189 = LINE('',#2190,#2191);
#2190 = CARTESIAN_POINT('',(110.2,196.,4.5));
#2191 = VECTOR('',#2192,1.);
#2192 = DIRECTION('',(-8.881784197001E-16,-1.,-4.440892098501E-16));
#2193 = ORIENTED_EDGE('',*,*,#2194,.F.);
#2194 = EDGE_CURVE('',#1868,#2187,#2195,.T.);
#2195 = LINE('',#2196,#2197);
#2196 = CARTESIAN_POINT('',(110.2,196.,-1.));
#2197 = VECTOR('',#2198,1.);
#2198 = DIRECTION('',(4.440892098501E-16,8.881784197001E-16,1.));
#2199 = ORIENTED_EDGE('',*,*,#1867,.T.);
#2200 = FACE_BOUND('',#2201,.T.);
#2201 = EDGE_LOOP('',(#2202,#2212,#2220,#2228));
#2202 = ORIENTED_EDGE('',*,*,#2203,.F.);
#2203 = EDGE_CURVE('',#2204,#2206,#2208,.T.);
#2204 = VERTEX_POINT('',#2205);
#2205 = CARTESIAN_POINT('',(110.2,24.,10.));
#2206 = VERTEX_POINT('',#2207);
#2207 = CARTESIAN_POINT('',(110.2,52.,10.));
#2208 = LINE('',#2209,#2210);
#2209 = CARTESIAN_POINT('',(110.2,24.,10.));
#2210 = VECTOR('',#2211,1.);
#2211 = DIRECTION('',(2.22044604925E-16,1.,1.110223024625E-16));
#2212 = ORIENTED_EDGE('',*,*,#2213,.F.);
#2213 = EDGE_CURVE('',#2214,#2204,#2216,.T.);
#2214 = VERTEX_POINT('',#2215);
#2215 = CARTESIAN_POINT('',(110.2,24.,30.));
#2216 = LINE('',#2217,#2218);
#2217 = CARTESIAN_POINT('',(110.2,24.,30.));
#2218 = VECTOR('',#2219,1.);
#2219 = DIRECTION('',(-1.110223024625E-16,-2.22044604925E-16,-1.));
#2220 = ORIENTED_EDGE('',*,*,#2221,.F.);
#2221 = EDGE_CURVE('',#2222,#2214,#2224,.T.);
#2222 = VERTEX_POINT('',#2223);
#2223 = CARTESIAN_POINT('',(110.2,52.,30.));
#2224 = LINE('',#2225,#2226);
#2225 = CARTESIAN_POINT('',(110.2,52.,30.));
#2226 = VECTOR('',#2227,1.);
#2227 = DIRECTION('',(-2.22044604925E-16,-1.,-1.110223024625E-16));
#2228 = ORIENTED_EDGE('',*,*,#2229,.F.);
#2229 = EDGE_CURVE('',#2206,#2222,#2230,.T.);
#2230 = LINE('',#2231,#2232);
#2231 = CARTESIAN_POINT('',(110.2,52.,10.));
#2232 = VECTOR('',#2233,1.);
#2233 = DIRECTION('',(1.110223024625E-16,2.22044604925E-16,1.));
#2234 = FACE_BOUND('',#2235,.T.);
#2235 = EDGE_LOOP('',(#2236,#2246,#2254,#2262));
#2236 = ORIENTED_EDGE('',*,*,#2237,.F.);
#2237 = EDGE_CURVE('',#2238,#2240,#2242,.T.);
#2238 = VERTEX_POINT('',#2239);
#2239 = CARTESIAN_POINT('',(110.2,60.,10.));
#2240 = VERTEX_POINT('',#2241);
#2241 = CARTESIAN_POINT('',(110.2,88.,10.));
#2242 = LINE('',#2243,#2244);
#2243 = CARTESIAN_POINT('',(110.2,60.,10.));
#2244 = VECTOR('',#2245,1.);
#2245 = DIRECTION('',(2.22044604925E-16,1.,1.110223024625E-16));
#2246 = ORIENTED_EDGE('',*,*,#2247,.F.);
#2247 = EDGE_CURVE('',#2248,#2238,#2250,.T.);
#2248 = VERTEX_POINT('',#2249);
#2249 = CARTESIAN_POINT('',(110.2,60.,30.));
#2250 = LINE('',#2251,#2252);
#2251 = CARTESIAN_POINT('',(110.2,60.,30.));
#2252 = VECTOR('',#2253,1.);
#2253 = DIRECTION('',(-1.110223024625E-16,-2.22044604925E-16,-1.));
#2254 = ORIENTED_EDGE('',*,*,#2255,.F.);
#2255 = EDGE_CURVE('',#2256,#2248,#2258,.T.);
#2256 = VERTEX_POINT('',#2257);
#2257 = CARTESIAN_POINT('',(110.2,88.,30.));
#2258 = LINE('',#2259,#2260);
#2259 = CARTESIAN_POINT('',(110.2,88.,30.));
#2260 = VECTOR('',#2261,1.);
#2261 = DIRECTION('',(-2.22044604925E-16,-1.,-1.110223024625E-16));
#2262 = ORIENTED_EDGE('',*,*,#2263,.F.);
#2263 = EDGE_CURVE('',#2240,#2256,#2264,.T.);
#2264 = LINE('',#2265,#2266);
#2265 = CARTESIAN_POINT('',(110.2,88.,10.));
#2266 = VECTOR('',#2267,1.);
#2267 = DIRECTION('',(1.110223024625E-16,2.22044604925E-16,1.));
#2268 = FACE_BOUND('',#2269,.T.);
#2269 = EDGE_LOOP('',(#2270,#2280,#2288,#2296));
#2270 = ORIENTED_EDGE('',*,*,#2271,.F.);
#2271 = EDGE_CURVE('',#2272,#2274,#2276,.T.);
#2272 = VERTEX_POINT('',#2273);
#2273 = CARTESIAN_POINT('',(110.2,96.,10.));
#2274 = VERTEX_POINT('',#2275);
#2275 = CARTESIAN_POINT('',(110.2,124.,10.));
#2276 = LINE('',#2277,#2278);
#2277 = CARTESIAN_POINT('',(110.2,96.,10.));
#2278 = VECTOR('',#2279,1.);
#2279 = DIRECTION('',(2.22044604925E-16,1.,1.110223024625E-16));
#2280 = ORIENTED_EDGE('',*,*,#2281,.F.);
#2281 = EDGE_CURVE('',#2282,#2272,#2284,.T.);
#2282 = VERTEX_POINT('',#2283);
#2283 = CARTESIAN_POINT('',(110.2,96.,30.));
#2284 = LINE('',#2285,#2286);
#2285 = CARTESIAN_POINT('',(110.2,96.,30.));
#2286 = VECTOR('',#2287,1.);
#2287 = DIRECTION('',(-1.110223024625E-16,-2.22044604925E-16,-1.));
#2288 = ORIENTED_EDGE('',*,*,#2289,.F.);
#2289 = EDGE_CURVE('',#2290,#2282,#2292,.T.);
#2290 = VERTEX_POINT('',#2291);
#2291 = CARTESIAN_POINT('',(110.2,124.,30.));
#2292 = LINE('',#2293,#2294);
#2293 = CARTESIAN_POINT('',(110.2,124.,30.));
#2294 = VECTOR('',#2295,1.);
#2295 = DIRECTION('',(-2.22044604925E-16,-1.,-1.110223024625E-16));
#2296 = ORIENTED_EDGE('',*,*,#2297,.F.);
#2297 = EDGE_CURVE('',#2274,#2290,#2298,.T.);
#2298 = LINE('',#2299,#2300);
#2299 = CARTESIAN_POINT('',(110.2,124.,10.));
#2300 = VECTOR('',#2301,1.);
#2301 = DIRECTION('',(1.110223024625E-16,2.22044604925E-16,1.));
#2302 = PLANE('',#2303);
#2303 = AXIS2_PLACEMENT_3D('',#2304,#2305,#2306);
#2304 = CARTESIAN_POINT('',(110.2,103.,20.15));
#2305 = DIRECTION('',(1.,2.223792416749E-16,1.026734804376E-15));
#2306 = DIRECTION('',(1.77602220265E-15,1.,6.661338147751E-16));
#2307 = ADVANCED_FACE('',(#2308),#2319,.T.);
#2308 = FACE_BOUND('',#2309,.T.);
#2309 = EDGE_LOOP('',(#2310,#2311,#2312,#2313));
#2310 = ORIENTED_EDGE('',*,*,#2044,.F.);
#2311 = ORIENTED_EDGE('',*,*,#1875,.F.);
#2312 = ORIENTED_EDGE('',*,*,#2194,.T.);
#2313 = ORIENTED_EDGE('',*,*,#2314,.F.);
#2314 = EDGE_CURVE('',#2037,#2187,#2315,.T.);
#2315 = LINE('',#2316,#2317);
#2316 = CARTESIAN_POINT('',(107.,196.,4.5));
#2317 = VECTOR('',#2318,1.);
#2318 = DIRECTION('',(1.,3.330669073875E-16,7.771561172376E-16));
#2319 = PLANE('',#2320);
#2320 = AXIS2_PLACEMENT_3D('',#2321,#2322,#2323);
#2321 = CARTESIAN_POINT('',(107.,196.,-1.));
#2322 = DIRECTION('',(-6.661338147751E-16,-1.,-2.22044604925E-16));
#2323 = DIRECTION('',(3.330669073875E-16,7.771561172376E-16,1.));
#2324 = ADVANCED_FACE('',(#2325,#2384,#2395,#2406,#2442,#2478),#2514,.T.
  );
#2325 = FACE_BOUND('',#2326,.T.);
#2326 = EDGE_LOOP('',(#2327,#2335,#2343,#2351,#2359,#2367,#2375,#2381,
    #2382,#2383));
#2327 = ORIENTED_EDGE('',*,*,#2328,.F.);
#2328 = EDGE_CURVE('',#2329,#1933,#2331,.T.);
#2329 = VERTEX_POINT('',#2330);
#2330 = CARTESIAN_POINT('',(94.,-5.768545369429E-30,-1.42108547152E-14)
  );
#2331 = LINE('',#2332,#2333);
#2332 = CARTESIAN_POINT('',(94.,2.008393451547E-13,-1.42108547152E-13));
#2333 = VECTOR('',#2334,1.);
#2334 = DIRECTION('',(1.,9.992007221626E-16,1.998401444325E-15));
#2335 = ORIENTED_EDGE('',*,*,#2336,.F.);
#2336 = EDGE_CURVE('',#2337,#2329,#2339,.T.);
#2337 = VERTEX_POINT('',#2338);
#2338 = CARTESIAN_POINT('',(94.,5.428435478905E-14,44.45));
#2339 = LINE('',#2340,#2341);
#2340 = CARTESIAN_POINT('',(94.,2.995381720439E-13,44.45));
#2341 = VECTOR('',#2342,1.);
#2342 = DIRECTION('',(-9.992007221626E-16,-2.22044604925E-15,-1.));
#2343 = ORIENTED_EDGE('',*,*,#2344,.F.);
#2344 = EDGE_CURVE('',#2345,#2337,#2347,.T.);
#2345 = VERTEX_POINT('',#2346);
#2346 = CARTESIAN_POINT('',(123.,5.428435478905E-14,44.45));
#2347 = LINE('',#2348,#2349);
#2348 = CARTESIAN_POINT('',(123.,3.285149929866E-13,44.45));
#2349 = VECTOR('',#2350,1.);
#2350 = DIRECTION('',(-1.,-9.992007221626E-16,-1.998401444325E-15));
#2351 = ORIENTED_EDGE('',*,*,#2352,.F.);
#2352 = EDGE_CURVE('',#2353,#2345,#2355,.T.);
#2353 = VERTEX_POINT('',#2354);
#2354 = CARTESIAN_POINT('',(127.,4.93993734807E-14,40.45));
#2355 = LINE('',#2356,#2357);
#2356 = CARTESIAN_POINT('',(127.,3.236300116782E-13,40.45));
#2357 = VECTOR('',#2358,1.);
#2358 = DIRECTION('',(-0.707106781187,8.635508522761E-16,0.707106781187)
  );
#2359 = ORIENTED_EDGE('',*,*,#2360,.F.);
#2360 = EDGE_CURVE('',#2361,#2353,#2363,.T.);
#2361 = VERTEX_POINT('',#2362);
#2362 = CARTESIAN_POINT('',(127.,4.884981308351E-15,4.));
#2363 = LINE('',#2364,#2365);
#2364 = CARTESIAN_POINT('',(127.,2.426947531831E-13,4.));
#2365 = VECTOR('',#2366,1.);
#2366 = DIRECTION('',(9.992007221626E-16,2.22044604925E-15,1.));
#2367 = ORIENTED_EDGE('',*,*,#2368,.F.);
#2368 = EDGE_CURVE('',#2369,#2361,#2371,.T.);
#2369 = VERTEX_POINT('',#2370);
#2370 = CARTESIAN_POINT('',(123.,7.099748146989E-30,1.42108547152E-14));
#2371 = LINE('',#2372,#2373);
#2372 = CARTESIAN_POINT('',(123.,2.298161660974E-13,-8.526512829121E-14)
  );
#2373 = VECTOR('',#2374,1.);
#2374 = DIRECTION('',(0.707106781187,2.276634065091E-15,0.707106781187)
  );
#2375 = ORIENTED_EDGE('',*,*,#2376,.F.);
#2376 = EDGE_CURVE('',#2163,#2369,#2377,.T.);
#2377 = LINE('',#2378,#2379);
#2378 = CARTESIAN_POINT('',(94.,2.008393451547E-13,-1.42108547152E-13));
#2379 = VECTOR('',#2380,1.);
#2380 = DIRECTION('',(1.,9.992007221626E-16,1.998401444325E-15));
#2381 = ORIENTED_EDGE('',*,*,#2162,.F.);
#2382 = ORIENTED_EDGE('',*,*,#1907,.F.);
#2383 = ORIENTED_EDGE('',*,*,#1932,.T.);
#2384 = FACE_BOUND('',#2385,.T.);
#2385 = EDGE_LOOP('',(#2386));
#2386 = ORIENTED_EDGE('',*,*,#2387,.T.);
#2387 = EDGE_CURVE('',#2388,#2388,#2390,.T.);
#2388 = VERTEX_POINT('',#2389);
#2389 = CARTESIAN_POINT('',(103.2,7.932543510947E-15,14.29));
#2390 = CIRCLE('',#2391,3.2);
#2391 = AXIS2_PLACEMENT_3D('',#2392,#2393,#2394);
#2392 = CARTESIAN_POINT('',(100.,8.163691944674E-14,14.29));
#2393 = DIRECTION('',(3.330669073875E-16,-1.,8.881784197001E-16));
#2394 = DIRECTION('',(1.,3.330669073875E-16,6.661338147751E-16));
#2395 = FACE_BOUND('',#2396,.T.);
#2396 = EDGE_LOOP('',(#2397));
#2397 = ORIENTED_EDGE('',*,*,#2398,.T.);
#2398 = EDGE_CURVE('',#2399,#2399,#2401,.T.);
#2399 = VERTEX_POINT('',#2400);
#2400 = CARTESIAN_POINT('',(103.2,1.674216321135E-14,30.16));
#2401 = CIRCLE('',#2402,3.2);
#2402 = AXIS2_PLACEMENT_3D('',#2403,#2404,#2405);
#2403 = CARTESIAN_POINT('',(100.,9.573231096738E-14,30.16));
#2404 = DIRECTION('',(3.330669073875E-16,-1.,8.881784197001E-16));
#2405 = DIRECTION('',(1.,3.330669073875E-16,6.661338147751E-16));
#2406 = FACE_BOUND('',#2407,.T.);
#2407 = EDGE_LOOP('',(#2408,#2419,#2427,#2436));
#2408 = ORIENTED_EDGE('',*,*,#2409,.T.);
#2409 = EDGE_CURVE('',#2410,#2412,#2414,.T.);
#2410 = VERTEX_POINT('',#2411);
#2411 = CARTESIAN_POINT('',(116.0625,7.499556531343E-15,9.65));
#2412 = VERTEX_POINT('',#2413);
#2413 = CARTESIAN_POINT('',(116.0625,2.370326157575E-15,3.05));
#2414 = CIRCLE('',#2415,3.3);
#2415 = AXIS2_PLACEMENT_3D('',#2416,#2417,#2418);
#2416 = CARTESIAN_POINT('',(116.0625,1.322844611629E-13,6.35));
#2417 = DIRECTION('',(5.551115123126E-16,-1.,1.33226762955E-15));
#2418 = DIRECTION('',(1.,5.551115123126E-16,1.110223024625E-15));
#2419 = ORIENTED_EDGE('',*,*,#2420,.T.);
#2420 = EDGE_CURVE('',#2412,#2421,#2423,.T.);
#2421 = VERTEX_POINT('',#2422);
#2422 = CARTESIAN_POINT('',(120.4625,2.370326157575E-15,3.05));
#2423 = LINE('',#2424,#2425);
#2424 = CARTESIAN_POINT('',(116.0625,1.278879779854E-13,3.05));
#2425 = VECTOR('',#2426,1.);
#2426 = DIRECTION('',(1.,5.551115123126E-16,1.110223024625E-15));
#2427 = ORIENTED_EDGE('',*,*,#2428,.T.);
#2428 = EDGE_CURVE('',#2421,#2429,#2431,.T.);
#2429 = VERTEX_POINT('',#2430);
#2430 = CARTESIAN_POINT('',(120.4625,7.499556531343E-15,9.65));
#2431 = CIRCLE('',#2432,3.3);
#2432 = AXIS2_PLACEMENT_3D('',#2433,#2434,#2435);
#2433 = CARTESIAN_POINT('',(120.4625,1.34726951817E-13,6.35));
#2434 = DIRECTION('',(5.551115123126E-16,-1.,1.33226762955E-15));
#2435 = DIRECTION('',(1.,5.551115123126E-16,1.110223024625E-15));
#2436 = ORIENTED_EDGE('',*,*,#2437,.T.);
#2437 = EDGE_CURVE('',#2429,#2410,#2438,.T.);
#2438 = LINE('',#2439,#2440);
#2439 = CARTESIAN_POINT('',(120.4625,1.391234349946E-13,9.65));
#2440 = VECTOR('',#2441,1.);
#2441 = DIRECTION('',(-1.,-5.551115123126E-16,-1.110223024625E-15));
#2442 = FACE_BOUND('',#2443,.T.);
#2443 = EDGE_LOOP('',(#2444,#2455,#2463,#2472));
#2444 = ORIENTED_EDGE('',*,*,#2445,.T.);
#2445 = EDGE_CURVE('',#2446,#2448,#2450,.T.);
#2446 = VERTEX_POINT('',#2447);
#2447 = CARTESIAN_POINT('',(116.0625,1.983690989249E-14,25.525));
#2448 = VERTEX_POINT('',#2449);
#2449 = CARTESIAN_POINT('',(116.0625,1.470767951872E-14,18.925));
#2450 = CIRCLE('',#2451,3.3);
#2451 = AXIS2_PLACEMENT_3D('',#2452,#2453,#2454);
#2452 = CARTESIAN_POINT('',(116.0625,1.53434209782E-13,22.225));
#2453 = DIRECTION('',(5.551115123126E-16,-1.,1.33226762955E-15));
#2454 = DIRECTION('',(1.,5.551115123126E-16,1.110223024625E-15));
#2455 = ORIENTED_EDGE('',*,*,#2456,.T.);
#2456 = EDGE_CURVE('',#2448,#2457,#2459,.T.);
#2457 = VERTEX_POINT('',#2458);
#2458 = CARTESIAN_POINT('',(120.4625,1.470767951872E-14,18.925));
#2459 = LINE('',#2460,#2461);
#2460 = CARTESIAN_POINT('',(116.0625,1.490377266045E-13,18.925));
#2461 = VECTOR('',#2462,1.);
#2462 = DIRECTION('',(1.,5.551115123126E-16,1.110223024625E-15));
#2463 = ORIENTED_EDGE('',*,*,#2464,.T.);
#2464 = EDGE_CURVE('',#2457,#2465,#2467,.T.);
#2465 = VERTEX_POINT('',#2466);
#2466 = CARTESIAN_POINT('',(120.4625,1.983690989249E-14,25.525));
#2467 = CIRCLE('',#2468,3.3);
#2468 = AXIS2_PLACEMENT_3D('',#2469,#2470,#2471);
#2469 = CARTESIAN_POINT('',(120.4625,1.558767004362E-13,22.225));
#2470 = DIRECTION('',(5.551115123126E-16,-1.,1.33226762955E-15));
#2471 = DIRECTION('',(1.,5.551115123126E-16,1.110223024625E-15));
#2472 = ORIENTED_EDGE('',*,*,#2473,.T.);
#2473 = EDGE_CURVE('',#2465,#2446,#2474,.T.);
#2474 = LINE('',#2475,#2476);
#2475 = CARTESIAN_POINT('',(120.4625,1.602731836137E-13,25.525));
#2476 = VECTOR('',#2477,1.);
#2477 = DIRECTION('',(-1.,-5.551115123126E-16,-1.110223024625E-15));
#2478 = FACE_BOUND('',#2479,.T.);
#2479 = EDGE_LOOP('',(#2480,#2491,#2499,#2508));
#2480 = ORIENTED_EDGE('',*,*,#2481,.T.);
#2481 = EDGE_CURVE('',#2482,#2484,#2486,.T.);
#2482 = VERTEX_POINT('',#2483);
#2483 = CARTESIAN_POINT('',(116.0625,3.217426325364E-14,41.4));
#2484 = VERTEX_POINT('',#2485);
#2485 = CARTESIAN_POINT('',(116.0625,2.704503287987E-14,34.8));
#2486 = CIRCLE('',#2487,3.3);
#2487 = AXIS2_PLACEMENT_3D('',#2488,#2489,#2490);
#2488 = CARTESIAN_POINT('',(116.0625,1.745839584011E-13,38.1));
#2489 = DIRECTION('',(5.551115123126E-16,-1.,1.33226762955E-15));
#2490 = DIRECTION('',(1.,5.551115123126E-16,1.110223024625E-15));
#2491 = ORIENTED_EDGE('',*,*,#2492,.T.);
#2492 = EDGE_CURVE('',#2484,#2493,#2495,.T.);
#2493 = VERTEX_POINT('',#2494);
#2494 = CARTESIAN_POINT('',(120.4625,2.704503287987E-14,34.8));
#2495 = LINE('',#2496,#2497);
#2496 = CARTESIAN_POINT('',(116.0625,1.701874752236E-13,34.8));
#2497 = VECTOR('',#2498,1.);
#2498 = DIRECTION('',(1.,5.551115123126E-16,1.110223024625E-15));
#2499 = ORIENTED_EDGE('',*,*,#2500,.T.);
#2500 = EDGE_CURVE('',#2493,#2501,#2503,.T.);
#2501 = VERTEX_POINT('',#2502);
#2502 = CARTESIAN_POINT('',(120.4625,3.217426325364E-14,41.4));
#2503 = CIRCLE('',#2504,3.3);
#2504 = AXIS2_PLACEMENT_3D('',#2505,#2506,#2507);
#2505 = CARTESIAN_POINT('',(120.4625,1.770264490553E-13,38.1));
#2506 = DIRECTION('',(5.551115123126E-16,-1.,1.33226762955E-15));
#2507 = DIRECTION('',(1.,5.551115123126E-16,1.110223024625E-15));
#2508 = ORIENTED_EDGE('',*,*,#2509,.T.);
#2509 = EDGE_CURVE('',#2501,#2482,#2510,.T.);
#2510 = LINE('',#2511,#2512);
#2511 = CARTESIAN_POINT('',(120.4625,1.814229322328E-13,41.4));
#2512 = VECTOR('',#2513,1.);
#2513 = DIRECTION('',(-1.,-5.551115123126E-16,-1.110223024625E-15));
#2514 = PLANE('',#2515);
#2515 = AXIS2_PLACEMENT_3D('',#2516,#2517,#2518);
#2516 = CARTESIAN_POINT('',(109.94112140227,2.661171386165E-13,22.225));
#2517 = DIRECTION('',(1.998401444325E-15,1.,9.992007221626E-16));
#2518 = DIRECTION('',(9.992007221626E-16,1.998401444325E-15,1.));
#2519 = ADVANCED_FACE('',(#2520),#2531,.T.);
#2520 = FACE_BOUND('',#2521,.T.);
#2521 = EDGE_LOOP('',(#2522,#2523,#2524,#2530));
#2522 = ORIENTED_EDGE('',*,*,#2314,.T.);
#2523 = ORIENTED_EDGE('',*,*,#2186,.T.);
#2524 = ORIENTED_EDGE('',*,*,#2525,.F.);
#2525 = EDGE_CURVE('',#2029,#2179,#2526,.T.);
#2526 = LINE('',#2527,#2528);
#2527 = CARTESIAN_POINT('',(107.,149.5,4.5));
#2528 = VECTOR('',#2529,1.);
#2529 = DIRECTION('',(1.,3.330669073875E-16,7.771561172376E-16));
#2530 = ORIENTED_EDGE('',*,*,#2036,.F.);
#2531 = PLANE('',#2532);
#2532 = AXIS2_PLACEMENT_3D('',#2533,#2534,#2535);
#2533 = CARTESIAN_POINT('',(107.,196.,4.5));
#2534 = DIRECTION('',(-2.22044604925E-16,-6.661338147751E-16,-1.));
#2535 = DIRECTION('',(-7.771561172376E-16,-1.,-3.330669073875E-16));
#2536 = ADVANCED_FACE('',(#2537),#2548,.T.);
#2537 = FACE_BOUND('',#2538,.T.);
#2538 = EDGE_LOOP('',(#2539,#2540,#2541,#2542));
#2539 = ORIENTED_EDGE('',*,*,#2028,.F.);
#2540 = ORIENTED_EDGE('',*,*,#2525,.T.);
#2541 = ORIENTED_EDGE('',*,*,#2178,.T.);
#2542 = ORIENTED_EDGE('',*,*,#2543,.F.);
#2543 = EDGE_CURVE('',#2021,#2171,#2544,.T.);
#2544 = LINE('',#2545,#2546);
#2545 = CARTESIAN_POINT('',(106.61533066132,149.5,6.476534628125E-14));
#2546 = VECTOR('',#2547,1.);
#2547 = DIRECTION('',(1.,3.330669073875E-16,9.781626030201E-16));
#2548 = PLANE('',#2549);
#2549 = AXIS2_PLACEMENT_3D('',#2550,#2551,#2552);
#2550 = CARTESIAN_POINT('',(107.,149.5,4.5));
#2551 = DIRECTION('',(6.661338147751E-16,1.,2.22044604925E-16));
#2552 = DIRECTION('',(-3.330669073875E-16,-7.771561172376E-16,-1.));
#2553 = ADVANCED_FACE('',(#2554),#2606,.T.);
#2554 = FACE_BOUND('',#2555,.T.);
#2555 = EDGE_LOOP('',(#2556,#2557,#2558,#2566,#2574,#2580,#2581,#2582,
    #2590,#2598,#2604,#2605));
#2556 = ORIENTED_EDGE('',*,*,#2170,.F.);
#2557 = ORIENTED_EDGE('',*,*,#2376,.T.);
#2558 = ORIENTED_EDGE('',*,*,#2559,.T.);
#2559 = EDGE_CURVE('',#2369,#2560,#2562,.T.);
#2560 = VERTEX_POINT('',#2561);
#2561 = CARTESIAN_POINT('',(123.,-6.5,1.42108547152E-14));
#2562 = LINE('',#2563,#2564);
#2563 = CARTESIAN_POINT('',(123.,1.092459456231E-13,1.252331571777E-13)
  );
#2564 = VECTOR('',#2565,1.);
#2565 = DIRECTION('',(-1.887379141863E-15,-1.,-6.661338147751E-16));
#2566 = ORIENTED_EDGE('',*,*,#2567,.F.);
#2567 = EDGE_CURVE('',#2568,#2560,#2570,.T.);
#2568 = VERTEX_POINT('',#2569);
#2569 = CARTESIAN_POINT('',(94.,-6.5,-1.42108547152E-14));
#2570 = LINE('',#2571,#2572);
#2571 = CARTESIAN_POINT('',(94.,-6.5,-1.42108547152E-13));
#2572 = VECTOR('',#2573,1.);
#2573 = DIRECTION('',(1.,9.992007221626E-16,1.998401444325E-15));
#2574 = ORIENTED_EDGE('',*,*,#2575,.F.);
#2575 = EDGE_CURVE('',#2329,#2568,#2576,.T.);
#2576 = LINE('',#2577,#2578);
#2577 = CARTESIAN_POINT('',(94.,8.348877145181E-14,7.04991620637E-14));
#2578 = VECTOR('',#2579,1.);
#2579 = DIRECTION('',(-1.887379141863E-15,-1.,-6.661338147751E-16));
#2580 = ORIENTED_EDGE('',*,*,#2328,.T.);
#2581 = ORIENTED_EDGE('',*,*,#1940,.T.);
#2582 = ORIENTED_EDGE('',*,*,#2583,.F.);
#2583 = EDGE_CURVE('',#2584,#1941,#2586,.T.);
#2584 = VERTEX_POINT('',#2585);
#2585 = CARTESIAN_POINT('',(99.,8.3,0.));
#2586 = LINE('',#2587,#2588);
#2587 = CARTESIAN_POINT('',(99.,8.3,7.628342402199E-14));
#2588 = VECTOR('',#2589,1.);
#2589 = DIRECTION('',(1.,7.771561172376E-16,1.665334536938E-15));
#2590 = ORIENTED_EDGE('',*,*,#2591,.T.);
#2591 = EDGE_CURVE('',#2584,#2592,#2594,.T.);
#2592 = VERTEX_POINT('',#2593);
#2593 = CARTESIAN_POINT('',(99.,144.,-1.42108547152E-14));
#2594 = LINE('',#2595,#2596);
#2595 = CARTESIAN_POINT('',(99.,8.3,6.437073096777E-14));
#2596 = VECTOR('',#2597,1.);
#2597 = DIRECTION('',(1.554312234475E-15,1.,6.661338147751E-16));
#2598 = ORIENTED_EDGE('',*,*,#2599,.T.);
#2599 = EDGE_CURVE('',#2592,#2013,#2600,.T.);
#2600 = LINE('',#2601,#2602);
#2601 = CARTESIAN_POINT('',(99.,144.,-9.947598300641E-14));
#2602 = VECTOR('',#2603,1.);
#2603 = DIRECTION('',(1.,7.771561172376E-16,1.554312234475E-15));
#2604 = ORIENTED_EDGE('',*,*,#2020,.T.);
#2605 = ORIENTED_EDGE('',*,*,#2543,.T.);
#2606 = PLANE('',#2607);
#2607 = AXIS2_PLACEMENT_3D('',#2608,#2609,#2610);
#2608 = CARTESIAN_POINT('',(106.23066132264,88.342384769539,
    1.293329771936E-13));
#2609 = DIRECTION('',(-3.541050265301E-16,-1.33226762955E-15,-1.));
#2610 = DIRECTION('',(-1.,-6.661338147751E-16,-1.644296417795E-15));
#2611 = ADVANCED_FACE('',(#2612),#2653,.T.);
#2612 = FACE_BOUND('',#2613,.T.);
#2613 = EDGE_LOOP('',(#2614,#2615,#2623,#2629,#2630,#2638,#2646,#2652));
#2614 = ORIENTED_EDGE('',*,*,#2599,.F.);
#2615 = ORIENTED_EDGE('',*,*,#2616,.F.);
#2616 = EDGE_CURVE('',#2617,#2592,#2619,.T.);
#2617 = VERTEX_POINT('',#2618);
#2618 = CARTESIAN_POINT('',(99.,144.,36.));
#2619 = LINE('',#2620,#2621);
#2620 = CARTESIAN_POINT('',(99.,144.,36.));
#2621 = VECTOR('',#2622,1.);
#2622 = DIRECTION('',(-7.771561172376E-16,-1.7763568394E-15,-1.));
#2623 = ORIENTED_EDGE('',*,*,#2624,.F.);
#2624 = EDGE_CURVE('',#1973,#2617,#2625,.T.);
#2625 = LINE('',#2626,#2627);
#2626 = CARTESIAN_POINT('',(110.2,144.,36.));
#2627 = VECTOR('',#2628,1.);
#2628 = DIRECTION('',(-1.,-7.771561172376E-16,-1.554312234475E-15));
#2629 = ORIENTED_EDGE('',*,*,#1980,.F.);
#2630 = ORIENTED_EDGE('',*,*,#2631,.F.);
#2631 = EDGE_CURVE('',#2632,#1981,#2634,.T.);
#2632 = VERTEX_POINT('',#2633);
#2633 = CARTESIAN_POINT('',(103.,144.,29.));
#2634 = LINE('',#2635,#2636);
#2635 = CARTESIAN_POINT('',(103.,144.,29.));
#2636 = VECTOR('',#2637,1.);
#2637 = DIRECTION('',(0.707106781187,-6.280369834735E-16,-0.707106781187
    ));
#2638 = ORIENTED_EDGE('',*,*,#2639,.F.);
#2639 = EDGE_CURVE('',#2640,#2632,#2642,.T.);
#2640 = VERTEX_POINT('',#2641);
#2641 = CARTESIAN_POINT('',(103.,144.,11.));
#2642 = LINE('',#2643,#2644);
#2643 = CARTESIAN_POINT('',(103.,144.,11.));
#2644 = VECTOR('',#2645,1.);
#2645 = DIRECTION('',(6.661338147751E-16,1.554312234475E-15,1.));
#2646 = ORIENTED_EDGE('',*,*,#2647,.F.);
#2647 = EDGE_CURVE('',#2005,#2640,#2648,.T.);
#2648 = LINE('',#2649,#2650);
#2649 = CARTESIAN_POINT('',(107.,144.,15.));
#2650 = VECTOR('',#2651,1.);
#2651 = DIRECTION('',(-0.707106781187,-1.570092458684E-15,
    -0.707106781187));
#2652 = ORIENTED_EDGE('',*,*,#2012,.F.);
#2653 = PLANE('',#2654);
#2654 = AXIS2_PLACEMENT_3D('',#2655,#2656,#2657);
#2655 = CARTESIAN_POINT('',(104.6,144.,18.));
#2656 = DIRECTION('',(1.554312234475E-15,1.,7.771561172376E-16));
#2657 = DIRECTION('',(7.771561172376E-16,1.554312234475E-15,1.));
#2658 = ADVANCED_FACE('',(#2659),#2677,.F.);
#2659 = FACE_BOUND('',#2660,.F.);
#2660 = EDGE_LOOP('',(#2661,#2669,#2675,#2676));
#2661 = ORIENTED_EDGE('',*,*,#2662,.F.);
#2662 = EDGE_CURVE('',#2663,#2584,#2665,.T.);
#2663 = VERTEX_POINT('',#2664);
#2664 = CARTESIAN_POINT('',(99.,8.3,3.));
#2665 = LINE('',#2666,#2667);
#2666 = CARTESIAN_POINT('',(99.,8.3,3.));
#2667 = VECTOR('',#2668,1.);
#2668 = DIRECTION('',(-8.881784197001E-16,-5.329070518201E-15,-1.));
#2669 = ORIENTED_EDGE('',*,*,#2670,.T.);
#2670 = EDGE_CURVE('',#2663,#1949,#2671,.T.);
#2671 = LINE('',#2672,#2673);
#2672 = CARTESIAN_POINT('',(99.,8.3,3.));
#2673 = VECTOR('',#2674,1.);
#2674 = DIRECTION('',(1.,7.771561172376E-16,1.665334536938E-15));
#2675 = ORIENTED_EDGE('',*,*,#1948,.F.);
#2676 = ORIENTED_EDGE('',*,*,#2583,.F.);
#2677 = PLANE('',#2678);
#2678 = AXIS2_PLACEMENT_3D('',#2679,#2680,#2681);
#2679 = CARTESIAN_POINT('',(99.,8.3,3.));
#2680 = DIRECTION('',(1.554312234475E-15,1.,-2.886579864025E-15));
#2681 = DIRECTION('',(-7.771561172376E-16,-5.218048215738E-15,-1.));
#2682 = ADVANCED_FACE('',(#2683),#2701,.F.);
#2683 = FACE_BOUND('',#2684,.F.);
#2684 = EDGE_LOOP('',(#2685,#2686,#2694,#2700));
#2685 = ORIENTED_EDGE('',*,*,#2004,.T.);
#2686 = ORIENTED_EDGE('',*,*,#2687,.T.);
#2687 = EDGE_CURVE('',#1997,#2688,#2690,.T.);
#2688 = VERTEX_POINT('',#2689);
#2689 = CARTESIAN_POINT('',(103.,202.,11.));
#2690 = LINE('',#2691,#2692);
#2691 = CARTESIAN_POINT('',(107.,202.,15.));
#2692 = VECTOR('',#2693,1.);
#2693 = DIRECTION('',(-0.707106781187,-1.570092458684E-15,
    -0.707106781187));
#2694 = ORIENTED_EDGE('',*,*,#2695,.F.);
#2695 = EDGE_CURVE('',#2640,#2688,#2696,.T.);
#2696 = LINE('',#2697,#2698);
#2697 = CARTESIAN_POINT('',(103.,144.,11.));
#2698 = VECTOR('',#2699,1.);
#2699 = DIRECTION('',(1.221245327088E-15,1.,3.330669073875E-16));
#2700 = ORIENTED_EDGE('',*,*,#2647,.F.);
#2701 = PLANE('',#2702);
#2702 = AXIS2_PLACEMENT_3D('',#2703,#2704,#2705);
#2703 = CARTESIAN_POINT('',(107.,144.,15.));
#2704 = DIRECTION('',(-0.707106781187,6.280369834735E-16,0.707106781187)
  );
#2705 = DIRECTION('',(-0.707106781187,-1.413083212815E-15,
    -0.707106781187));
#2706 = ADVANCED_FACE('',(#2707),#2725,.F.);
#2707 = FACE_BOUND('',#2708,.F.);
#2708 = EDGE_LOOP('',(#2709,#2717,#2723,#2724));
#2709 = ORIENTED_EDGE('',*,*,#2710,.F.);
#2710 = EDGE_CURVE('',#2711,#2663,#2713,.T.);
#2711 = VERTEX_POINT('',#2712);
#2712 = CARTESIAN_POINT('',(99.,137.,3.));
#2713 = LINE('',#2714,#2715);
#2714 = CARTESIAN_POINT('',(99.,137.,3.));
#2715 = VECTOR('',#2716,1.);
#2716 = DIRECTION('',(-1.7763568394E-15,-1.,-8.881784197001E-16));
#2717 = ORIENTED_EDGE('',*,*,#2718,.T.);
#2718 = EDGE_CURVE('',#2711,#1957,#2719,.T.);
#2719 = LINE('',#2720,#2721);
#2720 = CARTESIAN_POINT('',(99.,137.,3.));
#2721 = VECTOR('',#2722,1.);
#2722 = DIRECTION('',(1.,7.771561172376E-16,1.665334536938E-15));
#2723 = ORIENTED_EDGE('',*,*,#1956,.F.);
#2724 = ORIENTED_EDGE('',*,*,#2670,.F.);
#2725 = PLANE('',#2726);
#2726 = AXIS2_PLACEMENT_3D('',#2727,#2728,#2729);
#2727 = CARTESIAN_POINT('',(99.,137.,3.));
#2728 = DIRECTION('',(-6.661338147751E-16,-1.554312234475E-15,-1.));
#2729 = DIRECTION('',(-1.665334536938E-15,-1.,-7.771561172376E-16));
#2730 = ADVANCED_FACE('',(#2731),#2749,.T.);
#2731 = FACE_BOUND('',#2732,.T.);
#2732 = EDGE_LOOP('',(#2733,#2734,#2735,#2743));
#2733 = ORIENTED_EDGE('',*,*,#1996,.F.);
#2734 = ORIENTED_EDGE('',*,*,#2687,.T.);
#2735 = ORIENTED_EDGE('',*,*,#2736,.T.);
#2736 = EDGE_CURVE('',#2688,#2737,#2739,.T.);
#2737 = VERTEX_POINT('',#2738);
#2738 = CARTESIAN_POINT('',(103.,202.,29.));
#2739 = LINE('',#2740,#2741);
#2740 = CARTESIAN_POINT('',(103.,202.,11.));
#2741 = VECTOR('',#2742,1.);
#2742 = DIRECTION('',(6.661338147751E-16,1.554312234475E-15,1.));
#2743 = ORIENTED_EDGE('',*,*,#2744,.T.);
#2744 = EDGE_CURVE('',#2737,#1989,#2745,.T.);
#2745 = LINE('',#2746,#2747);
#2746 = CARTESIAN_POINT('',(103.,202.,29.));
#2747 = VECTOR('',#2748,1.);
#2748 = DIRECTION('',(0.707106781187,-6.280369834735E-16,-0.707106781187
    ));
#2749 = PLANE('',#2750);
#2750 = AXIS2_PLACEMENT_3D('',#2751,#2752,#2753);
#2751 = CARTESIAN_POINT('',(104.78295224315,202.,20.));
#2752 = DIRECTION('',(1.33226762955E-15,1.,6.661338147751E-16));
#2753 = DIRECTION('',(6.661338147751E-16,1.33226762955E-15,1.));
#2754 = ADVANCED_FACE('',(#2755),#2773,.F.);
#2755 = FACE_BOUND('',#2756,.F.);
#2756 = EDGE_LOOP('',(#2757,#2758,#2766,#2772));
#2757 = ORIENTED_EDGE('',*,*,#2718,.F.);
#2758 = ORIENTED_EDGE('',*,*,#2759,.F.);
#2759 = EDGE_CURVE('',#2760,#2711,#2762,.T.);
#2760 = VERTEX_POINT('',#2761);
#2761 = CARTESIAN_POINT('',(99.,137.,36.));
#2762 = LINE('',#2763,#2764);
#2763 = CARTESIAN_POINT('',(99.,137.,36.));
#2764 = VECTOR('',#2765,1.);
#2765 = DIRECTION('',(-7.771561172376E-16,-1.7763568394E-15,-1.));
#2766 = ORIENTED_EDGE('',*,*,#2767,.F.);
#2767 = EDGE_CURVE('',#1965,#2760,#2768,.T.);
#2768 = LINE('',#2769,#2770);
#2769 = CARTESIAN_POINT('',(110.2,137.,36.));
#2770 = VECTOR('',#2771,1.);
#2771 = DIRECTION('',(-1.,-7.771561172376E-16,-1.554312234475E-15));
#2772 = ORIENTED_EDGE('',*,*,#1964,.F.);
#2773 = PLANE('',#2774);
#2774 = AXIS2_PLACEMENT_3D('',#2775,#2776,#2777);
#2775 = CARTESIAN_POINT('',(104.6,137.,18.));
#2776 = DIRECTION('',(1.554312234475E-15,1.,7.771561172376E-16));
#2777 = DIRECTION('',(7.771561172376E-16,1.554312234475E-15,1.));
#2778 = ADVANCED_FACE('',(#2779),#2790,.F.);
#2779 = FACE_BOUND('',#2780,.F.);
#2780 = EDGE_LOOP('',(#2781,#2787,#2788,#2789));
#2781 = ORIENTED_EDGE('',*,*,#2782,.T.);
#2782 = EDGE_CURVE('',#2632,#2737,#2783,.T.);
#2783 = LINE('',#2784,#2785);
#2784 = CARTESIAN_POINT('',(103.,144.,29.));
#2785 = VECTOR('',#2786,1.);
#2786 = DIRECTION('',(1.221245327088E-15,1.,3.330669073875E-16));
#2787 = ORIENTED_EDGE('',*,*,#2744,.T.);
#2788 = ORIENTED_EDGE('',*,*,#1988,.F.);
#2789 = ORIENTED_EDGE('',*,*,#2631,.F.);
#2790 = PLANE('',#2791);
#2791 = AXIS2_PLACEMENT_3D('',#2792,#2793,#2794);
#2792 = CARTESIAN_POINT('',(103.,144.,29.));
#2793 = DIRECTION('',(-0.707106781187,-1.256073966947E-15,
    -0.707106781187));
#2794 = DIRECTION('',(0.707106781187,-6.280369834735E-16,-0.707106781187
    ));
#2795 = ADVANCED_FACE('',(#2796),#2807,.T.);
#2796 = FACE_BOUND('',#2797,.T.);
#2797 = EDGE_LOOP('',(#2798,#2799,#2800,#2801));
#2798 = ORIENTED_EDGE('',*,*,#2767,.F.);
#2799 = ORIENTED_EDGE('',*,*,#1972,.F.);
#2800 = ORIENTED_EDGE('',*,*,#2624,.T.);
#2801 = ORIENTED_EDGE('',*,*,#2802,.F.);
#2802 = EDGE_CURVE('',#2760,#2617,#2803,.T.);
#2803 = LINE('',#2804,#2805);
#2804 = CARTESIAN_POINT('',(99.,137.,36.));
#2805 = VECTOR('',#2806,1.);
#2806 = DIRECTION('',(1.443289932013E-15,1.,4.440892098501E-16));
#2807 = PLANE('',#2808);
#2808 = AXIS2_PLACEMENT_3D('',#2809,#2810,#2811);
#2809 = CARTESIAN_POINT('',(110.2,137.,36.));
#2810 = DIRECTION('',(5.551115123126E-16,1.554312234475E-15,1.));
#2811 = DIRECTION('',(-1.,-6.661338147751E-16,-1.443289932013E-15));
#2812 = ADVANCED_FACE('',(#2813),#2829,.T.);
#2813 = FACE_BOUND('',#2814,.T.);
#2814 = EDGE_LOOP('',(#2815,#2821,#2822,#2828));
#2815 = ORIENTED_EDGE('',*,*,#2816,.T.);
#2816 = EDGE_CURVE('',#2053,#2272,#2817,.T.);
#2817 = LINE('',#2818,#2819);
#2818 = CARTESIAN_POINT('',(107.,96.,10.));
#2819 = VECTOR('',#2820,1.);
#2820 = DIRECTION('',(1.,0.,1.110223024625E-16));
#2821 = ORIENTED_EDGE('',*,*,#2271,.T.);
#2822 = ORIENTED_EDGE('',*,*,#2823,.F.);
#2823 = EDGE_CURVE('',#2055,#2274,#2824,.T.);
#2824 = LINE('',#2825,#2826);
#2825 = CARTESIAN_POINT('',(107.,124.,10.));
#2826 = VECTOR('',#2827,1.);
#2827 = DIRECTION('',(1.,0.,1.110223024625E-16));
#2828 = ORIENTED_EDGE('',*,*,#2052,.F.);
#2829 = PLANE('',#2830);
#2830 = AXIS2_PLACEMENT_3D('',#2831,#2832,#2833);
#2831 = CARTESIAN_POINT('',(107.,96.,10.));
#2832 = DIRECTION('',(-1.110223024625E-16,1.232595164408E-32,1.));
#2833 = DIRECTION('',(1.110223024625E-16,1.,0.));
#2834 = ADVANCED_FACE('',(#2835),#2846,.T.);
#2835 = FACE_BOUND('',#2836,.T.);
#2836 = EDGE_LOOP('',(#2837,#2838,#2839,#2845));
#2837 = ORIENTED_EDGE('',*,*,#2823,.T.);
#2838 = ORIENTED_EDGE('',*,*,#2297,.T.);
#2839 = ORIENTED_EDGE('',*,*,#2840,.F.);
#2840 = EDGE_CURVE('',#2071,#2290,#2841,.T.);
#2841 = LINE('',#2842,#2843);
#2842 = CARTESIAN_POINT('',(107.,124.,30.));
#2843 = VECTOR('',#2844,1.);
#2844 = DIRECTION('',(1.,0.,1.110223024625E-16));
#2845 = ORIENTED_EDGE('',*,*,#2078,.F.);
#2846 = PLANE('',#2847);
#2847 = AXIS2_PLACEMENT_3D('',#2848,#2849,#2850);
#2848 = CARTESIAN_POINT('',(107.,124.,10.));
#2849 = DIRECTION('',(-1.232595164408E-32,-1.,1.110223024625E-16));
#2850 = DIRECTION('',(0.,1.110223024625E-16,1.));
#2851 = ADVANCED_FACE('',(#2852),#2863,.T.);
#2852 = FACE_BOUND('',#2853,.T.);
#2853 = EDGE_LOOP('',(#2854,#2855,#2856,#2862));
#2854 = ORIENTED_EDGE('',*,*,#2840,.T.);
#2855 = ORIENTED_EDGE('',*,*,#2289,.T.);
#2856 = ORIENTED_EDGE('',*,*,#2857,.F.);
#2857 = EDGE_CURVE('',#2063,#2282,#2858,.T.);
#2858 = LINE('',#2859,#2860);
#2859 = CARTESIAN_POINT('',(107.,96.,30.));
#2860 = VECTOR('',#2861,1.);
#2861 = DIRECTION('',(1.,0.,1.110223024625E-16));
#2862 = ORIENTED_EDGE('',*,*,#2070,.F.);
#2863 = PLANE('',#2864);
#2864 = AXIS2_PLACEMENT_3D('',#2865,#2866,#2867);
#2865 = CARTESIAN_POINT('',(107.,124.,30.));
#2866 = DIRECTION('',(1.110223024625E-16,-1.232595164408E-32,-1.));
#2867 = DIRECTION('',(-1.110223024625E-16,-1.,0.));
#2868 = ADVANCED_FACE('',(#2869),#2875,.T.);
#2869 = FACE_BOUND('',#2870,.T.);
#2870 = EDGE_LOOP('',(#2871,#2872,#2873,#2874));
#2871 = ORIENTED_EDGE('',*,*,#2857,.T.);
#2872 = ORIENTED_EDGE('',*,*,#2281,.T.);
#2873 = ORIENTED_EDGE('',*,*,#2816,.F.);
#2874 = ORIENTED_EDGE('',*,*,#2062,.F.);
#2875 = PLANE('',#2876);
#2876 = AXIS2_PLACEMENT_3D('',#2877,#2878,#2879);
#2877 = CARTESIAN_POINT('',(107.,96.,30.));
#2878 = DIRECTION('',(1.232595164408E-32,1.,-1.110223024625E-16));
#2879 = DIRECTION('',(0.,-1.110223024625E-16,-1.));
#2880 = ADVANCED_FACE('',(#2881),#2897,.T.);
#2881 = FACE_BOUND('',#2882,.T.);
#2882 = EDGE_LOOP('',(#2883,#2889,#2890,#2896));
#2883 = ORIENTED_EDGE('',*,*,#2884,.T.);
#2884 = EDGE_CURVE('',#2087,#2238,#2885,.T.);
#2885 = LINE('',#2886,#2887);
#2886 = CARTESIAN_POINT('',(107.,60.,10.));
#2887 = VECTOR('',#2888,1.);
#2888 = DIRECTION('',(1.,0.,1.110223024625E-16));
#2889 = ORIENTED_EDGE('',*,*,#2237,.T.);
#2890 = ORIENTED_EDGE('',*,*,#2891,.F.);
#2891 = EDGE_CURVE('',#2089,#2240,#2892,.T.);
#2892 = LINE('',#2893,#2894);
#2893 = CARTESIAN_POINT('',(107.,88.,10.));
#2894 = VECTOR('',#2895,1.);
#2895 = DIRECTION('',(1.,0.,1.110223024625E-16));
#2896 = ORIENTED_EDGE('',*,*,#2086,.F.);
#2897 = PLANE('',#2898);
#2898 = AXIS2_PLACEMENT_3D('',#2899,#2900,#2901);
#2899 = CARTESIAN_POINT('',(107.,60.,10.));
#2900 = DIRECTION('',(-1.110223024625E-16,1.232595164408E-32,1.));
#2901 = DIRECTION('',(1.110223024625E-16,1.,0.));
#2902 = ADVANCED_FACE('',(#2903),#2914,.T.);
#2903 = FACE_BOUND('',#2904,.T.);
#2904 = EDGE_LOOP('',(#2905,#2906,#2907,#2913));
#2905 = ORIENTED_EDGE('',*,*,#2891,.T.);
#2906 = ORIENTED_EDGE('',*,*,#2263,.T.);
#2907 = ORIENTED_EDGE('',*,*,#2908,.F.);
#2908 = EDGE_CURVE('',#2105,#2256,#2909,.T.);
#2909 = LINE('',#2910,#2911);
#2910 = CARTESIAN_POINT('',(107.,88.,30.));
#2911 = VECTOR('',#2912,1.);
#2912 = DIRECTION('',(1.,0.,1.110223024625E-16));
#2913 = ORIENTED_EDGE('',*,*,#2112,.F.);
#2914 = PLANE('',#2915);
#2915 = AXIS2_PLACEMENT_3D('',#2916,#2917,#2918);
#2916 = CARTESIAN_POINT('',(107.,88.,10.));
#2917 = DIRECTION('',(-1.232595164408E-32,-1.,1.110223024625E-16));
#2918 = DIRECTION('',(0.,1.110223024625E-16,1.));
#2919 = ADVANCED_FACE('',(#2920),#2931,.T.);
#2920 = FACE_BOUND('',#2921,.T.);
#2921 = EDGE_LOOP('',(#2922,#2923,#2924,#2930));
#2922 = ORIENTED_EDGE('',*,*,#2908,.T.);
#2923 = ORIENTED_EDGE('',*,*,#2255,.T.);
#2924 = ORIENTED_EDGE('',*,*,#2925,.F.);
#2925 = EDGE_CURVE('',#2097,#2248,#2926,.T.);
#2926 = LINE('',#2927,#2928);
#2927 = CARTESIAN_POINT('',(107.,60.,30.));
#2928 = VECTOR('',#2929,1.);
#2929 = DIRECTION('',(1.,0.,1.110223024625E-16));
#2930 = ORIENTED_EDGE('',*,*,#2104,.F.);
#2931 = PLANE('',#2932);
#2932 = AXIS2_PLACEMENT_3D('',#2933,#2934,#2935);
#2933 = CARTESIAN_POINT('',(107.,88.,30.));
#2934 = DIRECTION('',(1.110223024625E-16,-1.232595164408E-32,-1.));
#2935 = DIRECTION('',(-1.110223024625E-16,-1.,0.));
#2936 = ADVANCED_FACE('',(#2937),#2943,.T.);
#2937 = FACE_BOUND('',#2938,.T.);
#2938 = EDGE_LOOP('',(#2939,#2940,#2941,#2942));
#2939 = ORIENTED_EDGE('',*,*,#2925,.T.);
#2940 = ORIENTED_EDGE('',*,*,#2247,.T.);
#2941 = ORIENTED_EDGE('',*,*,#2884,.F.);
#2942 = ORIENTED_EDGE('',*,*,#2096,.F.);
#2943 = PLANE('',#2944);
#2944 = AXIS2_PLACEMENT_3D('',#2945,#2946,#2947);
#2945 = CARTESIAN_POINT('',(107.,60.,30.));
#2946 = DIRECTION('',(1.232595164408E-32,1.,-1.110223024625E-16));
#2947 = DIRECTION('',(0.,-1.110223024625E-16,-1.));
#2948 = ADVANCED_FACE('',(#2949),#2965,.T.);
#2949 = FACE_BOUND('',#2950,.T.);
#2950 = EDGE_LOOP('',(#2951,#2957,#2958,#2964));
#2951 = ORIENTED_EDGE('',*,*,#2952,.T.);
#2952 = EDGE_CURVE('',#2121,#2204,#2953,.T.);
#2953 = LINE('',#2954,#2955);
#2954 = CARTESIAN_POINT('',(107.,24.,10.));
#2955 = VECTOR('',#2956,1.);
#2956 = DIRECTION('',(1.,0.,1.110223024625E-16));
#2957 = ORIENTED_EDGE('',*,*,#2203,.T.);
#2958 = ORIENTED_EDGE('',*,*,#2959,.F.);
#2959 = EDGE_CURVE('',#2123,#2206,#2960,.T.);
#2960 = LINE('',#2961,#2962);
#2961 = CARTESIAN_POINT('',(107.,52.,10.));
#2962 = VECTOR('',#2963,1.);
#2963 = DIRECTION('',(1.,0.,1.110223024625E-16));
#2964 = ORIENTED_EDGE('',*,*,#2120,.F.);
#2965 = PLANE('',#2966);
#2966 = AXIS2_PLACEMENT_3D('',#2967,#2968,#2969);
#2967 = CARTESIAN_POINT('',(107.,24.,10.));
#2968 = DIRECTION('',(-1.110223024625E-16,1.232595164408E-32,1.));
#2969 = DIRECTION('',(1.110223024625E-16,1.,0.));
#2970 = ADVANCED_FACE('',(#2971),#2982,.T.);
#2971 = FACE_BOUND('',#2972,.T.);
#2972 = EDGE_LOOP('',(#2973,#2974,#2975,#2981));
#2973 = ORIENTED_EDGE('',*,*,#2959,.T.);
#2974 = ORIENTED_EDGE('',*,*,#2229,.T.);
#2975 = ORIENTED_EDGE('',*,*,#2976,.F.);
#2976 = EDGE_CURVE('',#2139,#2222,#2977,.T.);
#2977 = LINE('',#2978,#2979);
#2978 = CARTESIAN_POINT('',(107.,52.,30.));
#2979 = VECTOR('',#2980,1.);
#2980 = DIRECTION('',(1.,0.,1.110223024625E-16));
#2981 = ORIENTED_EDGE('',*,*,#2146,.F.);
#2982 = PLANE('',#2983);
#2983 = AXIS2_PLACEMENT_3D('',#2984,#2985,#2986);
#2984 = CARTESIAN_POINT('',(107.,52.,10.));
#2985 = DIRECTION('',(-1.232595164408E-32,-1.,1.110223024625E-16));
#2986 = DIRECTION('',(0.,1.110223024625E-16,1.));
#2987 = ADVANCED_FACE('',(#2988),#2999,.T.);
#2988 = FACE_BOUND('',#2989,.T.);
#2989 = EDGE_LOOP('',(#2990,#2991,#2992,#2998));
#2990 = ORIENTED_EDGE('',*,*,#2976,.T.);
#2991 = ORIENTED_EDGE('',*,*,#2221,.T.);
#2992 = ORIENTED_EDGE('',*,*,#2993,.F.);
#2993 = EDGE_CURVE('',#2131,#2214,#2994,.T.);
#2994 = LINE('',#2995,#2996);
#2995 = CARTESIAN_POINT('',(107.,24.,30.));
#2996 = VECTOR('',#2997,1.);
#2997 = DIRECTION('',(1.,0.,1.110223024625E-16));
#2998 = ORIENTED_EDGE('',*,*,#2138,.F.);
#2999 = PLANE('',#3000);
#3000 = AXIS2_PLACEMENT_3D('',#3001,#3002,#3003);
#3001 = CARTESIAN_POINT('',(107.,52.,30.));
#3002 = DIRECTION('',(1.110223024625E-16,-1.232595164408E-32,-1.));
#3003 = DIRECTION('',(-1.110223024625E-16,-1.,0.));
#3004 = ADVANCED_FACE('',(#3005),#3011,.T.);
#3005 = FACE_BOUND('',#3006,.T.);
#3006 = EDGE_LOOP('',(#3007,#3008,#3009,#3010));
#3007 = ORIENTED_EDGE('',*,*,#2993,.T.);
#3008 = ORIENTED_EDGE('',*,*,#2213,.T.);
#3009 = ORIENTED_EDGE('',*,*,#2952,.F.);
#3010 = ORIENTED_EDGE('',*,*,#2130,.F.);
#3011 = PLANE('',#3012);
#3012 = AXIS2_PLACEMENT_3D('',#3013,#3014,#3015);
#3013 = CARTESIAN_POINT('',(107.,24.,30.));
#3014 = DIRECTION('',(1.232595164408E-32,1.,-1.110223024625E-16));
#3015 = DIRECTION('',(0.,-1.110223024625E-16,-1.));
#3016 = ADVANCED_FACE('',(#3017),#3035,.F.);
#3017 = FACE_BOUND('',#3018,.F.);
#3018 = EDGE_LOOP('',(#3019,#3027,#3033,#3034));
#3019 = ORIENTED_EDGE('',*,*,#3020,.T.);
#3020 = EDGE_CURVE('',#2337,#3021,#3023,.T.);
#3021 = VERTEX_POINT('',#3022);
#3022 = CARTESIAN_POINT('',(94.,-6.5,44.45));
#3023 = LINE('',#3024,#3025);
#3024 = CARTESIAN_POINT('',(94.,1.772526569965E-13,44.45));
#3025 = VECTOR('',#3026,1.);
#3026 = DIRECTION('',(-1.887379141863E-15,-1.,-6.661338147751E-16));
#3027 = ORIENTED_EDGE('',*,*,#3028,.T.);
#3028 = EDGE_CURVE('',#3021,#2568,#3029,.T.);
#3029 = LINE('',#3030,#3031);
#3030 = CARTESIAN_POINT('',(94.,-6.5,44.45));
#3031 = VECTOR('',#3032,1.);
#3032 = DIRECTION('',(-9.992007221626E-16,-2.22044604925E-15,-1.));
#3033 = ORIENTED_EDGE('',*,*,#2575,.F.);
#3034 = ORIENTED_EDGE('',*,*,#2336,.F.);
#3035 = PLANE('',#3036);
#3036 = AXIS2_PLACEMENT_3D('',#3037,#3038,#3039);
#3037 = CARTESIAN_POINT('',(94.,1.772526569965E-13,44.45));
#3038 = DIRECTION('',(1.,7.771561172376E-16,1.7763568394E-15));
#3039 = DIRECTION('',(-8.881784197001E-16,-2.109423746788E-15,-1.));
#3040 = ADVANCED_FACE('',(#3041),#3059,.F.);
#3041 = FACE_BOUND('',#3042,.F.);
#3042 = EDGE_LOOP('',(#3043,#3051,#3057,#3058));
#3043 = ORIENTED_EDGE('',*,*,#3044,.T.);
#3044 = EDGE_CURVE('',#2345,#3045,#3047,.T.);
#3045 = VERTEX_POINT('',#3046);
#3046 = CARTESIAN_POINT('',(123.,-6.5,44.45));
#3047 = LINE('',#3048,#3049);
#3048 = CARTESIAN_POINT('',(123.,2.030098311678E-13,44.45));
#3049 = VECTOR('',#3050,1.);
#3050 = DIRECTION('',(-1.887379141863E-15,-1.,-6.661338147751E-16));
#3051 = ORIENTED_EDGE('',*,*,#3052,.T.);
#3052 = EDGE_CURVE('',#3045,#3021,#3053,.T.);
#3053 = LINE('',#3054,#3055);
#3054 = CARTESIAN_POINT('',(123.,-6.5,44.45));
#3055 = VECTOR('',#3056,1.);
#3056 = DIRECTION('',(-1.,-9.992007221626E-16,-1.998401444325E-15));
#3057 = ORIENTED_EDGE('',*,*,#3020,.F.);
#3058 = ORIENTED_EDGE('',*,*,#2344,.F.);
#3059 = PLANE('',#3060);
#3060 = AXIS2_PLACEMENT_3D('',#3061,#3062,#3063);
#3061 = CARTESIAN_POINT('',(123.,2.030098311678E-13,44.45));
#3062 = DIRECTION('',(-7.771561172376E-16,-1.998401444325E-15,-1.));
#3063 = DIRECTION('',(-1.,-8.881784197001E-16,-1.887379141863E-15));
#3064 = ADVANCED_FACE('',(#3065),#3083,.F.);
#3065 = FACE_BOUND('',#3066,.F.);
#3066 = EDGE_LOOP('',(#3067,#3075,#3081,#3082));
#3067 = ORIENTED_EDGE('',*,*,#3068,.T.);
#3068 = EDGE_CURVE('',#2353,#3069,#3071,.T.);
#3069 = VERTEX_POINT('',#3070);
#3070 = CARTESIAN_POINT('',(127.,-6.5,40.45));
#3071 = LINE('',#3072,#3073);
#3072 = CARTESIAN_POINT('',(127.,1.981248498595E-13,40.45));
#3073 = VECTOR('',#3074,1.);
#3074 = DIRECTION('',(-1.887379141863E-15,-1.,-6.661338147751E-16));
#3075 = ORIENTED_EDGE('',*,*,#3076,.T.);
#3076 = EDGE_CURVE('',#3069,#3045,#3077,.T.);
#3077 = LINE('',#3078,#3079);
#3078 = CARTESIAN_POINT('',(127.,-6.5,40.45));
#3079 = VECTOR('',#3080,1.);
#3080 = DIRECTION('',(-0.707106781187,8.635508522761E-16,0.707106781187)
  );
#3081 = ORIENTED_EDGE('',*,*,#3044,.F.);
#3082 = ORIENTED_EDGE('',*,*,#2352,.F.);
#3083 = PLANE('',#3084);
#3084 = AXIS2_PLACEMENT_3D('',#3085,#3086,#3087);
#3085 = CARTESIAN_POINT('',(127.,1.981248498595E-13,40.45));
#3086 = DIRECTION('',(-0.707106781187,-1.962615573355E-15,
    -0.707106781187));
#3087 = DIRECTION('',(-0.707106781187,8.635508522761E-16,0.707106781187)
  );
#3088 = ADVANCED_FACE('',(#3089),#3107,.F.);
#3089 = FACE_BOUND('',#3090,.F.);
#3090 = EDGE_LOOP('',(#3091,#3099,#3105,#3106));
#3091 = ORIENTED_EDGE('',*,*,#3092,.T.);
#3092 = EDGE_CURVE('',#2361,#3093,#3095,.T.);
#3093 = VERTEX_POINT('',#3094);
#3094 = CARTESIAN_POINT('',(127.,-6.5,4.));
#3095 = LINE('',#3096,#3097);
#3096 = CARTESIAN_POINT('',(127.,1.212363542891E-13,4.));
#3097 = VECTOR('',#3098,1.);
#3098 = DIRECTION('',(-1.887379141863E-15,-1.,-6.661338147751E-16));
#3099 = ORIENTED_EDGE('',*,*,#3100,.T.);
#3100 = EDGE_CURVE('',#3093,#3069,#3101,.T.);
#3101 = LINE('',#3102,#3103);
#3102 = CARTESIAN_POINT('',(127.,-6.5,4.));
#3103 = VECTOR('',#3104,1.);
#3104 = DIRECTION('',(9.992007221626E-16,2.22044604925E-15,1.));
#3105 = ORIENTED_EDGE('',*,*,#3068,.F.);
#3106 = ORIENTED_EDGE('',*,*,#2360,.F.);
#3107 = PLANE('',#3108);
#3108 = AXIS2_PLACEMENT_3D('',#3109,#3110,#3111);
#3109 = CARTESIAN_POINT('',(127.,1.212363542891E-13,4.));
#3110 = DIRECTION('',(-1.,-7.771561172376E-16,-1.7763568394E-15));
#3111 = DIRECTION('',(8.881784197001E-16,2.109423746788E-15,1.));
#3112 = ADVANCED_FACE('',(#3113),#3124,.F.);
#3113 = FACE_BOUND('',#3114,.F.);
#3114 = EDGE_LOOP('',(#3115,#3116,#3122,#3123));
#3115 = ORIENTED_EDGE('',*,*,#2559,.T.);
#3116 = ORIENTED_EDGE('',*,*,#3117,.T.);
#3117 = EDGE_CURVE('',#2560,#3093,#3118,.T.);
#3118 = LINE('',#3119,#3120);
#3119 = CARTESIAN_POINT('',(123.,-6.5,-8.526512829121E-14));
#3120 = VECTOR('',#3121,1.);
#3121 = DIRECTION('',(0.707106781187,2.276634065091E-15,0.707106781187)
  );
#3122 = ORIENTED_EDGE('',*,*,#3092,.F.);
#3123 = ORIENTED_EDGE('',*,*,#2368,.F.);
#3124 = PLANE('',#3125);
#3125 = AXIS2_PLACEMENT_3D('',#3126,#3127,#3128);
#3126 = CARTESIAN_POINT('',(123.,1.092459456231E-13,1.252331571777E-13)
  );
#3127 = DIRECTION('',(-0.707106781187,8.635508522761E-16,0.707106781187)
  );
#3128 = DIRECTION('',(0.707106781187,2.119624819223E-15,0.707106781187)
  );
#3129 = ADVANCED_FACE('',(#3130),#3149,.F.);
#3130 = FACE_BOUND('',#3131,.T.);
#3131 = EDGE_LOOP('',(#3132,#3133,#3141,#3148));
#3132 = ORIENTED_EDGE('',*,*,#2387,.F.);
#3133 = ORIENTED_EDGE('',*,*,#3134,.T.);
#3134 = EDGE_CURVE('',#2388,#3135,#3137,.T.);
#3135 = VERTEX_POINT('',#3136);
#3136 = CARTESIAN_POINT('',(103.2,-5.5,14.29));
#3137 = LINE('',#3138,#3139);
#3138 = CARTESIAN_POINT('',(103.2,3.402056414359E-14,14.29));
#3139 = VECTOR('',#3140,1.);
#3140 = DIRECTION('',(-5.551115123126E-16,-1.,-1.355854680849E-31));
#3141 = ORIENTED_EDGE('',*,*,#3142,.F.);
#3142 = EDGE_CURVE('',#3135,#3135,#3143,.T.);
#3143 = CIRCLE('',#3144,3.2);
#3144 = AXIS2_PLACEMENT_3D('',#3145,#3146,#3147);
#3145 = CARTESIAN_POINT('',(100.,-5.5,14.29));
#3146 = DIRECTION('',(1.725633230171E-31,1.,-5.551115123126E-16));
#3147 = DIRECTION('',(1.,7.395570986447E-32,4.440892098501E-16));
#3148 = ORIENTED_EDGE('',*,*,#3134,.F.);
#3149 = CYLINDRICAL_SURFACE('',#3150,3.2);
#3150 = AXIS2_PLACEMENT_3D('',#3151,#3152,#3153);
#3151 = CARTESIAN_POINT('',(100.,3.331002140783E-14,14.29));
#3152 = DIRECTION('',(4.440892098501E-16,1.,-1.110223024625E-16));
#3153 = DIRECTION('',(1.,2.22044604925E-16,5.551115123126E-16));
#3154 = ADVANCED_FACE('',(#3155),#3174,.F.);
#3155 = FACE_BOUND('',#3156,.T.);
#3156 = EDGE_LOOP('',(#3157,#3158,#3166,#3173));
#3157 = ORIENTED_EDGE('',*,*,#2398,.F.);
#3158 = ORIENTED_EDGE('',*,*,#3159,.T.);
#3159 = EDGE_CURVE('',#2399,#3160,#3162,.T.);
#3160 = VERTEX_POINT('',#3161);
#3161 = CARTESIAN_POINT('',(103.2,-5.5,30.16));
#3162 = LINE('',#3163,#3164);
#3163 = CARTESIAN_POINT('',(103.2,4.635403172415E-14,30.16));
#3164 = VECTOR('',#3165,1.);
#3165 = DIRECTION('',(-5.551115123126E-16,-1.,-1.355854680849E-31));
#3166 = ORIENTED_EDGE('',*,*,#3167,.F.);
#3167 = EDGE_CURVE('',#3160,#3160,#3168,.T.);
#3168 = CIRCLE('',#3169,3.2);
#3169 = AXIS2_PLACEMENT_3D('',#3170,#3171,#3172);
#3170 = CARTESIAN_POINT('',(100.,-5.5,30.16));
#3171 = DIRECTION('',(1.725633230171E-31,1.,-5.551115123126E-16));
#3172 = DIRECTION('',(1.,7.395570986447E-32,4.440892098501E-16));
#3173 = ORIENTED_EDGE('',*,*,#3159,.F.);
#3174 = CYLINDRICAL_SURFACE('',#3175,3.2);
#3175 = AXIS2_PLACEMENT_3D('',#3176,#3177,#3178);
#3176 = CARTESIAN_POINT('',(100.,4.564348898839E-14,30.16));
#3177 = DIRECTION('',(4.440892098501E-16,1.,-1.110223024625E-16));
#3178 = DIRECTION('',(1.,2.22044604925E-16,5.551115123126E-16));
#3179 = ADVANCED_FACE('',(#3180),#3206,.F.);
#3180 = FACE_BOUND('',#3181,.T.);
#3181 = EDGE_LOOP('',(#3182,#3190,#3199,#3205));
#3182 = ORIENTED_EDGE('',*,*,#3183,.T.);
#3183 = EDGE_CURVE('',#2410,#3184,#3186,.T.);
#3184 = VERTEX_POINT('',#3185);
#3185 = CARTESIAN_POINT('',(116.0625,-6.5,9.65));
#3186 = LINE('',#3187,#3188);
#3187 = CARTESIAN_POINT('',(116.0625,6.332712132462E-14,9.65));
#3188 = VECTOR('',#3189,1.);
#3189 = DIRECTION('',(-9.992007221626E-16,-1.,-2.22044604925E-16));
#3190 = ORIENTED_EDGE('',*,*,#3191,.T.);
#3191 = EDGE_CURVE('',#3184,#3192,#3194,.T.);
#3192 = VERTEX_POINT('',#3193);
#3193 = CARTESIAN_POINT('',(116.0625,-6.5,3.05));
#3194 = CIRCLE('',#3195,3.3);
#3195 = AXIS2_PLACEMENT_3D('',#3196,#3197,#3198);
#3196 = CARTESIAN_POINT('',(116.0625,-6.5,6.35));
#3197 = DIRECTION('',(5.551115123126E-16,-1.,1.33226762955E-15));
#3198 = DIRECTION('',(1.,5.551115123126E-16,1.110223024625E-15));
#3199 = ORIENTED_EDGE('',*,*,#3200,.F.);
#3200 = EDGE_CURVE('',#2412,#3192,#3201,.T.);
#3201 = LINE('',#3202,#3203);
#3202 = CARTESIAN_POINT('',(116.0625,5.526690216584E-14,3.05));
#3203 = VECTOR('',#3204,1.);
#3204 = DIRECTION('',(-9.992007221626E-16,-1.,-2.22044604925E-16));
#3205 = ORIENTED_EDGE('',*,*,#2409,.F.);
#3206 = CYLINDRICAL_SURFACE('',#3207,3.3);
#3207 = AXIS2_PLACEMENT_3D('',#3208,#3209,#3210);
#3208 = CARTESIAN_POINT('',(116.0625,5.929701174523E-14,6.35));
#3209 = DIRECTION('',(8.881784197001E-16,1.,1.110223024625E-16));
#3210 = DIRECTION('',(1.,4.440892098501E-16,9.992007221626E-16));
#3211 = ADVANCED_FACE('',(#3212),#3230,.T.);
#3212 = FACE_BOUND('',#3213,.T.);
#3213 = EDGE_LOOP('',(#3214,#3222,#3228,#3229));
#3214 = ORIENTED_EDGE('',*,*,#3215,.T.);
#3215 = EDGE_CURVE('',#2429,#3216,#3218,.T.);
#3216 = VERTEX_POINT('',#3217);
#3217 = CARTESIAN_POINT('',(120.4625,-6.5,9.65));
#3218 = LINE('',#3219,#3220);
#3219 = CARTESIAN_POINT('',(120.4625,6.528111384796E-14,9.65));
#3220 = VECTOR('',#3221,1.);
#3221 = DIRECTION('',(-9.992007221626E-16,-1.,-2.22044604925E-16));
#3222 = ORIENTED_EDGE('',*,*,#3223,.T.);
#3223 = EDGE_CURVE('',#3216,#3184,#3224,.T.);
#3224 = LINE('',#3225,#3226);
#3225 = CARTESIAN_POINT('',(120.4625,-6.5,9.65));
#3226 = VECTOR('',#3227,1.);
#3227 = DIRECTION('',(-1.,-5.551115123126E-16,-1.110223024625E-15));
#3228 = ORIENTED_EDGE('',*,*,#3183,.F.);
#3229 = ORIENTED_EDGE('',*,*,#2437,.F.);
#3230 = PLANE('',#3231);
#3231 = AXIS2_PLACEMENT_3D('',#3232,#3233,#3234);
#3232 = CARTESIAN_POINT('',(120.4625,6.528111384796E-14,9.65));
#3233 = DIRECTION('',(-3.330669073875E-16,-1.110223024625E-15,-1.));
#3234 = DIRECTION('',(-1.,-4.440892098501E-16,-9.992007221626E-16));
#3235 = ADVANCED_FACE('',(#3236),#3254,.T.);
#3236 = FACE_BOUND('',#3237,.T.);
#3237 = EDGE_LOOP('',(#3238,#3239,#3247,#3253));
#3238 = ORIENTED_EDGE('',*,*,#3200,.T.);
#3239 = ORIENTED_EDGE('',*,*,#3240,.T.);
#3240 = EDGE_CURVE('',#3192,#3241,#3243,.T.);
#3241 = VERTEX_POINT('',#3242);
#3242 = CARTESIAN_POINT('',(120.4625,-6.5,3.05));
#3243 = LINE('',#3244,#3245);
#3244 = CARTESIAN_POINT('',(116.0625,-6.5,3.05));
#3245 = VECTOR('',#3246,1.);
#3246 = DIRECTION('',(1.,5.551115123126E-16,1.110223024625E-15));
#3247 = ORIENTED_EDGE('',*,*,#3248,.F.);
#3248 = EDGE_CURVE('',#2421,#3241,#3249,.T.);
#3249 = LINE('',#3250,#3251);
#3250 = CARTESIAN_POINT('',(120.4625,5.722089468918E-14,3.05));
#3251 = VECTOR('',#3252,1.);
#3252 = DIRECTION('',(-9.992007221626E-16,-1.,-2.22044604925E-16));
#3253 = ORIENTED_EDGE('',*,*,#2420,.F.);
#3254 = PLANE('',#3255);
#3255 = AXIS2_PLACEMENT_3D('',#3256,#3257,#3258);
#3256 = CARTESIAN_POINT('',(116.0625,5.526690216584E-14,3.05));
#3257 = DIRECTION('',(3.330669073875E-16,1.110223024625E-15,1.));
#3258 = DIRECTION('',(1.,4.440892098501E-16,9.992007221626E-16));
#3259 = ADVANCED_FACE('',(#3260),#3272,.F.);
#3260 = FACE_BOUND('',#3261,.T.);
#3261 = EDGE_LOOP('',(#3262,#3263,#3270,#3271));
#3262 = ORIENTED_EDGE('',*,*,#3248,.T.);
#3263 = ORIENTED_EDGE('',*,*,#3264,.T.);
#3264 = EDGE_CURVE('',#3241,#3216,#3265,.T.);
#3265 = CIRCLE('',#3266,3.3);
#3266 = AXIS2_PLACEMENT_3D('',#3267,#3268,#3269);
#3267 = CARTESIAN_POINT('',(120.4625,-6.5,6.35));
#3268 = DIRECTION('',(5.551115123126E-16,-1.,1.33226762955E-15));
#3269 = DIRECTION('',(1.,5.551115123126E-16,1.110223024625E-15));
#3270 = ORIENTED_EDGE('',*,*,#3215,.F.);
#3271 = ORIENTED_EDGE('',*,*,#2428,.F.);
#3272 = CYLINDRICAL_SURFACE('',#3273,3.3);
#3273 = AXIS2_PLACEMENT_3D('',#3274,#3275,#3276);
#3274 = CARTESIAN_POINT('',(120.4625,6.125100426857E-14,6.35));
#3275 = DIRECTION('',(8.881784197001E-16,1.,1.110223024625E-16));
#3276 = DIRECTION('',(1.,4.440892098501E-16,9.992007221626E-16));
#3277 = ADVANCED_FACE('',(#3278),#3304,.F.);
#3278 = FACE_BOUND('',#3279,.T.);
#3279 = EDGE_LOOP('',(#3280,#3288,#3297,#3303));
#3280 = ORIENTED_EDGE('',*,*,#3281,.T.);
#3281 = EDGE_CURVE('',#2446,#3282,#3284,.T.);
#3282 = VERTEX_POINT('',#3283);
#3283 = CARTESIAN_POINT('',(116.0625,-6.5,25.525));
#3284 = LINE('',#3285,#3286);
#3285 = CARTESIAN_POINT('',(116.0625,8.271439089214E-14,25.525));
#3286 = VECTOR('',#3287,1.);
#3287 = DIRECTION('',(-9.992007221626E-16,-1.,-2.22044604925E-16));
#3288 = ORIENTED_EDGE('',*,*,#3289,.T.);
#3289 = EDGE_CURVE('',#3282,#3290,#3292,.T.);
#3290 = VERTEX_POINT('',#3291);
#3291 = CARTESIAN_POINT('',(116.0625,-6.5,18.925));
#3292 = CIRCLE('',#3293,3.3);
#3293 = AXIS2_PLACEMENT_3D('',#3294,#3295,#3296);
#3294 = CARTESIAN_POINT('',(116.0625,-6.5,22.225));
#3295 = DIRECTION('',(5.551115123126E-16,-1.,1.33226762955E-15));
#3296 = DIRECTION('',(1.,5.551115123126E-16,1.110223024625E-15));
#3297 = ORIENTED_EDGE('',*,*,#3298,.F.);
#3298 = EDGE_CURVE('',#2448,#3290,#3299,.T.);
#3299 = LINE('',#3300,#3301);
#3300 = CARTESIAN_POINT('',(116.0625,7.465417173336E-14,18.925));
#3301 = VECTOR('',#3302,1.);
#3302 = DIRECTION('',(-9.992007221626E-16,-1.,-2.22044604925E-16));
#3303 = ORIENTED_EDGE('',*,*,#2445,.F.);
#3304 = CYLINDRICAL_SURFACE('',#3305,3.3);
#3305 = AXIS2_PLACEMENT_3D('',#3306,#3307,#3308);
#3306 = CARTESIAN_POINT('',(116.0625,7.868428131275E-14,22.225));
#3307 = DIRECTION('',(8.881784197001E-16,1.,1.110223024625E-16));
#3308 = DIRECTION('',(1.,4.440892098501E-16,9.992007221626E-16));
#3309 = ADVANCED_FACE('',(#3310),#3328,.T.);
#3310 = FACE_BOUND('',#3311,.T.);
#3311 = EDGE_LOOP('',(#3312,#3320,#3326,#3327));
#3312 = ORIENTED_EDGE('',*,*,#3313,.T.);
#3313 = EDGE_CURVE('',#2465,#3314,#3316,.T.);
#3314 = VERTEX_POINT('',#3315);
#3315 = CARTESIAN_POINT('',(120.4625,-6.5,25.525));
#3316 = LINE('',#3317,#3318);
#3317 = CARTESIAN_POINT('',(120.4625,8.466838341548E-14,25.525));
#3318 = VECTOR('',#3319,1.);
#3319 = DIRECTION('',(-9.992007221626E-16,-1.,-2.22044604925E-16));
#3320 = ORIENTED_EDGE('',*,*,#3321,.T.);
#3321 = EDGE_CURVE('',#3314,#3282,#3322,.T.);
#3322 = LINE('',#3323,#3324);
#3323 = CARTESIAN_POINT('',(120.4625,-6.5,25.525));
#3324 = VECTOR('',#3325,1.);
#3325 = DIRECTION('',(-1.,-5.551115123126E-16,-1.110223024625E-15));
#3326 = ORIENTED_EDGE('',*,*,#3281,.F.);
#3327 = ORIENTED_EDGE('',*,*,#2473,.F.);
#3328 = PLANE('',#3329);
#3329 = AXIS2_PLACEMENT_3D('',#3330,#3331,#3332);
#3330 = CARTESIAN_POINT('',(120.4625,8.466838341548E-14,25.525));
#3331 = DIRECTION('',(-3.330669073875E-16,-1.110223024625E-15,-1.));
#3332 = DIRECTION('',(-1.,-4.440892098501E-16,-9.992007221626E-16));
#3333 = ADVANCED_FACE('',(#3334),#3352,.T.);
#3334 = FACE_BOUND('',#3335,.T.);
#3335 = EDGE_LOOP('',(#3336,#3337,#3345,#3351));
#3336 = ORIENTED_EDGE('',*,*,#3298,.T.);
#3337 = ORIENTED_EDGE('',*,*,#3338,.T.);
#3338 = EDGE_CURVE('',#3290,#3339,#3341,.T.);
#3339 = VERTEX_POINT('',#3340);
#3340 = CARTESIAN_POINT('',(120.4625,-6.5,18.925));
#3341 = LINE('',#3342,#3343);
#3342 = CARTESIAN_POINT('',(116.0625,-6.5,18.925));
#3343 = VECTOR('',#3344,1.);
#3344 = DIRECTION('',(1.,5.551115123126E-16,1.110223024625E-15));
#3345 = ORIENTED_EDGE('',*,*,#3346,.F.);
#3346 = EDGE_CURVE('',#2457,#3339,#3347,.T.);
#3347 = LINE('',#3348,#3349);
#3348 = CARTESIAN_POINT('',(120.4625,7.66081642567E-14,18.925));
#3349 = VECTOR('',#3350,1.);
#3350 = DIRECTION('',(-9.992007221626E-16,-1.,-2.22044604925E-16));
#3351 = ORIENTED_EDGE('',*,*,#2456,.F.);
#3352 = PLANE('',#3353);
#3353 = AXIS2_PLACEMENT_3D('',#3354,#3355,#3356);
#3354 = CARTESIAN_POINT('',(116.0625,7.465417173336E-14,18.925));
#3355 = DIRECTION('',(3.330669073875E-16,1.110223024625E-15,1.));
#3356 = DIRECTION('',(1.,4.440892098501E-16,9.992007221626E-16));
#3357 = ADVANCED_FACE('',(#3358),#3370,.F.);
#3358 = FACE_BOUND('',#3359,.T.);
#3359 = EDGE_LOOP('',(#3360,#3361,#3368,#3369));
#3360 = ORIENTED_EDGE('',*,*,#3346,.T.);
#3361 = ORIENTED_EDGE('',*,*,#3362,.T.);
#3362 = EDGE_CURVE('',#3339,#3314,#3363,.T.);
#3363 = CIRCLE('',#3364,3.3);
#3364 = AXIS2_PLACEMENT_3D('',#3365,#3366,#3367);
#3365 = CARTESIAN_POINT('',(120.4625,-6.5,22.225));
#3366 = DIRECTION('',(5.551115123126E-16,-1.,1.33226762955E-15));
#3367 = DIRECTION('',(1.,5.551115123126E-16,1.110223024625E-15));
#3368 = ORIENTED_EDGE('',*,*,#3313,.F.);
#3369 = ORIENTED_EDGE('',*,*,#2464,.F.);
#3370 = CYLINDRICAL_SURFACE('',#3371,3.3);
#3371 = AXIS2_PLACEMENT_3D('',#3372,#3373,#3374);
#3372 = CARTESIAN_POINT('',(120.4625,8.063827383609E-14,22.225));
#3373 = DIRECTION('',(8.881784197001E-16,1.,1.110223024625E-16));
#3374 = DIRECTION('',(1.,4.440892098501E-16,9.992007221626E-16));
#3375 = ADVANCED_FACE('',(#3376),#3402,.F.);
#3376 = FACE_BOUND('',#3377,.T.);
#3377 = EDGE_LOOP('',(#3378,#3386,#3395,#3401));
#3378 = ORIENTED_EDGE('',*,*,#3379,.T.);
#3379 = EDGE_CURVE('',#2482,#3380,#3382,.T.);
#3380 = VERTEX_POINT('',#3381);
#3381 = CARTESIAN_POINT('',(116.0625,-6.5,41.4));
#3382 = LINE('',#3383,#3384);
#3383 = CARTESIAN_POINT('',(116.0625,1.021016604597E-13,41.4));
#3384 = VECTOR('',#3385,1.);
#3385 = DIRECTION('',(-9.992007221626E-16,-1.,-2.22044604925E-16));
#3386 = ORIENTED_EDGE('',*,*,#3387,.T.);
#3387 = EDGE_CURVE('',#3380,#3388,#3390,.T.);
#3388 = VERTEX_POINT('',#3389);
#3389 = CARTESIAN_POINT('',(116.0625,-6.5,34.8));
#3390 = CIRCLE('',#3391,3.3);
#3391 = AXIS2_PLACEMENT_3D('',#3392,#3393,#3394);
#3392 = CARTESIAN_POINT('',(116.0625,-6.5,38.1));
#3393 = DIRECTION('',(5.551115123126E-16,-1.,1.33226762955E-15));
#3394 = DIRECTION('',(1.,5.551115123126E-16,1.110223024625E-15));
#3395 = ORIENTED_EDGE('',*,*,#3396,.F.);
#3396 = EDGE_CURVE('',#2484,#3388,#3397,.T.);
#3397 = LINE('',#3398,#3399);
#3398 = CARTESIAN_POINT('',(116.0625,9.404144130087E-14,34.8));
#3399 = VECTOR('',#3400,1.);
#3400 = DIRECTION('',(-9.992007221626E-16,-1.,-2.22044604925E-16));
#3401 = ORIENTED_EDGE('',*,*,#2481,.F.);
#3402 = CYLINDRICAL_SURFACE('',#3403,3.3);
#3403 = AXIS2_PLACEMENT_3D('',#3404,#3405,#3406);
#3404 = CARTESIAN_POINT('',(116.0625,9.807155088026E-14,38.1));
#3405 = DIRECTION('',(8.881784197001E-16,1.,1.110223024625E-16));
#3406 = DIRECTION('',(1.,4.440892098501E-16,9.992007221626E-16));
#3407 = ADVANCED_FACE('',(#3408),#3426,.T.);
#3408 = FACE_BOUND('',#3409,.T.);
#3409 = EDGE_LOOP('',(#3410,#3418,#3424,#3425));
#3410 = ORIENTED_EDGE('',*,*,#3411,.T.);
#3411 = EDGE_CURVE('',#2501,#3412,#3414,.T.);
#3412 = VERTEX_POINT('',#3413);
#3413 = CARTESIAN_POINT('',(120.4625,-6.5,41.4));
#3414 = LINE('',#3415,#3416);
#3415 = CARTESIAN_POINT('',(120.4625,1.04055652983E-13,41.4));
#3416 = VECTOR('',#3417,1.);
#3417 = DIRECTION('',(-9.992007221626E-16,-1.,-2.22044604925E-16));
#3418 = ORIENTED_EDGE('',*,*,#3419,.T.);
#3419 = EDGE_CURVE('',#3412,#3380,#3420,.T.);
#3420 = LINE('',#3421,#3422);
#3421 = CARTESIAN_POINT('',(120.4625,-6.5,41.4));
#3422 = VECTOR('',#3423,1.);
#3423 = DIRECTION('',(-1.,-5.551115123126E-16,-1.110223024625E-15));
#3424 = ORIENTED_EDGE('',*,*,#3379,.F.);
#3425 = ORIENTED_EDGE('',*,*,#2509,.F.);
#3426 = PLANE('',#3427);
#3427 = AXIS2_PLACEMENT_3D('',#3428,#3429,#3430);
#3428 = CARTESIAN_POINT('',(120.4625,1.04055652983E-13,41.4));
#3429 = DIRECTION('',(-3.330669073875E-16,-1.110223024625E-15,-1.));
#3430 = DIRECTION('',(-1.,-4.440892098501E-16,-9.992007221626E-16));
#3431 = ADVANCED_FACE('',(#3432),#3450,.T.);
#3432 = FACE_BOUND('',#3433,.T.);
#3433 = EDGE_LOOP('',(#3434,#3435,#3443,#3449));
#3434 = ORIENTED_EDGE('',*,*,#3396,.T.);
#3435 = ORIENTED_EDGE('',*,*,#3436,.T.);
#3436 = EDGE_CURVE('',#3388,#3437,#3439,.T.);
#3437 = VERTEX_POINT('',#3438);
#3438 = CARTESIAN_POINT('',(120.4625,-6.5,34.8));
#3439 = LINE('',#3440,#3441);
#3440 = CARTESIAN_POINT('',(116.0625,-6.5,34.8));
#3441 = VECTOR('',#3442,1.);
#3442 = DIRECTION('',(1.,5.551115123126E-16,1.110223024625E-15));
#3443 = ORIENTED_EDGE('',*,*,#3444,.F.);
#3444 = EDGE_CURVE('',#2493,#3437,#3445,.T.);
#3445 = LINE('',#3446,#3447);
#3446 = CARTESIAN_POINT('',(120.4625,9.599543382421E-14,34.8));
#3447 = VECTOR('',#3448,1.);
#3448 = DIRECTION('',(-9.992007221626E-16,-1.,-2.22044604925E-16));
#3449 = ORIENTED_EDGE('',*,*,#2492,.F.);
#3450 = PLANE('',#3451);
#3451 = AXIS2_PLACEMENT_3D('',#3452,#3453,#3454);
#3452 = CARTESIAN_POINT('',(116.0625,9.404144130087E-14,34.8));
#3453 = DIRECTION('',(3.330669073875E-16,1.110223024625E-15,1.));
#3454 = DIRECTION('',(1.,4.440892098501E-16,9.992007221626E-16));
#3455 = ADVANCED_FACE('',(#3456),#3468,.F.);
#3456 = FACE_BOUND('',#3457,.T.);
#3457 = EDGE_LOOP('',(#3458,#3459,#3466,#3467));
#3458 = ORIENTED_EDGE('',*,*,#3444,.T.);
#3459 = ORIENTED_EDGE('',*,*,#3460,.T.);
#3460 = EDGE_CURVE('',#3437,#3412,#3461,.T.);
#3461 = CIRCLE('',#3462,3.3);
#3462 = AXIS2_PLACEMENT_3D('',#3463,#3464,#3465);
#3463 = CARTESIAN_POINT('',(120.4625,-6.5,38.1));
#3464 = DIRECTION('',(5.551115123126E-16,-1.,1.33226762955E-15));
#3465 = DIRECTION('',(1.,5.551115123126E-16,1.110223024625E-15));
#3466 = ORIENTED_EDGE('',*,*,#3411,.F.);
#3467 = ORIENTED_EDGE('',*,*,#2500,.F.);
#3468 = CYLINDRICAL_SURFACE('',#3469,3.3);
#3469 = AXIS2_PLACEMENT_3D('',#3470,#3471,#3472);
#3470 = CARTESIAN_POINT('',(120.4625,1.000255434036E-13,38.1));
#3471 = DIRECTION('',(8.881784197001E-16,1.,1.110223024625E-16));
#3472 = DIRECTION('',(1.,4.440892098501E-16,9.992007221626E-16));
#3473 = ADVANCED_FACE('',(#3474),#3482,.T.);
#3474 = FACE_BOUND('',#3475,.T.);
#3475 = EDGE_LOOP('',(#3476,#3477,#3478,#3479,#3480,#3481));
#3476 = ORIENTED_EDGE('',*,*,#2802,.T.);
#3477 = ORIENTED_EDGE('',*,*,#2616,.T.);
#3478 = ORIENTED_EDGE('',*,*,#2591,.F.);
#3479 = ORIENTED_EDGE('',*,*,#2662,.F.);
#3480 = ORIENTED_EDGE('',*,*,#2710,.F.);
#3481 = ORIENTED_EDGE('',*,*,#2759,.F.);
#3482 = PLANE('',#3483);
#3483 = AXIS2_PLACEMENT_3D('',#3484,#3485,#3486);
#3484 = CARTESIAN_POINT('',(99.,88.517792661619,5.632207338381));
#3485 = DIRECTION('',(-1.,-6.661338147751E-16,-1.681592364888E-15));
#3486 = DIRECTION('',(-3.168090794375E-16,-1.33226762955E-15,-1.));
#3487 = ADVANCED_FACE('',(#3488,#3496,#3507,#3518,#3524,#3530),#3536,.F.
  );
#3488 = FACE_BOUND('',#3489,.F.);
#3489 = EDGE_LOOP('',(#3490,#3491,#3492,#3493,#3494,#3495));
#3490 = ORIENTED_EDGE('',*,*,#2567,.F.);
#3491 = ORIENTED_EDGE('',*,*,#3028,.F.);
#3492 = ORIENTED_EDGE('',*,*,#3052,.F.);
#3493 = ORIENTED_EDGE('',*,*,#3076,.F.);
#3494 = ORIENTED_EDGE('',*,*,#3100,.F.);
#3495 = ORIENTED_EDGE('',*,*,#3117,.F.);
#3496 = FACE_BOUND('',#3497,.F.);
#3497 = EDGE_LOOP('',(#3498));
#3498 = ORIENTED_EDGE('',*,*,#3499,.T.);
#3499 = EDGE_CURVE('',#3500,#3500,#3502,.T.);
#3500 = VERTEX_POINT('',#3501);
#3501 = CARTESIAN_POINT('',(105.5,-6.5,14.29));
#3502 = CIRCLE('',#3503,5.5);
#3503 = AXIS2_PLACEMENT_3D('',#3504,#3505,#3506);
#3504 = CARTESIAN_POINT('',(100.,-6.5,14.29));
#3505 = DIRECTION('',(2.22044604925E-16,-1.,6.661338147751E-16));
#3506 = DIRECTION('',(1.,2.22044604925E-16,4.440892098501E-16));
#3507 = FACE_BOUND('',#3508,.F.);
#3508 = EDGE_LOOP('',(#3509));
#3509 = ORIENTED_EDGE('',*,*,#3510,.T.);
#3510 = EDGE_CURVE('',#3511,#3511,#3513,.T.);
#3511 = VERTEX_POINT('',#3512);
#3512 = CARTESIAN_POINT('',(105.5,-6.5,30.16));
#3513 = CIRCLE('',#3514,5.5);
#3514 = AXIS2_PLACEMENT_3D('',#3515,#3516,#3517);
#3515 = CARTESIAN_POINT('',(100.,-6.5,30.16));
#3516 = DIRECTION('',(2.22044604925E-16,-1.,6.661338147751E-16));
#3517 = DIRECTION('',(1.,2.22044604925E-16,4.440892098501E-16));
#3518 = FACE_BOUND('',#3519,.F.);
#3519 = EDGE_LOOP('',(#3520,#3521,#3522,#3523));
#3520 = ORIENTED_EDGE('',*,*,#3191,.T.);
#3521 = ORIENTED_EDGE('',*,*,#3240,.T.);
#3522 = ORIENTED_EDGE('',*,*,#3264,.T.);
#3523 = ORIENTED_EDGE('',*,*,#3223,.T.);
#3524 = FACE_BOUND('',#3525,.F.);
#3525 = EDGE_LOOP('',(#3526,#3527,#3528,#3529));
#3526 = ORIENTED_EDGE('',*,*,#3289,.T.);
#3527 = ORIENTED_EDGE('',*,*,#3338,.T.);
#3528 = ORIENTED_EDGE('',*,*,#3362,.T.);
#3529 = ORIENTED_EDGE('',*,*,#3321,.T.);
#3530 = FACE_BOUND('',#3531,.F.);
#3531 = EDGE_LOOP('',(#3532,#3533,#3534,#3535));
#3532 = ORIENTED_EDGE('',*,*,#3387,.T.);
#3533 = ORIENTED_EDGE('',*,*,#3436,.T.);
#3534 = ORIENTED_EDGE('',*,*,#3460,.T.);
#3535 = ORIENTED_EDGE('',*,*,#3419,.T.);
#3536 = PLANE('',#3537);
#3537 = AXIS2_PLACEMENT_3D('',#3538,#3539,#3540);
#3538 = CARTESIAN_POINT('',(109.94112140227,-6.5,22.225));
#3539 = DIRECTION('',(1.998401444325E-15,1.,9.992007221626E-16));
#3540 = DIRECTION('',(9.992007221626E-16,1.998401444325E-15,1.));
#3541 = ADVANCED_FACE('',(#3542),#3548,.F.);
#3542 = FACE_BOUND('',#3543,.F.);
#3543 = EDGE_LOOP('',(#3544,#3545,#3546,#3547));
#3544 = ORIENTED_EDGE('',*,*,#2695,.T.);
#3545 = ORIENTED_EDGE('',*,*,#2736,.T.);
#3546 = ORIENTED_EDGE('',*,*,#2782,.F.);
#3547 = ORIENTED_EDGE('',*,*,#2639,.F.);
#3548 = PLANE('',#3549);
#3549 = AXIS2_PLACEMENT_3D('',#3550,#3551,#3552);
#3550 = CARTESIAN_POINT('',(103.,144.,11.));
#3551 = DIRECTION('',(1.,4.440892098501E-16,1.110223024625E-15));
#3552 = DIRECTION('',(5.551115123126E-16,1.443289932013E-15,1.));
#3553 = ADVANCED_FACE('',(#3554,#3565),#3568,.F.);
#3554 = FACE_BOUND('',#3555,.F.);
#3555 = EDGE_LOOP('',(#3556));
#3556 = ORIENTED_EDGE('',*,*,#3557,.F.);
#3557 = EDGE_CURVE('',#3558,#3558,#3560,.T.);
#3558 = VERTEX_POINT('',#3559);
#3559 = CARTESIAN_POINT('',(105.5,-5.5,14.29));
#3560 = CIRCLE('',#3561,5.5);
#3561 = AXIS2_PLACEMENT_3D('',#3562,#3563,#3564);
#3562 = CARTESIAN_POINT('',(100.,-5.5,14.29));
#3563 = DIRECTION('',(2.22044604925E-16,-1.,6.661338147751E-16));
#3564 = DIRECTION('',(1.,2.22044604925E-16,4.440892098501E-16));
#3565 = FACE_BOUND('',#3566,.F.);
#3566 = EDGE_LOOP('',(#3567));
#3567 = ORIENTED_EDGE('',*,*,#3142,.F.);
#3568 = PLANE('',#3569);
#3569 = AXIS2_PLACEMENT_3D('',#3570,#3571,#3572);
#3570 = CARTESIAN_POINT('',(100.,-5.5,22.225));
#3571 = DIRECTION('',(4.440892098501E-16,1.,-1.263450004348E-17));
#3572 = DIRECTION('',(2.22044604925E-16,6.787683148186E-16,1.));
#3573 = ADVANCED_FACE('',(#3574,#3585),#3588,.F.);
#3574 = FACE_BOUND('',#3575,.F.);
#3575 = EDGE_LOOP('',(#3576));
#3576 = ORIENTED_EDGE('',*,*,#3577,.F.);
#3577 = EDGE_CURVE('',#3578,#3578,#3580,.T.);
#3578 = VERTEX_POINT('',#3579);
#3579 = CARTESIAN_POINT('',(105.5,-5.5,30.16));
#3580 = CIRCLE('',#3581,5.5);
#3581 = AXIS2_PLACEMENT_3D('',#3582,#3583,#3584);
#3582 = CARTESIAN_POINT('',(100.,-5.5,30.16));
#3583 = DIRECTION('',(2.22044604925E-16,-1.,6.661338147751E-16));
#3584 = DIRECTION('',(1.,2.22044604925E-16,4.440892098501E-16));
#3585 = FACE_BOUND('',#3586,.F.);
#3586 = EDGE_LOOP('',(#3587));
#3587 = ORIENTED_EDGE('',*,*,#3167,.F.);
#3588 = PLANE('',#3589);
#3589 = AXIS2_PLACEMENT_3D('',#3590,#3591,#3592);
#3590 = CARTESIAN_POINT('',(100.,-5.5,22.225));
#3591 = DIRECTION('',(4.440892098501E-16,1.,-1.263450004348E-17));
#3592 = DIRECTION('',(2.22044604925E-16,6.787683148186E-16,1.));
#3593 = ADVANCED_FACE('',(#3594),#3605,.F.);
#3594 = FACE_BOUND('',#3595,.F.);
#3595 = EDGE_LOOP('',(#3596,#3602,#3603,#3604));
#3596 = ORIENTED_EDGE('',*,*,#3597,.T.);
#3597 = EDGE_CURVE('',#3500,#3558,#3598,.T.);
#3598 = LINE('',#3599,#3600);
#3599 = CARTESIAN_POINT('',(105.5,-6.5,14.29));
#3600 = VECTOR('',#3601,1.);
#3601 = DIRECTION('',(3.330669073875E-16,1.,-1.110223024625E-16));
#3602 = ORIENTED_EDGE('',*,*,#3557,.T.);
#3603 = ORIENTED_EDGE('',*,*,#3597,.F.);
#3604 = ORIENTED_EDGE('',*,*,#3499,.F.);
#3605 = CYLINDRICAL_SURFACE('',#3606,5.5);
#3606 = AXIS2_PLACEMENT_3D('',#3607,#3608,#3609);
#3607 = CARTESIAN_POINT('',(100.,-6.5,14.29));
#3608 = DIRECTION('',(-2.22044604925E-16,-1.,2.22044604925E-16));
#3609 = DIRECTION('',(1.,1.110223024625E-16,3.330669073875E-16));
#3610 = ADVANCED_FACE('',(#3611),#3622,.F.);
#3611 = FACE_BOUND('',#3612,.F.);
#3612 = EDGE_LOOP('',(#3613,#3619,#3620,#3621));
#3613 = ORIENTED_EDGE('',*,*,#3614,.T.);
#3614 = EDGE_CURVE('',#3511,#3578,#3615,.T.);
#3615 = LINE('',#3616,#3617);
#3616 = CARTESIAN_POINT('',(105.5,-6.5,30.16));
#3617 = VECTOR('',#3618,1.);
#3618 = DIRECTION('',(3.330669073875E-16,1.,-1.110223024625E-16));
#3619 = ORIENTED_EDGE('',*,*,#3577,.T.);
#3620 = ORIENTED_EDGE('',*,*,#3614,.F.);
#3621 = ORIENTED_EDGE('',*,*,#3510,.F.);
#3622 = CYLINDRICAL_SURFACE('',#3623,5.5);
#3623 = AXIS2_PLACEMENT_3D('',#3624,#3625,#3626);
#3624 = CARTESIAN_POINT('',(100.,-6.5,30.16));
#3625 = DIRECTION('',(-2.22044604925E-16,-1.,2.22044604925E-16));
#3626 = DIRECTION('',(1.,1.110223024625E-16,3.330669073875E-16));
#3627 = MANIFOLD_SOLID_BREP('',#3628);
#3628 = CLOSED_SHELL('',(#3629,#3685,#3780,#3907,#3931,#4019,#4107,#4124
    ,#4141,#4158,#4175,#4192,#4218,#4242,#4266,#4283,#4295,#4312,#4329,
    #4346,#4387,#4474,#4498,#4522,#4539,#4728,#4752,#4769,#4786,#4803,
    #4820,#4832,#4844,#4856,#4880,#5028,#5045,#5062,#5079,#5091,#5113,
    #5130,#5147,#5159,#5181,#5198,#5215,#5227,#5249,#5266,#5283));
#3629 = ADVANCED_FACE('',(#3630),#3680,.F.);
#3630 = FACE_BOUND('',#3631,.F.);
#3631 = EDGE_LOOP('',(#3632,#3642,#3650,#3658,#3666,#3674));
#3632 = ORIENTED_EDGE('',*,*,#3633,.F.);
#3633 = EDGE_CURVE('',#3634,#3636,#3638,.T.);
#3634 = VERTEX_POINT('',#3635);
#3635 = CARTESIAN_POINT('',(-105.75,154.,0.));
#3636 = VERTEX_POINT('',#3637);
#3637 = CARTESIAN_POINT('',(-106.75,154.,0.));
#3638 = LINE('',#3639,#3640);
#3639 = CARTESIAN_POINT('',(-106.0173083984,154.,2.482202399354E-14));
#3640 = VECTOR('',#3641,1.);
#3641 = DIRECTION('',(-1.,-4.440892098501E-16,-1.221245327088E-15));
#3642 = ORIENTED_EDGE('',*,*,#3643,.T.);
#3643 = EDGE_CURVE('',#3634,#3644,#3646,.T.);
#3644 = VERTEX_POINT('',#3645);
#3645 = CARTESIAN_POINT('',(-105.75,150.,0.));
#3646 = LINE('',#3647,#3648);
#3647 = CARTESIAN_POINT('',(-105.75,150.,2.517430708338E-14));
#3648 = VECTOR('',#3649,1.);
#3649 = DIRECTION('',(-1.221245327088E-15,-1.,-3.330669073875E-16));
#3650 = ORIENTED_EDGE('',*,*,#3651,.T.);
#3651 = EDGE_CURVE('',#3644,#3652,#3654,.T.);
#3652 = VERTEX_POINT('',#3653);
#3653 = CARTESIAN_POINT('',(-103.55,150.,0.));
#3654 = LINE('',#3655,#3656);
#3655 = CARTESIAN_POINT('',(-106.75,150.,3.361200207053E-14));
#3656 = VECTOR('',#3657,1.);
#3657 = DIRECTION('',(1.,7.771561172376E-16,1.665334536938E-15));
#3658 = ORIENTED_EDGE('',*,*,#3659,.T.);
#3659 = EDGE_CURVE('',#3652,#3660,#3662,.T.);
#3660 = VERTEX_POINT('',#3661);
#3661 = CARTESIAN_POINT('',(-103.55,155.,0.));
#3662 = LINE('',#3663,#3664);
#3663 = CARTESIAN_POINT('',(-103.55,150.,6.084022174946E-14));
#3664 = VECTOR('',#3665,1.);
#3665 = DIRECTION('',(1.7763568394E-15,1.,8.881784197001E-16));
#3666 = ORIENTED_EDGE('',*,*,#3667,.T.);
#3667 = EDGE_CURVE('',#3660,#3668,#3670,.T.);
#3668 = VERTEX_POINT('',#3669);
#3669 = CARTESIAN_POINT('',(-106.75,155.,0.));
#3670 = LINE('',#3671,#3672);
#3671 = CARTESIAN_POINT('',(-106.75,155.,1.407207683712E-14));
#3672 = VECTOR('',#3673,1.);
#3673 = DIRECTION('',(-1.,-3.330669073875E-16,-7.771561172376E-16));
#3674 = ORIENTED_EDGE('',*,*,#3675,.F.);
#3675 = EDGE_CURVE('',#3636,#3668,#3676,.T.);
#3676 = LINE('',#3677,#3678);
#3677 = CARTESIAN_POINT('',(-106.75,150.,3.841371665203E-14));
#3678 = VECTOR('',#3679,1.);
#3679 = DIRECTION('',(1.7763568394E-15,1.,8.881784197001E-16));
#3680 = PLANE('',#3681);
#3681 = AXIS2_PLACEMENT_3D('',#3682,#3683,#3684);
#3682 = CARTESIAN_POINT('',(-106.75,150.,3.361200207053E-14));
#3683 = DIRECTION('',(6.661338147751E-16,1.554312234475E-15,1.));
#3684 = DIRECTION('',(1.665334536938E-15,1.,7.771561172376E-16));
#3685 = ADVANCED_FACE('',(#3686),#3775,.F.);
#3686 = FACE_BOUND('',#3687,.F.);
#3687 = EDGE_LOOP('',(#3688,#3698,#3704,#3705,#3713,#3721,#3729,#3737,
    #3745,#3753,#3761,#3769));
#3688 = ORIENTED_EDGE('',*,*,#3689,.T.);
#3689 = EDGE_CURVE('',#3690,#3692,#3694,.T.);
#3690 = VERTEX_POINT('',#3691);
#3691 = CARTESIAN_POINT('',(-101.75,154.,8.396446609407));
#3692 = VERTEX_POINT('',#3693);
#3693 = CARTESIAN_POINT('',(-105.75,154.,12.396446609407));
#3694 = LINE('',#3695,#3696);
#3695 = CARTESIAN_POINT('',(-101.75,153.99999999999,8.396446609407));
#3696 = VECTOR('',#3697,1.);
#3697 = DIRECTION('',(-0.707106781187,6.280369834735E-16,0.707106781187)
  );
#3698 = ORIENTED_EDGE('',*,*,#3699,.T.);
#3699 = EDGE_CURVE('',#3692,#3634,#3700,.T.);
#3700 = LINE('',#3701,#3702);
#3701 = CARTESIAN_POINT('',(-105.75,153.99999999999,12.396446609407));
#3702 = VECTOR('',#3703,1.);
#3703 = DIRECTION('',(-6.661338147751E-16,-1.554312234475E-15,-1.));
#3704 = ORIENTED_EDGE('',*,*,#3633,.T.);
#3705 = ORIENTED_EDGE('',*,*,#3706,.F.);
#3706 = EDGE_CURVE('',#3707,#3636,#3709,.T.);
#3707 = VERTEX_POINT('',#3708);
#3708 = CARTESIAN_POINT('',(-106.75,154.,14.396446609407));
#3709 = LINE('',#3710,#3711);
#3710 = CARTESIAN_POINT('',(-106.75,154.,20.136451427438));
#3711 = VECTOR('',#3712,1.);
#3712 = DIRECTION('',(-4.440892098501E-16,-1.110223024625E-15,-1.));
#3713 = ORIENTED_EDGE('',*,*,#3714,.F.);
#3714 = EDGE_CURVE('',#3715,#3707,#3717,.T.);
#3715 = VERTEX_POINT('',#3716);
#3716 = CARTESIAN_POINT('',(-102.75,154.,10.396446609407));
#3717 = LINE('',#3718,#3719);
#3718 = CARTESIAN_POINT('',(-108.0652682605,154.,15.711714869985));
#3719 = VECTOR('',#3720,1.);
#3720 = DIRECTION('',(-0.707106781187,4.710277376051E-16,0.707106781187)
  );
#3721 = ORIENTED_EDGE('',*,*,#3722,.F.);
#3722 = EDGE_CURVE('',#3723,#3715,#3725,.T.);
#3723 = VERTEX_POINT('',#3724);
#3724 = CARTESIAN_POINT('',(-102.75,154.,29.603553390593));
#3725 = LINE('',#3726,#3727);
#3726 = CARTESIAN_POINT('',(-102.75,154.,15.259674732142));
#3727 = VECTOR('',#3728,1.);
#3728 = DIRECTION('',(-4.440892098501E-16,-8.881784197001E-16,-1.));
#3729 = ORIENTED_EDGE('',*,*,#3730,.F.);
#3730 = EDGE_CURVE('',#3731,#3723,#3733,.T.);
#3731 = VERTEX_POINT('',#3732);
#3732 = CARTESIAN_POINT('',(-106.75,154.,25.603553390593));
#3733 = LINE('',#3734,#3735);
#3734 = CARTESIAN_POINT('',(-105.7538168331,154.,26.599736557454));
#3735 = VECTOR('',#3736,1.);
#3736 = DIRECTION('',(0.707106781187,7.850462293419E-16,0.707106781187)
  );
#3737 = ORIENTED_EDGE('',*,*,#3738,.F.);
#3738 = EDGE_CURVE('',#3739,#3731,#3741,.T.);
#3739 = VERTEX_POINT('',#3740);
#3740 = CARTESIAN_POINT('',(-106.75,154.,40.3));
#3741 = LINE('',#3742,#3743);
#3742 = CARTESIAN_POINT('',(-106.75,154.,20.136451427438));
#3743 = VECTOR('',#3744,1.);
#3744 = DIRECTION('',(-4.440892098501E-16,-1.110223024625E-15,-1.));
#3745 = ORIENTED_EDGE('',*,*,#3746,.T.);
#3746 = EDGE_CURVE('',#3739,#3747,#3749,.T.);
#3747 = VERTEX_POINT('',#3748);
#3748 = CARTESIAN_POINT('',(-105.75,154.,40.3));
#3749 = LINE('',#3750,#3751);
#3750 = CARTESIAN_POINT('',(-106.0173083984,154.,40.3));
#3751 = VECTOR('',#3752,1.);
#3752 = DIRECTION('',(1.,4.440892098501E-16,1.221245327088E-15));
#3753 = ORIENTED_EDGE('',*,*,#3754,.T.);
#3754 = EDGE_CURVE('',#3747,#3755,#3757,.T.);
#3755 = VERTEX_POINT('',#3756);
#3756 = CARTESIAN_POINT('',(-105.75,154.,27.603553390593));
#3757 = LINE('',#3758,#3759);
#3758 = CARTESIAN_POINT('',(-105.75,153.99999999999,41.3));
#3759 = VECTOR('',#3760,1.);
#3760 = DIRECTION('',(-6.661338147751E-16,-1.554312234475E-15,-1.));
#3761 = ORIENTED_EDGE('',*,*,#3762,.T.);
#3762 = EDGE_CURVE('',#3755,#3763,#3765,.T.);
#3763 = VERTEX_POINT('',#3764);
#3764 = CARTESIAN_POINT('',(-101.75,154.,31.603553390593));
#3765 = LINE('',#3766,#3767);
#3766 = CARTESIAN_POINT('',(-105.75,153.99999999999,27.603553390593));
#3767 = VECTOR('',#3768,1.);
#3768 = DIRECTION('',(0.707106781187,1.570092458684E-15,0.707106781187)
  );
#3769 = ORIENTED_EDGE('',*,*,#3770,.T.);
#3770 = EDGE_CURVE('',#3763,#3690,#3771,.T.);
#3771 = LINE('',#3772,#3773);
#3772 = CARTESIAN_POINT('',(-101.75,153.99999999999,31.603553390593));
#3773 = VECTOR('',#3774,1.);
#3774 = DIRECTION('',(-6.661338147751E-16,-1.554312234475E-15,-1.));
#3775 = PLANE('',#3776);
#3776 = AXIS2_PLACEMENT_3D('',#3777,#3778,#3779);
#3777 = CARTESIAN_POINT('',(-105.2846167968,154.,20.122902854877));
#3778 = DIRECTION('',(1.33226762955E-15,1.,6.661338147751E-16));
#3779 = DIRECTION('',(6.661338147751E-16,1.33226762955E-15,1.));
#3780 = ADVANCED_FACE('',(#3781),#3902,.T.);
#3781 = FACE_BOUND('',#3782,.T.);
#3782 = EDGE_LOOP('',(#3783,#3784,#3792,#3800,#3808,#3816,#3824,#3832,
    #3840,#3848,#3856,#3864,#3872,#3878,#3879,#3880,#3888,#3896));
#3783 = ORIENTED_EDGE('',*,*,#3738,.F.);
#3784 = ORIENTED_EDGE('',*,*,#3785,.F.);
#3785 = EDGE_CURVE('',#3786,#3739,#3788,.T.);
#3786 = VERTEX_POINT('',#3787);
#3787 = CARTESIAN_POINT('',(-106.75,235.,40.3));
#3788 = LINE('',#3789,#3790);
#3789 = CARTESIAN_POINT('',(-106.7499999999,234.99999999999,40.3));
#3790 = VECTOR('',#3791,1.);
#3791 = DIRECTION('',(-1.7763568394E-15,-1.,-8.881784197001E-16));
#3792 = ORIENTED_EDGE('',*,*,#3793,.F.);
#3793 = EDGE_CURVE('',#3794,#3786,#3796,.T.);
#3794 = VERTEX_POINT('',#3795);
#3795 = CARTESIAN_POINT('',(-106.75,235.,0.));
#3796 = LINE('',#3797,#3798);
#3797 = CARTESIAN_POINT('',(-106.75,234.99999999999,8.543166174491E-14)
  );
#3798 = VECTOR('',#3799,1.);
#3799 = DIRECTION('',(6.661338147751E-16,1.554312234475E-15,1.));
#3800 = ORIENTED_EDGE('',*,*,#3801,.F.);
#3801 = EDGE_CURVE('',#3802,#3794,#3804,.T.);
#3802 = VERTEX_POINT('',#3803);
#3803 = CARTESIAN_POINT('',(-106.75,161.,0.));
#3804 = LINE('',#3805,#3806);
#3805 = CARTESIAN_POINT('',(-106.75,150.,3.841371665203E-14));
#3806 = VECTOR('',#3807,1.);
#3807 = DIRECTION('',(1.7763568394E-15,1.,8.881784197001E-16));
#3808 = ORIENTED_EDGE('',*,*,#3809,.F.);
#3809 = EDGE_CURVE('',#3810,#3802,#3812,.T.);
#3810 = VERTEX_POINT('',#3811);
#3811 = CARTESIAN_POINT('',(-106.75,161.,3.5));
#3812 = LINE('',#3813,#3814);
#3813 = CARTESIAN_POINT('',(-106.75,161.,10.075));
#3814 = VECTOR('',#3815,1.);
#3815 = DIRECTION('',(2.22044604925E-16,-5.551115123126E-16,-1.));
#3816 = ORIENTED_EDGE('',*,*,#3817,.F.);
#3817 = EDGE_CURVE('',#3818,#3810,#3820,.T.);
#3818 = VERTEX_POINT('',#3819);
#3819 = CARTESIAN_POINT('',(-106.75,156.39130434782,3.5));
#3820 = LINE('',#3821,#3822);
#3821 = CARTESIAN_POINT('',(-106.75,175.420870277,3.5));
#3822 = VECTOR('',#3823,1.);
#3823 = DIRECTION('',(6.661338147751E-16,1.,1.110223024625E-16));
#3824 = ORIENTED_EDGE('',*,*,#3825,.F.);
#3825 = EDGE_CURVE('',#3826,#3818,#3828,.T.);
#3826 = VERTEX_POINT('',#3827);
#3827 = CARTESIAN_POINT('',(-106.75,156.39130434782,0.));
#3828 = LINE('',#3829,#3830);
#3829 = CARTESIAN_POINT('',(-106.75,156.39130434782,10.075));
#3830 = VECTOR('',#3831,1.);
#3831 = DIRECTION('',(-2.22044604925E-16,1.134358307769E-15,1.));
#3832 = ORIENTED_EDGE('',*,*,#3833,.F.);
#3833 = EDGE_CURVE('',#3834,#3826,#3836,.T.);
#3834 = VERTEX_POINT('',#3835);
#3835 = CARTESIAN_POINT('',(-106.75,156.,0.));
#3836 = LINE('',#3837,#3838);
#3837 = CARTESIAN_POINT('',(-106.75,150.,3.841371665203E-14));
#3838 = VECTOR('',#3839,1.);
#3839 = DIRECTION('',(1.7763568394E-15,1.,8.881784197001E-16));
#3840 = ORIENTED_EDGE('',*,*,#3841,.T.);
#3841 = EDGE_CURVE('',#3834,#3842,#3844,.T.);
#3842 = VERTEX_POINT('',#3843);
#3843 = CARTESIAN_POINT('',(-106.75,156.,4.));
#3844 = LINE('',#3845,#3846);
#3845 = CARTESIAN_POINT('',(-106.75,156.,-1.));
#3846 = VECTOR('',#3847,1.);
#3847 = DIRECTION('',(4.440892098501E-16,8.881784197001E-16,1.));
#3848 = ORIENTED_EDGE('',*,*,#3849,.T.);
#3849 = EDGE_CURVE('',#3842,#3850,#3852,.T.);
#3850 = VERTEX_POINT('',#3851);
#3851 = CARTESIAN_POINT('',(-106.75,186.,4.));
#3852 = LINE('',#3853,#3854);
#3853 = CARTESIAN_POINT('',(-106.75,156.,4.));
#3854 = VECTOR('',#3855,1.);
#3855 = DIRECTION('',(8.881784197001E-16,1.,4.440892098501E-16));
#3856 = ORIENTED_EDGE('',*,*,#3857,.T.);
#3857 = EDGE_CURVE('',#3850,#3858,#3860,.T.);
#3858 = VERTEX_POINT('',#3859);
#3859 = CARTESIAN_POINT('',(-106.75,186.,5.2));
#3860 = LINE('',#3861,#3862);
#3861 = CARTESIAN_POINT('',(-106.75,186.,4.));
#3862 = VECTOR('',#3863,1.);
#3863 = DIRECTION('',(4.440892098501E-16,8.881784197001E-16,1.));
#3864 = ORIENTED_EDGE('',*,*,#3865,.T.);
#3865 = EDGE_CURVE('',#3858,#3866,#3868,.T.);
#3866 = VERTEX_POINT('',#3867);
#3867 = CARTESIAN_POINT('',(-106.75,155.,5.2));
#3868 = LINE('',#3869,#3870);
#3869 = CARTESIAN_POINT('',(-106.75,186.,5.2));
#3870 = VECTOR('',#3871,1.);
#3871 = DIRECTION('',(-8.881784197001E-16,-1.,-4.440892098501E-16));
#3872 = ORIENTED_EDGE('',*,*,#3873,.T.);
#3873 = EDGE_CURVE('',#3866,#3668,#3874,.T.);
#3874 = LINE('',#3875,#3876);
#3875 = CARTESIAN_POINT('',(-106.75,155.,5.2));
#3876 = VECTOR('',#3877,1.);
#3877 = DIRECTION('',(-4.440892098501E-16,-8.881784197001E-16,-1.));
#3878 = ORIENTED_EDGE('',*,*,#3675,.F.);
#3879 = ORIENTED_EDGE('',*,*,#3706,.F.);
#3880 = ORIENTED_EDGE('',*,*,#3881,.F.);
#3881 = EDGE_CURVE('',#3882,#3707,#3884,.T.);
#3882 = VERTEX_POINT('',#3883);
#3883 = CARTESIAN_POINT('',(-106.75,212.,14.396446609407));
#3884 = LINE('',#3885,#3886);
#3885 = CARTESIAN_POINT('',(-106.75,171.25,14.396446609407));
#3886 = VECTOR('',#3887,1.);
#3887 = DIRECTION('',(-1.110223024625E-15,-1.,-1.110223024625E-16));
#3888 = ORIENTED_EDGE('',*,*,#3889,.F.);
#3889 = EDGE_CURVE('',#3890,#3882,#3892,.T.);
#3890 = VERTEX_POINT('',#3891);
#3891 = CARTESIAN_POINT('',(-106.75,212.,25.603553390593));
#3892 = LINE('',#3893,#3894);
#3893 = CARTESIAN_POINT('',(-106.75,212.,20.075));
#3894 = VECTOR('',#3895,1.);
#3895 = DIRECTION('',(-2.22044604925E-16,-8.881784197001E-16,-1.));
#3896 = ORIENTED_EDGE('',*,*,#3897,.F.);
#3897 = EDGE_CURVE('',#3731,#3890,#3898,.T.);
#3898 = LINE('',#3899,#3900);
#3899 = CARTESIAN_POINT('',(-106.75,171.25,25.603553390593));
#3900 = VECTOR('',#3901,1.);
#3901 = DIRECTION('',(1.110223024625E-15,1.,3.330669073875E-16));
#3902 = PLANE('',#3903);
#3903 = AXIS2_PLACEMENT_3D('',#3904,#3905,#3906);
#3904 = CARTESIAN_POINT('',(-106.75,192.49999999999,20.15));
#3905 = DIRECTION('',(-1.,-4.440892098501E-16,-1.33226762955E-15));
#3906 = DIRECTION('',(-1.554312234475E-15,-1.,-6.661338147751E-16));
#3907 = ADVANCED_FACE('',(#3908),#3926,.T.);
#3908 = FACE_BOUND('',#3909,.T.);
#3909 = EDGE_LOOP('',(#3910,#3911,#3919,#3925));
#3910 = ORIENTED_EDGE('',*,*,#3873,.F.);
#3911 = ORIENTED_EDGE('',*,*,#3912,.T.);
#3912 = EDGE_CURVE('',#3866,#3913,#3915,.T.);
#3913 = VERTEX_POINT('',#3914);
#3914 = CARTESIAN_POINT('',(-103.55,155.,5.2));
#3915 = LINE('',#3916,#3917);
#3916 = CARTESIAN_POINT('',(-106.75,155.,5.2));
#3917 = VECTOR('',#3918,1.);
#3918 = DIRECTION('',(1.,3.330669073875E-16,7.771561172376E-16));
#3919 = ORIENTED_EDGE('',*,*,#3920,.T.);
#3920 = EDGE_CURVE('',#3913,#3660,#3921,.T.);
#3921 = LINE('',#3922,#3923);
#3922 = CARTESIAN_POINT('',(-103.55,155.,5.2));
#3923 = VECTOR('',#3924,1.);
#3924 = DIRECTION('',(-4.440892098501E-16,-8.881784197001E-16,-1.));
#3925 = ORIENTED_EDGE('',*,*,#3667,.T.);
#3926 = PLANE('',#3927);
#3927 = AXIS2_PLACEMENT_3D('',#3928,#3929,#3930);
#3928 = CARTESIAN_POINT('',(-106.75,155.,5.2));
#3929 = DIRECTION('',(6.661338147751E-16,1.,2.22044604925E-16));
#3930 = DIRECTION('',(-3.330669073875E-16,-7.771561172376E-16,-1.));
#3931 = ADVANCED_FACE('',(#3932),#4014,.T.);
#3932 = FACE_BOUND('',#3933,.T.);
#3933 = EDGE_LOOP('',(#3934,#3944,#3952,#3958,#3959,#3960,#3968,#3976,
    #3984,#3992,#4000,#4008));
#3934 = ORIENTED_EDGE('',*,*,#3935,.T.);
#3935 = EDGE_CURVE('',#3936,#3938,#3940,.T.);
#3936 = VERTEX_POINT('',#3937);
#3937 = CARTESIAN_POINT('',(-103.55,235.,0.));
#3938 = VERTEX_POINT('',#3939);
#3939 = CARTESIAN_POINT('',(-103.55,235.,6.));
#3940 = LINE('',#3941,#3942);
#3941 = CARTESIAN_POINT('',(-103.5499999999,234.99999999999,
    1.36335387424E-13));
#3942 = VECTOR('',#3943,1.);
#3943 = DIRECTION('',(8.881784197001E-16,1.7763568394E-15,1.));
#3944 = ORIENTED_EDGE('',*,*,#3945,.T.);
#3945 = EDGE_CURVE('',#3938,#3946,#3948,.T.);
#3946 = VERTEX_POINT('',#3947);
#3947 = CARTESIAN_POINT('',(-103.55,150.,6.));
#3948 = LINE('',#3949,#3950);
#3949 = CARTESIAN_POINT('',(-103.55,171.25,6.));
#3950 = VECTOR('',#3951,1.);
#3951 = DIRECTION('',(-1.33226762955E-15,-1.,-6.661338147751E-16));
#3952 = ORIENTED_EDGE('',*,*,#3953,.T.);
#3953 = EDGE_CURVE('',#3946,#3652,#3954,.T.);
#3954 = LINE('',#3955,#3956);
#3955 = CARTESIAN_POINT('',(-103.55,150.,40.3));
#3956 = VECTOR('',#3957,1.);
#3957 = DIRECTION('',(-8.881784197001E-16,-1.7763568394E-15,-1.));
#3958 = ORIENTED_EDGE('',*,*,#3659,.T.);
#3959 = ORIENTED_EDGE('',*,*,#3920,.F.);
#3960 = ORIENTED_EDGE('',*,*,#3961,.F.);
#3961 = EDGE_CURVE('',#3962,#3913,#3964,.T.);
#3962 = VERTEX_POINT('',#3963);
#3963 = CARTESIAN_POINT('',(-103.55,186.,5.2));
#3964 = LINE('',#3965,#3966);
#3965 = CARTESIAN_POINT('',(-103.55,186.,5.2));
#3966 = VECTOR('',#3967,1.);
#3967 = DIRECTION('',(-8.881784197001E-16,-1.,-4.440892098501E-16));
#3968 = ORIENTED_EDGE('',*,*,#3969,.F.);
#3969 = EDGE_CURVE('',#3970,#3962,#3972,.T.);
#3970 = VERTEX_POINT('',#3971);
#3971 = CARTESIAN_POINT('',(-103.55,186.,4.));
#3972 = LINE('',#3973,#3974);
#3973 = CARTESIAN_POINT('',(-103.55,186.,4.));
#3974 = VECTOR('',#3975,1.);
#3975 = DIRECTION('',(4.440892098501E-16,8.881784197001E-16,1.));
#3976 = ORIENTED_EDGE('',*,*,#3977,.F.);
#3977 = EDGE_CURVE('',#3978,#3970,#3980,.T.);
#3978 = VERTEX_POINT('',#3979);
#3979 = CARTESIAN_POINT('',(-103.55,156.,4.));
#3980 = LINE('',#3981,#3982);
#3981 = CARTESIAN_POINT('',(-103.55,156.,4.));
#3982 = VECTOR('',#3983,1.);
#3983 = DIRECTION('',(8.881784197001E-16,1.,4.440892098501E-16));
#3984 = ORIENTED_EDGE('',*,*,#3985,.F.);
#3985 = EDGE_CURVE('',#3986,#3978,#3988,.T.);
#3986 = VERTEX_POINT('',#3987);
#3987 = CARTESIAN_POINT('',(-103.55,156.,3.5));
#3988 = LINE('',#3989,#3990);
#3989 = CARTESIAN_POINT('',(-103.55,156.,-1.));
#3990 = VECTOR('',#3991,1.);
#3991 = DIRECTION('',(4.440892098501E-16,8.881784197001E-16,1.));
#3992 = ORIENTED_EDGE('',*,*,#3993,.F.);
#3993 = EDGE_CURVE('',#3994,#3986,#3996,.T.);
#3994 = VERTEX_POINT('',#3995);
#3995 = CARTESIAN_POINT('',(-103.55,160.,3.5));
#3996 = LINE('',#3997,#3998);
#3997 = CARTESIAN_POINT('',(-103.55,175.420870277,3.5));
#3998 = VECTOR('',#3999,1.);
#3999 = DIRECTION('',(-4.440892098501E-16,-1.,-1.110223024625E-16));
#4000 = ORIENTED_EDGE('',*,*,#4001,.F.);
#4001 = EDGE_CURVE('',#4002,#3994,#4004,.T.);
#4002 = VERTEX_POINT('',#4003);
#4003 = CARTESIAN_POINT('',(-103.55,160.,0.));
#4004 = LINE('',#4005,#4006);
#4005 = CARTESIAN_POINT('',(-103.55,160.,10.075));
#4006 = VECTOR('',#4007,1.);
#4007 = DIRECTION('',(-4.440892098501E-16,5.551115123126E-16,1.));
#4008 = ORIENTED_EDGE('',*,*,#4009,.T.);
#4009 = EDGE_CURVE('',#4002,#3936,#4010,.T.);
#4010 = LINE('',#4011,#4012);
#4011 = CARTESIAN_POINT('',(-103.55,150.,6.084022174946E-14));
#4012 = VECTOR('',#4013,1.);
#4013 = DIRECTION('',(1.7763568394E-15,1.,8.881784197001E-16));
#4014 = PLANE('',#4015);
#4015 = AXIS2_PLACEMENT_3D('',#4016,#4017,#4018);
#4016 = CARTESIAN_POINT('',(-103.55,192.49999999999,20.15));
#4017 = DIRECTION('',(1.,8.881784197001E-16,1.7763568394E-15));
#4018 = DIRECTION('',(8.881784197001E-16,1.7763568394E-15,1.));
#4019 = ADVANCED_FACE('',(#4020),#4102,.T.);
#4020 = FACE_BOUND('',#4021,.T.);
#4021 = EDGE_LOOP('',(#4022,#4030,#4031,#4032,#4040,#4048,#4056,#4064,
    #4072,#4080,#4088,#4096));
#4022 = ORIENTED_EDGE('',*,*,#4023,.T.);
#4023 = EDGE_CURVE('',#4024,#3644,#4026,.T.);
#4024 = VERTEX_POINT('',#4025);
#4025 = CARTESIAN_POINT('',(-105.75,150.,12.396446609407));
#4026 = LINE('',#4027,#4028);
#4027 = CARTESIAN_POINT('',(-105.75,149.99999999999,12.396446609407));
#4028 = VECTOR('',#4029,1.);
#4029 = DIRECTION('',(-6.661338147751E-16,-1.554312234475E-15,-1.));
#4030 = ORIENTED_EDGE('',*,*,#3651,.T.);
#4031 = ORIENTED_EDGE('',*,*,#3953,.F.);
#4032 = ORIENTED_EDGE('',*,*,#4033,.T.);
#4033 = EDGE_CURVE('',#3946,#4034,#4036,.T.);
#4034 = VERTEX_POINT('',#4035);
#4035 = CARTESIAN_POINT('',(-99.55,150.,6.));
#4036 = LINE('',#4037,#4038);
#4037 = CARTESIAN_POINT('',(-106.75,150.,6.));
#4038 = VECTOR('',#4039,1.);
#4039 = DIRECTION('',(1.,6.661338147751E-16,1.443289932013E-15));
#4040 = ORIENTED_EDGE('',*,*,#4041,.F.);
#4041 = EDGE_CURVE('',#4042,#4034,#4044,.T.);
#4042 = VERTEX_POINT('',#4043);
#4043 = CARTESIAN_POINT('',(-99.55,150.,34.));
#4044 = LINE('',#4045,#4046);
#4045 = CARTESIAN_POINT('',(-99.55,150.,34.));
#4046 = VECTOR('',#4047,1.);
#4047 = DIRECTION('',(-7.771561172376E-16,-1.554312234475E-15,-1.));
#4048 = ORIENTED_EDGE('',*,*,#4049,.F.);
#4049 = EDGE_CURVE('',#4050,#4042,#4052,.T.);
#4050 = VERTEX_POINT('',#4051);
#4051 = CARTESIAN_POINT('',(-103.55,150.,34.));
#4052 = LINE('',#4053,#4054);
#4053 = CARTESIAN_POINT('',(-106.75,150.,34.));
#4054 = VECTOR('',#4055,1.);
#4055 = DIRECTION('',(1.,6.661338147751E-16,1.443289932013E-15));
#4056 = ORIENTED_EDGE('',*,*,#4057,.F.);
#4057 = EDGE_CURVE('',#4058,#4050,#4060,.T.);
#4058 = VERTEX_POINT('',#4059);
#4059 = CARTESIAN_POINT('',(-103.55,150.,40.3));
#4060 = LINE('',#4061,#4062);
#4061 = CARTESIAN_POINT('',(-103.55,150.,40.3));
#4062 = VECTOR('',#4063,1.);
#4063 = DIRECTION('',(-8.881784197001E-16,-1.7763568394E-15,-1.));
#4064 = ORIENTED_EDGE('',*,*,#4065,.F.);
#4065 = EDGE_CURVE('',#4066,#4058,#4068,.T.);
#4066 = VERTEX_POINT('',#4067);
#4067 = CARTESIAN_POINT('',(-105.75,150.,40.3));
#4068 = LINE('',#4069,#4070);
#4069 = CARTESIAN_POINT('',(-106.75,150.,40.3));
#4070 = VECTOR('',#4071,1.);
#4071 = DIRECTION('',(1.,7.771561172376E-16,1.665334536938E-15));
#4072 = ORIENTED_EDGE('',*,*,#4073,.T.);
#4073 = EDGE_CURVE('',#4066,#4074,#4076,.T.);
#4074 = VERTEX_POINT('',#4075);
#4075 = CARTESIAN_POINT('',(-105.75,150.,27.603553390593));
#4076 = LINE('',#4077,#4078);
#4077 = CARTESIAN_POINT('',(-105.75,149.99999999999,41.3));
#4078 = VECTOR('',#4079,1.);
#4079 = DIRECTION('',(-6.661338147751E-16,-1.554312234475E-15,-1.));
#4080 = ORIENTED_EDGE('',*,*,#4081,.T.);
#4081 = EDGE_CURVE('',#4074,#4082,#4084,.T.);
#4082 = VERTEX_POINT('',#4083);
#4083 = CARTESIAN_POINT('',(-101.75,150.,31.603553390593));
#4084 = LINE('',#4085,#4086);
#4085 = CARTESIAN_POINT('',(-105.75,149.99999999999,27.603553390593));
#4086 = VECTOR('',#4087,1.);
#4087 = DIRECTION('',(0.707106781187,1.570092458684E-15,0.707106781187)
  );
#4088 = ORIENTED_EDGE('',*,*,#4089,.T.);
#4089 = EDGE_CURVE('',#4082,#4090,#4092,.T.);
#4090 = VERTEX_POINT('',#4091);
#4091 = CARTESIAN_POINT('',(-101.75,150.,8.396446609407));
#4092 = LINE('',#4093,#4094);
#4093 = CARTESIAN_POINT('',(-101.75,149.99999999999,31.603553390593));
#4094 = VECTOR('',#4095,1.);
#4095 = DIRECTION('',(-6.661338147751E-16,-1.554312234475E-15,-1.));
#4096 = ORIENTED_EDGE('',*,*,#4097,.T.);
#4097 = EDGE_CURVE('',#4090,#4024,#4098,.T.);
#4098 = LINE('',#4099,#4100);
#4099 = CARTESIAN_POINT('',(-101.75,149.99999999999,8.396446609407));
#4100 = VECTOR('',#4101,1.);
#4101 = DIRECTION('',(-0.707106781187,6.280369834735E-16,0.707106781187)
  );
#4102 = PLANE('',#4103);
#4103 = AXIS2_PLACEMENT_3D('',#4104,#4105,#4106);
#4104 = CARTESIAN_POINT('',(-103.6678947368,150.,20.137368421053));
#4105 = DIRECTION('',(-1.050298626901E-15,-1.,-6.661338147751E-16));
#4106 = DIRECTION('',(-1.,-9.481028174244E-16,-1.33226762955E-15));
#4107 = ADVANCED_FACE('',(#4108),#4119,.T.);
#4108 = FACE_BOUND('',#4109,.T.);
#4109 = EDGE_LOOP('',(#4110,#4111,#4117,#4118));
#4110 = ORIENTED_EDGE('',*,*,#4023,.F.);
#4111 = ORIENTED_EDGE('',*,*,#4112,.T.);
#4112 = EDGE_CURVE('',#4024,#3692,#4113,.T.);
#4113 = LINE('',#4114,#4115);
#4114 = CARTESIAN_POINT('',(-105.75,150.,12.396446609407));
#4115 = VECTOR('',#4116,1.);
#4116 = DIRECTION('',(1.221245327088E-15,1.,3.330669073875E-16));
#4117 = ORIENTED_EDGE('',*,*,#3699,.T.);
#4118 = ORIENTED_EDGE('',*,*,#3643,.T.);
#4119 = PLANE('',#4120);
#4120 = AXIS2_PLACEMENT_3D('',#4121,#4122,#4123);
#4121 = CARTESIAN_POINT('',(-105.75,150.,12.396446609407));
#4122 = DIRECTION('',(-1.,-4.440892098501E-16,-1.110223024625E-15));
#4123 = DIRECTION('',(-5.551115123126E-16,-1.443289932013E-15,-1.));
#4124 = ADVANCED_FACE('',(#4125),#4136,.T.);
#4125 = FACE_BOUND('',#4126,.T.);
#4126 = EDGE_LOOP('',(#4127,#4133,#4134,#4135));
#4127 = ORIENTED_EDGE('',*,*,#4128,.T.);
#4128 = EDGE_CURVE('',#4090,#3690,#4129,.T.);
#4129 = LINE('',#4130,#4131);
#4130 = CARTESIAN_POINT('',(-101.75,150.,8.396446609407));
#4131 = VECTOR('',#4132,1.);
#4132 = DIRECTION('',(1.221245327088E-15,1.,3.330669073875E-16));
#4133 = ORIENTED_EDGE('',*,*,#3689,.T.);
#4134 = ORIENTED_EDGE('',*,*,#4112,.F.);
#4135 = ORIENTED_EDGE('',*,*,#4097,.F.);
#4136 = PLANE('',#4137);
#4137 = AXIS2_PLACEMENT_3D('',#4138,#4139,#4140);
#4138 = CARTESIAN_POINT('',(-101.75,150.,8.396446609407));
#4139 = DIRECTION('',(0.707106781187,1.256073966947E-15,0.707106781187)
  );
#4140 = DIRECTION('',(-0.707106781187,6.280369834735E-16,0.707106781187)
  );
#4141 = ADVANCED_FACE('',(#4142),#4153,.T.);
#4142 = FACE_BOUND('',#4143,.T.);
#4143 = EDGE_LOOP('',(#4144,#4150,#4151,#4152));
#4144 = ORIENTED_EDGE('',*,*,#4145,.T.);
#4145 = EDGE_CURVE('',#4082,#3763,#4146,.T.);
#4146 = LINE('',#4147,#4148);
#4147 = CARTESIAN_POINT('',(-101.75,150.,31.603553390593));
#4148 = VECTOR('',#4149,1.);
#4149 = DIRECTION('',(1.221245327088E-15,1.,3.330669073875E-16));
#4150 = ORIENTED_EDGE('',*,*,#3770,.T.);
#4151 = ORIENTED_EDGE('',*,*,#4128,.F.);
#4152 = ORIENTED_EDGE('',*,*,#4089,.F.);
#4153 = PLANE('',#4154);
#4154 = AXIS2_PLACEMENT_3D('',#4155,#4156,#4157);
#4155 = CARTESIAN_POINT('',(-101.75,150.,31.603553390593));
#4156 = DIRECTION('',(-1.,-4.440892098501E-16,-1.110223024625E-15));
#4157 = DIRECTION('',(-5.551115123126E-16,-1.443289932013E-15,-1.));
#4158 = ADVANCED_FACE('',(#4159),#4170,.T.);
#4159 = FACE_BOUND('',#4160,.T.);
#4160 = EDGE_LOOP('',(#4161,#4167,#4168,#4169));
#4161 = ORIENTED_EDGE('',*,*,#4162,.T.);
#4162 = EDGE_CURVE('',#4074,#3755,#4163,.T.);
#4163 = LINE('',#4164,#4165);
#4164 = CARTESIAN_POINT('',(-105.75,150.,27.603553390593));
#4165 = VECTOR('',#4166,1.);
#4166 = DIRECTION('',(1.221245327088E-15,1.,3.330669073875E-16));
#4167 = ORIENTED_EDGE('',*,*,#3762,.T.);
#4168 = ORIENTED_EDGE('',*,*,#4145,.F.);
#4169 = ORIENTED_EDGE('',*,*,#4081,.F.);
#4170 = PLANE('',#4171);
#4171 = AXIS2_PLACEMENT_3D('',#4172,#4173,#4174);
#4172 = CARTESIAN_POINT('',(-105.75,150.,27.603553390593));
#4173 = DIRECTION('',(0.707106781187,-6.280369834735E-16,-0.707106781187
    ));
#4174 = DIRECTION('',(0.707106781187,1.413083212815E-15,0.707106781187)
  );
#4175 = ADVANCED_FACE('',(#4176),#4187,.T.);
#4176 = FACE_BOUND('',#4177,.T.);
#4177 = EDGE_LOOP('',(#4178,#4179,#4185,#4186));
#4178 = ORIENTED_EDGE('',*,*,#4073,.F.);
#4179 = ORIENTED_EDGE('',*,*,#4180,.T.);
#4180 = EDGE_CURVE('',#4066,#3747,#4181,.T.);
#4181 = LINE('',#4182,#4183);
#4182 = CARTESIAN_POINT('',(-105.75,192.5,40.3));
#4183 = VECTOR('',#4184,1.);
#4184 = DIRECTION('',(1.221245327088E-15,1.,3.330669073875E-16));
#4185 = ORIENTED_EDGE('',*,*,#3754,.T.);
#4186 = ORIENTED_EDGE('',*,*,#4162,.F.);
#4187 = PLANE('',#4188);
#4188 = AXIS2_PLACEMENT_3D('',#4189,#4190,#4191);
#4189 = CARTESIAN_POINT('',(-105.75,150.,41.3));
#4190 = DIRECTION('',(-1.,-4.440892098501E-16,-1.110223024625E-15));
#4191 = DIRECTION('',(-5.551115123126E-16,-1.443289932013E-15,-1.));
#4192 = ADVANCED_FACE('',(#4193),#4213,.F.);
#4193 = FACE_BOUND('',#4194,.F.);
#4194 = EDGE_LOOP('',(#4195,#4196,#4204,#4210,#4211,#4212));
#4195 = ORIENTED_EDGE('',*,*,#3785,.F.);
#4196 = ORIENTED_EDGE('',*,*,#4197,.T.);
#4197 = EDGE_CURVE('',#3786,#4198,#4200,.T.);
#4198 = VERTEX_POINT('',#4199);
#4199 = CARTESIAN_POINT('',(-103.55,235.,40.3));
#4200 = LINE('',#4201,#4202);
#4201 = CARTESIAN_POINT('',(-106.7499999999,234.99999999999,40.3));
#4202 = VECTOR('',#4203,1.);
#4203 = DIRECTION('',(1.,7.771561172376E-16,1.665334536938E-15));
#4204 = ORIENTED_EDGE('',*,*,#4205,.T.);
#4205 = EDGE_CURVE('',#4198,#4058,#4206,.T.);
#4206 = LINE('',#4207,#4208);
#4207 = CARTESIAN_POINT('',(-103.5499999999,234.99999999999,40.3));
#4208 = VECTOR('',#4209,1.);
#4209 = DIRECTION('',(-1.7763568394E-15,-1.,-8.881784197001E-16));
#4210 = ORIENTED_EDGE('',*,*,#4065,.F.);
#4211 = ORIENTED_EDGE('',*,*,#4180,.T.);
#4212 = ORIENTED_EDGE('',*,*,#3746,.F.);
#4213 = PLANE('',#4214);
#4214 = AXIS2_PLACEMENT_3D('',#4215,#4216,#4217);
#4215 = CARTESIAN_POINT('',(-106.7499999999,234.99999999999,40.3));
#4216 = DIRECTION('',(-6.661338147751E-16,-1.554312234475E-15,-1.));
#4217 = DIRECTION('',(-1.665334536938E-15,-1.,-7.771561172376E-16));
#4218 = ADVANCED_FACE('',(#4219),#4237,.F.);
#4219 = FACE_BOUND('',#4220,.F.);
#4220 = EDGE_LOOP('',(#4221,#4222,#4230,#4236));
#4221 = ORIENTED_EDGE('',*,*,#3730,.T.);
#4222 = ORIENTED_EDGE('',*,*,#4223,.T.);
#4223 = EDGE_CURVE('',#3723,#4224,#4226,.T.);
#4224 = VERTEX_POINT('',#4225);
#4225 = CARTESIAN_POINT('',(-102.75,212.,29.603553390593));
#4226 = LINE('',#4227,#4228);
#4227 = CARTESIAN_POINT('',(-102.75,150.,29.603553390593));
#4228 = VECTOR('',#4229,1.);
#4229 = DIRECTION('',(9.992007221626E-16,1.,2.22044604925E-16));
#4230 = ORIENTED_EDGE('',*,*,#4231,.T.);
#4231 = EDGE_CURVE('',#4224,#3890,#4232,.T.);
#4232 = LINE('',#4233,#4234);
#4233 = CARTESIAN_POINT('',(-102.7499999999,211.99999999999,
    29.603553390593));
#4234 = VECTOR('',#4235,1.);
#4235 = DIRECTION('',(-0.707106781187,-1.334578589881E-15,
    -0.707106781187));
#4236 = ORIENTED_EDGE('',*,*,#3897,.F.);
#4237 = PLANE('',#4238);
#4238 = AXIS2_PLACEMENT_3D('',#4239,#4240,#4241);
#4239 = CARTESIAN_POINT('',(-102.75,150.,29.603553390593));
#4240 = DIRECTION('',(-0.707106781187,5.495323605393E-16,0.707106781187)
  );
#4241 = DIRECTION('',(-0.707106781187,-1.177569344013E-15,
    -0.707106781187));
#4242 = ADVANCED_FACE('',(#4243),#4261,.F.);
#4243 = FACE_BOUND('',#4244,.F.);
#4244 = EDGE_LOOP('',(#4245,#4246,#4254,#4260));
#4245 = ORIENTED_EDGE('',*,*,#3722,.T.);
#4246 = ORIENTED_EDGE('',*,*,#4247,.T.);
#4247 = EDGE_CURVE('',#3715,#4248,#4250,.T.);
#4248 = VERTEX_POINT('',#4249);
#4249 = CARTESIAN_POINT('',(-102.75,212.,10.396446609407));
#4250 = LINE('',#4251,#4252);
#4251 = CARTESIAN_POINT('',(-102.75,150.,10.396446609407));
#4252 = VECTOR('',#4253,1.);
#4253 = DIRECTION('',(9.992007221626E-16,1.,2.22044604925E-16));
#4254 = ORIENTED_EDGE('',*,*,#4255,.T.);
#4255 = EDGE_CURVE('',#4248,#4224,#4256,.T.);
#4256 = LINE('',#4257,#4258);
#4257 = CARTESIAN_POINT('',(-102.7499999999,211.99999999999,
    10.396446609407));
#4258 = VECTOR('',#4259,1.);
#4259 = DIRECTION('',(5.551115123126E-16,1.33226762955E-15,1.));
#4260 = ORIENTED_EDGE('',*,*,#4223,.F.);
#4261 = PLANE('',#4262);
#4262 = AXIS2_PLACEMENT_3D('',#4263,#4264,#4265);
#4263 = CARTESIAN_POINT('',(-102.75,150.,10.396446609407));
#4264 = DIRECTION('',(1.,3.330669073875E-16,8.881784197001E-16));
#4265 = DIRECTION('',(4.440892098501E-16,1.221245327088E-15,1.));
#4266 = ADVANCED_FACE('',(#4267),#4278,.F.);
#4267 = FACE_BOUND('',#4268,.F.);
#4268 = EDGE_LOOP('',(#4269,#4270,#4276,#4277));
#4269 = ORIENTED_EDGE('',*,*,#3881,.F.);
#4270 = ORIENTED_EDGE('',*,*,#4271,.T.);
#4271 = EDGE_CURVE('',#3882,#4248,#4272,.T.);
#4272 = LINE('',#4273,#4274);
#4273 = CARTESIAN_POINT('',(-107.2499999999,211.99999999999,
    14.896446609407));
#4274 = VECTOR('',#4275,1.);
#4275 = DIRECTION('',(0.707106781187,-5.495323605393E-16,-0.707106781187
    ));
#4276 = ORIENTED_EDGE('',*,*,#4247,.F.);
#4277 = ORIENTED_EDGE('',*,*,#3714,.T.);
#4278 = PLANE('',#4279);
#4279 = AXIS2_PLACEMENT_3D('',#4280,#4281,#4282);
#4280 = CARTESIAN_POINT('',(-107.25,150.,14.896446609407));
#4281 = DIRECTION('',(-0.707106781187,-1.020560098144E-15,
    -0.707106781187));
#4282 = DIRECTION('',(0.707106781187,-5.495323605393E-16,-0.707106781187
    ));
#4283 = ADVANCED_FACE('',(#4284),#4290,.F.);
#4284 = FACE_BOUND('',#4285,.F.);
#4285 = EDGE_LOOP('',(#4286,#4287,#4288,#4289));
#4286 = ORIENTED_EDGE('',*,*,#4271,.F.);
#4287 = ORIENTED_EDGE('',*,*,#3889,.F.);
#4288 = ORIENTED_EDGE('',*,*,#4231,.F.);
#4289 = ORIENTED_EDGE('',*,*,#4255,.F.);
#4290 = PLANE('',#4291);
#4291 = AXIS2_PLACEMENT_3D('',#4292,#4293,#4294);
#4292 = CARTESIAN_POINT('',(-104.5194832985,211.99999999999,20.));
#4293 = DIRECTION('',(1.110223024625E-15,1.,5.551115123126E-16));
#4294 = DIRECTION('',(5.551115123126E-16,1.110223024625E-15,1.));
#4295 = ADVANCED_FACE('',(#4296),#4307,.T.);
#4296 = FACE_BOUND('',#4297,.T.);
#4297 = EDGE_LOOP('',(#4298,#4304,#4305,#4306));
#4298 = ORIENTED_EDGE('',*,*,#4299,.T.);
#4299 = EDGE_CURVE('',#3858,#3962,#4300,.T.);
#4300 = LINE('',#4301,#4302);
#4301 = CARTESIAN_POINT('',(-106.75,186.,5.2));
#4302 = VECTOR('',#4303,1.);
#4303 = DIRECTION('',(1.,3.330669073875E-16,7.771561172376E-16));
#4304 = ORIENTED_EDGE('',*,*,#3961,.T.);
#4305 = ORIENTED_EDGE('',*,*,#3912,.F.);
#4306 = ORIENTED_EDGE('',*,*,#3865,.F.);
#4307 = PLANE('',#4308);
#4308 = AXIS2_PLACEMENT_3D('',#4309,#4310,#4311);
#4309 = CARTESIAN_POINT('',(-106.75,186.,5.2));
#4310 = DIRECTION('',(-2.22044604925E-16,-6.661338147751E-16,-1.));
#4311 = DIRECTION('',(-7.771561172376E-16,-1.,-3.330669073875E-16));
#4312 = ADVANCED_FACE('',(#4313),#4324,.T.);
#4313 = FACE_BOUND('',#4314,.T.);
#4314 = EDGE_LOOP('',(#4315,#4321,#4322,#4323));
#4315 = ORIENTED_EDGE('',*,*,#4316,.T.);
#4316 = EDGE_CURVE('',#3850,#3970,#4317,.T.);
#4317 = LINE('',#4318,#4319);
#4318 = CARTESIAN_POINT('',(-106.75,186.,4.));
#4319 = VECTOR('',#4320,1.);
#4320 = DIRECTION('',(1.,3.330669073875E-16,7.771561172376E-16));
#4321 = ORIENTED_EDGE('',*,*,#3969,.T.);
#4322 = ORIENTED_EDGE('',*,*,#4299,.F.);
#4323 = ORIENTED_EDGE('',*,*,#3857,.F.);
#4324 = PLANE('',#4325);
#4325 = AXIS2_PLACEMENT_3D('',#4326,#4327,#4328);
#4326 = CARTESIAN_POINT('',(-106.75,186.,4.));
#4327 = DIRECTION('',(-6.661338147751E-16,-1.,-2.22044604925E-16));
#4328 = DIRECTION('',(3.330669073875E-16,7.771561172376E-16,1.));
#4329 = ADVANCED_FACE('',(#4330),#4341,.T.);
#4330 = FACE_BOUND('',#4331,.T.);
#4331 = EDGE_LOOP('',(#4332,#4338,#4339,#4340));
#4332 = ORIENTED_EDGE('',*,*,#4333,.T.);
#4333 = EDGE_CURVE('',#3842,#3978,#4334,.T.);
#4334 = LINE('',#4335,#4336);
#4335 = CARTESIAN_POINT('',(-106.75,156.,4.));
#4336 = VECTOR('',#4337,1.);
#4337 = DIRECTION('',(1.,3.330669073875E-16,7.771561172376E-16));
#4338 = ORIENTED_EDGE('',*,*,#3977,.T.);
#4339 = ORIENTED_EDGE('',*,*,#4316,.F.);
#4340 = ORIENTED_EDGE('',*,*,#3849,.F.);
#4341 = PLANE('',#4342);
#4342 = AXIS2_PLACEMENT_3D('',#4343,#4344,#4345);
#4343 = CARTESIAN_POINT('',(-106.75,156.,4.));
#4344 = DIRECTION('',(2.22044604925E-16,6.661338147751E-16,1.));
#4345 = DIRECTION('',(7.771561172376E-16,1.,3.330669073875E-16));
#4346 = ADVANCED_FACE('',(#4347),#4382,.T.);
#4347 = FACE_BOUND('',#4348,.T.);
#4348 = EDGE_LOOP('',(#4349,#4350,#4358,#4366,#4374,#4380,#4381));
#4349 = ORIENTED_EDGE('',*,*,#3841,.F.);
#4350 = ORIENTED_EDGE('',*,*,#4351,.T.);
#4351 = EDGE_CURVE('',#3834,#4352,#4354,.T.);
#4352 = VERTEX_POINT('',#4353);
#4353 = CARTESIAN_POINT('',(-106.45,156.,0.));
#4354 = LINE('',#4355,#4356);
#4355 = CARTESIAN_POINT('',(-106.75,156.,1.373900992974E-14));
#4356 = VECTOR('',#4357,1.);
#4357 = DIRECTION('',(1.,3.330669073875E-16,7.771561172376E-16));
#4358 = ORIENTED_EDGE('',*,*,#4359,.F.);
#4359 = EDGE_CURVE('',#4360,#4352,#4362,.T.);
#4360 = VERTEX_POINT('',#4361);
#4361 = CARTESIAN_POINT('',(-97.55,156.,0.));
#4362 = LINE('',#4363,#4364);
#4363 = CARTESIAN_POINT('',(-97.55,156.,1.604272270583E-14));
#4364 = VECTOR('',#4365,1.);
#4365 = DIRECTION('',(-1.,-2.22044604925E-16,-5.551115123126E-16));
#4366 = ORIENTED_EDGE('',*,*,#4367,.T.);
#4367 = EDGE_CURVE('',#4360,#4368,#4370,.T.);
#4368 = VERTEX_POINT('',#4369);
#4369 = CARTESIAN_POINT('',(-97.55,156.,3.5));
#4370 = LINE('',#4371,#4372);
#4371 = CARTESIAN_POINT('',(-97.55,156.,1.604272270583E-14));
#4372 = VECTOR('',#4373,1.);
#4373 = DIRECTION('',(2.22044604925E-16,5.551115123126E-16,1.));
#4374 = ORIENTED_EDGE('',*,*,#4375,.T.);
#4375 = EDGE_CURVE('',#4368,#3986,#4376,.T.);
#4376 = LINE('',#4377,#4378);
#4377 = CARTESIAN_POINT('',(-97.55,156.,3.5));
#4378 = VECTOR('',#4379,1.);
#4379 = DIRECTION('',(-1.,-3.330669073875E-16,-6.661338147751E-16));
#4380 = ORIENTED_EDGE('',*,*,#3985,.T.);
#4381 = ORIENTED_EDGE('',*,*,#4333,.F.);
#4382 = PLANE('',#4383);
#4383 = AXIS2_PLACEMENT_3D('',#4384,#4385,#4386);
#4384 = CARTESIAN_POINT('',(-102.2636363636,156.,1.886363636364));
#4385 = DIRECTION('',(9.749183255205E-16,-1.,-2.22044604925E-16));
#4386 = DIRECTION('',(-1.,-1.641052140296E-15,-4.440892098501E-16));
#4387 = ADVANCED_FACE('',(#4388),#4469,.T.);
#4388 = FACE_BOUND('',#4389,.T.);
#4389 = EDGE_LOOP('',(#4390,#4391,#4399,#4407,#4413,#4414,#4422,#4430,
    #4438,#4446,#4452,#4453,#4461,#4467,#4468));
#4390 = ORIENTED_EDGE('',*,*,#3833,.T.);
#4391 = ORIENTED_EDGE('',*,*,#4392,.T.);
#4392 = EDGE_CURVE('',#3826,#4393,#4395,.T.);
#4393 = VERTEX_POINT('',#4394);
#4394 = CARTESIAN_POINT('',(-108.75,159.,0.));
#4395 = LINE('',#4396,#4397);
#4396 = CARTESIAN_POINT('',(-106.45,156.,1.136868377216E-13));
#4397 = VECTOR('',#4398,1.);
#4398 = DIRECTION('',(-0.608431543657,0.793606361292,-1.409728087672E-16
    ));
#4399 = ORIENTED_EDGE('',*,*,#4400,.T.);
#4400 = EDGE_CURVE('',#4393,#4401,#4403,.T.);
#4401 = VERTEX_POINT('',#4402);
#4402 = CARTESIAN_POINT('',(-108.75,161.,0.));
#4403 = LINE('',#4404,#4405);
#4404 = CARTESIAN_POINT('',(-108.75,159.,9.947598300641E-14));
#4405 = VECTOR('',#4406,1.);
#4406 = DIRECTION('',(6.661338147751E-16,1.,3.330669073875E-16));
#4407 = ORIENTED_EDGE('',*,*,#4408,.T.);
#4408 = EDGE_CURVE('',#4401,#3802,#4409,.T.);
#4409 = LINE('',#4410,#4411);
#4410 = CARTESIAN_POINT('',(-108.75,161.,9.947598300641E-14));
#4411 = VECTOR('',#4412,1.);
#4412 = DIRECTION('',(1.,3.330669073875E-16,6.661338147751E-16));
#4413 = ORIENTED_EDGE('',*,*,#3801,.T.);
#4414 = ORIENTED_EDGE('',*,*,#4415,.T.);
#4415 = EDGE_CURVE('',#3794,#4416,#4418,.T.);
#4416 = VERTEX_POINT('',#4417);
#4417 = CARTESIAN_POINT('',(-123.,235.,0.));
#4418 = LINE('',#4419,#4420);
#4419 = CARTESIAN_POINT('',(-94.,235.,4.263256414561E-14));
#4420 = VECTOR('',#4421,1.);
#4421 = DIRECTION('',(-1.,-2.22044604925E-16,-4.440892098501E-16));
#4422 = ORIENTED_EDGE('',*,*,#4423,.T.);
#4423 = EDGE_CURVE('',#4416,#4424,#4426,.T.);
#4424 = VERTEX_POINT('',#4425);
#4425 = CARTESIAN_POINT('',(-123.,241.5,0.));
#4426 = LINE('',#4427,#4428);
#4427 = CARTESIAN_POINT('',(-123.,235.,8.82627304577E-15));
#4428 = VECTOR('',#4429,1.);
#4429 = DIRECTION('',(3.330669073875E-16,1.,-1.110223024625E-16));
#4430 = ORIENTED_EDGE('',*,*,#4431,.F.);
#4431 = EDGE_CURVE('',#4432,#4424,#4434,.T.);
#4432 = VERTEX_POINT('',#4433);
#4433 = CARTESIAN_POINT('',(-94.,241.5,0.));
#4434 = LINE('',#4435,#4436);
#4435 = CARTESIAN_POINT('',(-94.,241.5,4.263256414561E-14));
#4436 = VECTOR('',#4437,1.);
#4437 = DIRECTION('',(-1.,-2.22044604925E-16,-4.440892098501E-16));
#4438 = ORIENTED_EDGE('',*,*,#4439,.F.);
#4439 = EDGE_CURVE('',#4440,#4432,#4442,.T.);
#4440 = VERTEX_POINT('',#4441);
#4441 = CARTESIAN_POINT('',(-94.,235.,0.));
#4442 = LINE('',#4443,#4444);
#4443 = CARTESIAN_POINT('',(-94.,235.,1.848521336001E-14));
#4444 = VECTOR('',#4445,1.);
#4445 = DIRECTION('',(3.330669073875E-16,1.,-1.110223024625E-16));
#4446 = ORIENTED_EDGE('',*,*,#4447,.T.);
#4447 = EDGE_CURVE('',#4440,#3936,#4448,.T.);
#4448 = LINE('',#4449,#4450);
#4449 = CARTESIAN_POINT('',(-94.,235.,4.263256414561E-14));
#4450 = VECTOR('',#4451,1.);
#4451 = DIRECTION('',(-1.,-2.22044604925E-16,-4.440892098501E-16));
#4452 = ORIENTED_EDGE('',*,*,#4009,.F.);
#4453 = ORIENTED_EDGE('',*,*,#4454,.T.);
#4454 = EDGE_CURVE('',#4002,#4455,#4457,.T.);
#4455 = VERTEX_POINT('',#4456);
#4456 = CARTESIAN_POINT('',(-97.55,160.,0.));
#4457 = LINE('',#4458,#4459);
#4458 = CARTESIAN_POINT('',(-103.85,160.,1.136868377216E-13));
#4459 = VECTOR('',#4460,1.);
#4460 = DIRECTION('',(1.,3.330669073875E-16,6.661338147751E-16));
#4461 = ORIENTED_EDGE('',*,*,#4462,.T.);
#4462 = EDGE_CURVE('',#4455,#4360,#4463,.T.);
#4463 = LINE('',#4464,#4465);
#4464 = CARTESIAN_POINT('',(-97.55,160.,1.136868377216E-13));
#4465 = VECTOR('',#4466,1.);
#4466 = DIRECTION('',(-6.661338147751E-16,-1.,-3.330669073875E-16));
#4467 = ORIENTED_EDGE('',*,*,#4359,.T.);
#4468 = ORIENTED_EDGE('',*,*,#4351,.F.);
#4469 = PLANE('',#4470);
#4470 = AXIS2_PLACEMENT_3D('',#4471,#4472,#4473);
#4471 = CARTESIAN_POINT('',(-105.8567619479,204.68342134843,
    1.166162154858E-14));
#4472 = DIRECTION('',(-1.110223024625E-16,-2.22044604925E-16,-1.));
#4473 = DIRECTION('',(-1.,-1.110223024625E-16,-2.22044604925E-16));
#4474 = ADVANCED_FACE('',(#4475),#4493,.T.);
#4475 = FACE_BOUND('',#4476,.T.);
#4476 = EDGE_LOOP('',(#4477,#4478,#4479,#4487));
#4477 = ORIENTED_EDGE('',*,*,#4392,.F.);
#4478 = ORIENTED_EDGE('',*,*,#3825,.T.);
#4479 = ORIENTED_EDGE('',*,*,#4480,.T.);
#4480 = EDGE_CURVE('',#3818,#4481,#4483,.T.);
#4481 = VERTEX_POINT('',#4482);
#4482 = CARTESIAN_POINT('',(-108.75,159.,3.5));
#4483 = LINE('',#4484,#4485);
#4484 = CARTESIAN_POINT('',(-106.45,156.,3.5));
#4485 = VECTOR('',#4486,1.);
#4486 = DIRECTION('',(-0.608431543657,0.793606361292,-1.409728087672E-16
    ));
#4487 = ORIENTED_EDGE('',*,*,#4488,.F.);
#4488 = EDGE_CURVE('',#4393,#4481,#4489,.T.);
#4489 = LINE('',#4490,#4491);
#4490 = CARTESIAN_POINT('',(-108.75,159.,1.049160758271E-14));
#4491 = VECTOR('',#4492,1.);
#4492 = DIRECTION('',(2.22044604925E-16,5.551115123126E-16,1.));
#4493 = PLANE('',#4494);
#4494 = AXIS2_PLACEMENT_3D('',#4495,#4496,#4497);
#4495 = CARTESIAN_POINT('',(-106.45,156.,1.110223024625E-14));
#4496 = DIRECTION('',(-0.793606361292,-0.608431543657,
    -4.199814927857E-16));
#4497 = DIRECTION('',(-0.608431543657,0.793606361292,-1.615313433791E-16
    ));
#4498 = ADVANCED_FACE('',(#4499),#4517,.T.);
#4499 = FACE_BOUND('',#4500,.T.);
#4500 = EDGE_LOOP('',(#4501,#4502,#4503,#4511));
#4501 = ORIENTED_EDGE('',*,*,#4480,.F.);
#4502 = ORIENTED_EDGE('',*,*,#3817,.T.);
#4503 = ORIENTED_EDGE('',*,*,#4504,.F.);
#4504 = EDGE_CURVE('',#4505,#3810,#4507,.T.);
#4505 = VERTEX_POINT('',#4506);
#4506 = CARTESIAN_POINT('',(-108.75,161.,3.5));
#4507 = LINE('',#4508,#4509);
#4508 = CARTESIAN_POINT('',(-108.75,161.,3.5));
#4509 = VECTOR('',#4510,1.);
#4510 = DIRECTION('',(1.,3.330669073875E-16,6.661338147751E-16));
#4511 = ORIENTED_EDGE('',*,*,#4512,.F.);
#4512 = EDGE_CURVE('',#4481,#4505,#4513,.T.);
#4513 = LINE('',#4514,#4515);
#4514 = CARTESIAN_POINT('',(-108.75,159.,3.5));
#4515 = VECTOR('',#4516,1.);
#4516 = DIRECTION('',(6.661338147751E-16,1.,3.330669073875E-16));
#4517 = PLANE('',#4518);
#4518 = AXIS2_PLACEMENT_3D('',#4519,#4520,#4521);
#4519 = CARTESIAN_POINT('',(-103.2772836946,158.341740554,3.5));
#4520 = DIRECTION('',(3.330669073875E-16,6.661338147751E-16,1.));
#4521 = DIRECTION('',(1.,3.330669073875E-16,6.661338147751E-16));
#4522 = ADVANCED_FACE('',(#4523),#4534,.T.);
#4523 = FACE_BOUND('',#4524,.T.);
#4524 = EDGE_LOOP('',(#4525,#4526,#4532,#4533));
#4525 = ORIENTED_EDGE('',*,*,#4408,.F.);
#4526 = ORIENTED_EDGE('',*,*,#4527,.T.);
#4527 = EDGE_CURVE('',#4401,#4505,#4528,.T.);
#4528 = LINE('',#4529,#4530);
#4529 = CARTESIAN_POINT('',(-108.75,161.,1.093569679256E-14));
#4530 = VECTOR('',#4531,1.);
#4531 = DIRECTION('',(2.22044604925E-16,5.551115123126E-16,1.));
#4532 = ORIENTED_EDGE('',*,*,#4504,.T.);
#4533 = ORIENTED_EDGE('',*,*,#3809,.T.);
#4534 = PLANE('',#4535);
#4535 = AXIS2_PLACEMENT_3D('',#4536,#4537,#4538);
#4536 = CARTESIAN_POINT('',(-108.75,161.,1.093569679256E-14));
#4537 = DIRECTION('',(4.440892098501E-16,1.,1.110223024625E-16));
#4538 = DIRECTION('',(1.,2.22044604925E-16,5.551115123126E-16));
#4539 = ADVANCED_FACE('',(#4540,#4615,#4651,#4687),#4723,.F.);
#4540 = FACE_BOUND('',#4541,.F.);
#4541 = EDGE_LOOP('',(#4542,#4550,#4551,#4552,#4560,#4568,#4576,#4582,
    #4583,#4584,#4585,#4593,#4601,#4609));
#4542 = ORIENTED_EDGE('',*,*,#4543,.T.);
#4543 = EDGE_CURVE('',#4544,#4440,#4546,.T.);
#4544 = VERTEX_POINT('',#4545);
#4545 = CARTESIAN_POINT('',(-94.,235.,44.45));
#4546 = LINE('',#4547,#4548);
#4547 = CARTESIAN_POINT('',(-94.,235.,44.45));
#4548 = VECTOR('',#4549,1.);
#4549 = DIRECTION('',(-2.22044604925E-16,-6.661338147751E-16,-1.));
#4550 = ORIENTED_EDGE('',*,*,#4447,.T.);
#4551 = ORIENTED_EDGE('',*,*,#3935,.T.);
#4552 = ORIENTED_EDGE('',*,*,#4553,.T.);
#4553 = EDGE_CURVE('',#3938,#4554,#4556,.T.);
#4554 = VERTEX_POINT('',#4555);
#4555 = CARTESIAN_POINT('',(-99.55,235.,6.));
#4556 = LINE('',#4557,#4558);
#4557 = CARTESIAN_POINT('',(-106.75,234.99999999999,6.));
#4558 = VECTOR('',#4559,1.);
#4559 = DIRECTION('',(1.,6.661338147751E-16,1.443289932013E-15));
#4560 = ORIENTED_EDGE('',*,*,#4561,.T.);
#4561 = EDGE_CURVE('',#4554,#4562,#4564,.T.);
#4562 = VERTEX_POINT('',#4563);
#4563 = CARTESIAN_POINT('',(-99.55,235.,34.));
#4564 = LINE('',#4565,#4566);
#4565 = CARTESIAN_POINT('',(-99.54999999999,234.99999999999,6.));
#4566 = VECTOR('',#4567,1.);
#4567 = DIRECTION('',(7.771561172376E-16,1.554312234475E-15,1.));
#4568 = ORIENTED_EDGE('',*,*,#4569,.F.);
#4569 = EDGE_CURVE('',#4570,#4562,#4572,.T.);
#4570 = VERTEX_POINT('',#4571);
#4571 = CARTESIAN_POINT('',(-103.55,235.,34.));
#4572 = LINE('',#4573,#4574);
#4573 = CARTESIAN_POINT('',(-106.75,234.99999999999,34.));
#4574 = VECTOR('',#4575,1.);
#4575 = DIRECTION('',(1.,6.661338147751E-16,1.443289932013E-15));
#4576 = ORIENTED_EDGE('',*,*,#4577,.T.);
#4577 = EDGE_CURVE('',#4570,#4198,#4578,.T.);
#4578 = LINE('',#4579,#4580);
#4579 = CARTESIAN_POINT('',(-103.5499999999,234.99999999999,
    1.36335387424E-13));
#4580 = VECTOR('',#4581,1.);
#4581 = DIRECTION('',(8.881784197001E-16,1.7763568394E-15,1.));
#4582 = ORIENTED_EDGE('',*,*,#4197,.F.);
#4583 = ORIENTED_EDGE('',*,*,#3793,.F.);
#4584 = ORIENTED_EDGE('',*,*,#4415,.T.);
#4585 = ORIENTED_EDGE('',*,*,#4586,.T.);
#4586 = EDGE_CURVE('',#4416,#4587,#4589,.T.);
#4587 = VERTEX_POINT('',#4588);
#4588 = CARTESIAN_POINT('',(-127.,235.,4.));
#4589 = LINE('',#4590,#4591);
#4590 = CARTESIAN_POINT('',(-123.,235.,1.42108547152E-14));
#4591 = VECTOR('',#4592,1.);
#4592 = DIRECTION('',(-0.707106781187,3.140184917368E-16,0.707106781187)
  );
#4593 = ORIENTED_EDGE('',*,*,#4594,.T.);
#4594 = EDGE_CURVE('',#4587,#4595,#4597,.T.);
#4595 = VERTEX_POINT('',#4596);
#4596 = CARTESIAN_POINT('',(-127.,235.,40.45));
#4597 = LINE('',#4598,#4599);
#4598 = CARTESIAN_POINT('',(-127.,235.,4.));
#4599 = VECTOR('',#4600,1.);
#4600 = DIRECTION('',(2.22044604925E-16,6.661338147751E-16,1.));
#4601 = ORIENTED_EDGE('',*,*,#4602,.T.);
#4602 = EDGE_CURVE('',#4595,#4603,#4605,.T.);
#4603 = VERTEX_POINT('',#4604);
#4604 = CARTESIAN_POINT('',(-123.,235.,44.45));
#4605 = LINE('',#4606,#4607);
#4606 = CARTESIAN_POINT('',(-127.,235.,40.45));
#4607 = VECTOR('',#4608,1.);
#4608 = DIRECTION('',(0.707106781187,6.280369834735E-16,0.707106781187)
  );
#4609 = ORIENTED_EDGE('',*,*,#4610,.T.);
#4610 = EDGE_CURVE('',#4603,#4544,#4611,.T.);
#4611 = LINE('',#4612,#4613);
#4612 = CARTESIAN_POINT('',(-123.,235.,44.45));
#4613 = VECTOR('',#4614,1.);
#4614 = DIRECTION('',(1.,2.22044604925E-16,4.440892098501E-16));
#4615 = FACE_BOUND('',#4616,.F.);
#4616 = EDGE_LOOP('',(#4617,#4628,#4636,#4645));
#4617 = ORIENTED_EDGE('',*,*,#4618,.T.);
#4618 = EDGE_CURVE('',#4619,#4621,#4623,.T.);
#4619 = VERTEX_POINT('',#4620);
#4620 = CARTESIAN_POINT('',(-120.4625,235.,9.65));
#4621 = VERTEX_POINT('',#4622);
#4622 = CARTESIAN_POINT('',(-120.4625,235.,3.05));
#4623 = CIRCLE('',#4624,3.3);
#4624 = AXIS2_PLACEMENT_3D('',#4625,#4626,#4627);
#4625 = CARTESIAN_POINT('',(-120.4625,235.,6.35));
#4626 = DIRECTION('',(1.110223024625E-16,-1.,4.440892098501E-16));
#4627 = DIRECTION('',(1.,1.110223024625E-16,2.22044604925E-16));
#4628 = ORIENTED_EDGE('',*,*,#4629,.T.);
#4629 = EDGE_CURVE('',#4621,#4630,#4632,.T.);
#4630 = VERTEX_POINT('',#4631);
#4631 = CARTESIAN_POINT('',(-116.0625,235.,3.05));
#4632 = LINE('',#4633,#4634);
#4633 = CARTESIAN_POINT('',(-120.4625,235.,3.05));
#4634 = VECTOR('',#4635,1.);
#4635 = DIRECTION('',(1.,1.110223024625E-16,2.22044604925E-16));
#4636 = ORIENTED_EDGE('',*,*,#4637,.T.);
#4637 = EDGE_CURVE('',#4630,#4638,#4640,.T.);
#4638 = VERTEX_POINT('',#4639);
#4639 = CARTESIAN_POINT('',(-116.0625,235.,9.65));
#4640 = CIRCLE('',#4641,3.3);
#4641 = AXIS2_PLACEMENT_3D('',#4642,#4643,#4644);
#4642 = CARTESIAN_POINT('',(-116.0625,235.,6.35));
#4643 = DIRECTION('',(1.110223024625E-16,-1.,4.440892098501E-16));
#4644 = DIRECTION('',(1.,1.110223024625E-16,2.22044604925E-16));
#4645 = ORIENTED_EDGE('',*,*,#4646,.T.);
#4646 = EDGE_CURVE('',#4638,#4619,#4647,.T.);
#4647 = LINE('',#4648,#4649);
#4648 = CARTESIAN_POINT('',(-116.0625,235.,9.65));
#4649 = VECTOR('',#4650,1.);
#4650 = DIRECTION('',(-1.,-1.110223024625E-16,-2.22044604925E-16));
#4651 = FACE_BOUND('',#4652,.F.);
#4652 = EDGE_LOOP('',(#4653,#4664,#4672,#4681));
#4653 = ORIENTED_EDGE('',*,*,#4654,.T.);
#4654 = EDGE_CURVE('',#4655,#4657,#4659,.T.);
#4655 = VERTEX_POINT('',#4656);
#4656 = CARTESIAN_POINT('',(-120.4625,235.,25.525));
#4657 = VERTEX_POINT('',#4658);
#4658 = CARTESIAN_POINT('',(-120.4625,235.,18.925));
#4659 = CIRCLE('',#4660,3.3);
#4660 = AXIS2_PLACEMENT_3D('',#4661,#4662,#4663);
#4661 = CARTESIAN_POINT('',(-120.4625,235.,22.225));
#4662 = DIRECTION('',(1.110223024625E-16,-1.,4.440892098501E-16));
#4663 = DIRECTION('',(1.,1.110223024625E-16,2.22044604925E-16));
#4664 = ORIENTED_EDGE('',*,*,#4665,.T.);
#4665 = EDGE_CURVE('',#4657,#4666,#4668,.T.);
#4666 = VERTEX_POINT('',#4667);
#4667 = CARTESIAN_POINT('',(-116.0625,235.,18.925));
#4668 = LINE('',#4669,#4670);
#4669 = CARTESIAN_POINT('',(-120.4625,235.,18.925));
#4670 = VECTOR('',#4671,1.);
#4671 = DIRECTION('',(1.,1.110223024625E-16,2.22044604925E-16));
#4672 = ORIENTED_EDGE('',*,*,#4673,.T.);
#4673 = EDGE_CURVE('',#4666,#4674,#4676,.T.);
#4674 = VERTEX_POINT('',#4675);
#4675 = CARTESIAN_POINT('',(-116.0625,235.,25.525));
#4676 = CIRCLE('',#4677,3.3);
#4677 = AXIS2_PLACEMENT_3D('',#4678,#4679,#4680);
#4678 = CARTESIAN_POINT('',(-116.0625,235.,22.225));
#4679 = DIRECTION('',(1.110223024625E-16,-1.,4.440892098501E-16));
#4680 = DIRECTION('',(1.,1.110223024625E-16,2.22044604925E-16));
#4681 = ORIENTED_EDGE('',*,*,#4682,.T.);
#4682 = EDGE_CURVE('',#4674,#4655,#4683,.T.);
#4683 = LINE('',#4684,#4685);
#4684 = CARTESIAN_POINT('',(-116.0625,235.,25.525));
#4685 = VECTOR('',#4686,1.);
#4686 = DIRECTION('',(-1.,-1.110223024625E-16,-2.22044604925E-16));
#4687 = FACE_BOUND('',#4688,.F.);
#4688 = EDGE_LOOP('',(#4689,#4700,#4708,#4717));
#4689 = ORIENTED_EDGE('',*,*,#4690,.T.);
#4690 = EDGE_CURVE('',#4691,#4693,#4695,.T.);
#4691 = VERTEX_POINT('',#4692);
#4692 = CARTESIAN_POINT('',(-120.4625,235.,41.4));
#4693 = VERTEX_POINT('',#4694);
#4694 = CARTESIAN_POINT('',(-120.4625,235.,34.8));
#4695 = CIRCLE('',#4696,3.3);
#4696 = AXIS2_PLACEMENT_3D('',#4697,#4698,#4699);
#4697 = CARTESIAN_POINT('',(-120.4625,235.,38.1));
#4698 = DIRECTION('',(1.110223024625E-16,-1.,4.440892098501E-16));
#4699 = DIRECTION('',(1.,1.110223024625E-16,2.22044604925E-16));
#4700 = ORIENTED_EDGE('',*,*,#4701,.T.);
#4701 = EDGE_CURVE('',#4693,#4702,#4704,.T.);
#4702 = VERTEX_POINT('',#4703);
#4703 = CARTESIAN_POINT('',(-116.0625,235.,34.8));
#4704 = LINE('',#4705,#4706);
#4705 = CARTESIAN_POINT('',(-120.4625,235.,34.8));
#4706 = VECTOR('',#4707,1.);
#4707 = DIRECTION('',(1.,1.110223024625E-16,2.22044604925E-16));
#4708 = ORIENTED_EDGE('',*,*,#4709,.T.);
#4709 = EDGE_CURVE('',#4702,#4710,#4712,.T.);
#4710 = VERTEX_POINT('',#4711);
#4711 = CARTESIAN_POINT('',(-116.0625,235.,41.4));
#4712 = CIRCLE('',#4713,3.3);
#4713 = AXIS2_PLACEMENT_3D('',#4714,#4715,#4716);
#4714 = CARTESIAN_POINT('',(-116.0625,235.,38.1));
#4715 = DIRECTION('',(1.110223024625E-16,-1.,4.440892098501E-16));
#4716 = DIRECTION('',(1.,1.110223024625E-16,2.22044604925E-16));
#4717 = ORIENTED_EDGE('',*,*,#4718,.T.);
#4718 = EDGE_CURVE('',#4710,#4691,#4719,.T.);
#4719 = LINE('',#4720,#4721);
#4720 = CARTESIAN_POINT('',(-116.0625,235.,41.4));
#4721 = VECTOR('',#4722,1.);
#4722 = DIRECTION('',(-1.,-1.110223024625E-16,-2.22044604925E-16));
#4723 = PLANE('',#4724);
#4724 = AXIS2_PLACEMENT_3D('',#4725,#4726,#4727);
#4725 = CARTESIAN_POINT('',(-109.9411214022,235.,22.225));
#4726 = DIRECTION('',(4.440892098501E-16,1.,2.22044604925E-16));
#4727 = DIRECTION('',(2.22044604925E-16,4.440892098501E-16,1.));
#4728 = ADVANCED_FACE('',(#4729),#4747,.T.);
#4729 = FACE_BOUND('',#4730,.T.);
#4730 = EDGE_LOOP('',(#4731,#4732,#4733,#4741));
#4731 = ORIENTED_EDGE('',*,*,#4454,.F.);
#4732 = ORIENTED_EDGE('',*,*,#4001,.T.);
#4733 = ORIENTED_EDGE('',*,*,#4734,.T.);
#4734 = EDGE_CURVE('',#3994,#4735,#4737,.T.);
#4735 = VERTEX_POINT('',#4736);
#4736 = CARTESIAN_POINT('',(-97.55,160.,3.5));
#4737 = LINE('',#4738,#4739);
#4738 = CARTESIAN_POINT('',(-103.85,160.,3.5));
#4739 = VECTOR('',#4740,1.);
#4740 = DIRECTION('',(1.,3.330669073875E-16,6.661338147751E-16));
#4741 = ORIENTED_EDGE('',*,*,#4742,.F.);
#4742 = EDGE_CURVE('',#4455,#4735,#4743,.T.);
#4743 = LINE('',#4744,#4745);
#4744 = CARTESIAN_POINT('',(-97.55,160.,1.693090112553E-14));
#4745 = VECTOR('',#4746,1.);
#4746 = DIRECTION('',(2.22044604925E-16,5.551115123126E-16,1.));
#4747 = PLANE('',#4748);
#4748 = AXIS2_PLACEMENT_3D('',#4749,#4750,#4751);
#4749 = CARTESIAN_POINT('',(-103.85,160.,1.343369859796E-14));
#4750 = DIRECTION('',(4.440892098501E-16,1.,1.110223024625E-16));
#4751 = DIRECTION('',(1.,2.22044604925E-16,5.551115123126E-16));
#4752 = ADVANCED_FACE('',(#4753),#4764,.T.);
#4753 = FACE_BOUND('',#4754,.T.);
#4754 = EDGE_LOOP('',(#4755,#4756,#4762,#4763));
#4755 = ORIENTED_EDGE('',*,*,#4375,.F.);
#4756 = ORIENTED_EDGE('',*,*,#4757,.F.);
#4757 = EDGE_CURVE('',#4735,#4368,#4758,.T.);
#4758 = LINE('',#4759,#4760);
#4759 = CARTESIAN_POINT('',(-97.55,160.,3.5));
#4760 = VECTOR('',#4761,1.);
#4761 = DIRECTION('',(-6.661338147751E-16,-1.,-3.330669073875E-16));
#4762 = ORIENTED_EDGE('',*,*,#4734,.F.);
#4763 = ORIENTED_EDGE('',*,*,#3993,.T.);
#4764 = PLANE('',#4765);
#4765 = AXIS2_PLACEMENT_3D('',#4766,#4767,#4768);
#4766 = CARTESIAN_POINT('',(-103.2772836946,158.341740554,3.5));
#4767 = DIRECTION('',(3.330669073875E-16,6.661338147751E-16,1.));
#4768 = DIRECTION('',(1.,3.330669073875E-16,6.661338147751E-16));
#4769 = ADVANCED_FACE('',(#4770),#4781,.F.);
#4770 = FACE_BOUND('',#4771,.F.);
#4771 = EDGE_LOOP('',(#4772,#4773,#4774,#4780));
#4772 = ORIENTED_EDGE('',*,*,#3945,.T.);
#4773 = ORIENTED_EDGE('',*,*,#4033,.T.);
#4774 = ORIENTED_EDGE('',*,*,#4775,.T.);
#4775 = EDGE_CURVE('',#4034,#4554,#4776,.T.);
#4776 = LINE('',#4777,#4778);
#4777 = CARTESIAN_POINT('',(-99.55,150.,6.));
#4778 = VECTOR('',#4779,1.);
#4779 = DIRECTION('',(1.554312234475E-15,1.,7.771561172376E-16));
#4780 = ORIENTED_EDGE('',*,*,#4553,.F.);
#4781 = PLANE('',#4782);
#4782 = AXIS2_PLACEMENT_3D('',#4783,#4784,#4785);
#4783 = CARTESIAN_POINT('',(-106.75,150.,6.));
#4784 = DIRECTION('',(5.551115123126E-16,1.33226762955E-15,1.));
#4785 = DIRECTION('',(1.443289932013E-15,1.,6.661338147751E-16));
#4786 = ADVANCED_FACE('',(#4787),#4798,.T.);
#4787 = FACE_BOUND('',#4788,.T.);
#4788 = EDGE_LOOP('',(#4789,#4790,#4796,#4797));
#4789 = ORIENTED_EDGE('',*,*,#4057,.T.);
#4790 = ORIENTED_EDGE('',*,*,#4791,.T.);
#4791 = EDGE_CURVE('',#4050,#4570,#4792,.T.);
#4792 = LINE('',#4793,#4794);
#4793 = CARTESIAN_POINT('',(-103.55,213.74999999999,34.));
#4794 = VECTOR('',#4795,1.);
#4795 = DIRECTION('',(1.33226762955E-15,1.,6.661338147751E-16));
#4796 = ORIENTED_EDGE('',*,*,#4577,.T.);
#4797 = ORIENTED_EDGE('',*,*,#4205,.T.);
#4798 = PLANE('',#4799);
#4799 = AXIS2_PLACEMENT_3D('',#4800,#4801,#4802);
#4800 = CARTESIAN_POINT('',(-103.55,192.49999999999,20.15));
#4801 = DIRECTION('',(1.,8.881784197001E-16,1.7763568394E-15));
#4802 = DIRECTION('',(8.881784197001E-16,1.7763568394E-15,1.));
#4803 = ADVANCED_FACE('',(#4804),#4815,.F.);
#4804 = FACE_BOUND('',#4805,.F.);
#4805 = EDGE_LOOP('',(#4806,#4807,#4808,#4814));
#4806 = ORIENTED_EDGE('',*,*,#4791,.T.);
#4807 = ORIENTED_EDGE('',*,*,#4569,.T.);
#4808 = ORIENTED_EDGE('',*,*,#4809,.T.);
#4809 = EDGE_CURVE('',#4562,#4042,#4810,.T.);
#4810 = LINE('',#4811,#4812);
#4811 = CARTESIAN_POINT('',(-99.54999999999,234.99999999999,34.));
#4812 = VECTOR('',#4813,1.);
#4813 = DIRECTION('',(-1.554312234475E-15,-1.,-7.771561172376E-16));
#4814 = ORIENTED_EDGE('',*,*,#4049,.F.);
#4815 = PLANE('',#4816);
#4816 = AXIS2_PLACEMENT_3D('',#4817,#4818,#4819);
#4817 = CARTESIAN_POINT('',(-106.75,234.99999999999,34.));
#4818 = DIRECTION('',(-5.551115123126E-16,-1.33226762955E-15,-1.));
#4819 = DIRECTION('',(-1.443289932013E-15,-1.,-6.661338147751E-16));
#4820 = ADVANCED_FACE('',(#4821),#4827,.T.);
#4821 = FACE_BOUND('',#4822,.T.);
#4822 = EDGE_LOOP('',(#4823,#4824,#4825,#4826));
#4823 = ORIENTED_EDGE('',*,*,#4775,.T.);
#4824 = ORIENTED_EDGE('',*,*,#4561,.T.);
#4825 = ORIENTED_EDGE('',*,*,#4809,.T.);
#4826 = ORIENTED_EDGE('',*,*,#4041,.T.);
#4827 = PLANE('',#4828);
#4828 = AXIS2_PLACEMENT_3D('',#4829,#4830,#4831);
#4829 = CARTESIAN_POINT('',(-99.55,192.49999999999,20.));
#4830 = DIRECTION('',(1.,7.771561172376E-16,1.554312234475E-15));
#4831 = DIRECTION('',(7.771561172376E-16,1.554312234475E-15,1.));
#4832 = ADVANCED_FACE('',(#4833),#4839,.T.);
#4833 = FACE_BOUND('',#4834,.T.);
#4834 = EDGE_LOOP('',(#4835,#4836,#4837,#4838));
#4835 = ORIENTED_EDGE('',*,*,#4742,.T.);
#4836 = ORIENTED_EDGE('',*,*,#4757,.T.);
#4837 = ORIENTED_EDGE('',*,*,#4367,.F.);
#4838 = ORIENTED_EDGE('',*,*,#4462,.F.);
#4839 = PLANE('',#4840);
#4840 = AXIS2_PLACEMENT_3D('',#4841,#4842,#4843);
#4841 = CARTESIAN_POINT('',(-97.55,160.,1.693090112553E-14));
#4842 = DIRECTION('',(1.,1.110223024625E-16,4.440892098501E-16));
#4843 = DIRECTION('',(-5.551115123126E-16,-1.,-2.22044604925E-16));
#4844 = ADVANCED_FACE('',(#4845),#4851,.T.);
#4845 = FACE_BOUND('',#4846,.T.);
#4846 = EDGE_LOOP('',(#4847,#4848,#4849,#4850));
#4847 = ORIENTED_EDGE('',*,*,#4488,.T.);
#4848 = ORIENTED_EDGE('',*,*,#4512,.T.);
#4849 = ORIENTED_EDGE('',*,*,#4527,.F.);
#4850 = ORIENTED_EDGE('',*,*,#4400,.F.);
#4851 = PLANE('',#4852);
#4852 = AXIS2_PLACEMENT_3D('',#4853,#4854,#4855);
#4853 = CARTESIAN_POINT('',(-108.75,159.,1.049160758271E-14));
#4854 = DIRECTION('',(-1.,-1.110223024625E-16,-4.440892098501E-16));
#4855 = DIRECTION('',(5.551115123126E-16,1.,2.22044604925E-16));
#4856 = ADVANCED_FACE('',(#4857),#4875,.F.);
#4857 = FACE_BOUND('',#4858,.F.);
#4858 = EDGE_LOOP('',(#4859,#4860,#4868,#4874));
#4859 = ORIENTED_EDGE('',*,*,#4423,.T.);
#4860 = ORIENTED_EDGE('',*,*,#4861,.T.);
#4861 = EDGE_CURVE('',#4424,#4862,#4864,.T.);
#4862 = VERTEX_POINT('',#4863);
#4863 = CARTESIAN_POINT('',(-127.,241.5,4.));
#4864 = LINE('',#4865,#4866);
#4865 = CARTESIAN_POINT('',(-123.,241.5,1.42108547152E-14));
#4866 = VECTOR('',#4867,1.);
#4867 = DIRECTION('',(-0.707106781187,3.140184917368E-16,0.707106781187)
  );
#4868 = ORIENTED_EDGE('',*,*,#4869,.F.);
#4869 = EDGE_CURVE('',#4587,#4862,#4870,.T.);
#4870 = LINE('',#4871,#4872);
#4871 = CARTESIAN_POINT('',(-127.,235.,4.));
#4872 = VECTOR('',#4873,1.);
#4873 = DIRECTION('',(3.330669073875E-16,1.,-1.110223024625E-16));
#4874 = ORIENTED_EDGE('',*,*,#4586,.F.);
#4875 = PLANE('',#4876);
#4876 = AXIS2_PLACEMENT_3D('',#4877,#4878,#4879);
#4877 = CARTESIAN_POINT('',(-123.,235.,8.82627304577E-15));
#4878 = DIRECTION('',(0.707106781187,3.140184917368E-16,0.707106781187)
  );
#4879 = DIRECTION('',(-0.707106781187,3.140184917368E-16,0.707106781187)
  );
#4880 = ADVANCED_FACE('',(#4881,#4915,#4951,#4987),#5023,.T.);
#4881 = FACE_BOUND('',#4882,.T.);
#4882 = EDGE_LOOP('',(#4883,#4884,#4885,#4893,#4901,#4909));
#4883 = ORIENTED_EDGE('',*,*,#4431,.T.);
#4884 = ORIENTED_EDGE('',*,*,#4861,.T.);
#4885 = ORIENTED_EDGE('',*,*,#4886,.T.);
#4886 = EDGE_CURVE('',#4862,#4887,#4889,.T.);
#4887 = VERTEX_POINT('',#4888);
#4888 = CARTESIAN_POINT('',(-127.,241.5,40.45));
#4889 = LINE('',#4890,#4891);
#4890 = CARTESIAN_POINT('',(-127.,241.5,4.));
#4891 = VECTOR('',#4892,1.);
#4892 = DIRECTION('',(2.22044604925E-16,6.661338147751E-16,1.));
#4893 = ORIENTED_EDGE('',*,*,#4894,.T.);
#4894 = EDGE_CURVE('',#4887,#4895,#4897,.T.);
#4895 = VERTEX_POINT('',#4896);
#4896 = CARTESIAN_POINT('',(-123.,241.5,44.45));
#4897 = LINE('',#4898,#4899);
#4898 = CARTESIAN_POINT('',(-127.,241.5,40.45));
#4899 = VECTOR('',#4900,1.);
#4900 = DIRECTION('',(0.707106781187,6.280369834735E-16,0.707106781187)
  );
#4901 = ORIENTED_EDGE('',*,*,#4902,.T.);
#4902 = EDGE_CURVE('',#4895,#4903,#4905,.T.);
#4903 = VERTEX_POINT('',#4904);
#4904 = CARTESIAN_POINT('',(-94.,241.5,44.45));
#4905 = LINE('',#4906,#4907);
#4906 = CARTESIAN_POINT('',(-123.,241.5,44.45));
#4907 = VECTOR('',#4908,1.);
#4908 = DIRECTION('',(1.,2.22044604925E-16,4.440892098501E-16));
#4909 = ORIENTED_EDGE('',*,*,#4910,.T.);
#4910 = EDGE_CURVE('',#4903,#4432,#4911,.T.);
#4911 = LINE('',#4912,#4913);
#4912 = CARTESIAN_POINT('',(-94.,241.5,44.45));
#4913 = VECTOR('',#4914,1.);
#4914 = DIRECTION('',(-2.22044604925E-16,-6.661338147751E-16,-1.));
#4915 = FACE_BOUND('',#4916,.T.);
#4916 = EDGE_LOOP('',(#4917,#4928,#4936,#4945));
#4917 = ORIENTED_EDGE('',*,*,#4918,.T.);
#4918 = EDGE_CURVE('',#4919,#4921,#4923,.T.);
#4919 = VERTEX_POINT('',#4920);
#4920 = CARTESIAN_POINT('',(-120.4625,241.5,9.65));
#4921 = VERTEX_POINT('',#4922);
#4922 = CARTESIAN_POINT('',(-120.4625,241.5,3.05));
#4923 = CIRCLE('',#4924,3.3);
#4924 = AXIS2_PLACEMENT_3D('',#4925,#4926,#4927);
#4925 = CARTESIAN_POINT('',(-120.4625,241.5,6.35));
#4926 = DIRECTION('',(1.110223024625E-16,-1.,4.440892098501E-16));
#4927 = DIRECTION('',(1.,1.110223024625E-16,2.22044604925E-16));
#4928 = ORIENTED_EDGE('',*,*,#4929,.T.);
#4929 = EDGE_CURVE('',#4921,#4930,#4932,.T.);
#4930 = VERTEX_POINT('',#4931);
#4931 = CARTESIAN_POINT('',(-116.0625,241.5,3.05));
#4932 = LINE('',#4933,#4934);
#4933 = CARTESIAN_POINT('',(-120.4625,241.5,3.05));
#4934 = VECTOR('',#4935,1.);
#4935 = DIRECTION('',(1.,1.110223024625E-16,2.22044604925E-16));
#4936 = ORIENTED_EDGE('',*,*,#4937,.T.);
#4937 = EDGE_CURVE('',#4930,#4938,#4940,.T.);
#4938 = VERTEX_POINT('',#4939);
#4939 = CARTESIAN_POINT('',(-116.0625,241.5,9.65));
#4940 = CIRCLE('',#4941,3.3);
#4941 = AXIS2_PLACEMENT_3D('',#4942,#4943,#4944);
#4942 = CARTESIAN_POINT('',(-116.0625,241.5,6.35));
#4943 = DIRECTION('',(1.110223024625E-16,-1.,4.440892098501E-16));
#4944 = DIRECTION('',(1.,1.110223024625E-16,2.22044604925E-16));
#4945 = ORIENTED_EDGE('',*,*,#4946,.T.);
#4946 = EDGE_CURVE('',#4938,#4919,#4947,.T.);
#4947 = LINE('',#4948,#4949);
#4948 = CARTESIAN_POINT('',(-116.0625,241.5,9.65));
#4949 = VECTOR('',#4950,1.);
#4950 = DIRECTION('',(-1.,-1.110223024625E-16,-2.22044604925E-16));
#4951 = FACE_BOUND('',#4952,.T.);
#4952 = EDGE_LOOP('',(#4953,#4964,#4972,#4981));
#4953 = ORIENTED_EDGE('',*,*,#4954,.T.);
#4954 = EDGE_CURVE('',#4955,#4957,#4959,.T.);
#4955 = VERTEX_POINT('',#4956);
#4956 = CARTESIAN_POINT('',(-120.4625,241.5,25.525));
#4957 = VERTEX_POINT('',#4958);
#4958 = CARTESIAN_POINT('',(-120.4625,241.5,18.925));
#4959 = CIRCLE('',#4960,3.3);
#4960 = AXIS2_PLACEMENT_3D('',#4961,#4962,#4963);
#4961 = CARTESIAN_POINT('',(-120.4625,241.5,22.225));
#4962 = DIRECTION('',(1.110223024625E-16,-1.,4.440892098501E-16));
#4963 = DIRECTION('',(1.,1.110223024625E-16,2.22044604925E-16));
#4964 = ORIENTED_EDGE('',*,*,#4965,.T.);
#4965 = EDGE_CURVE('',#4957,#4966,#4968,.T.);
#4966 = VERTEX_POINT('',#4967);
#4967 = CARTESIAN_POINT('',(-116.0625,241.5,18.925));
#4968 = LINE('',#4969,#4970);
#4969 = CARTESIAN_POINT('',(-120.4625,241.5,18.925));
#4970 = VECTOR('',#4971,1.);
#4971 = DIRECTION('',(1.,1.110223024625E-16,2.22044604925E-16));
#4972 = ORIENTED_EDGE('',*,*,#4973,.T.);
#4973 = EDGE_CURVE('',#4966,#4974,#4976,.T.);
#4974 = VERTEX_POINT('',#4975);
#4975 = CARTESIAN_POINT('',(-116.0625,241.5,25.525));
#4976 = CIRCLE('',#4977,3.3);
#4977 = AXIS2_PLACEMENT_3D('',#4978,#4979,#4980);
#4978 = CARTESIAN_POINT('',(-116.0625,241.5,22.225));
#4979 = DIRECTION('',(1.110223024625E-16,-1.,4.440892098501E-16));
#4980 = DIRECTION('',(1.,1.110223024625E-16,2.22044604925E-16));
#4981 = ORIENTED_EDGE('',*,*,#4982,.T.);
#4982 = EDGE_CURVE('',#4974,#4955,#4983,.T.);
#4983 = LINE('',#4984,#4985);
#4984 = CARTESIAN_POINT('',(-116.0625,241.5,25.525));
#4985 = VECTOR('',#4986,1.);
#4986 = DIRECTION('',(-1.,-1.110223024625E-16,-2.22044604925E-16));
#4987 = FACE_BOUND('',#4988,.T.);
#4988 = EDGE_LOOP('',(#4989,#5000,#5008,#5017));
#4989 = ORIENTED_EDGE('',*,*,#4990,.T.);
#4990 = EDGE_CURVE('',#4991,#4993,#4995,.T.);
#4991 = VERTEX_POINT('',#4992);
#4992 = CARTESIAN_POINT('',(-120.4625,241.5,41.4));
#4993 = VERTEX_POINT('',#4994);
#4994 = CARTESIAN_POINT('',(-120.4625,241.5,34.8));
#4995 = CIRCLE('',#4996,3.3);
#4996 = AXIS2_PLACEMENT_3D('',#4997,#4998,#4999);
#4997 = CARTESIAN_POINT('',(-120.4625,241.5,38.1));
#4998 = DIRECTION('',(1.110223024625E-16,-1.,4.440892098501E-16));
#4999 = DIRECTION('',(1.,1.110223024625E-16,2.22044604925E-16));
#5000 = ORIENTED_EDGE('',*,*,#5001,.T.);
#5001 = EDGE_CURVE('',#4993,#5002,#5004,.T.);
#5002 = VERTEX_POINT('',#5003);
#5003 = CARTESIAN_POINT('',(-116.0625,241.5,34.8));
#5004 = LINE('',#5005,#5006);
#5005 = CARTESIAN_POINT('',(-120.4625,241.5,34.8));
#5006 = VECTOR('',#5007,1.);
#5007 = DIRECTION('',(1.,1.110223024625E-16,2.22044604925E-16));
#5008 = ORIENTED_EDGE('',*,*,#5009,.T.);
#5009 = EDGE_CURVE('',#5002,#5010,#5012,.T.);
#5010 = VERTEX_POINT('',#5011);
#5011 = CARTESIAN_POINT('',(-116.0625,241.5,41.4));
#5012 = CIRCLE('',#5013,3.3);
#5013 = AXIS2_PLACEMENT_3D('',#5014,#5015,#5016);
#5014 = CARTESIAN_POINT('',(-116.0625,241.5,38.1));
#5015 = DIRECTION('',(1.110223024625E-16,-1.,4.440892098501E-16));
#5016 = DIRECTION('',(1.,1.110223024625E-16,2.22044604925E-16));
#5017 = ORIENTED_EDGE('',*,*,#5018,.T.);
#5018 = EDGE_CURVE('',#5010,#4991,#5019,.T.);
#5019 = LINE('',#5020,#5021);
#5020 = CARTESIAN_POINT('',(-116.0625,241.5,41.4));
#5021 = VECTOR('',#5022,1.);
#5022 = DIRECTION('',(-1.,-1.110223024625E-16,-2.22044604925E-16));
#5023 = PLANE('',#5024);
#5024 = AXIS2_PLACEMENT_3D('',#5025,#5026,#5027);
#5025 = CARTESIAN_POINT('',(-109.9411214022,241.5,22.225));
#5026 = DIRECTION('',(4.440892098501E-16,1.,2.22044604925E-16));
#5027 = DIRECTION('',(2.22044604925E-16,4.440892098501E-16,1.));
#5028 = ADVANCED_FACE('',(#5029),#5040,.F.);
#5029 = FACE_BOUND('',#5030,.F.);
#5030 = EDGE_LOOP('',(#5031,#5037,#5038,#5039));
#5031 = ORIENTED_EDGE('',*,*,#5032,.T.);
#5032 = EDGE_CURVE('',#4544,#4903,#5033,.T.);
#5033 = LINE('',#5034,#5035);
#5034 = CARTESIAN_POINT('',(-94.,235.,44.45));
#5035 = VECTOR('',#5036,1.);
#5036 = DIRECTION('',(3.330669073875E-16,1.,-1.110223024625E-16));
#5037 = ORIENTED_EDGE('',*,*,#4910,.T.);
#5038 = ORIENTED_EDGE('',*,*,#4439,.F.);
#5039 = ORIENTED_EDGE('',*,*,#4543,.F.);
#5040 = PLANE('',#5041);
#5041 = AXIS2_PLACEMENT_3D('',#5042,#5043,#5044);
#5042 = CARTESIAN_POINT('',(-94.,235.,44.45));
#5043 = DIRECTION('',(-1.,-2.736911063134E-48,-2.22044604925E-16));
#5044 = DIRECTION('',(-1.110223024625E-16,-5.551115123126E-16,-1.));
#5045 = ADVANCED_FACE('',(#5046),#5057,.F.);
#5046 = FACE_BOUND('',#5047,.F.);
#5047 = EDGE_LOOP('',(#5048,#5054,#5055,#5056));
#5048 = ORIENTED_EDGE('',*,*,#5049,.T.);
#5049 = EDGE_CURVE('',#4603,#4895,#5050,.T.);
#5050 = LINE('',#5051,#5052);
#5051 = CARTESIAN_POINT('',(-123.,235.,44.45));
#5052 = VECTOR('',#5053,1.);
#5053 = DIRECTION('',(3.330669073875E-16,1.,-1.110223024625E-16));
#5054 = ORIENTED_EDGE('',*,*,#4902,.T.);
#5055 = ORIENTED_EDGE('',*,*,#5032,.F.);
#5056 = ORIENTED_EDGE('',*,*,#4610,.F.);
#5057 = PLANE('',#5058);
#5058 = AXIS2_PLACEMENT_3D('',#5059,#5060,#5061);
#5059 = CARTESIAN_POINT('',(-123.,235.,44.45));
#5060 = DIRECTION('',(-3.697785493223E-32,-4.440892098501E-16,-1.));
#5061 = DIRECTION('',(1.,1.110223024625E-16,3.330669073875E-16));
#5062 = ADVANCED_FACE('',(#5063),#5074,.F.);
#5063 = FACE_BOUND('',#5064,.F.);
#5064 = EDGE_LOOP('',(#5065,#5071,#5072,#5073));
#5065 = ORIENTED_EDGE('',*,*,#5066,.T.);
#5066 = EDGE_CURVE('',#4595,#4887,#5067,.T.);
#5067 = LINE('',#5068,#5069);
#5068 = CARTESIAN_POINT('',(-127.,235.,40.45));
#5069 = VECTOR('',#5070,1.);
#5070 = DIRECTION('',(3.330669073875E-16,1.,-1.110223024625E-16));
#5071 = ORIENTED_EDGE('',*,*,#4894,.T.);
#5072 = ORIENTED_EDGE('',*,*,#5049,.F.);
#5073 = ORIENTED_EDGE('',*,*,#4602,.F.);
#5074 = PLANE('',#5075);
#5075 = AXIS2_PLACEMENT_3D('',#5076,#5077,#5078);
#5076 = CARTESIAN_POINT('',(-127.,235.,40.45));
#5077 = DIRECTION('',(0.707106781187,-3.140184917368E-16,-0.707106781187
    ));
#5078 = DIRECTION('',(0.707106781187,4.710277376051E-16,0.707106781187)
  );
#5079 = ADVANCED_FACE('',(#5080),#5086,.F.);
#5080 = FACE_BOUND('',#5081,.F.);
#5081 = EDGE_LOOP('',(#5082,#5083,#5084,#5085));
#5082 = ORIENTED_EDGE('',*,*,#4869,.T.);
#5083 = ORIENTED_EDGE('',*,*,#4886,.T.);
#5084 = ORIENTED_EDGE('',*,*,#5066,.F.);
#5085 = ORIENTED_EDGE('',*,*,#4594,.F.);
#5086 = PLANE('',#5087);
#5087 = AXIS2_PLACEMENT_3D('',#5088,#5089,#5090);
#5088 = CARTESIAN_POINT('',(-127.,235.,4.));
#5089 = DIRECTION('',(1.,2.736911063134E-48,2.22044604925E-16));
#5090 = DIRECTION('',(1.110223024625E-16,5.551115123126E-16,1.));
#5091 = ADVANCED_FACE('',(#5092),#5108,.F.);
#5092 = FACE_BOUND('',#5093,.T.);
#5093 = EDGE_LOOP('',(#5094,#5100,#5101,#5107));
#5094 = ORIENTED_EDGE('',*,*,#5095,.T.);
#5095 = EDGE_CURVE('',#4919,#4619,#5096,.T.);
#5096 = LINE('',#5097,#5098);
#5097 = CARTESIAN_POINT('',(-120.4625,241.5,9.65));
#5098 = VECTOR('',#5099,1.);
#5099 = DIRECTION('',(-1.110223024625E-16,-1.,2.22044604925E-16));
#5100 = ORIENTED_EDGE('',*,*,#4618,.T.);
#5101 = ORIENTED_EDGE('',*,*,#5102,.F.);
#5102 = EDGE_CURVE('',#4921,#4621,#5103,.T.);
#5103 = LINE('',#5104,#5105);
#5104 = CARTESIAN_POINT('',(-120.4625,241.5,3.05));
#5105 = VECTOR('',#5106,1.);
#5106 = DIRECTION('',(-1.110223024625E-16,-1.,2.22044604925E-16));
#5107 = ORIENTED_EDGE('',*,*,#4918,.F.);
#5108 = CYLINDRICAL_SURFACE('',#5109,3.3);
#5109 = AXIS2_PLACEMENT_3D('',#5110,#5111,#5112);
#5110 = CARTESIAN_POINT('',(-120.4625,241.5,6.35));
#5111 = DIRECTION('',(3.697785493223E-32,1.,-3.330669073875E-16));
#5112 = DIRECTION('',(1.,0.,1.110223024625E-16));
#5113 = ADVANCED_FACE('',(#5114),#5125,.T.);
#5114 = FACE_BOUND('',#5115,.T.);
#5115 = EDGE_LOOP('',(#5116,#5122,#5123,#5124));
#5116 = ORIENTED_EDGE('',*,*,#5117,.T.);
#5117 = EDGE_CURVE('',#4938,#4638,#5118,.T.);
#5118 = LINE('',#5119,#5120);
#5119 = CARTESIAN_POINT('',(-116.0625,241.5,9.65));
#5120 = VECTOR('',#5121,1.);
#5121 = DIRECTION('',(-1.110223024625E-16,-1.,2.22044604925E-16));
#5122 = ORIENTED_EDGE('',*,*,#4646,.T.);
#5123 = ORIENTED_EDGE('',*,*,#5095,.F.);
#5124 = ORIENTED_EDGE('',*,*,#4946,.F.);
#5125 = PLANE('',#5126);
#5126 = AXIS2_PLACEMENT_3D('',#5127,#5128,#5129);
#5127 = CARTESIAN_POINT('',(-116.0625,241.5,9.65));
#5128 = DIRECTION('',(1.110223024625E-16,-2.22044604925E-16,-1.));
#5129 = DIRECTION('',(-1.,0.,-1.110223024625E-16));
#5130 = ADVANCED_FACE('',(#5131),#5142,.F.);
#5131 = FACE_BOUND('',#5132,.T.);
#5132 = EDGE_LOOP('',(#5133,#5139,#5140,#5141));
#5133 = ORIENTED_EDGE('',*,*,#5134,.T.);
#5134 = EDGE_CURVE('',#4930,#4630,#5135,.T.);
#5135 = LINE('',#5136,#5137);
#5136 = CARTESIAN_POINT('',(-116.0625,241.5,3.05));
#5137 = VECTOR('',#5138,1.);
#5138 = DIRECTION('',(-1.110223024625E-16,-1.,2.22044604925E-16));
#5139 = ORIENTED_EDGE('',*,*,#4637,.T.);
#5140 = ORIENTED_EDGE('',*,*,#5117,.F.);
#5141 = ORIENTED_EDGE('',*,*,#4937,.F.);
#5142 = CYLINDRICAL_SURFACE('',#5143,3.3);
#5143 = AXIS2_PLACEMENT_3D('',#5144,#5145,#5146);
#5144 = CARTESIAN_POINT('',(-116.0625,241.5,6.35));
#5145 = DIRECTION('',(3.697785493223E-32,1.,-3.330669073875E-16));
#5146 = DIRECTION('',(1.,0.,1.110223024625E-16));
#5147 = ADVANCED_FACE('',(#5148),#5154,.T.);
#5148 = FACE_BOUND('',#5149,.T.);
#5149 = EDGE_LOOP('',(#5150,#5151,#5152,#5153));
#5150 = ORIENTED_EDGE('',*,*,#5102,.T.);
#5151 = ORIENTED_EDGE('',*,*,#4629,.T.);
#5152 = ORIENTED_EDGE('',*,*,#5134,.F.);
#5153 = ORIENTED_EDGE('',*,*,#4929,.F.);
#5154 = PLANE('',#5155);
#5155 = AXIS2_PLACEMENT_3D('',#5156,#5157,#5158);
#5156 = CARTESIAN_POINT('',(-120.4625,241.5,3.05));
#5157 = DIRECTION('',(-1.110223024625E-16,2.22044604925E-16,1.));
#5158 = DIRECTION('',(1.,0.,1.110223024625E-16));
#5159 = ADVANCED_FACE('',(#5160),#5176,.F.);
#5160 = FACE_BOUND('',#5161,.T.);
#5161 = EDGE_LOOP('',(#5162,#5168,#5169,#5175));
#5162 = ORIENTED_EDGE('',*,*,#5163,.T.);
#5163 = EDGE_CURVE('',#4955,#4655,#5164,.T.);
#5164 = LINE('',#5165,#5166);
#5165 = CARTESIAN_POINT('',(-120.4625,241.5,25.525));
#5166 = VECTOR('',#5167,1.);
#5167 = DIRECTION('',(-1.110223024625E-16,-1.,2.22044604925E-16));
#5168 = ORIENTED_EDGE('',*,*,#4654,.T.);
#5169 = ORIENTED_EDGE('',*,*,#5170,.F.);
#5170 = EDGE_CURVE('',#4957,#4657,#5171,.T.);
#5171 = LINE('',#5172,#5173);
#5172 = CARTESIAN_POINT('',(-120.4625,241.5,18.925));
#5173 = VECTOR('',#5174,1.);
#5174 = DIRECTION('',(-1.110223024625E-16,-1.,2.22044604925E-16));
#5175 = ORIENTED_EDGE('',*,*,#4954,.F.);
#5176 = CYLINDRICAL_SURFACE('',#5177,3.3);
#5177 = AXIS2_PLACEMENT_3D('',#5178,#5179,#5180);
#5178 = CARTESIAN_POINT('',(-120.4625,241.5,22.225));
#5179 = DIRECTION('',(3.697785493223E-32,1.,-3.330669073875E-16));
#5180 = DIRECTION('',(1.,0.,1.110223024625E-16));
#5181 = ADVANCED_FACE('',(#5182),#5193,.T.);
#5182 = FACE_BOUND('',#5183,.T.);
#5183 = EDGE_LOOP('',(#5184,#5190,#5191,#5192));
#5184 = ORIENTED_EDGE('',*,*,#5185,.T.);
#5185 = EDGE_CURVE('',#4974,#4674,#5186,.T.);
#5186 = LINE('',#5187,#5188);
#5187 = CARTESIAN_POINT('',(-116.0625,241.5,25.525));
#5188 = VECTOR('',#5189,1.);
#5189 = DIRECTION('',(-1.110223024625E-16,-1.,2.22044604925E-16));
#5190 = ORIENTED_EDGE('',*,*,#4682,.T.);
#5191 = ORIENTED_EDGE('',*,*,#5163,.F.);
#5192 = ORIENTED_EDGE('',*,*,#4982,.F.);
#5193 = PLANE('',#5194);
#5194 = AXIS2_PLACEMENT_3D('',#5195,#5196,#5197);
#5195 = CARTESIAN_POINT('',(-116.0625,241.5,25.525));
#5196 = DIRECTION('',(1.110223024625E-16,-2.22044604925E-16,-1.));
#5197 = DIRECTION('',(-1.,0.,-1.110223024625E-16));
#5198 = ADVANCED_FACE('',(#5199),#5210,.F.);
#5199 = FACE_BOUND('',#5200,.T.);
#5200 = EDGE_LOOP('',(#5201,#5207,#5208,#5209));
#5201 = ORIENTED_EDGE('',*,*,#5202,.T.);
#5202 = EDGE_CURVE('',#4966,#4666,#5203,.T.);
#5203 = LINE('',#5204,#5205);
#5204 = CARTESIAN_POINT('',(-116.0625,241.5,18.925));
#5205 = VECTOR('',#5206,1.);
#5206 = DIRECTION('',(-1.110223024625E-16,-1.,2.22044604925E-16));
#5207 = ORIENTED_EDGE('',*,*,#4673,.T.);
#5208 = ORIENTED_EDGE('',*,*,#5185,.F.);
#5209 = ORIENTED_EDGE('',*,*,#4973,.F.);
#5210 = CYLINDRICAL_SURFACE('',#5211,3.3);
#5211 = AXIS2_PLACEMENT_3D('',#5212,#5213,#5214);
#5212 = CARTESIAN_POINT('',(-116.0625,241.5,22.225));
#5213 = DIRECTION('',(3.697785493223E-32,1.,-3.330669073875E-16));
#5214 = DIRECTION('',(1.,0.,1.110223024625E-16));
#5215 = ADVANCED_FACE('',(#5216),#5222,.T.);
#5216 = FACE_BOUND('',#5217,.T.);
#5217 = EDGE_LOOP('',(#5218,#5219,#5220,#5221));
#5218 = ORIENTED_EDGE('',*,*,#5170,.T.);
#5219 = ORIENTED_EDGE('',*,*,#4665,.T.);
#5220 = ORIENTED_EDGE('',*,*,#5202,.F.);
#5221 = ORIENTED_EDGE('',*,*,#4965,.F.);
#5222 = PLANE('',#5223);
#5223 = AXIS2_PLACEMENT_3D('',#5224,#5225,#5226);
#5224 = CARTESIAN_POINT('',(-120.4625,241.5,18.925));
#5225 = DIRECTION('',(-1.110223024625E-16,2.22044604925E-16,1.));
#5226 = DIRECTION('',(1.,0.,1.110223024625E-16));
#5227 = ADVANCED_FACE('',(#5228),#5244,.F.);
#5228 = FACE_BOUND('',#5229,.T.);
#5229 = EDGE_LOOP('',(#5230,#5236,#5237,#5243));
#5230 = ORIENTED_EDGE('',*,*,#5231,.T.);
#5231 = EDGE_CURVE('',#4991,#4691,#5232,.T.);
#5232 = LINE('',#5233,#5234);
#5233 = CARTESIAN_POINT('',(-120.4625,241.5,41.4));
#5234 = VECTOR('',#5235,1.);
#5235 = DIRECTION('',(-1.110223024625E-16,-1.,2.22044604925E-16));
#5236 = ORIENTED_EDGE('',*,*,#4690,.T.);
#5237 = ORIENTED_EDGE('',*,*,#5238,.F.);
#5238 = EDGE_CURVE('',#4993,#4693,#5239,.T.);
#5239 = LINE('',#5240,#5241);
#5240 = CARTESIAN_POINT('',(-120.4625,241.5,34.8));
#5241 = VECTOR('',#5242,1.);
#5242 = DIRECTION('',(-1.110223024625E-16,-1.,2.22044604925E-16));
#5243 = ORIENTED_EDGE('',*,*,#4990,.F.);
#5244 = CYLINDRICAL_SURFACE('',#5245,3.3);
#5245 = AXIS2_PLACEMENT_3D('',#5246,#5247,#5248);
#5246 = CARTESIAN_POINT('',(-120.4625,241.5,38.1));
#5247 = DIRECTION('',(3.697785493223E-32,1.,-3.330669073875E-16));
#5248 = DIRECTION('',(1.,0.,1.110223024625E-16));
#5249 = ADVANCED_FACE('',(#5250),#5261,.T.);
#5250 = FACE_BOUND('',#5251,.T.);
#5251 = EDGE_LOOP('',(#5252,#5258,#5259,#5260));
#5252 = ORIENTED_EDGE('',*,*,#5253,.T.);
#5253 = EDGE_CURVE('',#5010,#4710,#5254,.T.);
#5254 = LINE('',#5255,#5256);
#5255 = CARTESIAN_POINT('',(-116.0625,241.5,41.4));
#5256 = VECTOR('',#5257,1.);
#5257 = DIRECTION('',(-1.110223024625E-16,-1.,2.22044604925E-16));
#5258 = ORIENTED_EDGE('',*,*,#4718,.T.);
#5259 = ORIENTED_EDGE('',*,*,#5231,.F.);
#5260 = ORIENTED_EDGE('',*,*,#5018,.F.);
#5261 = PLANE('',#5262);
#5262 = AXIS2_PLACEMENT_3D('',#5263,#5264,#5265);
#5263 = CARTESIAN_POINT('',(-116.0625,241.5,41.4));
#5264 = DIRECTION('',(1.110223024625E-16,-2.22044604925E-16,-1.));
#5265 = DIRECTION('',(-1.,0.,-1.110223024625E-16));
#5266 = ADVANCED_FACE('',(#5267),#5278,.F.);
#5267 = FACE_BOUND('',#5268,.T.);
#5268 = EDGE_LOOP('',(#5269,#5275,#5276,#5277));
#5269 = ORIENTED_EDGE('',*,*,#5270,.T.);
#5270 = EDGE_CURVE('',#5002,#4702,#5271,.T.);
#5271 = LINE('',#5272,#5273);
#5272 = CARTESIAN_POINT('',(-116.0625,241.5,34.8));
#5273 = VECTOR('',#5274,1.);
#5274 = DIRECTION('',(-1.110223024625E-16,-1.,2.22044604925E-16));
#5275 = ORIENTED_EDGE('',*,*,#4709,.T.);
#5276 = ORIENTED_EDGE('',*,*,#5253,.F.);
#5277 = ORIENTED_EDGE('',*,*,#5009,.F.);
#5278 = CYLINDRICAL_SURFACE('',#5279,3.3);
#5279 = AXIS2_PLACEMENT_3D('',#5280,#5281,#5282);
#5280 = CARTESIAN_POINT('',(-116.0625,241.5,38.1));
#5281 = DIRECTION('',(3.697785493223E-32,1.,-3.330669073875E-16));
#5282 = DIRECTION('',(1.,0.,1.110223024625E-16));
#5283 = ADVANCED_FACE('',(#5284),#5290,.T.);
#5284 = FACE_BOUND('',#5285,.T.);
#5285 = EDGE_LOOP('',(#5286,#5287,#5288,#5289));
#5286 = ORIENTED_EDGE('',*,*,#5238,.T.);
#5287 = ORIENTED_EDGE('',*,*,#4701,.T.);
#5288 = ORIENTED_EDGE('',*,*,#5270,.F.);
#5289 = ORIENTED_EDGE('',*,*,#5001,.F.);
#5290 = PLANE('',#5291);
#5291 = AXIS2_PLACEMENT_3D('',#5292,#5293,#5294);
#5292 = CARTESIAN_POINT('',(-120.4625,241.5,34.8));
#5293 = DIRECTION('',(-1.110223024625E-16,2.22044604925E-16,1.));
#5294 = DIRECTION('',(1.,0.,1.110223024625E-16));
#5295 = MANIFOLD_SOLID_BREP('',#5296);
#5296 = CLOSED_SHELL('',(#5297,#5353,#5384,#5472,#5599,#5623,#5711,#5792
    ,#5809,#5833,#5857,#5874,#5905,#5922,#5939,#5951,#5997,#6014,#6031,
    #6043,#6055,#6258,#6331,#6355,#6379,#6396,#6413,#6437,#6454,#6471,
    #6488,#6500,#6512,#6536,#6560,#6584,#6608,#6625,#6657,#6681,#6706,
    #6723,#6755,#6779,#6804,#6821,#6853,#6877,#6902,#6919,#6951));
#5297 = ADVANCED_FACE('',(#5298),#5348,.T.);
#5298 = FACE_BOUND('',#5299,.T.);
#5299 = EDGE_LOOP('',(#5300,#5310,#5318,#5326,#5334,#5342));
#5300 = ORIENTED_EDGE('',*,*,#5301,.F.);
#5301 = EDGE_CURVE('',#5302,#5304,#5306,.T.);
#5302 = VERTEX_POINT('',#5303);
#5303 = CARTESIAN_POINT('',(105.75,150.,0.));
#5304 = VERTEX_POINT('',#5305);
#5305 = CARTESIAN_POINT('',(105.75,154.,0.));
#5306 = LINE('',#5307,#5308);
#5307 = CARTESIAN_POINT('',(105.75,150.,1.413591466104E-13));
#5308 = VECTOR('',#5309,1.);
#5309 = DIRECTION('',(1.221245327088E-15,1.,3.330669073875E-16));
#5310 = ORIENTED_EDGE('',*,*,#5311,.T.);
#5311 = EDGE_CURVE('',#5302,#5312,#5314,.T.);
#5312 = VERTEX_POINT('',#5313);
#5313 = CARTESIAN_POINT('',(103.55,150.,0.));
#5314 = LINE('',#5315,#5316);
#5315 = CARTESIAN_POINT('',(106.75,150.,1.995348331008E-13));
#5316 = VECTOR('',#5317,1.);
#5317 = DIRECTION('',(-1.,-7.771561172376E-16,-1.665334536938E-15));
#5318 = ORIENTED_EDGE('',*,*,#5319,.T.);
#5319 = EDGE_CURVE('',#5312,#5320,#5322,.T.);
#5320 = VERTEX_POINT('',#5321);
#5321 = CARTESIAN_POINT('',(103.55,155.,0.));
#5322 = LINE('',#5323,#5324);
#5323 = CARTESIAN_POINT('',(103.55,150.,2.056133041606E-13));
#5324 = VECTOR('',#5325,1.);
#5325 = DIRECTION('',(1.7763568394E-15,1.,8.881784197001E-16));
#5326 = ORIENTED_EDGE('',*,*,#5327,.F.);
#5327 = EDGE_CURVE('',#5328,#5320,#5330,.T.);
#5328 = VERTEX_POINT('',#5329);
#5329 = CARTESIAN_POINT('',(106.75,155.,0.));
#5330 = LINE('',#5331,#5332);
#5331 = CARTESIAN_POINT('',(106.75,155.,8.518186156437E-14));
#5332 = VECTOR('',#5333,1.);
#5333 = DIRECTION('',(-1.,-3.330669073875E-16,-7.771561172376E-16));
#5334 = ORIENTED_EDGE('',*,*,#5335,.F.);
#5335 = EDGE_CURVE('',#5336,#5328,#5338,.T.);
#5336 = VERTEX_POINT('',#5337);
#5337 = CARTESIAN_POINT('',(106.75,154.,0.));
#5338 = LINE('',#5339,#5340);
#5339 = CARTESIAN_POINT('',(106.75,150.,2.28039809258E-13));
#5340 = VECTOR('',#5341,1.);
#5341 = DIRECTION('',(1.7763568394E-15,1.,8.881784197001E-16));
#5342 = ORIENTED_EDGE('',*,*,#5343,.F.);
#5343 = EDGE_CURVE('',#5304,#5336,#5344,.T.);
#5344 = LINE('',#5345,#5346);
#5345 = CARTESIAN_POINT('',(106.01730839842,154.,1.417114297002E-13));
#5346 = VECTOR('',#5347,1.);
#5347 = DIRECTION('',(1.,4.440892098501E-16,1.221245327088E-15));
#5348 = PLANE('',#5349);
#5349 = AXIS2_PLACEMENT_3D('',#5350,#5351,#5352);
#5350 = CARTESIAN_POINT('',(106.75,150.,1.995348331008E-13));
#5351 = DIRECTION('',(-6.661338147751E-16,-1.554312234475E-15,-1.));
#5352 = DIRECTION('',(1.665334536938E-15,1.,7.771561172376E-16));
#5353 = ADVANCED_FACE('',(#5354),#5379,.F.);
#5354 = FACE_BOUND('',#5355,.F.);
#5355 = EDGE_LOOP('',(#5356,#5364,#5372,#5378));
#5356 = ORIENTED_EDGE('',*,*,#5357,.F.);
#5357 = EDGE_CURVE('',#5358,#5302,#5360,.T.);
#5358 = VERTEX_POINT('',#5359);
#5359 = CARTESIAN_POINT('',(105.75,150.,12.396446609407));
#5360 = LINE('',#5361,#5362);
#5361 = CARTESIAN_POINT('',(105.75,150.,12.396446609407));
#5362 = VECTOR('',#5363,1.);
#5363 = DIRECTION('',(-6.661338147751E-16,-1.554312234475E-15,-1.));
#5364 = ORIENTED_EDGE('',*,*,#5365,.T.);
#5365 = EDGE_CURVE('',#5358,#5366,#5368,.T.);
#5366 = VERTEX_POINT('',#5367);
#5367 = CARTESIAN_POINT('',(105.75,154.,12.396446609407));
#5368 = LINE('',#5369,#5370);
#5369 = CARTESIAN_POINT('',(105.75,150.,12.396446609407));
#5370 = VECTOR('',#5371,1.);
#5371 = DIRECTION('',(1.221245327088E-15,1.,3.330669073875E-16));
#5372 = ORIENTED_EDGE('',*,*,#5373,.T.);
#5373 = EDGE_CURVE('',#5366,#5304,#5374,.T.);
#5374 = LINE('',#5375,#5376);
#5375 = CARTESIAN_POINT('',(105.75,154.,12.396446609407));
#5376 = VECTOR('',#5377,1.);
#5377 = DIRECTION('',(-6.661338147751E-16,-1.554312234475E-15,-1.));
#5378 = ORIENTED_EDGE('',*,*,#5301,.F.);
#5379 = PLANE('',#5380);
#5380 = AXIS2_PLACEMENT_3D('',#5381,#5382,#5383);
#5381 = CARTESIAN_POINT('',(105.75,150.,12.396446609407));
#5382 = DIRECTION('',(-1.,-4.440892098501E-16,-1.110223024625E-15));
#5383 = DIRECTION('',(-5.551115123126E-16,-1.443289932013E-15,-1.));
#5384 = ADVANCED_FACE('',(#5385),#5467,.F.);
#5385 = FACE_BOUND('',#5386,.F.);
#5386 = EDGE_LOOP('',(#5387,#5388,#5389,#5397,#5405,#5413,#5421,#5429,
    #5437,#5445,#5453,#5461));
#5387 = ORIENTED_EDGE('',*,*,#5343,.F.);
#5388 = ORIENTED_EDGE('',*,*,#5373,.F.);
#5389 = ORIENTED_EDGE('',*,*,#5390,.F.);
#5390 = EDGE_CURVE('',#5391,#5366,#5393,.T.);
#5391 = VERTEX_POINT('',#5392);
#5392 = CARTESIAN_POINT('',(101.75,154.,8.396446609407));
#5393 = LINE('',#5394,#5395);
#5394 = CARTESIAN_POINT('',(101.75,154.,8.396446609407));
#5395 = VECTOR('',#5396,1.);
#5396 = DIRECTION('',(0.707106781187,1.570092458684E-15,0.707106781187)
  );
#5397 = ORIENTED_EDGE('',*,*,#5398,.F.);
#5398 = EDGE_CURVE('',#5399,#5391,#5401,.T.);
#5399 = VERTEX_POINT('',#5400);
#5400 = CARTESIAN_POINT('',(101.75,154.,31.603553390593));
#5401 = LINE('',#5402,#5403);
#5402 = CARTESIAN_POINT('',(101.75,154.,31.603553390593));
#5403 = VECTOR('',#5404,1.);
#5404 = DIRECTION('',(-6.661338147751E-16,-1.554312234475E-15,-1.));
#5405 = ORIENTED_EDGE('',*,*,#5406,.F.);
#5406 = EDGE_CURVE('',#5407,#5399,#5409,.T.);
#5407 = VERTEX_POINT('',#5408);
#5408 = CARTESIAN_POINT('',(105.75,154.,27.603553390593));
#5409 = LINE('',#5410,#5411);
#5410 = CARTESIAN_POINT('',(105.75,154.,27.603553390593));
#5411 = VECTOR('',#5412,1.);
#5412 = DIRECTION('',(-0.707106781187,6.280369834735E-16,0.707106781187)
  );
#5413 = ORIENTED_EDGE('',*,*,#5414,.F.);
#5414 = EDGE_CURVE('',#5415,#5407,#5417,.T.);
#5415 = VERTEX_POINT('',#5416);
#5416 = CARTESIAN_POINT('',(105.75,154.,40.3));
#5417 = LINE('',#5418,#5419);
#5418 = CARTESIAN_POINT('',(105.75,154.,41.3));
#5419 = VECTOR('',#5420,1.);
#5420 = DIRECTION('',(-6.661338147751E-16,-1.554312234475E-15,-1.));
#5421 = ORIENTED_EDGE('',*,*,#5422,.F.);
#5422 = EDGE_CURVE('',#5423,#5415,#5425,.T.);
#5423 = VERTEX_POINT('',#5424);
#5424 = CARTESIAN_POINT('',(106.75,154.,40.3));
#5425 = LINE('',#5426,#5427);
#5426 = CARTESIAN_POINT('',(106.01730839842,154.,40.3));
#5427 = VECTOR('',#5428,1.);
#5428 = DIRECTION('',(-1.,-4.440892098501E-16,-1.221245327088E-15));
#5429 = ORIENTED_EDGE('',*,*,#5430,.F.);
#5430 = EDGE_CURVE('',#5431,#5423,#5433,.T.);
#5431 = VERTEX_POINT('',#5432);
#5432 = CARTESIAN_POINT('',(106.75,154.,25.603553390593));
#5433 = LINE('',#5434,#5435);
#5434 = CARTESIAN_POINT('',(106.75,154.,20.136451427439));
#5435 = VECTOR('',#5436,1.);
#5436 = DIRECTION('',(4.440892098501E-16,1.110223024625E-15,1.));
#5437 = ORIENTED_EDGE('',*,*,#5438,.T.);
#5438 = EDGE_CURVE('',#5431,#5439,#5441,.T.);
#5439 = VERTEX_POINT('',#5440);
#5440 = CARTESIAN_POINT('',(102.75,154.,29.603553390593));
#5441 = LINE('',#5442,#5443);
#5442 = CARTESIAN_POINT('',(105.75381683314,154.,26.599736557454));
#5443 = VECTOR('',#5444,1.);
#5444 = DIRECTION('',(-0.707106781187,4.710277376051E-16,0.707106781187)
  );
#5445 = ORIENTED_EDGE('',*,*,#5446,.T.);
#5446 = EDGE_CURVE('',#5439,#5447,#5449,.T.);
#5447 = VERTEX_POINT('',#5448);
#5448 = CARTESIAN_POINT('',(102.75,154.,10.396446609407));
#5449 = LINE('',#5450,#5451);
#5450 = CARTESIAN_POINT('',(102.75,154.,15.259674732142));
#5451 = VECTOR('',#5452,1.);
#5452 = DIRECTION('',(-4.440892098501E-16,-8.881784197001E-16,-1.));
#5453 = ORIENTED_EDGE('',*,*,#5454,.T.);
#5454 = EDGE_CURVE('',#5447,#5455,#5457,.T.);
#5455 = VERTEX_POINT('',#5456);
#5456 = CARTESIAN_POINT('',(106.75,154.,14.396446609407));
#5457 = LINE('',#5458,#5459);
#5458 = CARTESIAN_POINT('',(108.06526826057,154.,15.711714869985));
#5459 = VECTOR('',#5460,1.);
#5460 = DIRECTION('',(0.707106781187,7.850462293419E-16,0.707106781187)
  );
#5461 = ORIENTED_EDGE('',*,*,#5462,.F.);
#5462 = EDGE_CURVE('',#5336,#5455,#5463,.T.);
#5463 = LINE('',#5464,#5465);
#5464 = CARTESIAN_POINT('',(106.75,154.,20.136451427439));
#5465 = VECTOR('',#5466,1.);
#5466 = DIRECTION('',(4.440892098501E-16,1.110223024625E-15,1.));
#5467 = PLANE('',#5468);
#5468 = AXIS2_PLACEMENT_3D('',#5469,#5470,#5471);
#5469 = CARTESIAN_POINT('',(105.28461679684,154.,20.122902854877));
#5470 = DIRECTION('',(1.33226762955E-15,1.,6.661338147751E-16));
#5471 = DIRECTION('',(6.661338147751E-16,1.33226762955E-15,1.));
#5472 = ADVANCED_FACE('',(#5473),#5594,.T.);
#5473 = FACE_BOUND('',#5474,.T.);
#5474 = EDGE_LOOP('',(#5475,#5485,#5493,#5501,#5509,#5517,#5525,#5533,
    #5539,#5540,#5548,#5556,#5562,#5563,#5564,#5572,#5580,#5588));
#5475 = ORIENTED_EDGE('',*,*,#5476,.F.);
#5476 = EDGE_CURVE('',#5477,#5479,#5481,.T.);
#5477 = VERTEX_POINT('',#5478);
#5478 = CARTESIAN_POINT('',(106.75,156.,0.));
#5479 = VERTEX_POINT('',#5480);
#5480 = CARTESIAN_POINT('',(106.75,156.,4.));
#5481 = LINE('',#5482,#5483);
#5482 = CARTESIAN_POINT('',(106.75,156.,-1.));
#5483 = VECTOR('',#5484,1.);
#5484 = DIRECTION('',(4.440892098501E-16,8.881784197001E-16,1.));
#5485 = ORIENTED_EDGE('',*,*,#5486,.T.);
#5486 = EDGE_CURVE('',#5477,#5487,#5489,.T.);
#5487 = VERTEX_POINT('',#5488);
#5488 = CARTESIAN_POINT('',(106.75,156.39130434782,0.));
#5489 = LINE('',#5490,#5491);
#5490 = CARTESIAN_POINT('',(106.75,150.,2.28039809258E-13));
#5491 = VECTOR('',#5492,1.);
#5492 = DIRECTION('',(1.7763568394E-15,1.,8.881784197001E-16));
#5493 = ORIENTED_EDGE('',*,*,#5494,.T.);
#5494 = EDGE_CURVE('',#5487,#5495,#5497,.T.);
#5495 = VERTEX_POINT('',#5496);
#5496 = CARTESIAN_POINT('',(106.75,156.39130434782,3.5));
#5497 = LINE('',#5498,#5499);
#5498 = CARTESIAN_POINT('',(106.75,156.39130434782,10.075));
#5499 = VECTOR('',#5500,1.);
#5500 = DIRECTION('',(-2.22044604925E-16,-2.413528314403E-17,1.));
#5501 = ORIENTED_EDGE('',*,*,#5502,.F.);
#5502 = EDGE_CURVE('',#5503,#5495,#5505,.T.);
#5503 = VERTEX_POINT('',#5504);
#5504 = CARTESIAN_POINT('',(106.75,161.,3.5));
#5505 = LINE('',#5506,#5507);
#5506 = CARTESIAN_POINT('',(106.75,175.420870277,3.5));
#5507 = VECTOR('',#5508,1.);
#5508 = DIRECTION('',(-6.661338147751E-16,-1.,-1.110223024625E-16));
#5509 = ORIENTED_EDGE('',*,*,#5510,.T.);
#5510 = EDGE_CURVE('',#5503,#5511,#5513,.T.);
#5511 = VERTEX_POINT('',#5512);
#5512 = CARTESIAN_POINT('',(106.75,161.,0.));
#5513 = LINE('',#5514,#5515);
#5514 = CARTESIAN_POINT('',(106.75,161.,10.075));
#5515 = VECTOR('',#5516,1.);
#5516 = DIRECTION('',(2.22044604925E-16,-5.551115123126E-16,-1.));
#5517 = ORIENTED_EDGE('',*,*,#5518,.T.);
#5518 = EDGE_CURVE('',#5511,#5519,#5521,.T.);
#5519 = VERTEX_POINT('',#5520);
#5520 = CARTESIAN_POINT('',(106.75,235.,0.));
#5521 = LINE('',#5522,#5523);
#5522 = CARTESIAN_POINT('',(106.75,150.,2.28039809258E-13));
#5523 = VECTOR('',#5524,1.);
#5524 = DIRECTION('',(1.7763568394E-15,1.,8.881784197001E-16));
#5525 = ORIENTED_EDGE('',*,*,#5526,.T.);
#5526 = EDGE_CURVE('',#5519,#5527,#5529,.T.);
#5527 = VERTEX_POINT('',#5528);
#5528 = CARTESIAN_POINT('',(106.75,235.,40.3));
#5529 = LINE('',#5530,#5531);
#5530 = CARTESIAN_POINT('',(106.75,235.,2.276512311994E-13));
#5531 = VECTOR('',#5532,1.);
#5532 = DIRECTION('',(6.661338147751E-16,1.554312234475E-15,1.));
#5533 = ORIENTED_EDGE('',*,*,#5534,.T.);
#5534 = EDGE_CURVE('',#5527,#5423,#5535,.T.);
#5535 = LINE('',#5536,#5537);
#5536 = CARTESIAN_POINT('',(106.75,235.,40.3));
#5537 = VECTOR('',#5538,1.);
#5538 = DIRECTION('',(-1.7763568394E-15,-1.,-8.881784197001E-16));
#5539 = ORIENTED_EDGE('',*,*,#5430,.F.);
#5540 = ORIENTED_EDGE('',*,*,#5541,.T.);
#5541 = EDGE_CURVE('',#5431,#5542,#5544,.T.);
#5542 = VERTEX_POINT('',#5543);
#5543 = CARTESIAN_POINT('',(106.75,212.,25.603553390593));
#5544 = LINE('',#5545,#5546);
#5545 = CARTESIAN_POINT('',(106.75,171.25,25.603553390593));
#5546 = VECTOR('',#5547,1.);
#5547 = DIRECTION('',(1.110223024625E-15,1.,1.110223024625E-16));
#5548 = ORIENTED_EDGE('',*,*,#5549,.F.);
#5549 = EDGE_CURVE('',#5550,#5542,#5552,.T.);
#5550 = VERTEX_POINT('',#5551);
#5551 = CARTESIAN_POINT('',(106.75,212.,14.396446609407));
#5552 = LINE('',#5553,#5554);
#5553 = CARTESIAN_POINT('',(106.75,212.,20.075));
#5554 = VECTOR('',#5555,1.);
#5555 = DIRECTION('',(2.22044604925E-16,8.881784197001E-16,1.));
#5556 = ORIENTED_EDGE('',*,*,#5557,.T.);
#5557 = EDGE_CURVE('',#5550,#5455,#5558,.T.);
#5558 = LINE('',#5559,#5560);
#5559 = CARTESIAN_POINT('',(106.75,171.25,14.396446609407));
#5560 = VECTOR('',#5561,1.);
#5561 = DIRECTION('',(-1.110223024625E-15,-1.,-3.330669073875E-16));
#5562 = ORIENTED_EDGE('',*,*,#5462,.F.);
#5563 = ORIENTED_EDGE('',*,*,#5335,.T.);
#5564 = ORIENTED_EDGE('',*,*,#5565,.F.);
#5565 = EDGE_CURVE('',#5566,#5328,#5568,.T.);
#5566 = VERTEX_POINT('',#5567);
#5567 = CARTESIAN_POINT('',(106.75,155.,5.2));
#5568 = LINE('',#5569,#5570);
#5569 = CARTESIAN_POINT('',(106.75,155.,5.2));
#5570 = VECTOR('',#5571,1.);
#5571 = DIRECTION('',(-4.440892098501E-16,-8.881784197001E-16,-1.));
#5572 = ORIENTED_EDGE('',*,*,#5573,.F.);
#5573 = EDGE_CURVE('',#5574,#5566,#5576,.T.);
#5574 = VERTEX_POINT('',#5575);
#5575 = CARTESIAN_POINT('',(106.75,186.,5.2));
#5576 = LINE('',#5577,#5578);
#5577 = CARTESIAN_POINT('',(106.75,186.,5.2));
#5578 = VECTOR('',#5579,1.);
#5579 = DIRECTION('',(-8.881784197001E-16,-1.,-4.440892098501E-16));
#5580 = ORIENTED_EDGE('',*,*,#5581,.F.);
#5581 = EDGE_CURVE('',#5582,#5574,#5584,.T.);
#5582 = VERTEX_POINT('',#5583);
#5583 = CARTESIAN_POINT('',(106.75,186.,4.));
#5584 = LINE('',#5585,#5586);
#5585 = CARTESIAN_POINT('',(106.75,186.,4.));
#5586 = VECTOR('',#5587,1.);
#5587 = DIRECTION('',(4.440892098501E-16,8.881784197001E-16,1.));
#5588 = ORIENTED_EDGE('',*,*,#5589,.F.);
#5589 = EDGE_CURVE('',#5479,#5582,#5590,.T.);
#5590 = LINE('',#5591,#5592);
#5591 = CARTESIAN_POINT('',(106.75,156.,4.));
#5592 = VECTOR('',#5593,1.);
#5593 = DIRECTION('',(8.881784197001E-16,1.,4.440892098501E-16));
#5594 = PLANE('',#5595);
#5595 = AXIS2_PLACEMENT_3D('',#5596,#5597,#5598);
#5596 = CARTESIAN_POINT('',(106.75,192.5,20.15));
#5597 = DIRECTION('',(1.,4.440892098501E-16,1.33226762955E-15));
#5598 = DIRECTION('',(1.554312234475E-15,1.,6.661338147751E-16));
#5599 = ADVANCED_FACE('',(#5600),#5618,.F.);
#5600 = FACE_BOUND('',#5601,.F.);
#5601 = EDGE_LOOP('',(#5602,#5603,#5611,#5617));
#5602 = ORIENTED_EDGE('',*,*,#5565,.F.);
#5603 = ORIENTED_EDGE('',*,*,#5604,.T.);
#5604 = EDGE_CURVE('',#5566,#5605,#5607,.T.);
#5605 = VERTEX_POINT('',#5606);
#5606 = CARTESIAN_POINT('',(103.55,155.,5.2));
#5607 = LINE('',#5608,#5609);
#5608 = CARTESIAN_POINT('',(106.75,155.,5.2));
#5609 = VECTOR('',#5610,1.);
#5610 = DIRECTION('',(-1.,-3.330669073875E-16,-7.771561172376E-16));
#5611 = ORIENTED_EDGE('',*,*,#5612,.T.);
#5612 = EDGE_CURVE('',#5605,#5320,#5613,.T.);
#5613 = LINE('',#5614,#5615);
#5614 = CARTESIAN_POINT('',(103.55,155.,5.2));
#5615 = VECTOR('',#5616,1.);
#5616 = DIRECTION('',(-4.440892098501E-16,-8.881784197001E-16,-1.));
#5617 = ORIENTED_EDGE('',*,*,#5327,.F.);
#5618 = PLANE('',#5619);
#5619 = AXIS2_PLACEMENT_3D('',#5620,#5621,#5622);
#5620 = CARTESIAN_POINT('',(106.75,155.,5.2));
#5621 = DIRECTION('',(-6.661338147751E-16,-1.,-2.22044604925E-16));
#5622 = DIRECTION('',(-3.330669073875E-16,-7.771561172376E-16,-1.));
#5623 = ADVANCED_FACE('',(#5624),#5706,.F.);
#5624 = FACE_BOUND('',#5625,.F.);
#5625 = EDGE_LOOP('',(#5626,#5636,#5642,#5643,#5644,#5652,#5660,#5668,
    #5676,#5684,#5692,#5700));
#5626 = ORIENTED_EDGE('',*,*,#5627,.F.);
#5627 = EDGE_CURVE('',#5628,#5630,#5632,.T.);
#5628 = VERTEX_POINT('',#5629);
#5629 = CARTESIAN_POINT('',(103.55,150.,6.));
#5630 = VERTEX_POINT('',#5631);
#5631 = CARTESIAN_POINT('',(103.55,235.,6.));
#5632 = LINE('',#5633,#5634);
#5633 = CARTESIAN_POINT('',(103.55,171.25,6.));
#5634 = VECTOR('',#5635,1.);
#5635 = DIRECTION('',(1.33226762955E-15,1.,6.661338147751E-16));
#5636 = ORIENTED_EDGE('',*,*,#5637,.T.);
#5637 = EDGE_CURVE('',#5628,#5312,#5638,.T.);
#5638 = LINE('',#5639,#5640);
#5639 = CARTESIAN_POINT('',(103.55,150.,40.3));
#5640 = VECTOR('',#5641,1.);
#5641 = DIRECTION('',(-8.881784197001E-16,-1.7763568394E-15,-1.));
#5642 = ORIENTED_EDGE('',*,*,#5319,.T.);
#5643 = ORIENTED_EDGE('',*,*,#5612,.F.);
#5644 = ORIENTED_EDGE('',*,*,#5645,.F.);
#5645 = EDGE_CURVE('',#5646,#5605,#5648,.T.);
#5646 = VERTEX_POINT('',#5647);
#5647 = CARTESIAN_POINT('',(103.55,186.,5.2));
#5648 = LINE('',#5649,#5650);
#5649 = CARTESIAN_POINT('',(103.55,186.,5.2));
#5650 = VECTOR('',#5651,1.);
#5651 = DIRECTION('',(-8.881784197001E-16,-1.,-4.440892098501E-16));
#5652 = ORIENTED_EDGE('',*,*,#5653,.F.);
#5653 = EDGE_CURVE('',#5654,#5646,#5656,.T.);
#5654 = VERTEX_POINT('',#5655);
#5655 = CARTESIAN_POINT('',(103.55,186.,4.));
#5656 = LINE('',#5657,#5658);
#5657 = CARTESIAN_POINT('',(103.55,186.,4.));
#5658 = VECTOR('',#5659,1.);
#5659 = DIRECTION('',(4.440892098501E-16,8.881784197001E-16,1.));
#5660 = ORIENTED_EDGE('',*,*,#5661,.F.);
#5661 = EDGE_CURVE('',#5662,#5654,#5664,.T.);
#5662 = VERTEX_POINT('',#5663);
#5663 = CARTESIAN_POINT('',(103.55,156.,4.));
#5664 = LINE('',#5665,#5666);
#5665 = CARTESIAN_POINT('',(103.55,156.,4.));
#5666 = VECTOR('',#5667,1.);
#5667 = DIRECTION('',(8.881784197001E-16,1.,4.440892098501E-16));
#5668 = ORIENTED_EDGE('',*,*,#5669,.F.);
#5669 = EDGE_CURVE('',#5670,#5662,#5672,.T.);
#5670 = VERTEX_POINT('',#5671);
#5671 = CARTESIAN_POINT('',(103.55,156.,3.5));
#5672 = LINE('',#5673,#5674);
#5673 = CARTESIAN_POINT('',(103.55,156.,-1.));
#5674 = VECTOR('',#5675,1.);
#5675 = DIRECTION('',(4.440892098501E-16,8.881784197001E-16,1.));
#5676 = ORIENTED_EDGE('',*,*,#5677,.F.);
#5677 = EDGE_CURVE('',#5678,#5670,#5680,.T.);
#5678 = VERTEX_POINT('',#5679);
#5679 = CARTESIAN_POINT('',(103.55,160.,3.5));
#5680 = LINE('',#5681,#5682);
#5681 = CARTESIAN_POINT('',(103.55,175.420870277,3.5));
#5682 = VECTOR('',#5683,1.);
#5683 = DIRECTION('',(-4.440892098501E-16,-1.,-1.110223024625E-16));
#5684 = ORIENTED_EDGE('',*,*,#5685,.T.);
#5685 = EDGE_CURVE('',#5678,#5686,#5688,.T.);
#5686 = VERTEX_POINT('',#5687);
#5687 = CARTESIAN_POINT('',(103.55,160.,0.));
#5688 = LINE('',#5689,#5690);
#5689 = CARTESIAN_POINT('',(103.55,160.,10.075));
#5690 = VECTOR('',#5691,1.);
#5691 = DIRECTION('',(4.440892098501E-16,-5.551115123126E-16,-1.));
#5692 = ORIENTED_EDGE('',*,*,#5693,.T.);
#5693 = EDGE_CURVE('',#5686,#5694,#5696,.T.);
#5694 = VERTEX_POINT('',#5695);
#5695 = CARTESIAN_POINT('',(103.55,235.,0.));
#5696 = LINE('',#5697,#5698);
#5697 = CARTESIAN_POINT('',(103.55,150.,2.056133041606E-13));
#5698 = VECTOR('',#5699,1.);
#5699 = DIRECTION('',(1.7763568394E-15,1.,8.881784197001E-16));
#5700 = ORIENTED_EDGE('',*,*,#5701,.T.);
#5701 = EDGE_CURVE('',#5694,#5630,#5702,.T.);
#5702 = LINE('',#5703,#5704);
#5703 = CARTESIAN_POINT('',(103.55,234.99999999999,2.811084698351E-13));
#5704 = VECTOR('',#5705,1.);
#5705 = DIRECTION('',(8.881784197001E-16,1.7763568394E-15,1.));
#5706 = PLANE('',#5707);
#5707 = AXIS2_PLACEMENT_3D('',#5708,#5709,#5710);
#5708 = CARTESIAN_POINT('',(103.55,192.5,20.15));
#5709 = DIRECTION('',(1.,8.881784197001E-16,1.7763568394E-15));
#5710 = DIRECTION('',(8.881784197001E-16,1.7763568394E-15,1.));
#5711 = ADVANCED_FACE('',(#5712),#5787,.T.);
#5712 = FACE_BOUND('',#5713,.T.);
#5713 = EDGE_LOOP('',(#5714,#5724,#5732,#5740,#5748,#5756,#5762,#5763,
    #5764,#5765,#5773,#5781));
#5714 = ORIENTED_EDGE('',*,*,#5715,.F.);
#5715 = EDGE_CURVE('',#5716,#5718,#5720,.T.);
#5716 = VERTEX_POINT('',#5717);
#5717 = CARTESIAN_POINT('',(105.75,150.,40.3));
#5718 = VERTEX_POINT('',#5719);
#5719 = CARTESIAN_POINT('',(105.75,150.,27.603553390593));
#5720 = LINE('',#5721,#5722);
#5721 = CARTESIAN_POINT('',(105.75,150.,41.3));
#5722 = VECTOR('',#5723,1.);
#5723 = DIRECTION('',(-6.661338147751E-16,-1.554312234475E-15,-1.));
#5724 = ORIENTED_EDGE('',*,*,#5725,.T.);
#5725 = EDGE_CURVE('',#5716,#5726,#5728,.T.);
#5726 = VERTEX_POINT('',#5727);
#5727 = CARTESIAN_POINT('',(103.55,150.,40.3));
#5728 = LINE('',#5729,#5730);
#5729 = CARTESIAN_POINT('',(106.75,150.,40.3));
#5730 = VECTOR('',#5731,1.);
#5731 = DIRECTION('',(-1.,-7.771561172376E-16,-1.665334536938E-15));
#5732 = ORIENTED_EDGE('',*,*,#5733,.T.);
#5733 = EDGE_CURVE('',#5726,#5734,#5736,.T.);
#5734 = VERTEX_POINT('',#5735);
#5735 = CARTESIAN_POINT('',(103.55,150.,34.));
#5736 = LINE('',#5737,#5738);
#5737 = CARTESIAN_POINT('',(103.55,150.,40.3));
#5738 = VECTOR('',#5739,1.);
#5739 = DIRECTION('',(-8.881784197001E-16,-1.7763568394E-15,-1.));
#5740 = ORIENTED_EDGE('',*,*,#5741,.T.);
#5741 = EDGE_CURVE('',#5734,#5742,#5744,.T.);
#5742 = VERTEX_POINT('',#5743);
#5743 = CARTESIAN_POINT('',(99.55,150.,34.));
#5744 = LINE('',#5745,#5746);
#5745 = CARTESIAN_POINT('',(106.75,150.,34.));
#5746 = VECTOR('',#5747,1.);
#5747 = DIRECTION('',(-1.,-6.661338147751E-16,-1.443289932013E-15));
#5748 = ORIENTED_EDGE('',*,*,#5749,.T.);
#5749 = EDGE_CURVE('',#5742,#5750,#5752,.T.);
#5750 = VERTEX_POINT('',#5751);
#5751 = CARTESIAN_POINT('',(99.55,150.,6.));
#5752 = LINE('',#5753,#5754);
#5753 = CARTESIAN_POINT('',(99.55,150.,34.));
#5754 = VECTOR('',#5755,1.);
#5755 = DIRECTION('',(-7.771561172376E-16,-1.554312234475E-15,-1.));
#5756 = ORIENTED_EDGE('',*,*,#5757,.F.);
#5757 = EDGE_CURVE('',#5628,#5750,#5758,.T.);
#5758 = LINE('',#5759,#5760);
#5759 = CARTESIAN_POINT('',(106.75,150.,6.));
#5760 = VECTOR('',#5761,1.);
#5761 = DIRECTION('',(-1.,-6.661338147751E-16,-1.443289932013E-15));
#5762 = ORIENTED_EDGE('',*,*,#5637,.T.);
#5763 = ORIENTED_EDGE('',*,*,#5311,.F.);
#5764 = ORIENTED_EDGE('',*,*,#5357,.F.);
#5765 = ORIENTED_EDGE('',*,*,#5766,.F.);
#5766 = EDGE_CURVE('',#5767,#5358,#5769,.T.);
#5767 = VERTEX_POINT('',#5768);
#5768 = CARTESIAN_POINT('',(101.75,150.,8.396446609407));
#5769 = LINE('',#5770,#5771);
#5770 = CARTESIAN_POINT('',(101.75,150.,8.396446609407));
#5771 = VECTOR('',#5772,1.);
#5772 = DIRECTION('',(0.707106781187,1.570092458684E-15,0.707106781187)
  );
#5773 = ORIENTED_EDGE('',*,*,#5774,.F.);
#5774 = EDGE_CURVE('',#5775,#5767,#5777,.T.);
#5775 = VERTEX_POINT('',#5776);
#5776 = CARTESIAN_POINT('',(101.75,150.,31.603553390593));
#5777 = LINE('',#5778,#5779);
#5778 = CARTESIAN_POINT('',(101.75,150.,31.603553390593));
#5779 = VECTOR('',#5780,1.);
#5780 = DIRECTION('',(-6.661338147751E-16,-1.554312234475E-15,-1.));
#5781 = ORIENTED_EDGE('',*,*,#5782,.F.);
#5782 = EDGE_CURVE('',#5718,#5775,#5783,.T.);
#5783 = LINE('',#5784,#5785);
#5784 = CARTESIAN_POINT('',(105.75,150.,27.603553390593));
#5785 = VECTOR('',#5786,1.);
#5786 = DIRECTION('',(-0.707106781187,6.280369834735E-16,0.707106781187)
  );
#5787 = PLANE('',#5788);
#5788 = AXIS2_PLACEMENT_3D('',#5789,#5790,#5791);
#5789 = CARTESIAN_POINT('',(103.66789473684,150.,20.137368421053));
#5790 = DIRECTION('',(-1.614236632199E-15,-1.,-6.661338147751E-16));
#5791 = DIRECTION('',(-1.,-3.841648121258E-16,-1.33226762955E-15));
#5792 = ADVANCED_FACE('',(#5793),#5804,.F.);
#5793 = FACE_BOUND('',#5794,.F.);
#5794 = EDGE_LOOP('',(#5795,#5801,#5802,#5803));
#5795 = ORIENTED_EDGE('',*,*,#5796,.T.);
#5796 = EDGE_CURVE('',#5767,#5391,#5797,.T.);
#5797 = LINE('',#5798,#5799);
#5798 = CARTESIAN_POINT('',(101.75,150.,8.396446609407));
#5799 = VECTOR('',#5800,1.);
#5800 = DIRECTION('',(1.221245327088E-15,1.,3.330669073875E-16));
#5801 = ORIENTED_EDGE('',*,*,#5390,.T.);
#5802 = ORIENTED_EDGE('',*,*,#5365,.F.);
#5803 = ORIENTED_EDGE('',*,*,#5766,.F.);
#5804 = PLANE('',#5805);
#5805 = AXIS2_PLACEMENT_3D('',#5806,#5807,#5808);
#5806 = CARTESIAN_POINT('',(101.75,150.,8.396446609407));
#5807 = DIRECTION('',(0.707106781187,-6.280369834735E-16,-0.707106781187
    ));
#5808 = DIRECTION('',(0.707106781187,1.413083212815E-15,0.707106781187)
  );
#5809 = ADVANCED_FACE('',(#5810),#5828,.T.);
#5810 = FACE_BOUND('',#5811,.T.);
#5811 = EDGE_LOOP('',(#5812,#5813,#5821,#5827));
#5812 = ORIENTED_EDGE('',*,*,#5557,.F.);
#5813 = ORIENTED_EDGE('',*,*,#5814,.T.);
#5814 = EDGE_CURVE('',#5550,#5815,#5817,.T.);
#5815 = VERTEX_POINT('',#5816);
#5816 = CARTESIAN_POINT('',(102.75,212.,10.396446609407));
#5817 = LINE('',#5818,#5819);
#5818 = CARTESIAN_POINT('',(107.25,212.,14.896446609407));
#5819 = VECTOR('',#5820,1.);
#5820 = DIRECTION('',(-0.707106781187,-1.334578589881E-15,
    -0.707106781187));
#5821 = ORIENTED_EDGE('',*,*,#5822,.F.);
#5822 = EDGE_CURVE('',#5447,#5815,#5823,.T.);
#5823 = LINE('',#5824,#5825);
#5824 = CARTESIAN_POINT('',(102.75,150.,10.396446609407));
#5825 = VECTOR('',#5826,1.);
#5826 = DIRECTION('',(9.992007221626E-16,1.,2.22044604925E-16));
#5827 = ORIENTED_EDGE('',*,*,#5454,.T.);
#5828 = PLANE('',#5829);
#5829 = AXIS2_PLACEMENT_3D('',#5830,#5831,#5832);
#5830 = CARTESIAN_POINT('',(107.25,150.,14.896446609407));
#5831 = DIRECTION('',(-0.707106781187,5.495323605393E-16,0.707106781187)
  );
#5832 = DIRECTION('',(-0.707106781187,-1.177569344013E-15,
    -0.707106781187));
#5833 = ADVANCED_FACE('',(#5834),#5852,.T.);
#5834 = FACE_BOUND('',#5835,.T.);
#5835 = EDGE_LOOP('',(#5836,#5837,#5838,#5846));
#5836 = ORIENTED_EDGE('',*,*,#5446,.T.);
#5837 = ORIENTED_EDGE('',*,*,#5822,.T.);
#5838 = ORIENTED_EDGE('',*,*,#5839,.T.);
#5839 = EDGE_CURVE('',#5815,#5840,#5842,.T.);
#5840 = VERTEX_POINT('',#5841);
#5841 = CARTESIAN_POINT('',(102.75,212.,29.603553390593));
#5842 = LINE('',#5843,#5844);
#5843 = CARTESIAN_POINT('',(102.75,212.,10.396446609407));
#5844 = VECTOR('',#5845,1.);
#5845 = DIRECTION('',(5.551115123126E-16,1.33226762955E-15,1.));
#5846 = ORIENTED_EDGE('',*,*,#5847,.F.);
#5847 = EDGE_CURVE('',#5439,#5840,#5848,.T.);
#5848 = LINE('',#5849,#5850);
#5849 = CARTESIAN_POINT('',(102.75,150.,29.603553390593));
#5850 = VECTOR('',#5851,1.);
#5851 = DIRECTION('',(9.992007221626E-16,1.,2.22044604925E-16));
#5852 = PLANE('',#5853);
#5853 = AXIS2_PLACEMENT_3D('',#5854,#5855,#5856);
#5854 = CARTESIAN_POINT('',(102.75,150.,10.396446609407));
#5855 = DIRECTION('',(1.,3.330669073875E-16,8.881784197001E-16));
#5856 = DIRECTION('',(4.440892098501E-16,1.221245327088E-15,1.));
#5857 = ADVANCED_FACE('',(#5858),#5869,.T.);
#5858 = FACE_BOUND('',#5859,.T.);
#5859 = EDGE_LOOP('',(#5860,#5861,#5862,#5868));
#5860 = ORIENTED_EDGE('',*,*,#5438,.T.);
#5861 = ORIENTED_EDGE('',*,*,#5847,.T.);
#5862 = ORIENTED_EDGE('',*,*,#5863,.T.);
#5863 = EDGE_CURVE('',#5840,#5542,#5864,.T.);
#5864 = LINE('',#5865,#5866);
#5865 = CARTESIAN_POINT('',(102.75,212.,29.603553390593));
#5866 = VECTOR('',#5867,1.);
#5867 = DIRECTION('',(0.707106781187,-5.495323605393E-16,-0.707106781187
    ));
#5868 = ORIENTED_EDGE('',*,*,#5541,.F.);
#5869 = PLANE('',#5870);
#5870 = AXIS2_PLACEMENT_3D('',#5871,#5872,#5873);
#5871 = CARTESIAN_POINT('',(102.75,150.,29.603553390593));
#5872 = DIRECTION('',(-0.707106781187,-1.020560098144E-15,
    -0.707106781187));
#5873 = DIRECTION('',(0.707106781187,-5.495323605393E-16,-0.707106781187
    ));
#5874 = ADVANCED_FACE('',(#5875),#5900,.T.);
#5875 = FACE_BOUND('',#5876,.T.);
#5876 = EDGE_LOOP('',(#5877,#5878,#5886,#5892,#5893,#5899));
#5877 = ORIENTED_EDGE('',*,*,#5534,.F.);
#5878 = ORIENTED_EDGE('',*,*,#5879,.T.);
#5879 = EDGE_CURVE('',#5527,#5880,#5882,.T.);
#5880 = VERTEX_POINT('',#5881);
#5881 = CARTESIAN_POINT('',(103.55,235.,40.3));
#5882 = LINE('',#5883,#5884);
#5883 = CARTESIAN_POINT('',(106.75,235.,40.3));
#5884 = VECTOR('',#5885,1.);
#5885 = DIRECTION('',(-1.,-7.771561172376E-16,-1.665334536938E-15));
#5886 = ORIENTED_EDGE('',*,*,#5887,.T.);
#5887 = EDGE_CURVE('',#5880,#5726,#5888,.T.);
#5888 = LINE('',#5889,#5890);
#5889 = CARTESIAN_POINT('',(103.55,235.,40.3));
#5890 = VECTOR('',#5891,1.);
#5891 = DIRECTION('',(-1.7763568394E-15,-1.,-8.881784197001E-16));
#5892 = ORIENTED_EDGE('',*,*,#5725,.F.);
#5893 = ORIENTED_EDGE('',*,*,#5894,.F.);
#5894 = EDGE_CURVE('',#5415,#5716,#5895,.T.);
#5895 = LINE('',#5896,#5897);
#5896 = CARTESIAN_POINT('',(105.75,192.5,40.3));
#5897 = VECTOR('',#5898,1.);
#5898 = DIRECTION('',(-1.221245327088E-15,-1.,-3.330669073875E-16));
#5899 = ORIENTED_EDGE('',*,*,#5422,.F.);
#5900 = PLANE('',#5901);
#5901 = AXIS2_PLACEMENT_3D('',#5902,#5903,#5904);
#5902 = CARTESIAN_POINT('',(106.75,235.,40.3));
#5903 = DIRECTION('',(6.661338147751E-16,1.554312234475E-15,1.));
#5904 = DIRECTION('',(-1.665334536938E-15,-1.,-7.771561172376E-16));
#5905 = ADVANCED_FACE('',(#5906),#5917,.F.);
#5906 = FACE_BOUND('',#5907,.F.);
#5907 = EDGE_LOOP('',(#5908,#5909,#5910,#5911));
#5908 = ORIENTED_EDGE('',*,*,#5715,.F.);
#5909 = ORIENTED_EDGE('',*,*,#5894,.F.);
#5910 = ORIENTED_EDGE('',*,*,#5414,.T.);
#5911 = ORIENTED_EDGE('',*,*,#5912,.F.);
#5912 = EDGE_CURVE('',#5718,#5407,#5913,.T.);
#5913 = LINE('',#5914,#5915);
#5914 = CARTESIAN_POINT('',(105.75,150.,27.603553390593));
#5915 = VECTOR('',#5916,1.);
#5916 = DIRECTION('',(1.221245327088E-15,1.,3.330669073875E-16));
#5917 = PLANE('',#5918);
#5918 = AXIS2_PLACEMENT_3D('',#5919,#5920,#5921);
#5919 = CARTESIAN_POINT('',(105.75,150.,41.3));
#5920 = DIRECTION('',(-1.,-4.440892098501E-16,-1.110223024625E-15));
#5921 = DIRECTION('',(-5.551115123126E-16,-1.443289932013E-15,-1.));
#5922 = ADVANCED_FACE('',(#5923),#5934,.F.);
#5923 = FACE_BOUND('',#5924,.F.);
#5924 = EDGE_LOOP('',(#5925,#5926,#5927,#5933));
#5925 = ORIENTED_EDGE('',*,*,#5912,.T.);
#5926 = ORIENTED_EDGE('',*,*,#5406,.T.);
#5927 = ORIENTED_EDGE('',*,*,#5928,.F.);
#5928 = EDGE_CURVE('',#5775,#5399,#5929,.T.);
#5929 = LINE('',#5930,#5931);
#5930 = CARTESIAN_POINT('',(101.75,150.,31.603553390593));
#5931 = VECTOR('',#5932,1.);
#5932 = DIRECTION('',(1.221245327088E-15,1.,3.330669073875E-16));
#5933 = ORIENTED_EDGE('',*,*,#5782,.F.);
#5934 = PLANE('',#5935);
#5935 = AXIS2_PLACEMENT_3D('',#5936,#5937,#5938);
#5936 = CARTESIAN_POINT('',(105.75,150.,27.603553390593));
#5937 = DIRECTION('',(0.707106781187,1.256073966947E-15,0.707106781187)
  );
#5938 = DIRECTION('',(-0.707106781187,6.280369834735E-16,0.707106781187)
  );
#5939 = ADVANCED_FACE('',(#5940),#5946,.F.);
#5940 = FACE_BOUND('',#5941,.F.);
#5941 = EDGE_LOOP('',(#5942,#5943,#5944,#5945));
#5942 = ORIENTED_EDGE('',*,*,#5928,.T.);
#5943 = ORIENTED_EDGE('',*,*,#5398,.T.);
#5944 = ORIENTED_EDGE('',*,*,#5796,.F.);
#5945 = ORIENTED_EDGE('',*,*,#5774,.F.);
#5946 = PLANE('',#5947);
#5947 = AXIS2_PLACEMENT_3D('',#5948,#5949,#5950);
#5948 = CARTESIAN_POINT('',(101.75,150.,31.603553390593));
#5949 = DIRECTION('',(-1.,-4.440892098501E-16,-1.110223024625E-15));
#5950 = DIRECTION('',(-5.551115123126E-16,-1.443289932013E-15,-1.));
#5951 = ADVANCED_FACE('',(#5952),#5992,.T.);
#5952 = FACE_BOUND('',#5953,.T.);
#5953 = EDGE_LOOP('',(#5954,#5955,#5961,#5962,#5970,#5978,#5986));
#5954 = ORIENTED_EDGE('',*,*,#5476,.T.);
#5955 = ORIENTED_EDGE('',*,*,#5956,.T.);
#5956 = EDGE_CURVE('',#5479,#5662,#5957,.T.);
#5957 = LINE('',#5958,#5959);
#5958 = CARTESIAN_POINT('',(106.75,156.,4.));
#5959 = VECTOR('',#5960,1.);
#5960 = DIRECTION('',(-1.,-3.330669073875E-16,-7.771561172376E-16));
#5961 = ORIENTED_EDGE('',*,*,#5669,.F.);
#5962 = ORIENTED_EDGE('',*,*,#5963,.F.);
#5963 = EDGE_CURVE('',#5964,#5670,#5966,.T.);
#5964 = VERTEX_POINT('',#5965);
#5965 = CARTESIAN_POINT('',(97.55,156.,3.5));
#5966 = LINE('',#5967,#5968);
#5967 = CARTESIAN_POINT('',(97.55,156.,3.5));
#5968 = VECTOR('',#5969,1.);
#5969 = DIRECTION('',(1.,3.330669073875E-16,6.661338147751E-16));
#5970 = ORIENTED_EDGE('',*,*,#5971,.F.);
#5971 = EDGE_CURVE('',#5972,#5964,#5974,.T.);
#5972 = VERTEX_POINT('',#5973);
#5973 = CARTESIAN_POINT('',(97.55,156.,0.));
#5974 = LINE('',#5975,#5976);
#5975 = CARTESIAN_POINT('',(97.55,156.,5.323519403078E-14));
#5976 = VECTOR('',#5977,1.);
#5977 = DIRECTION('',(2.22044604925E-16,5.551115123126E-16,1.));
#5978 = ORIENTED_EDGE('',*,*,#5979,.T.);
#5979 = EDGE_CURVE('',#5972,#5980,#5982,.T.);
#5980 = VERTEX_POINT('',#5981);
#5981 = CARTESIAN_POINT('',(106.45,156.,0.));
#5982 = LINE('',#5983,#5984);
#5983 = CARTESIAN_POINT('',(106.75,156.,5.567768468495E-14));
#5984 = VECTOR('',#5985,1.);
#5985 = DIRECTION('',(1.,2.22044604925E-16,6.661338147751E-16));
#5986 = ORIENTED_EDGE('',*,*,#5987,.T.);
#5987 = EDGE_CURVE('',#5980,#5477,#5988,.T.);
#5988 = LINE('',#5989,#5990);
#5989 = CARTESIAN_POINT('',(106.75,156.,8.484879465698E-14));
#5990 = VECTOR('',#5991,1.);
#5991 = DIRECTION('',(1.,3.330669073875E-16,7.771561172376E-16));
#5992 = PLANE('',#5993);
#5993 = AXIS2_PLACEMENT_3D('',#5994,#5995,#5996);
#5994 = CARTESIAN_POINT('',(102.26363636363,156.,1.886363636364));
#5995 = DIRECTION('',(-1.863096745221E-15,-1.,-2.22044604925E-16));
#5996 = DIRECTION('',(-1.,1.196962930445E-15,-4.440892098501E-16));
#5997 = ADVANCED_FACE('',(#5998),#6009,.F.);
#5998 = FACE_BOUND('',#5999,.F.);
#5999 = EDGE_LOOP('',(#6000,#6001,#6002,#6008));
#6000 = ORIENTED_EDGE('',*,*,#5956,.T.);
#6001 = ORIENTED_EDGE('',*,*,#5661,.T.);
#6002 = ORIENTED_EDGE('',*,*,#6003,.F.);
#6003 = EDGE_CURVE('',#5582,#5654,#6004,.T.);
#6004 = LINE('',#6005,#6006);
#6005 = CARTESIAN_POINT('',(106.75,186.,4.));
#6006 = VECTOR('',#6007,1.);
#6007 = DIRECTION('',(-1.,-3.330669073875E-16,-7.771561172376E-16));
#6008 = ORIENTED_EDGE('',*,*,#5589,.F.);
#6009 = PLANE('',#6010);
#6010 = AXIS2_PLACEMENT_3D('',#6011,#6012,#6013);
#6011 = CARTESIAN_POINT('',(106.75,156.,4.));
#6012 = DIRECTION('',(-2.22044604925E-16,-6.661338147751E-16,-1.));
#6013 = DIRECTION('',(7.771561172376E-16,1.,3.330669073875E-16));
#6014 = ADVANCED_FACE('',(#6015),#6026,.F.);
#6015 = FACE_BOUND('',#6016,.F.);
#6016 = EDGE_LOOP('',(#6017,#6018,#6019,#6025));
#6017 = ORIENTED_EDGE('',*,*,#6003,.T.);
#6018 = ORIENTED_EDGE('',*,*,#5653,.T.);
#6019 = ORIENTED_EDGE('',*,*,#6020,.F.);
#6020 = EDGE_CURVE('',#5574,#5646,#6021,.T.);
#6021 = LINE('',#6022,#6023);
#6022 = CARTESIAN_POINT('',(106.75,186.,5.2));
#6023 = VECTOR('',#6024,1.);
#6024 = DIRECTION('',(-1.,-3.330669073875E-16,-7.771561172376E-16));
#6025 = ORIENTED_EDGE('',*,*,#5581,.F.);
#6026 = PLANE('',#6027);
#6027 = AXIS2_PLACEMENT_3D('',#6028,#6029,#6030);
#6028 = CARTESIAN_POINT('',(106.75,186.,4.));
#6029 = DIRECTION('',(6.661338147751E-16,1.,2.22044604925E-16));
#6030 = DIRECTION('',(3.330669073875E-16,7.771561172376E-16,1.));
#6031 = ADVANCED_FACE('',(#6032),#6038,.F.);
#6032 = FACE_BOUND('',#6033,.F.);
#6033 = EDGE_LOOP('',(#6034,#6035,#6036,#6037));
#6034 = ORIENTED_EDGE('',*,*,#6020,.T.);
#6035 = ORIENTED_EDGE('',*,*,#5645,.T.);
#6036 = ORIENTED_EDGE('',*,*,#5604,.F.);
#6037 = ORIENTED_EDGE('',*,*,#5573,.F.);
#6038 = PLANE('',#6039);
#6039 = AXIS2_PLACEMENT_3D('',#6040,#6041,#6042);
#6040 = CARTESIAN_POINT('',(106.75,186.,5.2));
#6041 = DIRECTION('',(2.22044604925E-16,6.661338147751E-16,1.));
#6042 = DIRECTION('',(-7.771561172376E-16,-1.,-3.330669073875E-16));
#6043 = ADVANCED_FACE('',(#6044),#6050,.F.);
#6044 = FACE_BOUND('',#6045,.F.);
#6045 = EDGE_LOOP('',(#6046,#6047,#6048,#6049));
#6046 = ORIENTED_EDGE('',*,*,#5549,.F.);
#6047 = ORIENTED_EDGE('',*,*,#5814,.T.);
#6048 = ORIENTED_EDGE('',*,*,#5839,.T.);
#6049 = ORIENTED_EDGE('',*,*,#5863,.T.);
#6050 = PLANE('',#6051);
#6051 = AXIS2_PLACEMENT_3D('',#6052,#6053,#6054);
#6052 = CARTESIAN_POINT('',(104.51948329859,212.,20.));
#6053 = DIRECTION('',(1.110223024625E-15,1.,5.551115123126E-16));
#6054 = DIRECTION('',(5.551115123126E-16,1.110223024625E-15,1.));
#6055 = ADVANCED_FACE('',(#6056,#6145,#6181,#6217),#6253,.F.);
#6056 = FACE_BOUND('',#6057,.F.);
#6057 = EDGE_LOOP('',(#6058,#6066,#6074,#6082,#6090,#6098,#6106,#6112,
    #6113,#6114,#6122,#6130,#6138,#6144));
#6058 = ORIENTED_EDGE('',*,*,#6059,.F.);
#6059 = EDGE_CURVE('',#6060,#5694,#6062,.T.);
#6060 = VERTEX_POINT('',#6061);
#6061 = CARTESIAN_POINT('',(94.,235.,0.));
#6062 = LINE('',#6063,#6064);
#6063 = CARTESIAN_POINT('',(94.,235.,-4.263256414561E-14));
#6064 = VECTOR('',#6065,1.);
#6065 = DIRECTION('',(1.,2.22044604925E-16,4.440892098501E-16));
#6066 = ORIENTED_EDGE('',*,*,#6067,.F.);
#6067 = EDGE_CURVE('',#6068,#6060,#6070,.T.);
#6068 = VERTEX_POINT('',#6069);
#6069 = CARTESIAN_POINT('',(94.,235.,44.45));
#6070 = LINE('',#6071,#6072);
#6071 = CARTESIAN_POINT('',(94.,235.,44.45));
#6072 = VECTOR('',#6073,1.);
#6073 = DIRECTION('',(-2.22044604925E-16,-6.661338147751E-16,-1.));
#6074 = ORIENTED_EDGE('',*,*,#6075,.F.);
#6075 = EDGE_CURVE('',#6076,#6068,#6078,.T.);
#6076 = VERTEX_POINT('',#6077);
#6077 = CARTESIAN_POINT('',(123.,235.,44.45));
#6078 = LINE('',#6079,#6080);
#6079 = CARTESIAN_POINT('',(123.,235.,44.45));
#6080 = VECTOR('',#6081,1.);
#6081 = DIRECTION('',(-1.,-2.22044604925E-16,-4.440892098501E-16));
#6082 = ORIENTED_EDGE('',*,*,#6083,.F.);
#6083 = EDGE_CURVE('',#6084,#6076,#6086,.T.);
#6084 = VERTEX_POINT('',#6085);
#6085 = CARTESIAN_POINT('',(127.,235.,40.45));
#6086 = LINE('',#6087,#6088);
#6087 = CARTESIAN_POINT('',(127.,235.,40.45));
#6088 = VECTOR('',#6089,1.);
#6089 = DIRECTION('',(-0.707106781187,3.140184917368E-16,0.707106781187)
  );
#6090 = ORIENTED_EDGE('',*,*,#6091,.F.);
#6091 = EDGE_CURVE('',#6092,#6084,#6094,.T.);
#6092 = VERTEX_POINT('',#6093);
#6093 = CARTESIAN_POINT('',(127.,235.,4.));
#6094 = LINE('',#6095,#6096);
#6095 = CARTESIAN_POINT('',(127.,235.,4.));
#6096 = VECTOR('',#6097,1.);
#6097 = DIRECTION('',(2.22044604925E-16,6.661338147751E-16,1.));
#6098 = ORIENTED_EDGE('',*,*,#6099,.F.);
#6099 = EDGE_CURVE('',#6100,#6092,#6102,.T.);
#6100 = VERTEX_POINT('',#6101);
#6101 = CARTESIAN_POINT('',(123.,235.,0.));
#6102 = LINE('',#6103,#6104);
#6103 = CARTESIAN_POINT('',(123.,235.,-2.84217094304E-14));
#6104 = VECTOR('',#6105,1.);
#6105 = DIRECTION('',(0.707106781187,6.280369834735E-16,0.707106781187)
  );
#6106 = ORIENTED_EDGE('',*,*,#6107,.F.);
#6107 = EDGE_CURVE('',#5519,#6100,#6108,.T.);
#6108 = LINE('',#6109,#6110);
#6109 = CARTESIAN_POINT('',(94.,235.,-4.263256414561E-14));
#6110 = VECTOR('',#6111,1.);
#6111 = DIRECTION('',(1.,2.22044604925E-16,4.440892098501E-16));
#6112 = ORIENTED_EDGE('',*,*,#5526,.T.);
#6113 = ORIENTED_EDGE('',*,*,#5879,.T.);
#6114 = ORIENTED_EDGE('',*,*,#6115,.F.);
#6115 = EDGE_CURVE('',#6116,#5880,#6118,.T.);
#6116 = VERTEX_POINT('',#6117);
#6117 = CARTESIAN_POINT('',(103.55,235.,34.));
#6118 = LINE('',#6119,#6120);
#6119 = CARTESIAN_POINT('',(103.55,234.99999999999,2.811084698351E-13));
#6120 = VECTOR('',#6121,1.);
#6121 = DIRECTION('',(8.881784197001E-16,1.7763568394E-15,1.));
#6122 = ORIENTED_EDGE('',*,*,#6123,.T.);
#6123 = EDGE_CURVE('',#6116,#6124,#6126,.T.);
#6124 = VERTEX_POINT('',#6125);
#6125 = CARTESIAN_POINT('',(99.55,235.,34.));
#6126 = LINE('',#6127,#6128);
#6127 = CARTESIAN_POINT('',(106.75,235.,34.));
#6128 = VECTOR('',#6129,1.);
#6129 = DIRECTION('',(-1.,-6.661338147751E-16,-1.443289932013E-15));
#6130 = ORIENTED_EDGE('',*,*,#6131,.F.);
#6131 = EDGE_CURVE('',#6132,#6124,#6134,.T.);
#6132 = VERTEX_POINT('',#6133);
#6133 = CARTESIAN_POINT('',(99.55,235.,6.));
#6134 = LINE('',#6135,#6136);
#6135 = CARTESIAN_POINT('',(99.55,235.,6.));
#6136 = VECTOR('',#6137,1.);
#6137 = DIRECTION('',(7.771561172376E-16,1.554312234475E-15,1.));
#6138 = ORIENTED_EDGE('',*,*,#6139,.F.);
#6139 = EDGE_CURVE('',#5630,#6132,#6140,.T.);
#6140 = LINE('',#6141,#6142);
#6141 = CARTESIAN_POINT('',(106.75,235.,6.));
#6142 = VECTOR('',#6143,1.);
#6143 = DIRECTION('',(-1.,-6.661338147751E-16,-1.443289932013E-15));
#6144 = ORIENTED_EDGE('',*,*,#5701,.F.);
#6145 = FACE_BOUND('',#6146,.F.);
#6146 = EDGE_LOOP('',(#6147,#6158,#6166,#6175));
#6147 = ORIENTED_EDGE('',*,*,#6148,.T.);
#6148 = EDGE_CURVE('',#6149,#6151,#6153,.T.);
#6149 = VERTEX_POINT('',#6150);
#6150 = CARTESIAN_POINT('',(116.0625,235.,9.65));
#6151 = VERTEX_POINT('',#6152);
#6152 = CARTESIAN_POINT('',(116.0625,235.,3.05));
#6153 = CIRCLE('',#6154,3.3);
#6154 = AXIS2_PLACEMENT_3D('',#6155,#6156,#6157);
#6155 = CARTESIAN_POINT('',(116.0625,235.,6.35));
#6156 = DIRECTION('',(1.110223024625E-16,-1.,4.440892098501E-16));
#6157 = DIRECTION('',(1.,1.110223024625E-16,2.22044604925E-16));
#6158 = ORIENTED_EDGE('',*,*,#6159,.T.);
#6159 = EDGE_CURVE('',#6151,#6160,#6162,.T.);
#6160 = VERTEX_POINT('',#6161);
#6161 = CARTESIAN_POINT('',(120.4625,235.,3.05));
#6162 = LINE('',#6163,#6164);
#6163 = CARTESIAN_POINT('',(116.0625,235.,3.05));
#6164 = VECTOR('',#6165,1.);
#6165 = DIRECTION('',(1.,1.110223024625E-16,2.22044604925E-16));
#6166 = ORIENTED_EDGE('',*,*,#6167,.T.);
#6167 = EDGE_CURVE('',#6160,#6168,#6170,.T.);
#6168 = VERTEX_POINT('',#6169);
#6169 = CARTESIAN_POINT('',(120.4625,235.,9.65));
#6170 = CIRCLE('',#6171,3.3);
#6171 = AXIS2_PLACEMENT_3D('',#6172,#6173,#6174);
#6172 = CARTESIAN_POINT('',(120.4625,235.,6.35));
#6173 = DIRECTION('',(1.110223024625E-16,-1.,4.440892098501E-16));
#6174 = DIRECTION('',(1.,1.110223024625E-16,2.22044604925E-16));
#6175 = ORIENTED_EDGE('',*,*,#6176,.T.);
#6176 = EDGE_CURVE('',#6168,#6149,#6177,.T.);
#6177 = LINE('',#6178,#6179);
#6178 = CARTESIAN_POINT('',(120.4625,235.,9.65));
#6179 = VECTOR('',#6180,1.);
#6180 = DIRECTION('',(-1.,-1.110223024625E-16,-2.22044604925E-16));
#6181 = FACE_BOUND('',#6182,.F.);
#6182 = EDGE_LOOP('',(#6183,#6194,#6202,#6211));
#6183 = ORIENTED_EDGE('',*,*,#6184,.T.);
#6184 = EDGE_CURVE('',#6185,#6187,#6189,.T.);
#6185 = VERTEX_POINT('',#6186);
#6186 = CARTESIAN_POINT('',(116.0625,235.,25.525));
#6187 = VERTEX_POINT('',#6188);
#6188 = CARTESIAN_POINT('',(116.0625,235.,18.925));
#6189 = CIRCLE('',#6190,3.3);
#6190 = AXIS2_PLACEMENT_3D('',#6191,#6192,#6193);
#6191 = CARTESIAN_POINT('',(116.0625,235.,22.225));
#6192 = DIRECTION('',(1.110223024625E-16,-1.,4.440892098501E-16));
#6193 = DIRECTION('',(1.,1.110223024625E-16,2.22044604925E-16));
#6194 = ORIENTED_EDGE('',*,*,#6195,.T.);
#6195 = EDGE_CURVE('',#6187,#6196,#6198,.T.);
#6196 = VERTEX_POINT('',#6197);
#6197 = CARTESIAN_POINT('',(120.4625,235.,18.925));
#6198 = LINE('',#6199,#6200);
#6199 = CARTESIAN_POINT('',(116.0625,235.,18.925));
#6200 = VECTOR('',#6201,1.);
#6201 = DIRECTION('',(1.,1.110223024625E-16,2.22044604925E-16));
#6202 = ORIENTED_EDGE('',*,*,#6203,.T.);
#6203 = EDGE_CURVE('',#6196,#6204,#6206,.T.);
#6204 = VERTEX_POINT('',#6205);
#6205 = CARTESIAN_POINT('',(120.4625,235.,25.525));
#6206 = CIRCLE('',#6207,3.3);
#6207 = AXIS2_PLACEMENT_3D('',#6208,#6209,#6210);
#6208 = CARTESIAN_POINT('',(120.4625,235.,22.225));
#6209 = DIRECTION('',(1.110223024625E-16,-1.,4.440892098501E-16));
#6210 = DIRECTION('',(1.,1.110223024625E-16,2.22044604925E-16));
#6211 = ORIENTED_EDGE('',*,*,#6212,.T.);
#6212 = EDGE_CURVE('',#6204,#6185,#6213,.T.);
#6213 = LINE('',#6214,#6215);
#6214 = CARTESIAN_POINT('',(120.4625,235.,25.525));
#6215 = VECTOR('',#6216,1.);
#6216 = DIRECTION('',(-1.,-1.110223024625E-16,-2.22044604925E-16));
#6217 = FACE_BOUND('',#6218,.F.);
#6218 = EDGE_LOOP('',(#6219,#6230,#6238,#6247));
#6219 = ORIENTED_EDGE('',*,*,#6220,.T.);
#6220 = EDGE_CURVE('',#6221,#6223,#6225,.T.);
#6221 = VERTEX_POINT('',#6222);
#6222 = CARTESIAN_POINT('',(116.0625,235.,41.4));
#6223 = VERTEX_POINT('',#6224);
#6224 = CARTESIAN_POINT('',(116.0625,235.,34.8));
#6225 = CIRCLE('',#6226,3.3);
#6226 = AXIS2_PLACEMENT_3D('',#6227,#6228,#6229);
#6227 = CARTESIAN_POINT('',(116.0625,235.,38.1));
#6228 = DIRECTION('',(1.110223024625E-16,-1.,4.440892098501E-16));
#6229 = DIRECTION('',(1.,1.110223024625E-16,2.22044604925E-16));
#6230 = ORIENTED_EDGE('',*,*,#6231,.T.);
#6231 = EDGE_CURVE('',#6223,#6232,#6234,.T.);
#6232 = VERTEX_POINT('',#6233);
#6233 = CARTESIAN_POINT('',(120.4625,235.,34.8));
#6234 = LINE('',#6235,#6236);
#6235 = CARTESIAN_POINT('',(116.0625,235.,34.8));
#6236 = VECTOR('',#6237,1.);
#6237 = DIRECTION('',(1.,1.110223024625E-16,2.22044604925E-16));
#6238 = ORIENTED_EDGE('',*,*,#6239,.T.);
#6239 = EDGE_CURVE('',#6232,#6240,#6242,.T.);
#6240 = VERTEX_POINT('',#6241);
#6241 = CARTESIAN_POINT('',(120.4625,235.,41.4));
#6242 = CIRCLE('',#6243,3.3);
#6243 = AXIS2_PLACEMENT_3D('',#6244,#6245,#6246);
#6244 = CARTESIAN_POINT('',(120.4625,235.,38.1));
#6245 = DIRECTION('',(1.110223024625E-16,-1.,4.440892098501E-16));
#6246 = DIRECTION('',(1.,1.110223024625E-16,2.22044604925E-16));
#6247 = ORIENTED_EDGE('',*,*,#6248,.T.);
#6248 = EDGE_CURVE('',#6240,#6221,#6249,.T.);
#6249 = LINE('',#6250,#6251);
#6250 = CARTESIAN_POINT('',(120.4625,235.,41.4));
#6251 = VECTOR('',#6252,1.);
#6252 = DIRECTION('',(-1.,-1.110223024625E-16,-2.22044604925E-16));
#6253 = PLANE('',#6254);
#6254 = AXIS2_PLACEMENT_3D('',#6255,#6256,#6257);
#6255 = CARTESIAN_POINT('',(109.94112140227,235.,22.225));
#6256 = DIRECTION('',(4.440892098501E-16,1.,2.22044604925E-16));
#6257 = DIRECTION('',(2.22044604925E-16,4.440892098501E-16,1.));
#6258 = ADVANCED_FACE('',(#6259),#6326,.T.);
#6259 = FACE_BOUND('',#6260,.T.);
#6260 = EDGE_LOOP('',(#6261,#6262,#6270,#6276,#6277,#6278,#6286,#6294,
    #6300,#6301,#6302,#6310,#6318,#6324,#6325));
#6261 = ORIENTED_EDGE('',*,*,#5979,.F.);
#6262 = ORIENTED_EDGE('',*,*,#6263,.F.);
#6263 = EDGE_CURVE('',#6264,#5972,#6266,.T.);
#6264 = VERTEX_POINT('',#6265);
#6265 = CARTESIAN_POINT('',(97.55,160.,0.));
#6266 = LINE('',#6267,#6268);
#6267 = CARTESIAN_POINT('',(97.55,160.,-1.42108547152E-14));
#6268 = VECTOR('',#6269,1.);
#6269 = DIRECTION('',(-6.661338147751E-16,-1.,-3.330669073875E-16));
#6270 = ORIENTED_EDGE('',*,*,#6271,.F.);
#6271 = EDGE_CURVE('',#5686,#6264,#6272,.T.);
#6272 = LINE('',#6273,#6274);
#6273 = CARTESIAN_POINT('',(103.85,160.,-1.42108547152E-14));
#6274 = VECTOR('',#6275,1.);
#6275 = DIRECTION('',(-1.,-3.330669073875E-16,-6.661338147751E-16));
#6276 = ORIENTED_EDGE('',*,*,#5693,.T.);
#6277 = ORIENTED_EDGE('',*,*,#6059,.F.);
#6278 = ORIENTED_EDGE('',*,*,#6279,.T.);
#6279 = EDGE_CURVE('',#6060,#6280,#6282,.T.);
#6280 = VERTEX_POINT('',#6281);
#6281 = CARTESIAN_POINT('',(94.,241.5,0.));
#6282 = LINE('',#6283,#6284);
#6283 = CARTESIAN_POINT('',(94.,235.,3.369526879737E-14));
#6284 = VECTOR('',#6285,1.);
#6285 = DIRECTION('',(3.330669073875E-16,1.,-1.110223024625E-16));
#6286 = ORIENTED_EDGE('',*,*,#6287,.T.);
#6287 = EDGE_CURVE('',#6280,#6288,#6290,.T.);
#6288 = VERTEX_POINT('',#6289);
#6289 = CARTESIAN_POINT('',(123.,241.5,0.));
#6290 = LINE('',#6291,#6292);
#6291 = CARTESIAN_POINT('',(94.,241.5,-4.263256414561E-14));
#6292 = VECTOR('',#6293,1.);
#6293 = DIRECTION('',(1.,2.22044604925E-16,4.440892098501E-16));
#6294 = ORIENTED_EDGE('',*,*,#6295,.F.);
#6295 = EDGE_CURVE('',#6100,#6288,#6296,.T.);
#6296 = LINE('',#6297,#6298);
#6297 = CARTESIAN_POINT('',(123.,235.,4.335420911161E-14));
#6298 = VECTOR('',#6299,1.);
#6299 = DIRECTION('',(3.330669073875E-16,1.,-1.110223024625E-16));
#6300 = ORIENTED_EDGE('',*,*,#6107,.F.);
#6301 = ORIENTED_EDGE('',*,*,#5518,.F.);
#6302 = ORIENTED_EDGE('',*,*,#6303,.F.);
#6303 = EDGE_CURVE('',#6304,#5511,#6306,.T.);
#6304 = VERTEX_POINT('',#6305);
#6305 = CARTESIAN_POINT('',(108.75,161.,0.));
#6306 = LINE('',#6307,#6308);
#6307 = CARTESIAN_POINT('',(108.75,161.,0.));
#6308 = VECTOR('',#6309,1.);
#6309 = DIRECTION('',(-1.,-3.330669073875E-16,-6.661338147751E-16));
#6310 = ORIENTED_EDGE('',*,*,#6311,.F.);
#6311 = EDGE_CURVE('',#6312,#6304,#6314,.T.);
#6312 = VERTEX_POINT('',#6313);
#6313 = CARTESIAN_POINT('',(108.75,159.,0.));
#6314 = LINE('',#6315,#6316);
#6315 = CARTESIAN_POINT('',(108.75,159.,0.));
#6316 = VECTOR('',#6317,1.);
#6317 = DIRECTION('',(6.661338147751E-16,1.,3.330669073875E-16));
#6318 = ORIENTED_EDGE('',*,*,#6319,.F.);
#6319 = EDGE_CURVE('',#5487,#6312,#6320,.T.);
#6320 = LINE('',#6321,#6322);
#6321 = CARTESIAN_POINT('',(106.45,156.,-1.42108547152E-14));
#6322 = VECTOR('',#6323,1.);
#6323 = DIRECTION('',(0.608431543657,0.793606361292,6.696208416444E-16)
  );
#6324 = ORIENTED_EDGE('',*,*,#5486,.F.);
#6325 = ORIENTED_EDGE('',*,*,#5987,.F.);
#6326 = PLANE('',#6327);
#6327 = AXIS2_PLACEMENT_3D('',#6328,#6329,#6330);
#6328 = CARTESIAN_POINT('',(105.85676194795,204.68342134843,
    3.32435600223E-14));
#6329 = DIRECTION('',(-1.110223024625E-16,-2.22044604925E-16,-1.));
#6330 = DIRECTION('',(-1.,-1.110223024625E-16,-2.22044604925E-16));
#6331 = ADVANCED_FACE('',(#6332),#6350,.F.);
#6332 = FACE_BOUND('',#6333,.F.);
#6333 = EDGE_LOOP('',(#6334,#6335,#6343,#6349));
#6334 = ORIENTED_EDGE('',*,*,#6303,.F.);
#6335 = ORIENTED_EDGE('',*,*,#6336,.T.);
#6336 = EDGE_CURVE('',#6304,#6337,#6339,.T.);
#6337 = VERTEX_POINT('',#6338);
#6338 = CARTESIAN_POINT('',(108.75,161.,3.5));
#6339 = LINE('',#6340,#6341);
#6340 = CARTESIAN_POINT('',(108.75,161.,6.05626659933E-14));
#6341 = VECTOR('',#6342,1.);
#6342 = DIRECTION('',(2.22044604925E-16,5.551115123126E-16,1.));
#6343 = ORIENTED_EDGE('',*,*,#6344,.T.);
#6344 = EDGE_CURVE('',#6337,#5503,#6345,.T.);
#6345 = LINE('',#6346,#6347);
#6346 = CARTESIAN_POINT('',(108.75,161.,3.5));
#6347 = VECTOR('',#6348,1.);
#6348 = DIRECTION('',(-1.,-3.330669073875E-16,-6.661338147751E-16));
#6349 = ORIENTED_EDGE('',*,*,#5510,.T.);
#6350 = PLANE('',#6351);
#6351 = AXIS2_PLACEMENT_3D('',#6352,#6353,#6354);
#6352 = CARTESIAN_POINT('',(108.75,161.,6.05626659933E-14));
#6353 = DIRECTION('',(-4.440892098501E-16,-1.,-1.110223024625E-16));
#6354 = DIRECTION('',(-1.,-2.22044604925E-16,-5.551115123126E-16));
#6355 = ADVANCED_FACE('',(#6356),#6374,.T.);
#6356 = FACE_BOUND('',#6357,.T.);
#6357 = EDGE_LOOP('',(#6358,#6359,#6367,#6373));
#6358 = ORIENTED_EDGE('',*,*,#5502,.T.);
#6359 = ORIENTED_EDGE('',*,*,#6360,.T.);
#6360 = EDGE_CURVE('',#5495,#6361,#6363,.T.);
#6361 = VERTEX_POINT('',#6362);
#6362 = CARTESIAN_POINT('',(108.75,159.,3.5));
#6363 = LINE('',#6364,#6365);
#6364 = CARTESIAN_POINT('',(106.45,156.,3.5));
#6365 = VECTOR('',#6366,1.);
#6366 = DIRECTION('',(0.608431543657,0.793606361292,6.696208416444E-16)
  );
#6367 = ORIENTED_EDGE('',*,*,#6368,.T.);
#6368 = EDGE_CURVE('',#6361,#6337,#6369,.T.);
#6369 = LINE('',#6370,#6371);
#6370 = CARTESIAN_POINT('',(108.75,159.,3.5));
#6371 = VECTOR('',#6372,1.);
#6372 = DIRECTION('',(6.661338147751E-16,1.,3.330669073875E-16));
#6373 = ORIENTED_EDGE('',*,*,#6344,.T.);
#6374 = PLANE('',#6375);
#6375 = AXIS2_PLACEMENT_3D('',#6376,#6377,#6378);
#6376 = CARTESIAN_POINT('',(103.27728369462,158.341740554,3.5));
#6377 = DIRECTION('',(3.330669073875E-16,6.661338147751E-16,1.));
#6378 = DIRECTION('',(1.,3.330669073875E-16,6.661338147751E-16));
#6379 = ADVANCED_FACE('',(#6380),#6391,.F.);
#6380 = FACE_BOUND('',#6381,.F.);
#6381 = EDGE_LOOP('',(#6382,#6383,#6384,#6385));
#6382 = ORIENTED_EDGE('',*,*,#6319,.F.);
#6383 = ORIENTED_EDGE('',*,*,#5494,.T.);
#6384 = ORIENTED_EDGE('',*,*,#6360,.T.);
#6385 = ORIENTED_EDGE('',*,*,#6386,.F.);
#6386 = EDGE_CURVE('',#6312,#6361,#6387,.T.);
#6387 = LINE('',#6388,#6389);
#6388 = CARTESIAN_POINT('',(108.75,159.,6.011857678345E-14));
#6389 = VECTOR('',#6390,1.);
#6390 = DIRECTION('',(2.22044604925E-16,5.551115123126E-16,1.));
#6391 = PLANE('',#6392);
#6392 = AXIS2_PLACEMENT_3D('',#6393,#6394,#6395);
#6393 = CARTESIAN_POINT('',(106.45,156.,5.817568649036E-14));
#6394 = DIRECTION('',(-0.793606361292,0.608431543657,-2.848825510505E-16
    ));
#6395 = DIRECTION('',(0.608431543657,0.793606361292,5.139633652972E-16)
  );
#6396 = ADVANCED_FACE('',(#6397),#6408,.T.);
#6397 = FACE_BOUND('',#6398,.T.);
#6398 = EDGE_LOOP('',(#6399,#6400,#6401,#6407));
#6399 = ORIENTED_EDGE('',*,*,#5627,.F.);
#6400 = ORIENTED_EDGE('',*,*,#5757,.T.);
#6401 = ORIENTED_EDGE('',*,*,#6402,.T.);
#6402 = EDGE_CURVE('',#5750,#6132,#6403,.T.);
#6403 = LINE('',#6404,#6405);
#6404 = CARTESIAN_POINT('',(99.55,150.,6.));
#6405 = VECTOR('',#6406,1.);
#6406 = DIRECTION('',(1.554312234475E-15,1.,7.771561172376E-16));
#6407 = ORIENTED_EDGE('',*,*,#6139,.F.);
#6408 = PLANE('',#6409);
#6409 = AXIS2_PLACEMENT_3D('',#6410,#6411,#6412);
#6410 = CARTESIAN_POINT('',(106.75,150.,6.));
#6411 = DIRECTION('',(-5.551115123126E-16,-1.33226762955E-15,-1.));
#6412 = DIRECTION('',(1.443289932013E-15,1.,6.661338147751E-16));
#6413 = ADVANCED_FACE('',(#6414),#6432,.F.);
#6414 = FACE_BOUND('',#6415,.F.);
#6415 = EDGE_LOOP('',(#6416,#6417,#6418,#6426));
#6416 = ORIENTED_EDGE('',*,*,#6271,.F.);
#6417 = ORIENTED_EDGE('',*,*,#5685,.F.);
#6418 = ORIENTED_EDGE('',*,*,#6419,.T.);
#6419 = EDGE_CURVE('',#5678,#6420,#6422,.T.);
#6420 = VERTEX_POINT('',#6421);
#6421 = CARTESIAN_POINT('',(97.55,160.,3.5));
#6422 = LINE('',#6423,#6424);
#6423 = CARTESIAN_POINT('',(103.85,160.,3.5));
#6424 = VECTOR('',#6425,1.);
#6425 = DIRECTION('',(-1.,-3.330669073875E-16,-6.661338147751E-16));
#6426 = ORIENTED_EDGE('',*,*,#6427,.F.);
#6427 = EDGE_CURVE('',#6264,#6420,#6428,.T.);
#6428 = LINE('',#6429,#6430);
#6429 = CARTESIAN_POINT('',(97.55,160.,5.412337245048E-14));
#6430 = VECTOR('',#6431,1.);
#6431 = DIRECTION('',(2.22044604925E-16,5.551115123126E-16,1.));
#6432 = PLANE('',#6433);
#6433 = AXIS2_PLACEMENT_3D('',#6434,#6435,#6436);
#6434 = CARTESIAN_POINT('',(103.85,160.,5.762057497805E-14));
#6435 = DIRECTION('',(-4.440892098501E-16,-1.,-1.110223024625E-16));
#6436 = DIRECTION('',(-1.,-2.22044604925E-16,-5.551115123126E-16));
#6437 = ADVANCED_FACE('',(#6438),#6449,.T.);
#6438 = FACE_BOUND('',#6439,.T.);
#6439 = EDGE_LOOP('',(#6440,#6446,#6447,#6448));
#6440 = ORIENTED_EDGE('',*,*,#6441,.T.);
#6441 = EDGE_CURVE('',#6420,#5964,#6442,.T.);
#6442 = LINE('',#6443,#6444);
#6443 = CARTESIAN_POINT('',(97.55,160.,3.5));
#6444 = VECTOR('',#6445,1.);
#6445 = DIRECTION('',(-6.661338147751E-16,-1.,-3.330669073875E-16));
#6446 = ORIENTED_EDGE('',*,*,#5963,.T.);
#6447 = ORIENTED_EDGE('',*,*,#5677,.F.);
#6448 = ORIENTED_EDGE('',*,*,#6419,.T.);
#6449 = PLANE('',#6450);
#6450 = AXIS2_PLACEMENT_3D('',#6451,#6452,#6453);
#6451 = CARTESIAN_POINT('',(103.27728369462,158.341740554,3.5));
#6452 = DIRECTION('',(3.330669073875E-16,6.661338147751E-16,1.));
#6453 = DIRECTION('',(1.,3.330669073875E-16,6.661338147751E-16));
#6454 = ADVANCED_FACE('',(#6455),#6466,.F.);
#6455 = FACE_BOUND('',#6456,.F.);
#6456 = EDGE_LOOP('',(#6457,#6458,#6459,#6465));
#6457 = ORIENTED_EDGE('',*,*,#6402,.T.);
#6458 = ORIENTED_EDGE('',*,*,#6131,.T.);
#6459 = ORIENTED_EDGE('',*,*,#6460,.T.);
#6460 = EDGE_CURVE('',#6124,#5742,#6461,.T.);
#6461 = LINE('',#6462,#6463);
#6462 = CARTESIAN_POINT('',(99.55,235.,34.));
#6463 = VECTOR('',#6464,1.);
#6464 = DIRECTION('',(-1.554312234475E-15,-1.,-7.771561172376E-16));
#6465 = ORIENTED_EDGE('',*,*,#5749,.T.);
#6466 = PLANE('',#6467);
#6467 = AXIS2_PLACEMENT_3D('',#6468,#6469,#6470);
#6468 = CARTESIAN_POINT('',(99.55,192.5,20.));
#6469 = DIRECTION('',(1.,7.771561172376E-16,1.554312234475E-15));
#6470 = DIRECTION('',(7.771561172376E-16,1.554312234475E-15,1.));
#6471 = ADVANCED_FACE('',(#6472),#6483,.T.);
#6472 = FACE_BOUND('',#6473,.T.);
#6473 = EDGE_LOOP('',(#6474,#6480,#6481,#6482));
#6474 = ORIENTED_EDGE('',*,*,#6475,.F.);
#6475 = EDGE_CURVE('',#6116,#5734,#6476,.T.);
#6476 = LINE('',#6477,#6478);
#6477 = CARTESIAN_POINT('',(103.55,213.75,34.));
#6478 = VECTOR('',#6479,1.);
#6479 = DIRECTION('',(-1.33226762955E-15,-1.,-6.661338147751E-16));
#6480 = ORIENTED_EDGE('',*,*,#6123,.T.);
#6481 = ORIENTED_EDGE('',*,*,#6460,.T.);
#6482 = ORIENTED_EDGE('',*,*,#5741,.F.);
#6483 = PLANE('',#6484);
#6484 = AXIS2_PLACEMENT_3D('',#6485,#6486,#6487);
#6485 = CARTESIAN_POINT('',(106.75,235.,34.));
#6486 = DIRECTION('',(5.551115123126E-16,1.33226762955E-15,1.));
#6487 = DIRECTION('',(-1.443289932013E-15,-1.,-6.661338147751E-16));
#6488 = ADVANCED_FACE('',(#6489),#6495,.F.);
#6489 = FACE_BOUND('',#6490,.F.);
#6490 = EDGE_LOOP('',(#6491,#6492,#6493,#6494));
#6491 = ORIENTED_EDGE('',*,*,#5733,.T.);
#6492 = ORIENTED_EDGE('',*,*,#6475,.F.);
#6493 = ORIENTED_EDGE('',*,*,#6115,.T.);
#6494 = ORIENTED_EDGE('',*,*,#5887,.T.);
#6495 = PLANE('',#6496);
#6496 = AXIS2_PLACEMENT_3D('',#6497,#6498,#6499);
#6497 = CARTESIAN_POINT('',(103.55,192.5,20.15));
#6498 = DIRECTION('',(1.,8.881784197001E-16,1.7763568394E-15));
#6499 = DIRECTION('',(8.881784197001E-16,1.7763568394E-15,1.));
#6500 = ADVANCED_FACE('',(#6501),#6507,.F.);
#6501 = FACE_BOUND('',#6502,.F.);
#6502 = EDGE_LOOP('',(#6503,#6504,#6505,#6506));
#6503 = ORIENTED_EDGE('',*,*,#6427,.T.);
#6504 = ORIENTED_EDGE('',*,*,#6441,.T.);
#6505 = ORIENTED_EDGE('',*,*,#5971,.F.);
#6506 = ORIENTED_EDGE('',*,*,#6263,.F.);
#6507 = PLANE('',#6508);
#6508 = AXIS2_PLACEMENT_3D('',#6509,#6510,#6511);
#6509 = CARTESIAN_POINT('',(97.55,160.,5.412337245048E-14));
#6510 = DIRECTION('',(1.,1.110223024625E-16,4.440892098501E-16));
#6511 = DIRECTION('',(-5.551115123126E-16,-1.,-2.22044604925E-16));
#6512 = ADVANCED_FACE('',(#6513),#6531,.T.);
#6513 = FACE_BOUND('',#6514,.T.);
#6514 = EDGE_LOOP('',(#6515,#6523,#6529,#6530));
#6515 = ORIENTED_EDGE('',*,*,#6516,.T.);
#6516 = EDGE_CURVE('',#6068,#6517,#6519,.T.);
#6517 = VERTEX_POINT('',#6518);
#6518 = CARTESIAN_POINT('',(94.,241.5,44.45));
#6519 = LINE('',#6520,#6521);
#6520 = CARTESIAN_POINT('',(94.,235.,44.45));
#6521 = VECTOR('',#6522,1.);
#6522 = DIRECTION('',(3.330669073875E-16,1.,-1.110223024625E-16));
#6523 = ORIENTED_EDGE('',*,*,#6524,.T.);
#6524 = EDGE_CURVE('',#6517,#6280,#6525,.T.);
#6525 = LINE('',#6526,#6527);
#6526 = CARTESIAN_POINT('',(94.,241.5,44.45));
#6527 = VECTOR('',#6528,1.);
#6528 = DIRECTION('',(-2.22044604925E-16,-6.661338147751E-16,-1.));
#6529 = ORIENTED_EDGE('',*,*,#6279,.F.);
#6530 = ORIENTED_EDGE('',*,*,#6067,.F.);
#6531 = PLANE('',#6532);
#6532 = AXIS2_PLACEMENT_3D('',#6533,#6534,#6535);
#6533 = CARTESIAN_POINT('',(94.,235.,44.45));
#6534 = DIRECTION('',(-1.,-2.736911063134E-48,-2.22044604925E-16));
#6535 = DIRECTION('',(-1.110223024625E-16,-5.551115123126E-16,-1.));
#6536 = ADVANCED_FACE('',(#6537),#6555,.T.);
#6537 = FACE_BOUND('',#6538,.T.);
#6538 = EDGE_LOOP('',(#6539,#6547,#6553,#6554));
#6539 = ORIENTED_EDGE('',*,*,#6540,.T.);
#6540 = EDGE_CURVE('',#6076,#6541,#6543,.T.);
#6541 = VERTEX_POINT('',#6542);
#6542 = CARTESIAN_POINT('',(123.,241.5,44.45));
#6543 = LINE('',#6544,#6545);
#6544 = CARTESIAN_POINT('',(123.,235.,44.45));
#6545 = VECTOR('',#6546,1.);
#6546 = DIRECTION('',(3.330669073875E-16,1.,-1.110223024625E-16));
#6547 = ORIENTED_EDGE('',*,*,#6548,.T.);
#6548 = EDGE_CURVE('',#6541,#6517,#6549,.T.);
#6549 = LINE('',#6550,#6551);
#6550 = CARTESIAN_POINT('',(123.,241.5,44.45));
#6551 = VECTOR('',#6552,1.);
#6552 = DIRECTION('',(-1.,-2.22044604925E-16,-4.440892098501E-16));
#6553 = ORIENTED_EDGE('',*,*,#6516,.F.);
#6554 = ORIENTED_EDGE('',*,*,#6075,.F.);
#6555 = PLANE('',#6556);
#6556 = AXIS2_PLACEMENT_3D('',#6557,#6558,#6559);
#6557 = CARTESIAN_POINT('',(123.,235.,44.45));
#6558 = DIRECTION('',(3.697785493223E-32,4.440892098501E-16,1.));
#6559 = DIRECTION('',(-1.,-1.110223024625E-16,-3.330669073875E-16));
#6560 = ADVANCED_FACE('',(#6561),#6579,.T.);
#6561 = FACE_BOUND('',#6562,.T.);
#6562 = EDGE_LOOP('',(#6563,#6571,#6577,#6578));
#6563 = ORIENTED_EDGE('',*,*,#6564,.T.);
#6564 = EDGE_CURVE('',#6084,#6565,#6567,.T.);
#6565 = VERTEX_POINT('',#6566);
#6566 = CARTESIAN_POINT('',(127.,241.5,40.45));
#6567 = LINE('',#6568,#6569);
#6568 = CARTESIAN_POINT('',(127.,235.,40.45));
#6569 = VECTOR('',#6570,1.);
#6570 = DIRECTION('',(3.330669073875E-16,1.,-1.110223024625E-16));
#6571 = ORIENTED_EDGE('',*,*,#6572,.T.);
#6572 = EDGE_CURVE('',#6565,#6541,#6573,.T.);
#6573 = LINE('',#6574,#6575);
#6574 = CARTESIAN_POINT('',(127.,241.5,40.45));
#6575 = VECTOR('',#6576,1.);
#6576 = DIRECTION('',(-0.707106781187,3.140184917368E-16,0.707106781187)
  );
#6577 = ORIENTED_EDGE('',*,*,#6540,.F.);
#6578 = ORIENTED_EDGE('',*,*,#6083,.F.);
#6579 = PLANE('',#6580);
#6580 = AXIS2_PLACEMENT_3D('',#6581,#6582,#6583);
#6581 = CARTESIAN_POINT('',(127.,235.,40.45));
#6582 = DIRECTION('',(0.707106781187,3.140184917368E-16,0.707106781187)
  );
#6583 = DIRECTION('',(-0.707106781187,3.140184917368E-16,0.707106781187)
  );
#6584 = ADVANCED_FACE('',(#6585),#6603,.T.);
#6585 = FACE_BOUND('',#6586,.T.);
#6586 = EDGE_LOOP('',(#6587,#6595,#6601,#6602));
#6587 = ORIENTED_EDGE('',*,*,#6588,.T.);
#6588 = EDGE_CURVE('',#6092,#6589,#6591,.T.);
#6589 = VERTEX_POINT('',#6590);
#6590 = CARTESIAN_POINT('',(127.,241.5,4.));
#6591 = LINE('',#6592,#6593);
#6592 = CARTESIAN_POINT('',(127.,235.,4.));
#6593 = VECTOR('',#6594,1.);
#6594 = DIRECTION('',(3.330669073875E-16,1.,-1.110223024625E-16));
#6595 = ORIENTED_EDGE('',*,*,#6596,.T.);
#6596 = EDGE_CURVE('',#6589,#6565,#6597,.T.);
#6597 = LINE('',#6598,#6599);
#6598 = CARTESIAN_POINT('',(127.,241.5,4.));
#6599 = VECTOR('',#6600,1.);
#6600 = DIRECTION('',(2.22044604925E-16,6.661338147751E-16,1.));
#6601 = ORIENTED_EDGE('',*,*,#6564,.F.);
#6602 = ORIENTED_EDGE('',*,*,#6091,.F.);
#6603 = PLANE('',#6604);
#6604 = AXIS2_PLACEMENT_3D('',#6605,#6606,#6607);
#6605 = CARTESIAN_POINT('',(127.,235.,4.));
#6606 = DIRECTION('',(1.,2.736911063134E-48,2.22044604925E-16));
#6607 = DIRECTION('',(1.110223024625E-16,5.551115123126E-16,1.));
#6608 = ADVANCED_FACE('',(#6609),#6620,.T.);
#6609 = FACE_BOUND('',#6610,.T.);
#6610 = EDGE_LOOP('',(#6611,#6612,#6618,#6619));
#6611 = ORIENTED_EDGE('',*,*,#6295,.T.);
#6612 = ORIENTED_EDGE('',*,*,#6613,.T.);
#6613 = EDGE_CURVE('',#6288,#6589,#6614,.T.);
#6614 = LINE('',#6615,#6616);
#6615 = CARTESIAN_POINT('',(123.,241.5,-2.84217094304E-14));
#6616 = VECTOR('',#6617,1.);
#6617 = DIRECTION('',(0.707106781187,6.280369834735E-16,0.707106781187)
  );
#6618 = ORIENTED_EDGE('',*,*,#6588,.F.);
#6619 = ORIENTED_EDGE('',*,*,#6099,.F.);
#6620 = PLANE('',#6621);
#6621 = AXIS2_PLACEMENT_3D('',#6622,#6623,#6624);
#6622 = CARTESIAN_POINT('',(123.,235.,4.335420911161E-14));
#6623 = DIRECTION('',(0.707106781187,-3.140184917368E-16,-0.707106781187
    ));
#6624 = DIRECTION('',(0.707106781187,4.710277376051E-16,0.707106781187)
  );
#6625 = ADVANCED_FACE('',(#6626),#6652,.F.);
#6626 = FACE_BOUND('',#6627,.T.);
#6627 = EDGE_LOOP('',(#6628,#6636,#6637,#6645));
#6628 = ORIENTED_EDGE('',*,*,#6629,.T.);
#6629 = EDGE_CURVE('',#6630,#6149,#6632,.T.);
#6630 = VERTEX_POINT('',#6631);
#6631 = CARTESIAN_POINT('',(116.0625,241.5,9.65));
#6632 = LINE('',#6633,#6634);
#6633 = CARTESIAN_POINT('',(116.0625,241.5,9.65));
#6634 = VECTOR('',#6635,1.);
#6635 = DIRECTION('',(-1.110223024625E-16,-1.,2.22044604925E-16));
#6636 = ORIENTED_EDGE('',*,*,#6148,.T.);
#6637 = ORIENTED_EDGE('',*,*,#6638,.F.);
#6638 = EDGE_CURVE('',#6639,#6151,#6641,.T.);
#6639 = VERTEX_POINT('',#6640);
#6640 = CARTESIAN_POINT('',(116.0625,241.5,3.05));
#6641 = LINE('',#6642,#6643);
#6642 = CARTESIAN_POINT('',(116.0625,241.5,3.05));
#6643 = VECTOR('',#6644,1.);
#6644 = DIRECTION('',(-1.110223024625E-16,-1.,2.22044604925E-16));
#6645 = ORIENTED_EDGE('',*,*,#6646,.F.);
#6646 = EDGE_CURVE('',#6630,#6639,#6647,.T.);
#6647 = CIRCLE('',#6648,3.3);
#6648 = AXIS2_PLACEMENT_3D('',#6649,#6650,#6651);
#6649 = CARTESIAN_POINT('',(116.0625,241.5,6.35));
#6650 = DIRECTION('',(1.110223024625E-16,-1.,4.440892098501E-16));
#6651 = DIRECTION('',(1.,1.110223024625E-16,2.22044604925E-16));
#6652 = CYLINDRICAL_SURFACE('',#6653,3.3);
#6653 = AXIS2_PLACEMENT_3D('',#6654,#6655,#6656);
#6654 = CARTESIAN_POINT('',(116.0625,241.5,6.35));
#6655 = DIRECTION('',(3.697785493223E-32,1.,-3.330669073875E-16));
#6656 = DIRECTION('',(1.,0.,1.110223024625E-16));
#6657 = ADVANCED_FACE('',(#6658),#6676,.T.);
#6658 = FACE_BOUND('',#6659,.T.);
#6659 = EDGE_LOOP('',(#6660,#6668,#6669,#6670));
#6660 = ORIENTED_EDGE('',*,*,#6661,.T.);
#6661 = EDGE_CURVE('',#6662,#6168,#6664,.T.);
#6662 = VERTEX_POINT('',#6663);
#6663 = CARTESIAN_POINT('',(120.4625,241.5,9.65));
#6664 = LINE('',#6665,#6666);
#6665 = CARTESIAN_POINT('',(120.4625,241.5,9.65));
#6666 = VECTOR('',#6667,1.);
#6667 = DIRECTION('',(-1.110223024625E-16,-1.,2.22044604925E-16));
#6668 = ORIENTED_EDGE('',*,*,#6176,.T.);
#6669 = ORIENTED_EDGE('',*,*,#6629,.F.);
#6670 = ORIENTED_EDGE('',*,*,#6671,.F.);
#6671 = EDGE_CURVE('',#6662,#6630,#6672,.T.);
#6672 = LINE('',#6673,#6674);
#6673 = CARTESIAN_POINT('',(120.4625,241.5,9.65));
#6674 = VECTOR('',#6675,1.);
#6675 = DIRECTION('',(-1.,-1.110223024625E-16,-2.22044604925E-16));
#6676 = PLANE('',#6677);
#6677 = AXIS2_PLACEMENT_3D('',#6678,#6679,#6680);
#6678 = CARTESIAN_POINT('',(120.4625,241.5,9.65));
#6679 = DIRECTION('',(1.110223024625E-16,-2.22044604925E-16,-1.));
#6680 = DIRECTION('',(-1.,0.,-1.110223024625E-16));
#6681 = ADVANCED_FACE('',(#6682),#6701,.F.);
#6682 = FACE_BOUND('',#6683,.T.);
#6683 = EDGE_LOOP('',(#6684,#6692,#6693,#6694));
#6684 = ORIENTED_EDGE('',*,*,#6685,.T.);
#6685 = EDGE_CURVE('',#6686,#6160,#6688,.T.);
#6686 = VERTEX_POINT('',#6687);
#6687 = CARTESIAN_POINT('',(120.4625,241.5,3.05));
#6688 = LINE('',#6689,#6690);
#6689 = CARTESIAN_POINT('',(120.4625,241.5,3.05));
#6690 = VECTOR('',#6691,1.);
#6691 = DIRECTION('',(-1.110223024625E-16,-1.,2.22044604925E-16));
#6692 = ORIENTED_EDGE('',*,*,#6167,.T.);
#6693 = ORIENTED_EDGE('',*,*,#6661,.F.);
#6694 = ORIENTED_EDGE('',*,*,#6695,.F.);
#6695 = EDGE_CURVE('',#6686,#6662,#6696,.T.);
#6696 = CIRCLE('',#6697,3.3);
#6697 = AXIS2_PLACEMENT_3D('',#6698,#6699,#6700);
#6698 = CARTESIAN_POINT('',(120.4625,241.5,6.35));
#6699 = DIRECTION('',(1.110223024625E-16,-1.,4.440892098501E-16));
#6700 = DIRECTION('',(1.,1.110223024625E-16,2.22044604925E-16));
#6701 = CYLINDRICAL_SURFACE('',#6702,3.3);
#6702 = AXIS2_PLACEMENT_3D('',#6703,#6704,#6705);
#6703 = CARTESIAN_POINT('',(120.4625,241.5,6.35));
#6704 = DIRECTION('',(3.697785493223E-32,1.,-3.330669073875E-16));
#6705 = DIRECTION('',(1.,0.,1.110223024625E-16));
#6706 = ADVANCED_FACE('',(#6707),#6718,.T.);
#6707 = FACE_BOUND('',#6708,.T.);
#6708 = EDGE_LOOP('',(#6709,#6710,#6711,#6712));
#6709 = ORIENTED_EDGE('',*,*,#6638,.T.);
#6710 = ORIENTED_EDGE('',*,*,#6159,.T.);
#6711 = ORIENTED_EDGE('',*,*,#6685,.F.);
#6712 = ORIENTED_EDGE('',*,*,#6713,.F.);
#6713 = EDGE_CURVE('',#6639,#6686,#6714,.T.);
#6714 = LINE('',#6715,#6716);
#6715 = CARTESIAN_POINT('',(116.0625,241.5,3.05));
#6716 = VECTOR('',#6717,1.);
#6717 = DIRECTION('',(1.,1.110223024625E-16,2.22044604925E-16));
#6718 = PLANE('',#6719);
#6719 = AXIS2_PLACEMENT_3D('',#6720,#6721,#6722);
#6720 = CARTESIAN_POINT('',(116.0625,241.5,3.05));
#6721 = DIRECTION('',(-1.110223024625E-16,2.22044604925E-16,1.));
#6722 = DIRECTION('',(1.,0.,1.110223024625E-16));
#6723 = ADVANCED_FACE('',(#6724),#6750,.F.);
#6724 = FACE_BOUND('',#6725,.T.);
#6725 = EDGE_LOOP('',(#6726,#6734,#6735,#6743));
#6726 = ORIENTED_EDGE('',*,*,#6727,.T.);
#6727 = EDGE_CURVE('',#6728,#6185,#6730,.T.);
#6728 = VERTEX_POINT('',#6729);
#6729 = CARTESIAN_POINT('',(116.0625,241.5,25.525));
#6730 = LINE('',#6731,#6732);
#6731 = CARTESIAN_POINT('',(116.0625,241.5,25.525));
#6732 = VECTOR('',#6733,1.);
#6733 = DIRECTION('',(-1.110223024625E-16,-1.,2.22044604925E-16));
#6734 = ORIENTED_EDGE('',*,*,#6184,.T.);
#6735 = ORIENTED_EDGE('',*,*,#6736,.F.);
#6736 = EDGE_CURVE('',#6737,#6187,#6739,.T.);
#6737 = VERTEX_POINT('',#6738);
#6738 = CARTESIAN_POINT('',(116.0625,241.5,18.925));
#6739 = LINE('',#6740,#6741);
#6740 = CARTESIAN_POINT('',(116.0625,241.5,18.925));
#6741 = VECTOR('',#6742,1.);
#6742 = DIRECTION('',(-1.110223024625E-16,-1.,2.22044604925E-16));
#6743 = ORIENTED_EDGE('',*,*,#6744,.F.);
#6744 = EDGE_CURVE('',#6728,#6737,#6745,.T.);
#6745 = CIRCLE('',#6746,3.3);
#6746 = AXIS2_PLACEMENT_3D('',#6747,#6748,#6749);
#6747 = CARTESIAN_POINT('',(116.0625,241.5,22.225));
#6748 = DIRECTION('',(1.110223024625E-16,-1.,4.440892098501E-16));
#6749 = DIRECTION('',(1.,1.110223024625E-16,2.22044604925E-16));
#6750 = CYLINDRICAL_SURFACE('',#6751,3.3);
#6751 = AXIS2_PLACEMENT_3D('',#6752,#6753,#6754);
#6752 = CARTESIAN_POINT('',(116.0625,241.5,22.225));
#6753 = DIRECTION('',(3.697785493223E-32,1.,-3.330669073875E-16));
#6754 = DIRECTION('',(1.,0.,1.110223024625E-16));
#6755 = ADVANCED_FACE('',(#6756),#6774,.T.);
#6756 = FACE_BOUND('',#6757,.T.);
#6757 = EDGE_LOOP('',(#6758,#6766,#6767,#6768));
#6758 = ORIENTED_EDGE('',*,*,#6759,.T.);
#6759 = EDGE_CURVE('',#6760,#6204,#6762,.T.);
#6760 = VERTEX_POINT('',#6761);
#6761 = CARTESIAN_POINT('',(120.4625,241.5,25.525));
#6762 = LINE('',#6763,#6764);
#6763 = CARTESIAN_POINT('',(120.4625,241.5,25.525));
#6764 = VECTOR('',#6765,1.);
#6765 = DIRECTION('',(-1.110223024625E-16,-1.,2.22044604925E-16));
#6766 = ORIENTED_EDGE('',*,*,#6212,.T.);
#6767 = ORIENTED_EDGE('',*,*,#6727,.F.);
#6768 = ORIENTED_EDGE('',*,*,#6769,.F.);
#6769 = EDGE_CURVE('',#6760,#6728,#6770,.T.);
#6770 = LINE('',#6771,#6772);
#6771 = CARTESIAN_POINT('',(120.4625,241.5,25.525));
#6772 = VECTOR('',#6773,1.);
#6773 = DIRECTION('',(-1.,-1.110223024625E-16,-2.22044604925E-16));
#6774 = PLANE('',#6775);
#6775 = AXIS2_PLACEMENT_3D('',#6776,#6777,#6778);
#6776 = CARTESIAN_POINT('',(120.4625,241.5,25.525));
#6777 = DIRECTION('',(1.110223024625E-16,-2.22044604925E-16,-1.));
#6778 = DIRECTION('',(-1.,0.,-1.110223024625E-16));
#6779 = ADVANCED_FACE('',(#6780),#6799,.F.);
#6780 = FACE_BOUND('',#6781,.T.);
#6781 = EDGE_LOOP('',(#6782,#6790,#6791,#6792));
#6782 = ORIENTED_EDGE('',*,*,#6783,.T.);
#6783 = EDGE_CURVE('',#6784,#6196,#6786,.T.);
#6784 = VERTEX_POINT('',#6785);
#6785 = CARTESIAN_POINT('',(120.4625,241.5,18.925));
#6786 = LINE('',#6787,#6788);
#6787 = CARTESIAN_POINT('',(120.4625,241.5,18.925));
#6788 = VECTOR('',#6789,1.);
#6789 = DIRECTION('',(-1.110223024625E-16,-1.,2.22044604925E-16));
#6790 = ORIENTED_EDGE('',*,*,#6203,.T.);
#6791 = ORIENTED_EDGE('',*,*,#6759,.F.);
#6792 = ORIENTED_EDGE('',*,*,#6793,.F.);
#6793 = EDGE_CURVE('',#6784,#6760,#6794,.T.);
#6794 = CIRCLE('',#6795,3.3);
#6795 = AXIS2_PLACEMENT_3D('',#6796,#6797,#6798);
#6796 = CARTESIAN_POINT('',(120.4625,241.5,22.225));
#6797 = DIRECTION('',(1.110223024625E-16,-1.,4.440892098501E-16));
#6798 = DIRECTION('',(1.,1.110223024625E-16,2.22044604925E-16));
#6799 = CYLINDRICAL_SURFACE('',#6800,3.3);
#6800 = AXIS2_PLACEMENT_3D('',#6801,#6802,#6803);
#6801 = CARTESIAN_POINT('',(120.4625,241.5,22.225));
#6802 = DIRECTION('',(3.697785493223E-32,1.,-3.330669073875E-16));
#6803 = DIRECTION('',(1.,0.,1.110223024625E-16));
#6804 = ADVANCED_FACE('',(#6805),#6816,.T.);
#6805 = FACE_BOUND('',#6806,.T.);
#6806 = EDGE_LOOP('',(#6807,#6808,#6809,#6810));
#6807 = ORIENTED_EDGE('',*,*,#6736,.T.);
#6808 = ORIENTED_EDGE('',*,*,#6195,.T.);
#6809 = ORIENTED_EDGE('',*,*,#6783,.F.);
#6810 = ORIENTED_EDGE('',*,*,#6811,.F.);
#6811 = EDGE_CURVE('',#6737,#6784,#6812,.T.);
#6812 = LINE('',#6813,#6814);
#6813 = CARTESIAN_POINT('',(116.0625,241.5,18.925));
#6814 = VECTOR('',#6815,1.);
#6815 = DIRECTION('',(1.,1.110223024625E-16,2.22044604925E-16));
#6816 = PLANE('',#6817);
#6817 = AXIS2_PLACEMENT_3D('',#6818,#6819,#6820);
#6818 = CARTESIAN_POINT('',(116.0625,241.5,18.925));
#6819 = DIRECTION('',(-1.110223024625E-16,2.22044604925E-16,1.));
#6820 = DIRECTION('',(1.,0.,1.110223024625E-16));
#6821 = ADVANCED_FACE('',(#6822),#6848,.F.);
#6822 = FACE_BOUND('',#6823,.T.);
#6823 = EDGE_LOOP('',(#6824,#6832,#6833,#6841));
#6824 = ORIENTED_EDGE('',*,*,#6825,.T.);
#6825 = EDGE_CURVE('',#6826,#6221,#6828,.T.);
#6826 = VERTEX_POINT('',#6827);
#6827 = CARTESIAN_POINT('',(116.0625,241.5,41.4));
#6828 = LINE('',#6829,#6830);
#6829 = CARTESIAN_POINT('',(116.0625,241.5,41.4));
#6830 = VECTOR('',#6831,1.);
#6831 = DIRECTION('',(-1.110223024625E-16,-1.,2.22044604925E-16));
#6832 = ORIENTED_EDGE('',*,*,#6220,.T.);
#6833 = ORIENTED_EDGE('',*,*,#6834,.F.);
#6834 = EDGE_CURVE('',#6835,#6223,#6837,.T.);
#6835 = VERTEX_POINT('',#6836);
#6836 = CARTESIAN_POINT('',(116.0625,241.5,34.8));
#6837 = LINE('',#6838,#6839);
#6838 = CARTESIAN_POINT('',(116.0625,241.5,34.8));
#6839 = VECTOR('',#6840,1.);
#6840 = DIRECTION('',(-1.110223024625E-16,-1.,2.22044604925E-16));
#6841 = ORIENTED_EDGE('',*,*,#6842,.F.);
#6842 = EDGE_CURVE('',#6826,#6835,#6843,.T.);
#6843 = CIRCLE('',#6844,3.3);
#6844 = AXIS2_PLACEMENT_3D('',#6845,#6846,#6847);
#6845 = CARTESIAN_POINT('',(116.0625,241.5,38.1));
#6846 = DIRECTION('',(1.110223024625E-16,-1.,4.440892098501E-16));
#6847 = DIRECTION('',(1.,1.110223024625E-16,2.22044604925E-16));
#6848 = CYLINDRICAL_SURFACE('',#6849,3.3);
#6849 = AXIS2_PLACEMENT_3D('',#6850,#6851,#6852);
#6850 = CARTESIAN_POINT('',(116.0625,241.5,38.1));
#6851 = DIRECTION('',(3.697785493223E-32,1.,-3.330669073875E-16));
#6852 = DIRECTION('',(1.,0.,1.110223024625E-16));
#6853 = ADVANCED_FACE('',(#6854),#6872,.T.);
#6854 = FACE_BOUND('',#6855,.T.);
#6855 = EDGE_LOOP('',(#6856,#6864,#6865,#6866));
#6856 = ORIENTED_EDGE('',*,*,#6857,.T.);
#6857 = EDGE_CURVE('',#6858,#6240,#6860,.T.);
#6858 = VERTEX_POINT('',#6859);
#6859 = CARTESIAN_POINT('',(120.4625,241.5,41.4));
#6860 = LINE('',#6861,#6862);
#6861 = CARTESIAN_POINT('',(120.4625,241.5,41.4));
#6862 = VECTOR('',#6863,1.);
#6863 = DIRECTION('',(-1.110223024625E-16,-1.,2.22044604925E-16));
#6864 = ORIENTED_EDGE('',*,*,#6248,.T.);
#6865 = ORIENTED_EDGE('',*,*,#6825,.F.);
#6866 = ORIENTED_EDGE('',*,*,#6867,.F.);
#6867 = EDGE_CURVE('',#6858,#6826,#6868,.T.);
#6868 = LINE('',#6869,#6870);
#6869 = CARTESIAN_POINT('',(120.4625,241.5,41.4));
#6870 = VECTOR('',#6871,1.);
#6871 = DIRECTION('',(-1.,-1.110223024625E-16,-2.22044604925E-16));
#6872 = PLANE('',#6873);
#6873 = AXIS2_PLACEMENT_3D('',#6874,#6875,#6876);
#6874 = CARTESIAN_POINT('',(120.4625,241.5,41.4));
#6875 = DIRECTION('',(1.110223024625E-16,-2.22044604925E-16,-1.));
#6876 = DIRECTION('',(-1.,0.,-1.110223024625E-16));
#6877 = ADVANCED_FACE('',(#6878),#6897,.F.);
#6878 = FACE_BOUND('',#6879,.T.);
#6879 = EDGE_LOOP('',(#6880,#6888,#6889,#6890));
#6880 = ORIENTED_EDGE('',*,*,#6881,.T.);
#6881 = EDGE_CURVE('',#6882,#6232,#6884,.T.);
#6882 = VERTEX_POINT('',#6883);
#6883 = CARTESIAN_POINT('',(120.4625,241.5,34.8));
#6884 = LINE('',#6885,#6886);
#6885 = CARTESIAN_POINT('',(120.4625,241.5,34.8));
#6886 = VECTOR('',#6887,1.);
#6887 = DIRECTION('',(-1.110223024625E-16,-1.,2.22044604925E-16));
#6888 = ORIENTED_EDGE('',*,*,#6239,.T.);
#6889 = ORIENTED_EDGE('',*,*,#6857,.F.);
#6890 = ORIENTED_EDGE('',*,*,#6891,.F.);
#6891 = EDGE_CURVE('',#6882,#6858,#6892,.T.);
#6892 = CIRCLE('',#6893,3.3);
#6893 = AXIS2_PLACEMENT_3D('',#6894,#6895,#6896);
#6894 = CARTESIAN_POINT('',(120.4625,241.5,38.1));
#6895 = DIRECTION('',(1.110223024625E-16,-1.,4.440892098501E-16));
#6896 = DIRECTION('',(1.,1.110223024625E-16,2.22044604925E-16));
#6897 = CYLINDRICAL_SURFACE('',#6898,3.3);
#6898 = AXIS2_PLACEMENT_3D('',#6899,#6900,#6901);
#6899 = CARTESIAN_POINT('',(120.4625,241.5,38.1));
#6900 = DIRECTION('',(3.697785493223E-32,1.,-3.330669073875E-16));
#6901 = DIRECTION('',(1.,0.,1.110223024625E-16));
#6902 = ADVANCED_FACE('',(#6903),#6914,.T.);
#6903 = FACE_BOUND('',#6904,.T.);
#6904 = EDGE_LOOP('',(#6905,#6906,#6907,#6908));
#6905 = ORIENTED_EDGE('',*,*,#6834,.T.);
#6906 = ORIENTED_EDGE('',*,*,#6231,.T.);
#6907 = ORIENTED_EDGE('',*,*,#6881,.F.);
#6908 = ORIENTED_EDGE('',*,*,#6909,.F.);
#6909 = EDGE_CURVE('',#6835,#6882,#6910,.T.);
#6910 = LINE('',#6911,#6912);
#6911 = CARTESIAN_POINT('',(116.0625,241.5,34.8));
#6912 = VECTOR('',#6913,1.);
#6913 = DIRECTION('',(1.,1.110223024625E-16,2.22044604925E-16));
#6914 = PLANE('',#6915);
#6915 = AXIS2_PLACEMENT_3D('',#6916,#6917,#6918);
#6916 = CARTESIAN_POINT('',(116.0625,241.5,34.8));
#6917 = DIRECTION('',(-1.110223024625E-16,2.22044604925E-16,1.));
#6918 = DIRECTION('',(1.,0.,1.110223024625E-16));
#6919 = ADVANCED_FACE('',(#6920,#6928,#6934,#6940),#6946,.T.);
#6920 = FACE_BOUND('',#6921,.T.);
#6921 = EDGE_LOOP('',(#6922,#6923,#6924,#6925,#6926,#6927));
#6922 = ORIENTED_EDGE('',*,*,#6287,.F.);
#6923 = ORIENTED_EDGE('',*,*,#6524,.F.);
#6924 = ORIENTED_EDGE('',*,*,#6548,.F.);
#6925 = ORIENTED_EDGE('',*,*,#6572,.F.);
#6926 = ORIENTED_EDGE('',*,*,#6596,.F.);
#6927 = ORIENTED_EDGE('',*,*,#6613,.F.);
#6928 = FACE_BOUND('',#6929,.T.);
#6929 = EDGE_LOOP('',(#6930,#6931,#6932,#6933));
#6930 = ORIENTED_EDGE('',*,*,#6646,.T.);
#6931 = ORIENTED_EDGE('',*,*,#6713,.T.);
#6932 = ORIENTED_EDGE('',*,*,#6695,.T.);
#6933 = ORIENTED_EDGE('',*,*,#6671,.T.);
#6934 = FACE_BOUND('',#6935,.T.);
#6935 = EDGE_LOOP('',(#6936,#6937,#6938,#6939));
#6936 = ORIENTED_EDGE('',*,*,#6744,.T.);
#6937 = ORIENTED_EDGE('',*,*,#6811,.T.);
#6938 = ORIENTED_EDGE('',*,*,#6793,.T.);
#6939 = ORIENTED_EDGE('',*,*,#6769,.T.);
#6940 = FACE_BOUND('',#6941,.T.);
#6941 = EDGE_LOOP('',(#6942,#6943,#6944,#6945));
#6942 = ORIENTED_EDGE('',*,*,#6842,.T.);
#6943 = ORIENTED_EDGE('',*,*,#6909,.T.);
#6944 = ORIENTED_EDGE('',*,*,#6891,.T.);
#6945 = ORIENTED_EDGE('',*,*,#6867,.T.);
#6946 = PLANE('',#6947);
#6947 = AXIS2_PLACEMENT_3D('',#6948,#6949,#6950);
#6948 = CARTESIAN_POINT('',(109.94112140227,241.5,22.225));
#6949 = DIRECTION('',(4.440892098501E-16,1.,2.22044604925E-16));
#6950 = DIRECTION('',(2.22044604925E-16,4.440892098501E-16,1.));
#6951 = ADVANCED_FACE('',(#6952),#6958,.F.);
#6952 = FACE_BOUND('',#6953,.F.);
#6953 = EDGE_LOOP('',(#6954,#6955,#6956,#6957));
#6954 = ORIENTED_EDGE('',*,*,#6386,.T.);
#6955 = ORIENTED_EDGE('',*,*,#6368,.T.);
#6956 = ORIENTED_EDGE('',*,*,#6336,.F.);
#6957 = ORIENTED_EDGE('',*,*,#6311,.F.);
#6958 = PLANE('',#6959);
#6959 = AXIS2_PLACEMENT_3D('',#6960,#6961,#6962);
#6960 = CARTESIAN_POINT('',(108.75,159.,6.011857678345E-14));
#6961 = DIRECTION('',(-1.,-1.110223024625E-16,-4.440892098501E-16));
#6962 = DIRECTION('',(5.551115123126E-16,1.,2.22044604925E-16));
#6963 = MANIFOLD_SOLID_BREP('',#6964);
#6964 = CLOSED_SHELL('',(#6965,#7005,#7036,#7067,#7116,#7149,#7174,#7205
    ,#7273,#7312,#7336,#7360,#7385,#7410,#7435,#7460,#7484,#7508,#7541)
  );
#6965 = ADVANCED_FACE('',(#6966),#7000,.T.);
#6966 = FACE_BOUND('',#6967,.T.);
#6967 = EDGE_LOOP('',(#6968,#6978,#6986,#6994));
#6968 = ORIENTED_EDGE('',*,*,#6969,.T.);
#6969 = EDGE_CURVE('',#6970,#6972,#6974,.T.);
#6970 = VERTEX_POINT('',#6971);
#6971 = CARTESIAN_POINT('',(-106.8,8.,3.));
#6972 = VERTEX_POINT('',#6973);
#6973 = CARTESIAN_POINT('',(-106.8,136.4,3.));
#6974 = LINE('',#6975,#6976);
#6975 = CARTESIAN_POINT('',(-106.8,8.,3.));
#6976 = VECTOR('',#6977,1.);
#6977 = DIRECTION('',(0.,1.,-5.551115123126E-16));
#6978 = ORIENTED_EDGE('',*,*,#6979,.T.);
#6979 = EDGE_CURVE('',#6972,#6980,#6982,.T.);
#6980 = VERTEX_POINT('',#6981);
#6981 = CARTESIAN_POINT('',(-98.8,136.4,3.));
#6982 = LINE('',#6983,#6984);
#6983 = CARTESIAN_POINT('',(-106.8,136.4,3.));
#6984 = VECTOR('',#6985,1.);
#6985 = DIRECTION('',(1.,0.,0.));
#6986 = ORIENTED_EDGE('',*,*,#6987,.F.);
#6987 = EDGE_CURVE('',#6988,#6980,#6990,.T.);
#6988 = VERTEX_POINT('',#6989);
#6989 = CARTESIAN_POINT('',(-98.8,8.,3.));
#6990 = LINE('',#6991,#6992);
#6991 = CARTESIAN_POINT('',(-98.8,8.,3.));
#6992 = VECTOR('',#6993,1.);
#6993 = DIRECTION('',(0.,1.,-5.551115123126E-16));
#6994 = ORIENTED_EDGE('',*,*,#6995,.F.);
#6995 = EDGE_CURVE('',#6970,#6988,#6996,.T.);
#6996 = LINE('',#6997,#6998);
#6997 = CARTESIAN_POINT('',(-106.8,8.,3.));
#6998 = VECTOR('',#6999,1.);
#6999 = DIRECTION('',(1.,0.,0.));
#7000 = PLANE('',#7001);
#7001 = AXIS2_PLACEMENT_3D('',#7002,#7003,#7004);
#7002 = CARTESIAN_POINT('',(-106.8,8.,3.));
#7003 = DIRECTION('',(0.,-5.551115123126E-16,-1.));
#7004 = DIRECTION('',(1.,0.,0.));
#7005 = ADVANCED_FACE('',(#7006),#7031,.T.);
#7006 = FACE_BOUND('',#7007,.T.);
#7007 = EDGE_LOOP('',(#7008,#7018,#7024,#7025));
#7008 = ORIENTED_EDGE('',*,*,#7009,.T.);
#7009 = EDGE_CURVE('',#7010,#7012,#7014,.T.);
#7010 = VERTEX_POINT('',#7011);
#7011 = CARTESIAN_POINT('',(-106.8,8.,6.));
#7012 = VERTEX_POINT('',#7013);
#7013 = CARTESIAN_POINT('',(-106.8,136.4,6.));
#7014 = LINE('',#7015,#7016);
#7015 = CARTESIAN_POINT('',(-106.8,8.,6.));
#7016 = VECTOR('',#7017,1.);
#7017 = DIRECTION('',(0.,1.,-5.551115123126E-16));
#7018 = ORIENTED_EDGE('',*,*,#7019,.T.);
#7019 = EDGE_CURVE('',#7012,#6972,#7020,.T.);
#7020 = LINE('',#7021,#7022);
#7021 = CARTESIAN_POINT('',(-106.8,136.4,6.));
#7022 = VECTOR('',#7023,1.);
#7023 = DIRECTION('',(0.,-5.551115123126E-16,-1.));
#7024 = ORIENTED_EDGE('',*,*,#6969,.F.);
#7025 = ORIENTED_EDGE('',*,*,#7026,.F.);
#7026 = EDGE_CURVE('',#7010,#6970,#7027,.T.);
#7027 = LINE('',#7028,#7029);
#7028 = CARTESIAN_POINT('',(-106.8,8.,6.));
#7029 = VECTOR('',#7030,1.);
#7030 = DIRECTION('',(0.,-5.551115123126E-16,-1.));
#7031 = PLANE('',#7032);
#7032 = AXIS2_PLACEMENT_3D('',#7033,#7034,#7035);
#7033 = CARTESIAN_POINT('',(-106.8,8.,6.));
#7034 = DIRECTION('',(-1.,0.,0.));
#7035 = DIRECTION('',(0.,-5.551115123126E-16,-1.));
#7036 = ADVANCED_FACE('',(#7037),#7062,.T.);
#7037 = FACE_BOUND('',#7038,.T.);
#7038 = EDGE_LOOP('',(#7039,#7040,#7048,#7056));
#7039 = ORIENTED_EDGE('',*,*,#6987,.T.);
#7040 = ORIENTED_EDGE('',*,*,#7041,.T.);
#7041 = EDGE_CURVE('',#6980,#7042,#7044,.T.);
#7042 = VERTEX_POINT('',#7043);
#7043 = CARTESIAN_POINT('',(-98.8,136.4,-7.105427357601E-14));
#7044 = LINE('',#7045,#7046);
#7045 = CARTESIAN_POINT('',(-98.8,136.4,3.));
#7046 = VECTOR('',#7047,1.);
#7047 = DIRECTION('',(0.,-5.551115123126E-16,-1.));
#7048 = ORIENTED_EDGE('',*,*,#7049,.F.);
#7049 = EDGE_CURVE('',#7050,#7042,#7052,.T.);
#7050 = VERTEX_POINT('',#7051);
#7051 = CARTESIAN_POINT('',(-98.8,8.,0.));
#7052 = LINE('',#7053,#7054);
#7053 = CARTESIAN_POINT('',(-98.8,8.,0.));
#7054 = VECTOR('',#7055,1.);
#7055 = DIRECTION('',(0.,1.,-5.551115123126E-16));
#7056 = ORIENTED_EDGE('',*,*,#7057,.F.);
#7057 = EDGE_CURVE('',#6988,#7050,#7058,.T.);
#7058 = LINE('',#7059,#7060);
#7059 = CARTESIAN_POINT('',(-98.8,8.,3.));
#7060 = VECTOR('',#7061,1.);
#7061 = DIRECTION('',(0.,-5.551115123126E-16,-1.));
#7062 = PLANE('',#7063);
#7063 = AXIS2_PLACEMENT_3D('',#7064,#7065,#7066);
#7064 = CARTESIAN_POINT('',(-98.8,8.,3.));
#7065 = DIRECTION('',(-1.,0.,0.));
#7066 = DIRECTION('',(0.,-5.551115123126E-16,-1.));
#7067 = ADVANCED_FACE('',(#7068),#7111,.F.);
#7068 = FACE_BOUND('',#7069,.T.);
#7069 = EDGE_LOOP('',(#7070,#7071,#7072,#7080,#7088,#7096,#7104,#7110));
#7070 = ORIENTED_EDGE('',*,*,#6995,.T.);
#7071 = ORIENTED_EDGE('',*,*,#7057,.T.);
#7072 = ORIENTED_EDGE('',*,*,#7073,.T.);
#7073 = EDGE_CURVE('',#7050,#7074,#7076,.T.);
#7074 = VERTEX_POINT('',#7075);
#7075 = CARTESIAN_POINT('',(29.7,8.,0.));
#7076 = LINE('',#7077,#7078);
#7077 = CARTESIAN_POINT('',(-98.8,8.,0.));
#7078 = VECTOR('',#7079,1.);
#7079 = DIRECTION('',(1.,0.,0.));
#7080 = ORIENTED_EDGE('',*,*,#7081,.T.);
#7081 = EDGE_CURVE('',#7074,#7082,#7084,.T.);
#7082 = VERTEX_POINT('',#7083);
#7083 = CARTESIAN_POINT('',(29.7,8.,3.));
#7084 = LINE('',#7085,#7086);
#7085 = CARTESIAN_POINT('',(29.7,8.,0.));
#7086 = VECTOR('',#7087,1.);
#7087 = DIRECTION('',(-1.184237892934E-15,5.551115123126E-16,1.));
#7088 = ORIENTED_EDGE('',*,*,#7089,.T.);
#7089 = EDGE_CURVE('',#7082,#7090,#7092,.T.);
#7090 = VERTEX_POINT('',#7091);
#7091 = CARTESIAN_POINT('',(-30.,8.,3.));
#7092 = LINE('',#7093,#7094);
#7093 = CARTESIAN_POINT('',(29.7,8.,3.));
#7094 = VECTOR('',#7095,1.);
#7095 = DIRECTION('',(-1.,0.,0.));
#7096 = ORIENTED_EDGE('',*,*,#7097,.T.);
#7097 = EDGE_CURVE('',#7090,#7098,#7100,.T.);
#7098 = VERTEX_POINT('',#7099);
#7099 = CARTESIAN_POINT('',(-30.,8.,6.));
#7100 = LINE('',#7101,#7102);
#7101 = CARTESIAN_POINT('',(-30.,8.,3.));
#7102 = VECTOR('',#7103,1.);
#7103 = DIRECTION('',(1.184237892934E-15,5.551115123126E-16,1.));
#7104 = ORIENTED_EDGE('',*,*,#7105,.T.);
#7105 = EDGE_CURVE('',#7098,#7010,#7106,.T.);
#7106 = LINE('',#7107,#7108);
#7107 = CARTESIAN_POINT('',(-30.,8.,6.));
#7108 = VECTOR('',#7109,1.);
#7109 = DIRECTION('',(-1.,0.,0.));
#7110 = ORIENTED_EDGE('',*,*,#7026,.T.);
#7111 = PLANE('',#7112);
#7112 = AXIS2_PLACEMENT_3D('',#7113,#7114,#7115);
#7113 = CARTESIAN_POINT('',(-39.09421052631,8.,2.455789473684));
#7114 = DIRECTION('',(0.,1.,-6.001074319334E-16));
#7115 = DIRECTION('',(0.,6.001074319334E-16,1.));
#7116 = ADVANCED_FACE('',(#7117),#7144,.T.);
#7117 = FACE_BOUND('',#7118,.T.);
#7118 = EDGE_LOOP('',(#7119,#7120,#7121,#7129,#7137,#7143));
#7119 = ORIENTED_EDGE('',*,*,#6979,.F.);
#7120 = ORIENTED_EDGE('',*,*,#7019,.F.);
#7121 = ORIENTED_EDGE('',*,*,#7122,.F.);
#7122 = EDGE_CURVE('',#7123,#7012,#7125,.T.);
#7123 = VERTEX_POINT('',#7124);
#7124 = CARTESIAN_POINT('',(-98.7,136.4,6.));
#7125 = LINE('',#7126,#7127);
#7126 = CARTESIAN_POINT('',(-30.,136.4,6.));
#7127 = VECTOR('',#7128,1.);
#7128 = DIRECTION('',(-1.,0.,0.));
#7129 = ORIENTED_EDGE('',*,*,#7130,.T.);
#7130 = EDGE_CURVE('',#7123,#7131,#7133,.T.);
#7131 = VERTEX_POINT('',#7132);
#7132 = CARTESIAN_POINT('',(-98.7,136.4,-1.42108547152E-14));
#7133 = LINE('',#7134,#7135);
#7134 = CARTESIAN_POINT('',(-98.7,136.4,9.));
#7135 = VECTOR('',#7136,1.);
#7136 = DIRECTION('',(0.,-3.330669073875E-16,-1.));
#7137 = ORIENTED_EDGE('',*,*,#7138,.F.);
#7138 = EDGE_CURVE('',#7042,#7131,#7139,.T.);
#7139 = LINE('',#7140,#7141);
#7140 = CARTESIAN_POINT('',(-98.8,136.4,-8.526512829121E-14));
#7141 = VECTOR('',#7142,1.);
#7142 = DIRECTION('',(1.,0.,0.));
#7143 = ORIENTED_EDGE('',*,*,#7041,.F.);
#7144 = PLANE('',#7145);
#7145 = AXIS2_PLACEMENT_3D('',#7146,#7147,#7148);
#7146 = CARTESIAN_POINT('',(-39.09421052631,136.4,2.455789473684));
#7147 = DIRECTION('',(0.,1.,-6.001074319334E-16));
#7148 = DIRECTION('',(0.,6.001074319334E-16,1.));
#7149 = ADVANCED_FACE('',(#7150),#7169,.T.);
#7150 = FACE_BOUND('',#7151,.T.);
#7151 = EDGE_LOOP('',(#7152,#7160,#7166,#7167,#7168));
#7152 = ORIENTED_EDGE('',*,*,#7153,.T.);
#7153 = EDGE_CURVE('',#7098,#7154,#7156,.T.);
#7154 = VERTEX_POINT('',#7155);
#7155 = CARTESIAN_POINT('',(-30.,136.4,6.));
#7156 = LINE('',#7157,#7158);
#7157 = CARTESIAN_POINT('',(-30.,8.,6.));
#7158 = VECTOR('',#7159,1.);
#7159 = DIRECTION('',(0.,1.,-5.551115123126E-16));
#7160 = ORIENTED_EDGE('',*,*,#7161,.T.);
#7161 = EDGE_CURVE('',#7154,#7123,#7162,.T.);
#7162 = LINE('',#7163,#7164);
#7163 = CARTESIAN_POINT('',(-30.,136.4,6.));
#7164 = VECTOR('',#7165,1.);
#7165 = DIRECTION('',(-1.,0.,0.));
#7166 = ORIENTED_EDGE('',*,*,#7122,.T.);
#7167 = ORIENTED_EDGE('',*,*,#7009,.F.);
#7168 = ORIENTED_EDGE('',*,*,#7105,.F.);
#7169 = PLANE('',#7170);
#7170 = AXIS2_PLACEMENT_3D('',#7171,#7172,#7173);
#7171 = CARTESIAN_POINT('',(-30.,8.,6.));
#7172 = DIRECTION('',(0.,5.551115123126E-16,1.));
#7173 = DIRECTION('',(-1.,0.,0.));
#7174 = ADVANCED_FACE('',(#7175),#7200,.T.);
#7175 = FACE_BOUND('',#7176,.T.);
#7176 = EDGE_LOOP('',(#7177,#7185,#7193,#7199));
#7177 = ORIENTED_EDGE('',*,*,#7178,.T.);
#7178 = EDGE_CURVE('',#7074,#7179,#7181,.T.);
#7179 = VERTEX_POINT('',#7180);
#7180 = CARTESIAN_POINT('',(29.7,136.4,-7.105427357601E-14));
#7181 = LINE('',#7182,#7183);
#7182 = CARTESIAN_POINT('',(29.7,8.,0.));
#7183 = VECTOR('',#7184,1.);
#7184 = DIRECTION('',(0.,1.,-5.551115123126E-16));
#7185 = ORIENTED_EDGE('',*,*,#7186,.T.);
#7186 = EDGE_CURVE('',#7179,#7187,#7189,.T.);
#7187 = VERTEX_POINT('',#7188);
#7188 = CARTESIAN_POINT('',(29.7,136.4,3.));
#7189 = LINE('',#7190,#7191);
#7190 = CARTESIAN_POINT('',(29.7,136.4,-8.526512829121E-14));
#7191 = VECTOR('',#7192,1.);
#7192 = DIRECTION('',(-1.184237892934E-15,5.551115123126E-16,1.));
#7193 = ORIENTED_EDGE('',*,*,#7194,.F.);
#7194 = EDGE_CURVE('',#7082,#7187,#7195,.T.);
#7195 = LINE('',#7196,#7197);
#7196 = CARTESIAN_POINT('',(29.7,8.,3.));
#7197 = VECTOR('',#7198,1.);
#7198 = DIRECTION('',(0.,1.,-5.551115123126E-16));
#7199 = ORIENTED_EDGE('',*,*,#7081,.F.);
#7200 = PLANE('',#7201);
#7201 = AXIS2_PLACEMENT_3D('',#7202,#7203,#7204);
#7202 = CARTESIAN_POINT('',(29.7,8.,0.));
#7203 = DIRECTION('',(1.,6.573840876842E-31,1.184237892934E-15));
#7204 = DIRECTION('',(-1.184237892934E-15,5.551115123126E-16,1.));
#7205 = ADVANCED_FACE('',(#7206,#7224,#7235,#7246,#7257),#7268,.T.);
#7206 = FACE_BOUND('',#7207,.T.);
#7207 = EDGE_LOOP('',(#7208,#7209,#7217,#7223));
#7208 = ORIENTED_EDGE('',*,*,#7194,.T.);
#7209 = ORIENTED_EDGE('',*,*,#7210,.T.);
#7210 = EDGE_CURVE('',#7187,#7211,#7213,.T.);
#7211 = VERTEX_POINT('',#7212);
#7212 = CARTESIAN_POINT('',(-30.,136.4,3.));
#7213 = LINE('',#7214,#7215);
#7214 = CARTESIAN_POINT('',(29.7,136.4,3.));
#7215 = VECTOR('',#7216,1.);
#7216 = DIRECTION('',(-1.,0.,0.));
#7217 = ORIENTED_EDGE('',*,*,#7218,.F.);
#7218 = EDGE_CURVE('',#7090,#7211,#7219,.T.);
#7219 = LINE('',#7220,#7221);
#7220 = CARTESIAN_POINT('',(-30.,8.,3.));
#7221 = VECTOR('',#7222,1.);
#7222 = DIRECTION('',(0.,1.,-5.551115123126E-16));
#7223 = ORIENTED_EDGE('',*,*,#7089,.F.);
#7224 = FACE_BOUND('',#7225,.T.);
#7225 = EDGE_LOOP('',(#7226));
#7226 = ORIENTED_EDGE('',*,*,#7227,.F.);
#7227 = EDGE_CURVE('',#7228,#7228,#7230,.T.);
#7228 = VERTEX_POINT('',#7229);
#7229 = CARTESIAN_POINT('',(24.75,116.,3.));
#7230 = CIRCLE('',#7231,2.75);
#7231 = AXIS2_PLACEMENT_3D('',#7232,#7233,#7234);
#7232 = CARTESIAN_POINT('',(22.,116.,3.));
#7233 = DIRECTION('',(-0.,2.22044604925E-16,1.));
#7234 = DIRECTION('',(1.,0.,0.));
#7235 = FACE_BOUND('',#7236,.T.);
#7236 = EDGE_LOOP('',(#7237));
#7237 = ORIENTED_EDGE('',*,*,#7238,.F.);
#7238 = EDGE_CURVE('',#7239,#7239,#7241,.T.);
#7239 = VERTEX_POINT('',#7240);
#7240 = CARTESIAN_POINT('',(-19.25,116.,3.));
#7241 = CIRCLE('',#7242,2.75);
#7242 = AXIS2_PLACEMENT_3D('',#7243,#7244,#7245);
#7243 = CARTESIAN_POINT('',(-22.,116.,3.));
#7244 = DIRECTION('',(-0.,2.22044604925E-16,1.));
#7245 = DIRECTION('',(1.,0.,0.));
#7246 = FACE_BOUND('',#7247,.T.);
#7247 = EDGE_LOOP('',(#7248));
#7248 = ORIENTED_EDGE('',*,*,#7249,.F.);
#7249 = EDGE_CURVE('',#7250,#7250,#7252,.T.);
#7250 = VERTEX_POINT('',#7251);
#7251 = CARTESIAN_POINT('',(24.75,20.,3.));
#7252 = CIRCLE('',#7253,2.75);
#7253 = AXIS2_PLACEMENT_3D('',#7254,#7255,#7256);
#7254 = CARTESIAN_POINT('',(22.,20.,3.));
#7255 = DIRECTION('',(-0.,2.22044604925E-16,1.));
#7256 = DIRECTION('',(1.,0.,0.));
#7257 = FACE_BOUND('',#7258,.T.);
#7258 = EDGE_LOOP('',(#7259));
#7259 = ORIENTED_EDGE('',*,*,#7260,.F.);
#7260 = EDGE_CURVE('',#7261,#7261,#7263,.T.);
#7261 = VERTEX_POINT('',#7262);
#7262 = CARTESIAN_POINT('',(-19.25,20.,3.));
#7263 = CIRCLE('',#7264,2.75);
#7264 = AXIS2_PLACEMENT_3D('',#7265,#7266,#7267);
#7265 = CARTESIAN_POINT('',(-22.,20.,3.));
#7266 = DIRECTION('',(-0.,2.22044604925E-16,1.));
#7267 = DIRECTION('',(1.,0.,0.));
#7268 = PLANE('',#7269);
#7269 = AXIS2_PLACEMENT_3D('',#7270,#7271,#7272);
#7270 = CARTESIAN_POINT('',(29.7,8.,3.));
#7271 = DIRECTION('',(0.,5.551115123126E-16,1.));
#7272 = DIRECTION('',(-1.,0.,0.));
#7273 = ADVANCED_FACE('',(#7274),#7307,.T.);
#7274 = FACE_BOUND('',#7275,.T.);
#7275 = EDGE_LOOP('',(#7276,#7286,#7294,#7300,#7301));
#7276 = ORIENTED_EDGE('',*,*,#7277,.T.);
#7277 = EDGE_CURVE('',#7278,#7280,#7282,.T.);
#7278 = VERTEX_POINT('',#7279);
#7279 = CARTESIAN_POINT('',(-98.7,136.4,9.));
#7280 = VERTEX_POINT('',#7281);
#7281 = CARTESIAN_POINT('',(-98.7,139.4,9.));
#7282 = LINE('',#7283,#7284);
#7283 = CARTESIAN_POINT('',(-98.7,136.4,9.));
#7284 = VECTOR('',#7285,1.);
#7285 = DIRECTION('',(0.,1.,-3.330669073875E-16));
#7286 = ORIENTED_EDGE('',*,*,#7287,.T.);
#7287 = EDGE_CURVE('',#7280,#7288,#7290,.T.);
#7288 = VERTEX_POINT('',#7289);
#7289 = CARTESIAN_POINT('',(-98.7,139.4,-1.59872115546E-14));
#7290 = LINE('',#7291,#7292);
#7291 = CARTESIAN_POINT('',(-98.7,139.4,9.));
#7292 = VECTOR('',#7293,1.);
#7293 = DIRECTION('',(0.,-3.330669073875E-16,-1.));
#7294 = ORIENTED_EDGE('',*,*,#7295,.F.);
#7295 = EDGE_CURVE('',#7131,#7288,#7296,.T.);
#7296 = LINE('',#7297,#7298);
#7297 = CARTESIAN_POINT('',(-98.7,136.4,-1.425526363619E-14));
#7298 = VECTOR('',#7299,1.);
#7299 = DIRECTION('',(0.,1.,-3.330669073875E-16));
#7300 = ORIENTED_EDGE('',*,*,#7130,.F.);
#7301 = ORIENTED_EDGE('',*,*,#7302,.F.);
#7302 = EDGE_CURVE('',#7278,#7123,#7303,.T.);
#7303 = LINE('',#7304,#7305);
#7304 = CARTESIAN_POINT('',(-98.7,136.4,9.));
#7305 = VECTOR('',#7306,1.);
#7306 = DIRECTION('',(0.,-3.330669073875E-16,-1.));
#7307 = PLANE('',#7308);
#7308 = AXIS2_PLACEMENT_3D('',#7309,#7310,#7311);
#7309 = CARTESIAN_POINT('',(-98.7,136.4,9.));
#7310 = DIRECTION('',(-1.,0.,0.));
#7311 = DIRECTION('',(0.,-3.330669073875E-16,-1.));
#7312 = ADVANCED_FACE('',(#7313),#7331,.F.);
#7313 = FACE_BOUND('',#7314,.F.);
#7314 = EDGE_LOOP('',(#7315,#7316,#7317,#7325));
#7315 = ORIENTED_EDGE('',*,*,#7161,.T.);
#7316 = ORIENTED_EDGE('',*,*,#7302,.F.);
#7317 = ORIENTED_EDGE('',*,*,#7318,.F.);
#7318 = EDGE_CURVE('',#7319,#7278,#7321,.T.);
#7319 = VERTEX_POINT('',#7320);
#7320 = CARTESIAN_POINT('',(-30.,136.4,9.));
#7321 = LINE('',#7322,#7323);
#7322 = CARTESIAN_POINT('',(-30.,136.4,9.));
#7323 = VECTOR('',#7324,1.);
#7324 = DIRECTION('',(-1.,0.,0.));
#7325 = ORIENTED_EDGE('',*,*,#7326,.F.);
#7326 = EDGE_CURVE('',#7154,#7319,#7327,.T.);
#7327 = LINE('',#7328,#7329);
#7328 = CARTESIAN_POINT('',(-30.,136.4,-2.84217094304E-14));
#7329 = VECTOR('',#7330,1.);
#7330 = DIRECTION('',(0.,3.330669073875E-16,1.));
#7331 = PLANE('',#7332);
#7332 = AXIS2_PLACEMENT_3D('',#7333,#7334,#7335);
#7333 = CARTESIAN_POINT('',(-64.35,136.4,4.5));
#7334 = DIRECTION('',(0.,1.,-1.110223024625E-16));
#7335 = DIRECTION('',(0.,1.110223024625E-16,1.));
#7336 = ADVANCED_FACE('',(#7337),#7355,.T.);
#7337 = FACE_BOUND('',#7338,.T.);
#7338 = EDGE_LOOP('',(#7339,#7347,#7353,#7354));
#7339 = ORIENTED_EDGE('',*,*,#7340,.F.);
#7340 = EDGE_CURVE('',#7341,#7179,#7343,.T.);
#7341 = VERTEX_POINT('',#7342);
#7342 = CARTESIAN_POINT('',(-30.,136.4,-1.42108547152E-14));
#7343 = LINE('',#7344,#7345);
#7344 = CARTESIAN_POINT('',(-98.8,136.4,-8.526512829121E-14));
#7345 = VECTOR('',#7346,1.);
#7346 = DIRECTION('',(1.,0.,0.));
#7347 = ORIENTED_EDGE('',*,*,#7348,.T.);
#7348 = EDGE_CURVE('',#7341,#7211,#7349,.T.);
#7349 = LINE('',#7350,#7351);
#7350 = CARTESIAN_POINT('',(-30.,136.4,-2.84217094304E-14));
#7351 = VECTOR('',#7352,1.);
#7352 = DIRECTION('',(0.,3.330669073875E-16,1.));
#7353 = ORIENTED_EDGE('',*,*,#7210,.F.);
#7354 = ORIENTED_EDGE('',*,*,#7186,.F.);
#7355 = PLANE('',#7356);
#7356 = AXIS2_PLACEMENT_3D('',#7357,#7358,#7359);
#7357 = CARTESIAN_POINT('',(-39.09421052631,136.4,2.455789473684));
#7358 = DIRECTION('',(0.,1.,-6.001074319334E-16));
#7359 = DIRECTION('',(0.,6.001074319334E-16,1.));
#7360 = ADVANCED_FACE('',(#7361),#7380,.F.);
#7361 = FACE_BOUND('',#7362,.F.);
#7362 = EDGE_LOOP('',(#7363,#7371,#7378,#7379));
#7363 = ORIENTED_EDGE('',*,*,#7364,.T.);
#7364 = EDGE_CURVE('',#7239,#7365,#7367,.T.);
#7365 = VERTEX_POINT('',#7366);
#7366 = CARTESIAN_POINT('',(-19.25,116.,-2.48689957516E-14));
#7367 = LINE('',#7368,#7369);
#7368 = CARTESIAN_POINT('',(-19.25,116.,3.));
#7369 = VECTOR('',#7370,1.);
#7370 = DIRECTION('',(-0.,-2.22044604925E-16,-1.));
#7371 = ORIENTED_EDGE('',*,*,#7372,.T.);
#7372 = EDGE_CURVE('',#7365,#7365,#7373,.T.);
#7373 = CIRCLE('',#7374,2.75);
#7374 = AXIS2_PLACEMENT_3D('',#7375,#7376,#7377);
#7375 = CARTESIAN_POINT('',(-22.,116.,-2.48689957516E-14));
#7376 = DIRECTION('',(-0.,2.22044604925E-16,1.));
#7377 = DIRECTION('',(1.,0.,0.));
#7378 = ORIENTED_EDGE('',*,*,#7364,.F.);
#7379 = ORIENTED_EDGE('',*,*,#7238,.F.);
#7380 = CYLINDRICAL_SURFACE('',#7381,2.75);
#7381 = AXIS2_PLACEMENT_3D('',#7382,#7383,#7384);
#7382 = CARTESIAN_POINT('',(-22.,116.,3.));
#7383 = DIRECTION('',(0.,2.22044604925E-16,1.));
#7384 = DIRECTION('',(1.,0.,0.));
#7385 = ADVANCED_FACE('',(#7386),#7405,.F.);
#7386 = FACE_BOUND('',#7387,.F.);
#7387 = EDGE_LOOP('',(#7388,#7396,#7403,#7404));
#7388 = ORIENTED_EDGE('',*,*,#7389,.T.);
#7389 = EDGE_CURVE('',#7228,#7390,#7392,.T.);
#7390 = VERTEX_POINT('',#7391);
#7391 = CARTESIAN_POINT('',(24.75,116.,-2.48689957516E-14));
#7392 = LINE('',#7393,#7394);
#7393 = CARTESIAN_POINT('',(24.75,116.,3.));
#7394 = VECTOR('',#7395,1.);
#7395 = DIRECTION('',(-0.,-2.22044604925E-16,-1.));
#7396 = ORIENTED_EDGE('',*,*,#7397,.T.);
#7397 = EDGE_CURVE('',#7390,#7390,#7398,.T.);
#7398 = CIRCLE('',#7399,2.75);
#7399 = AXIS2_PLACEMENT_3D('',#7400,#7401,#7402);
#7400 = CARTESIAN_POINT('',(22.,116.,-2.48689957516E-14));
#7401 = DIRECTION('',(-0.,2.22044604925E-16,1.));
#7402 = DIRECTION('',(1.,0.,0.));
#7403 = ORIENTED_EDGE('',*,*,#7389,.F.);
#7404 = ORIENTED_EDGE('',*,*,#7227,.F.);
#7405 = CYLINDRICAL_SURFACE('',#7406,2.75);
#7406 = AXIS2_PLACEMENT_3D('',#7407,#7408,#7409);
#7407 = CARTESIAN_POINT('',(22.,116.,3.));
#7408 = DIRECTION('',(0.,2.22044604925E-16,1.));
#7409 = DIRECTION('',(1.,0.,0.));
#7410 = ADVANCED_FACE('',(#7411),#7430,.F.);
#7411 = FACE_BOUND('',#7412,.F.);
#7412 = EDGE_LOOP('',(#7413,#7421,#7428,#7429));
#7413 = ORIENTED_EDGE('',*,*,#7414,.T.);
#7414 = EDGE_CURVE('',#7261,#7415,#7417,.T.);
#7415 = VERTEX_POINT('',#7416);
#7416 = CARTESIAN_POINT('',(-19.25,20.,-3.552713678801E-15));
#7417 = LINE('',#7418,#7419);
#7418 = CARTESIAN_POINT('',(-19.25,20.,3.));
#7419 = VECTOR('',#7420,1.);
#7420 = DIRECTION('',(-0.,-2.22044604925E-16,-1.));
#7421 = ORIENTED_EDGE('',*,*,#7422,.T.);
#7422 = EDGE_CURVE('',#7415,#7415,#7423,.T.);
#7423 = CIRCLE('',#7424,2.75);
#7424 = AXIS2_PLACEMENT_3D('',#7425,#7426,#7427);
#7425 = CARTESIAN_POINT('',(-22.,20.,-3.552713678801E-15));
#7426 = DIRECTION('',(-0.,2.22044604925E-16,1.));
#7427 = DIRECTION('',(1.,0.,0.));
#7428 = ORIENTED_EDGE('',*,*,#7414,.F.);
#7429 = ORIENTED_EDGE('',*,*,#7260,.F.);
#7430 = CYLINDRICAL_SURFACE('',#7431,2.75);
#7431 = AXIS2_PLACEMENT_3D('',#7432,#7433,#7434);
#7432 = CARTESIAN_POINT('',(-22.,20.,3.));
#7433 = DIRECTION('',(0.,2.22044604925E-16,1.));
#7434 = DIRECTION('',(1.,0.,0.));
#7435 = ADVANCED_FACE('',(#7436),#7455,.F.);
#7436 = FACE_BOUND('',#7437,.F.);
#7437 = EDGE_LOOP('',(#7438,#7446,#7453,#7454));
#7438 = ORIENTED_EDGE('',*,*,#7439,.T.);
#7439 = EDGE_CURVE('',#7250,#7440,#7442,.T.);
#7440 = VERTEX_POINT('',#7441);
#7441 = CARTESIAN_POINT('',(24.75,20.,-3.552713678801E-15));
#7442 = LINE('',#7443,#7444);
#7443 = CARTESIAN_POINT('',(24.75,20.,3.));
#7444 = VECTOR('',#7445,1.);
#7445 = DIRECTION('',(-0.,-2.22044604925E-16,-1.));
#7446 = ORIENTED_EDGE('',*,*,#7447,.T.);
#7447 = EDGE_CURVE('',#7440,#7440,#7448,.T.);
#7448 = CIRCLE('',#7449,2.75);
#7449 = AXIS2_PLACEMENT_3D('',#7450,#7451,#7452);
#7450 = CARTESIAN_POINT('',(22.,20.,-3.552713678801E-15));
#7451 = DIRECTION('',(-0.,2.22044604925E-16,1.));
#7452 = DIRECTION('',(1.,0.,0.));
#7453 = ORIENTED_EDGE('',*,*,#7439,.F.);
#7454 = ORIENTED_EDGE('',*,*,#7249,.F.);
#7455 = CYLINDRICAL_SURFACE('',#7456,2.75);
#7456 = AXIS2_PLACEMENT_3D('',#7457,#7458,#7459);
#7457 = CARTESIAN_POINT('',(22.,20.,3.));
#7458 = DIRECTION('',(0.,2.22044604925E-16,1.));
#7459 = DIRECTION('',(1.,0.,0.));
#7460 = ADVANCED_FACE('',(#7461),#7479,.T.);
#7461 = FACE_BOUND('',#7462,.T.);
#7462 = EDGE_LOOP('',(#7463,#7471,#7477,#7478));
#7463 = ORIENTED_EDGE('',*,*,#7464,.T.);
#7464 = EDGE_CURVE('',#7319,#7465,#7467,.T.);
#7465 = VERTEX_POINT('',#7466);
#7466 = CARTESIAN_POINT('',(-30.,139.4,9.));
#7467 = LINE('',#7468,#7469);
#7468 = CARTESIAN_POINT('',(-30.,136.4,9.));
#7469 = VECTOR('',#7470,1.);
#7470 = DIRECTION('',(0.,1.,-3.330669073875E-16));
#7471 = ORIENTED_EDGE('',*,*,#7472,.T.);
#7472 = EDGE_CURVE('',#7465,#7280,#7473,.T.);
#7473 = LINE('',#7474,#7475);
#7474 = CARTESIAN_POINT('',(-30.,139.4,9.));
#7475 = VECTOR('',#7476,1.);
#7476 = DIRECTION('',(-1.,0.,0.));
#7477 = ORIENTED_EDGE('',*,*,#7277,.F.);
#7478 = ORIENTED_EDGE('',*,*,#7318,.F.);
#7479 = PLANE('',#7480);
#7480 = AXIS2_PLACEMENT_3D('',#7481,#7482,#7483);
#7481 = CARTESIAN_POINT('',(-30.,136.4,9.));
#7482 = DIRECTION('',(0.,3.330669073875E-16,1.));
#7483 = DIRECTION('',(-1.,0.,0.));
#7484 = ADVANCED_FACE('',(#7485),#7503,.T.);
#7485 = FACE_BOUND('',#7486,.F.);
#7486 = EDGE_LOOP('',(#7487,#7495,#7501,#7502));
#7487 = ORIENTED_EDGE('',*,*,#7488,.T.);
#7488 = EDGE_CURVE('',#7288,#7489,#7491,.T.);
#7489 = VERTEX_POINT('',#7490);
#7490 = CARTESIAN_POINT('',(-30.,139.4,-1.59872115546E-14));
#7491 = LINE('',#7492,#7493);
#7492 = CARTESIAN_POINT('',(-98.7,139.4,-2.84217094304E-14));
#7493 = VECTOR('',#7494,1.);
#7494 = DIRECTION('',(1.,0.,0.));
#7495 = ORIENTED_EDGE('',*,*,#7496,.T.);
#7496 = EDGE_CURVE('',#7489,#7465,#7497,.T.);
#7497 = LINE('',#7498,#7499);
#7498 = CARTESIAN_POINT('',(-30.,139.4,-2.84217094304E-14));
#7499 = VECTOR('',#7500,1.);
#7500 = DIRECTION('',(0.,3.330669073875E-16,1.));
#7501 = ORIENTED_EDGE('',*,*,#7472,.T.);
#7502 = ORIENTED_EDGE('',*,*,#7287,.T.);
#7503 = PLANE('',#7504);
#7504 = AXIS2_PLACEMENT_3D('',#7505,#7506,#7507);
#7505 = CARTESIAN_POINT('',(-64.35,139.4,4.5));
#7506 = DIRECTION('',(0.,1.,-1.110223024625E-16));
#7507 = DIRECTION('',(0.,1.110223024625E-16,1.));
#7508 = ADVANCED_FACE('',(#7509,#7524,#7527,#7530,#7533),#7536,.T.);
#7509 = FACE_BOUND('',#7510,.T.);
#7510 = EDGE_LOOP('',(#7511,#7512,#7513,#7514,#7515,#7521,#7522,#7523));
#7511 = ORIENTED_EDGE('',*,*,#7049,.T.);
#7512 = ORIENTED_EDGE('',*,*,#7138,.T.);
#7513 = ORIENTED_EDGE('',*,*,#7295,.T.);
#7514 = ORIENTED_EDGE('',*,*,#7488,.T.);
#7515 = ORIENTED_EDGE('',*,*,#7516,.F.);
#7516 = EDGE_CURVE('',#7341,#7489,#7517,.T.);
#7517 = LINE('',#7518,#7519);
#7518 = CARTESIAN_POINT('',(-30.,136.4,-1.425526363619E-14));
#7519 = VECTOR('',#7520,1.);
#7520 = DIRECTION('',(0.,1.,-3.330669073875E-16));
#7521 = ORIENTED_EDGE('',*,*,#7340,.T.);
#7522 = ORIENTED_EDGE('',*,*,#7178,.F.);
#7523 = ORIENTED_EDGE('',*,*,#7073,.F.);
#7524 = FACE_BOUND('',#7525,.T.);
#7525 = EDGE_LOOP('',(#7526));
#7526 = ORIENTED_EDGE('',*,*,#7372,.T.);
#7527 = FACE_BOUND('',#7528,.T.);
#7528 = EDGE_LOOP('',(#7529));
#7529 = ORIENTED_EDGE('',*,*,#7397,.T.);
#7530 = FACE_BOUND('',#7531,.T.);
#7531 = EDGE_LOOP('',(#7532));
#7532 = ORIENTED_EDGE('',*,*,#7422,.T.);
#7533 = FACE_BOUND('',#7534,.T.);
#7534 = EDGE_LOOP('',(#7535));
#7535 = ORIENTED_EDGE('',*,*,#7447,.T.);
#7536 = PLANE('',#7537);
#7537 = AXIS2_PLACEMENT_3D('',#7538,#7539,#7540);
#7538 = CARTESIAN_POINT('',(-34.89397845325,73.354867256637,
    -2.79929087477E-14));
#7539 = DIRECTION('',(-0.,-2.22044604925E-16,-1.));
#7540 = DIRECTION('',(0.,1.,-2.22044604925E-16));
#7541 = ADVANCED_FACE('',(#7542),#7552,.T.);
#7542 = FACE_BOUND('',#7543,.T.);
#7543 = EDGE_LOOP('',(#7544,#7545,#7546,#7547,#7548,#7549,#7550,#7551));
#7544 = ORIENTED_EDGE('',*,*,#7218,.T.);
#7545 = ORIENTED_EDGE('',*,*,#7348,.F.);
#7546 = ORIENTED_EDGE('',*,*,#7516,.T.);
#7547 = ORIENTED_EDGE('',*,*,#7496,.T.);
#7548 = ORIENTED_EDGE('',*,*,#7464,.F.);
#7549 = ORIENTED_EDGE('',*,*,#7326,.F.);
#7550 = ORIENTED_EDGE('',*,*,#7153,.F.);
#7551 = ORIENTED_EDGE('',*,*,#7097,.F.);
#7552 = PLANE('',#7553);
#7553 = AXIS2_PLACEMENT_3D('',#7554,#7555,#7556);
#7554 = CARTESIAN_POINT('',(-30.,76.44358974359,4.5));
#7555 = DIRECTION('',(1.,-1.60817689247E-31,-7.242584853675E-16));
#7556 = DIRECTION('',(7.242584853675E-16,2.22044604925E-16,1.));
#7557 = MANIFOLD_SOLID_BREP('',#7558);
#7558 = CLOSED_SHELL('',(#7559,#7631,#7670,#7701,#7725,#7742,#7768,#7799
    ,#7830,#7877,#7895,#7961,#7986,#7995,#8020,#8029,#8054,#8063,#8088,
    #8097,#8111,#8128));
#7559 = ADVANCED_FACE('',(#7560),#7626,.F.);
#7560 = FACE_BOUND('',#7561,.T.);
#7561 = EDGE_LOOP('',(#7562,#7572,#7580,#7588,#7596,#7604,#7612,#7620));
#7562 = ORIENTED_EDGE('',*,*,#7563,.T.);
#7563 = EDGE_CURVE('',#7564,#7566,#7568,.T.);
#7564 = VERTEX_POINT('',#7565);
#7565 = CARTESIAN_POINT('',(-29.7,8.,3.));
#7566 = VERTEX_POINT('',#7567);
#7567 = CARTESIAN_POINT('',(30.,8.,3.));
#7568 = LINE('',#7569,#7570);
#7569 = CARTESIAN_POINT('',(-29.7,8.,3.));
#7570 = VECTOR('',#7571,1.);
#7571 = DIRECTION('',(1.,0.,0.));
#7572 = ORIENTED_EDGE('',*,*,#7573,.T.);
#7573 = EDGE_CURVE('',#7566,#7574,#7576,.T.);
#7574 = VERTEX_POINT('',#7575);
#7575 = CARTESIAN_POINT('',(30.,8.,0.));
#7576 = LINE('',#7577,#7578);
#7577 = CARTESIAN_POINT('',(30.,8.,3.));
#7578 = VECTOR('',#7579,1.);
#7579 = DIRECTION('',(-1.184237892934E-15,-5.551115123126E-16,-1.));
#7580 = ORIENTED_EDGE('',*,*,#7581,.T.);
#7581 = EDGE_CURVE('',#7574,#7582,#7584,.T.);
#7582 = VERTEX_POINT('',#7583);
#7583 = CARTESIAN_POINT('',(98.8,8.,0.));
#7584 = LINE('',#7585,#7586);
#7585 = CARTESIAN_POINT('',(30.,8.,0.));
#7586 = VECTOR('',#7587,1.);
#7587 = DIRECTION('',(1.,0.,0.));
#7588 = ORIENTED_EDGE('',*,*,#7589,.T.);
#7589 = EDGE_CURVE('',#7582,#7590,#7592,.T.);
#7590 = VERTEX_POINT('',#7591);
#7591 = CARTESIAN_POINT('',(98.8,8.,3.));
#7592 = LINE('',#7593,#7594);
#7593 = CARTESIAN_POINT('',(98.8,8.,0.));
#7594 = VECTOR('',#7595,1.);
#7595 = DIRECTION('',(0.,5.551115123126E-16,1.));
#7596 = ORIENTED_EDGE('',*,*,#7597,.T.);
#7597 = EDGE_CURVE('',#7590,#7598,#7600,.T.);
#7598 = VERTEX_POINT('',#7599);
#7599 = CARTESIAN_POINT('',(106.8,8.,3.));
#7600 = LINE('',#7601,#7602);
#7601 = CARTESIAN_POINT('',(98.8,8.,3.));
#7602 = VECTOR('',#7603,1.);
#7603 = DIRECTION('',(1.,0.,0.));
#7604 = ORIENTED_EDGE('',*,*,#7605,.T.);
#7605 = EDGE_CURVE('',#7598,#7606,#7608,.T.);
#7606 = VERTEX_POINT('',#7607);
#7607 = CARTESIAN_POINT('',(106.8,8.,6.));
#7608 = LINE('',#7609,#7610);
#7609 = CARTESIAN_POINT('',(106.8,8.,3.));
#7610 = VECTOR('',#7611,1.);
#7611 = DIRECTION('',(0.,5.551115123126E-16,1.));
#7612 = ORIENTED_EDGE('',*,*,#7613,.T.);
#7613 = EDGE_CURVE('',#7606,#7614,#7616,.T.);
#7614 = VERTEX_POINT('',#7615);
#7615 = CARTESIAN_POINT('',(-29.7,8.,6.));
#7616 = LINE('',#7617,#7618);
#7617 = CARTESIAN_POINT('',(106.8,8.,6.));
#7618 = VECTOR('',#7619,1.);
#7619 = DIRECTION('',(-1.,0.,0.));
#7620 = ORIENTED_EDGE('',*,*,#7621,.T.);
#7621 = EDGE_CURVE('',#7614,#7564,#7622,.T.);
#7622 = LINE('',#7623,#7624);
#7623 = CARTESIAN_POINT('',(-29.7,8.,6.));
#7624 = VECTOR('',#7625,1.);
#7625 = DIRECTION('',(1.184237892934E-15,-5.551115123126E-16,-1.));
#7626 = PLANE('',#7627);
#7627 = AXIS2_PLACEMENT_3D('',#7628,#7629,#7630);
#7628 = CARTESIAN_POINT('',(39.094210526316,8.,3.712631578947));
#7629 = DIRECTION('',(0.,1.,-6.61401117266E-16));
#7630 = DIRECTION('',(0.,6.61401117266E-16,1.));
#7631 = ADVANCED_FACE('',(#7632),#7665,.T.);
#7632 = FACE_BOUND('',#7633,.T.);
#7633 = EDGE_LOOP('',(#7634,#7642,#7650,#7658,#7664));
#7634 = ORIENTED_EDGE('',*,*,#7635,.T.);
#7635 = EDGE_CURVE('',#7606,#7636,#7638,.T.);
#7636 = VERTEX_POINT('',#7637);
#7637 = CARTESIAN_POINT('',(106.8,136.4,6.));
#7638 = LINE('',#7639,#7640);
#7639 = CARTESIAN_POINT('',(106.8,8.,6.));
#7640 = VECTOR('',#7641,1.);
#7641 = DIRECTION('',(0.,1.,-5.551115123126E-16));
#7642 = ORIENTED_EDGE('',*,*,#7643,.T.);
#7643 = EDGE_CURVE('',#7636,#7644,#7646,.T.);
#7644 = VERTEX_POINT('',#7645);
#7645 = CARTESIAN_POINT('',(98.7,136.4,6.));
#7646 = LINE('',#7647,#7648);
#7647 = CARTESIAN_POINT('',(106.8,136.4,6.));
#7648 = VECTOR('',#7649,1.);
#7649 = DIRECTION('',(-1.,0.,0.));
#7650 = ORIENTED_EDGE('',*,*,#7651,.T.);
#7651 = EDGE_CURVE('',#7644,#7652,#7654,.T.);
#7652 = VERTEX_POINT('',#7653);
#7653 = CARTESIAN_POINT('',(-29.7,136.4,6.));
#7654 = LINE('',#7655,#7656);
#7655 = CARTESIAN_POINT('',(106.8,136.4,6.));
#7656 = VECTOR('',#7657,1.);
#7657 = DIRECTION('',(-1.,0.,0.));
#7658 = ORIENTED_EDGE('',*,*,#7659,.F.);
#7659 = EDGE_CURVE('',#7614,#7652,#7660,.T.);
#7660 = LINE('',#7661,#7662);
#7661 = CARTESIAN_POINT('',(-29.7,8.,6.));
#7662 = VECTOR('',#7663,1.);
#7663 = DIRECTION('',(0.,1.,-5.551115123126E-16));
#7664 = ORIENTED_EDGE('',*,*,#7613,.F.);
#7665 = PLANE('',#7666);
#7666 = AXIS2_PLACEMENT_3D('',#7667,#7668,#7669);
#7667 = CARTESIAN_POINT('',(106.8,8.,6.));
#7668 = DIRECTION('',(0.,5.551115123126E-16,1.));
#7669 = DIRECTION('',(-1.,0.,0.));
#7670 = ADVANCED_FACE('',(#7671),#7696,.T.);
#7671 = FACE_BOUND('',#7672,.T.);
#7672 = EDGE_LOOP('',(#7673,#7681,#7689,#7695));
#7673 = ORIENTED_EDGE('',*,*,#7674,.T.);
#7674 = EDGE_CURVE('',#7582,#7675,#7677,.T.);
#7675 = VERTEX_POINT('',#7676);
#7676 = CARTESIAN_POINT('',(98.8,136.4,-7.105427357601E-14));
#7677 = LINE('',#7678,#7679);
#7678 = CARTESIAN_POINT('',(98.8,8.,0.));
#7679 = VECTOR('',#7680,1.);
#7680 = DIRECTION('',(0.,1.,-5.551115123126E-16));
#7681 = ORIENTED_EDGE('',*,*,#7682,.T.);
#7682 = EDGE_CURVE('',#7675,#7683,#7685,.T.);
#7683 = VERTEX_POINT('',#7684);
#7684 = CARTESIAN_POINT('',(98.8,136.4,3.));
#7685 = LINE('',#7686,#7687);
#7686 = CARTESIAN_POINT('',(98.8,136.4,-8.526512829121E-14));
#7687 = VECTOR('',#7688,1.);
#7688 = DIRECTION('',(0.,5.551115123126E-16,1.));
#7689 = ORIENTED_EDGE('',*,*,#7690,.F.);
#7690 = EDGE_CURVE('',#7590,#7683,#7691,.T.);
#7691 = LINE('',#7692,#7693);
#7692 = CARTESIAN_POINT('',(98.8,8.,3.));
#7693 = VECTOR('',#7694,1.);
#7694 = DIRECTION('',(0.,1.,-5.551115123126E-16));
#7695 = ORIENTED_EDGE('',*,*,#7589,.F.);
#7696 = PLANE('',#7697);
#7697 = AXIS2_PLACEMENT_3D('',#7698,#7699,#7700);
#7698 = CARTESIAN_POINT('',(98.8,8.,0.));
#7699 = DIRECTION('',(1.,0.,0.));
#7700 = DIRECTION('',(0.,5.551115123126E-16,1.));
#7701 = ADVANCED_FACE('',(#7702),#7720,.T.);
#7702 = FACE_BOUND('',#7703,.T.);
#7703 = EDGE_LOOP('',(#7704,#7705,#7713,#7719));
#7704 = ORIENTED_EDGE('',*,*,#7690,.T.);
#7705 = ORIENTED_EDGE('',*,*,#7706,.T.);
#7706 = EDGE_CURVE('',#7683,#7707,#7709,.T.);
#7707 = VERTEX_POINT('',#7708);
#7708 = CARTESIAN_POINT('',(106.8,136.4,3.));
#7709 = LINE('',#7710,#7711);
#7710 = CARTESIAN_POINT('',(98.8,136.4,3.));
#7711 = VECTOR('',#7712,1.);
#7712 = DIRECTION('',(1.,0.,0.));
#7713 = ORIENTED_EDGE('',*,*,#7714,.F.);
#7714 = EDGE_CURVE('',#7598,#7707,#7715,.T.);
#7715 = LINE('',#7716,#7717);
#7716 = CARTESIAN_POINT('',(106.8,8.,3.));
#7717 = VECTOR('',#7718,1.);
#7718 = DIRECTION('',(0.,1.,-5.551115123126E-16));
#7719 = ORIENTED_EDGE('',*,*,#7597,.F.);
#7720 = PLANE('',#7721);
#7721 = AXIS2_PLACEMENT_3D('',#7722,#7723,#7724);
#7722 = CARTESIAN_POINT('',(98.8,8.,3.));
#7723 = DIRECTION('',(0.,-5.551115123126E-16,-1.));
#7724 = DIRECTION('',(1.,0.,0.));
#7725 = ADVANCED_FACE('',(#7726),#7737,.T.);
#7726 = FACE_BOUND('',#7727,.T.);
#7727 = EDGE_LOOP('',(#7728,#7729,#7735,#7736));
#7728 = ORIENTED_EDGE('',*,*,#7714,.T.);
#7729 = ORIENTED_EDGE('',*,*,#7730,.T.);
#7730 = EDGE_CURVE('',#7707,#7636,#7731,.T.);
#7731 = LINE('',#7732,#7733);
#7732 = CARTESIAN_POINT('',(106.8,136.4,3.));
#7733 = VECTOR('',#7734,1.);
#7734 = DIRECTION('',(0.,5.551115123126E-16,1.));
#7735 = ORIENTED_EDGE('',*,*,#7635,.F.);
#7736 = ORIENTED_EDGE('',*,*,#7605,.F.);
#7737 = PLANE('',#7738);
#7738 = AXIS2_PLACEMENT_3D('',#7739,#7740,#7741);
#7739 = CARTESIAN_POINT('',(106.8,8.,3.));
#7740 = DIRECTION('',(1.,0.,0.));
#7741 = DIRECTION('',(0.,5.551115123126E-16,1.));
#7742 = ADVANCED_FACE('',(#7743),#7763,.T.);
#7743 = FACE_BOUND('',#7744,.T.);
#7744 = EDGE_LOOP('',(#7745,#7753,#7754,#7755,#7756,#7757));
#7745 = ORIENTED_EDGE('',*,*,#7746,.T.);
#7746 = EDGE_CURVE('',#7747,#7644,#7749,.T.);
#7747 = VERTEX_POINT('',#7748);
#7748 = CARTESIAN_POINT('',(98.7,136.4,-1.42108547152E-14));
#7749 = LINE('',#7750,#7751);
#7750 = CARTESIAN_POINT('',(98.7,136.4,-2.84217094304E-14));
#7751 = VECTOR('',#7752,1.);
#7752 = DIRECTION('',(0.,3.330669073875E-16,1.));
#7753 = ORIENTED_EDGE('',*,*,#7643,.F.);
#7754 = ORIENTED_EDGE('',*,*,#7730,.F.);
#7755 = ORIENTED_EDGE('',*,*,#7706,.F.);
#7756 = ORIENTED_EDGE('',*,*,#7682,.F.);
#7757 = ORIENTED_EDGE('',*,*,#7758,.F.);
#7758 = EDGE_CURVE('',#7747,#7675,#7759,.T.);
#7759 = LINE('',#7760,#7761);
#7760 = CARTESIAN_POINT('',(30.,136.4,-8.526512829121E-14));
#7761 = VECTOR('',#7762,1.);
#7762 = DIRECTION('',(1.,0.,0.));
#7763 = PLANE('',#7764);
#7764 = AXIS2_PLACEMENT_3D('',#7765,#7766,#7767);
#7765 = CARTESIAN_POINT('',(39.094210526316,136.4,3.712631578947));
#7766 = DIRECTION('',(0.,1.,-6.61401117266E-16));
#7767 = DIRECTION('',(0.,6.61401117266E-16,1.));
#7768 = ADVANCED_FACE('',(#7769),#7794,.F.);
#7769 = FACE_BOUND('',#7770,.F.);
#7770 = EDGE_LOOP('',(#7771,#7772,#7780,#7788));
#7771 = ORIENTED_EDGE('',*,*,#7651,.T.);
#7772 = ORIENTED_EDGE('',*,*,#7773,.F.);
#7773 = EDGE_CURVE('',#7774,#7652,#7776,.T.);
#7774 = VERTEX_POINT('',#7775);
#7775 = CARTESIAN_POINT('',(-29.7,136.4,9.));
#7776 = LINE('',#7777,#7778);
#7777 = CARTESIAN_POINT('',(-29.7,136.4,9.));
#7778 = VECTOR('',#7779,1.);
#7779 = DIRECTION('',(5.921189464668E-16,-3.330669073875E-16,-1.));
#7780 = ORIENTED_EDGE('',*,*,#7781,.F.);
#7781 = EDGE_CURVE('',#7782,#7774,#7784,.T.);
#7782 = VERTEX_POINT('',#7783);
#7783 = CARTESIAN_POINT('',(98.7,136.4,9.));
#7784 = LINE('',#7785,#7786);
#7785 = CARTESIAN_POINT('',(98.7,136.4,9.));
#7786 = VECTOR('',#7787,1.);
#7787 = DIRECTION('',(-1.,0.,0.));
#7788 = ORIENTED_EDGE('',*,*,#7789,.F.);
#7789 = EDGE_CURVE('',#7644,#7782,#7790,.T.);
#7790 = LINE('',#7791,#7792);
#7791 = CARTESIAN_POINT('',(98.7,136.4,-2.84217094304E-14));
#7792 = VECTOR('',#7793,1.);
#7793 = DIRECTION('',(0.,3.330669073875E-16,1.));
#7794 = PLANE('',#7795);
#7795 = AXIS2_PLACEMENT_3D('',#7796,#7797,#7798);
#7796 = CARTESIAN_POINT('',(35.151746724891,136.4,5.151746724891));
#7797 = DIRECTION('',(0.,1.,-1.110223024625E-16));
#7798 = DIRECTION('',(0.,1.110223024625E-16,1.));
#7799 = ADVANCED_FACE('',(#7800),#7825,.T.);
#7800 = FACE_BOUND('',#7801,.T.);
#7801 = EDGE_LOOP('',(#7802,#7810,#7818,#7824));
#7802 = ORIENTED_EDGE('',*,*,#7803,.T.);
#7803 = EDGE_CURVE('',#7782,#7804,#7806,.T.);
#7804 = VERTEX_POINT('',#7805);
#7805 = CARTESIAN_POINT('',(98.7,139.4,9.));
#7806 = LINE('',#7807,#7808);
#7807 = CARTESIAN_POINT('',(98.7,136.4,9.));
#7808 = VECTOR('',#7809,1.);
#7809 = DIRECTION('',(0.,1.,-3.330669073875E-16));
#7810 = ORIENTED_EDGE('',*,*,#7811,.T.);
#7811 = EDGE_CURVE('',#7804,#7812,#7814,.T.);
#7812 = VERTEX_POINT('',#7813);
#7813 = CARTESIAN_POINT('',(-29.7,139.4,9.));
#7814 = LINE('',#7815,#7816);
#7815 = CARTESIAN_POINT('',(98.7,139.4,9.));
#7816 = VECTOR('',#7817,1.);
#7817 = DIRECTION('',(-1.,0.,0.));
#7818 = ORIENTED_EDGE('',*,*,#7819,.F.);
#7819 = EDGE_CURVE('',#7774,#7812,#7820,.T.);
#7820 = LINE('',#7821,#7822);
#7821 = CARTESIAN_POINT('',(-29.7,136.4,9.));
#7822 = VECTOR('',#7823,1.);
#7823 = DIRECTION('',(0.,1.,-3.330669073875E-16));
#7824 = ORIENTED_EDGE('',*,*,#7781,.F.);
#7825 = PLANE('',#7826);
#7826 = AXIS2_PLACEMENT_3D('',#7827,#7828,#7829);
#7827 = CARTESIAN_POINT('',(98.7,136.4,9.));
#7828 = DIRECTION('',(0.,3.330669073875E-16,1.));
#7829 = DIRECTION('',(-1.,0.,0.));
#7830 = ADVANCED_FACE('',(#7831),#7872,.T.);
#7831 = FACE_BOUND('',#7832,.F.);
#7832 = EDGE_LOOP('',(#7833,#7843,#7851,#7859,#7865,#7866));
#7833 = ORIENTED_EDGE('',*,*,#7834,.T.);
#7834 = EDGE_CURVE('',#7835,#7837,#7839,.T.);
#7835 = VERTEX_POINT('',#7836);
#7836 = CARTESIAN_POINT('',(-29.7,139.4,3.));
#7837 = VERTEX_POINT('',#7838);
#7838 = CARTESIAN_POINT('',(30.,139.4,3.));
#7839 = LINE('',#7840,#7841);
#7840 = CARTESIAN_POINT('',(-29.7,139.4,3.));
#7841 = VECTOR('',#7842,1.);
#7842 = DIRECTION('',(1.,0.,0.));
#7843 = ORIENTED_EDGE('',*,*,#7844,.T.);
#7844 = EDGE_CURVE('',#7837,#7845,#7847,.T.);
#7845 = VERTEX_POINT('',#7846);
#7846 = CARTESIAN_POINT('',(30.,139.4,-1.59872115546E-14));
#7847 = LINE('',#7848,#7849);
#7848 = CARTESIAN_POINT('',(30.,139.4,3.));
#7849 = VECTOR('',#7850,1.);
#7850 = DIRECTION('',(-1.184237892934E-15,-3.330669073875E-16,-1.));
#7851 = ORIENTED_EDGE('',*,*,#7852,.T.);
#7852 = EDGE_CURVE('',#7845,#7853,#7855,.T.);
#7853 = VERTEX_POINT('',#7854);
#7854 = CARTESIAN_POINT('',(98.7,139.4,-1.59872115546E-14));
#7855 = LINE('',#7856,#7857);
#7856 = CARTESIAN_POINT('',(30.,139.4,-2.84217094304E-14));
#7857 = VECTOR('',#7858,1.);
#7858 = DIRECTION('',(1.,0.,0.));
#7859 = ORIENTED_EDGE('',*,*,#7860,.T.);
#7860 = EDGE_CURVE('',#7853,#7804,#7861,.T.);
#7861 = LINE('',#7862,#7863);
#7862 = CARTESIAN_POINT('',(98.7,139.4,-2.84217094304E-14));
#7863 = VECTOR('',#7864,1.);
#7864 = DIRECTION('',(0.,3.330669073875E-16,1.));
#7865 = ORIENTED_EDGE('',*,*,#7811,.T.);
#7866 = ORIENTED_EDGE('',*,*,#7867,.T.);
#7867 = EDGE_CURVE('',#7812,#7835,#7868,.T.);
#7868 = LINE('',#7869,#7870);
#7869 = CARTESIAN_POINT('',(-29.7,139.4,9.));
#7870 = VECTOR('',#7871,1.);
#7871 = DIRECTION('',(5.921189464668E-16,-3.330669073875E-16,-1.));
#7872 = PLANE('',#7873);
#7873 = AXIS2_PLACEMENT_3D('',#7874,#7875,#7876);
#7874 = CARTESIAN_POINT('',(35.151746724891,139.4,5.151746724891));
#7875 = DIRECTION('',(0.,1.,-1.110223024625E-16));
#7876 = DIRECTION('',(0.,1.110223024625E-16,1.));
#7877 = ADVANCED_FACE('',(#7878),#7890,.T.);
#7878 = FACE_BOUND('',#7879,.T.);
#7879 = EDGE_LOOP('',(#7880,#7886,#7887,#7888,#7889));
#7880 = ORIENTED_EDGE('',*,*,#7881,.T.);
#7881 = EDGE_CURVE('',#7747,#7853,#7882,.T.);
#7882 = LINE('',#7883,#7884);
#7883 = CARTESIAN_POINT('',(98.7,136.4,-1.425526363619E-14));
#7884 = VECTOR('',#7885,1.);
#7885 = DIRECTION('',(0.,1.,-3.330669073875E-16));
#7886 = ORIENTED_EDGE('',*,*,#7860,.T.);
#7887 = ORIENTED_EDGE('',*,*,#7803,.F.);
#7888 = ORIENTED_EDGE('',*,*,#7789,.F.);
#7889 = ORIENTED_EDGE('',*,*,#7746,.F.);
#7890 = PLANE('',#7891);
#7891 = AXIS2_PLACEMENT_3D('',#7892,#7893,#7894);
#7892 = CARTESIAN_POINT('',(98.7,136.4,-1.425526363619E-14));
#7893 = DIRECTION('',(1.,0.,0.));
#7894 = DIRECTION('',(0.,3.330669073875E-16,1.));
#7895 = ADVANCED_FACE('',(#7896,#7912,#7923,#7934,#7945),#7956,.T.);
#7896 = FACE_BOUND('',#7897,.T.);
#7897 = EDGE_LOOP('',(#7898,#7904,#7905,#7911));
#7898 = ORIENTED_EDGE('',*,*,#7899,.T.);
#7899 = EDGE_CURVE('',#7564,#7835,#7900,.T.);
#7900 = LINE('',#7901,#7902);
#7901 = CARTESIAN_POINT('',(-29.7,8.,3.));
#7902 = VECTOR('',#7903,1.);
#7903 = DIRECTION('',(0.,1.,-5.551115123126E-16));
#7904 = ORIENTED_EDGE('',*,*,#7834,.T.);
#7905 = ORIENTED_EDGE('',*,*,#7906,.F.);
#7906 = EDGE_CURVE('',#7566,#7837,#7907,.T.);
#7907 = LINE('',#7908,#7909);
#7908 = CARTESIAN_POINT('',(30.,136.4,3.));
#7909 = VECTOR('',#7910,1.);
#7910 = DIRECTION('',(0.,1.,-3.330669073875E-16));
#7911 = ORIENTED_EDGE('',*,*,#7563,.F.);
#7912 = FACE_BOUND('',#7913,.T.);
#7913 = EDGE_LOOP('',(#7914));
#7914 = ORIENTED_EDGE('',*,*,#7915,.T.);
#7915 = EDGE_CURVE('',#7916,#7916,#7918,.T.);
#7916 = VERTEX_POINT('',#7917);
#7917 = CARTESIAN_POINT('',(-19.5,116.,3.));
#7918 = CIRCLE('',#7919,2.5);
#7919 = AXIS2_PLACEMENT_3D('',#7920,#7921,#7922);
#7920 = CARTESIAN_POINT('',(-22.,116.,3.));
#7921 = DIRECTION('',(-0.,2.22044604925E-16,1.));
#7922 = DIRECTION('',(1.,0.,0.));
#7923 = FACE_BOUND('',#7924,.T.);
#7924 = EDGE_LOOP('',(#7925));
#7925 = ORIENTED_EDGE('',*,*,#7926,.T.);
#7926 = EDGE_CURVE('',#7927,#7927,#7929,.T.);
#7927 = VERTEX_POINT('',#7928);
#7928 = CARTESIAN_POINT('',(24.5,116.,3.));
#7929 = CIRCLE('',#7930,2.5);
#7930 = AXIS2_PLACEMENT_3D('',#7931,#7932,#7933);
#7931 = CARTESIAN_POINT('',(22.,116.,3.));
#7932 = DIRECTION('',(-0.,2.22044604925E-16,1.));
#7933 = DIRECTION('',(1.,0.,0.));
#7934 = FACE_BOUND('',#7935,.T.);
#7935 = EDGE_LOOP('',(#7936));
#7936 = ORIENTED_EDGE('',*,*,#7937,.T.);
#7937 = EDGE_CURVE('',#7938,#7938,#7940,.T.);
#7938 = VERTEX_POINT('',#7939);
#7939 = CARTESIAN_POINT('',(-19.5,20.,3.));
#7940 = CIRCLE('',#7941,2.5);
#7941 = AXIS2_PLACEMENT_3D('',#7942,#7943,#7944);
#7942 = CARTESIAN_POINT('',(-22.,20.,3.));
#7943 = DIRECTION('',(-0.,2.22044604925E-16,1.));
#7944 = DIRECTION('',(1.,0.,0.));
#7945 = FACE_BOUND('',#7946,.T.);
#7946 = EDGE_LOOP('',(#7947));
#7947 = ORIENTED_EDGE('',*,*,#7948,.T.);
#7948 = EDGE_CURVE('',#7949,#7949,#7951,.T.);
#7949 = VERTEX_POINT('',#7950);
#7950 = CARTESIAN_POINT('',(24.5,20.,3.));
#7951 = CIRCLE('',#7952,2.5);
#7952 = AXIS2_PLACEMENT_3D('',#7953,#7954,#7955);
#7953 = CARTESIAN_POINT('',(22.,20.,3.));
#7954 = DIRECTION('',(-0.,2.22044604925E-16,1.));
#7955 = DIRECTION('',(1.,0.,0.));
#7956 = PLANE('',#7957);
#7957 = AXIS2_PLACEMENT_3D('',#7958,#7959,#7960);
#7958 = CARTESIAN_POINT('',(0.15,73.7,3.));
#7959 = DIRECTION('',(-0.,-2.22044604925E-16,-1.));
#7960 = DIRECTION('',(0.,1.,-2.22044604925E-16));
#7961 = ADVANCED_FACE('',(#7962),#7981,.T.);
#7962 = FACE_BOUND('',#7963,.T.);
#7963 = EDGE_LOOP('',(#7964,#7972,#7979,#7980));
#7964 = ORIENTED_EDGE('',*,*,#7965,.T.);
#7965 = EDGE_CURVE('',#7916,#7966,#7968,.T.);
#7966 = VERTEX_POINT('',#7967);
#7967 = CARTESIAN_POINT('',(-19.5,116.,-2.48689957516E-14));
#7968 = LINE('',#7969,#7970);
#7969 = CARTESIAN_POINT('',(-19.5,116.,3.));
#7970 = VECTOR('',#7971,1.);
#7971 = DIRECTION('',(-0.,-2.22044604925E-16,-1.));
#7972 = ORIENTED_EDGE('',*,*,#7973,.T.);
#7973 = EDGE_CURVE('',#7966,#7966,#7974,.T.);
#7974 = CIRCLE('',#7975,2.5);
#7975 = AXIS2_PLACEMENT_3D('',#7976,#7977,#7978);
#7976 = CARTESIAN_POINT('',(-22.,116.,-2.48689957516E-14));
#7977 = DIRECTION('',(-0.,2.22044604925E-16,1.));
#7978 = DIRECTION('',(1.,0.,0.));
#7979 = ORIENTED_EDGE('',*,*,#7965,.F.);
#7980 = ORIENTED_EDGE('',*,*,#7915,.F.);
#7981 = CYLINDRICAL_SURFACE('',#7982,2.5);
#7982 = AXIS2_PLACEMENT_3D('',#7983,#7984,#7985);
#7983 = CARTESIAN_POINT('',(-22.,116.,3.));
#7984 = DIRECTION('',(0.,2.22044604925E-16,1.));
#7985 = DIRECTION('',(1.,0.,0.));
#7986 = ADVANCED_FACE('',(#7987),#7990,.F.);
#7987 = FACE_BOUND('',#7988,.F.);
#7988 = EDGE_LOOP('',(#7989));
#7989 = ORIENTED_EDGE('',*,*,#7973,.T.);
#7990 = PLANE('',#7991);
#7991 = AXIS2_PLACEMENT_3D('',#7992,#7993,#7994);
#7992 = CARTESIAN_POINT('',(9.572080927776E-16,68.,-1.24344978758E-14));
#7993 = DIRECTION('',(0.,2.22044604925E-16,1.));
#7994 = DIRECTION('',(1.,0.,0.));
#7995 = ADVANCED_FACE('',(#7996),#8015,.T.);
#7996 = FACE_BOUND('',#7997,.T.);
#7997 = EDGE_LOOP('',(#7998,#8006,#8013,#8014));
#7998 = ORIENTED_EDGE('',*,*,#7999,.T.);
#7999 = EDGE_CURVE('',#7927,#8000,#8002,.T.);
#8000 = VERTEX_POINT('',#8001);
#8001 = CARTESIAN_POINT('',(24.5,116.,-2.48689957516E-14));
#8002 = LINE('',#8003,#8004);
#8003 = CARTESIAN_POINT('',(24.5,116.,3.));
#8004 = VECTOR('',#8005,1.);
#8005 = DIRECTION('',(-0.,-2.22044604925E-16,-1.));
#8006 = ORIENTED_EDGE('',*,*,#8007,.T.);
#8007 = EDGE_CURVE('',#8000,#8000,#8008,.T.);
#8008 = CIRCLE('',#8009,2.5);
#8009 = AXIS2_PLACEMENT_3D('',#8010,#8011,#8012);
#8010 = CARTESIAN_POINT('',(22.,116.,-2.48689957516E-14));
#8011 = DIRECTION('',(-0.,2.22044604925E-16,1.));
#8012 = DIRECTION('',(1.,0.,0.));
#8013 = ORIENTED_EDGE('',*,*,#7999,.F.);
#8014 = ORIENTED_EDGE('',*,*,#7926,.F.);
#8015 = CYLINDRICAL_SURFACE('',#8016,2.5);
#8016 = AXIS2_PLACEMENT_3D('',#8017,#8018,#8019);
#8017 = CARTESIAN_POINT('',(22.,116.,3.));
#8018 = DIRECTION('',(0.,2.22044604925E-16,1.));
#8019 = DIRECTION('',(1.,0.,0.));
#8020 = ADVANCED_FACE('',(#8021),#8024,.F.);
#8021 = FACE_BOUND('',#8022,.F.);
#8022 = EDGE_LOOP('',(#8023));
#8023 = ORIENTED_EDGE('',*,*,#8007,.T.);
#8024 = PLANE('',#8025);
#8025 = AXIS2_PLACEMENT_3D('',#8026,#8027,#8028);
#8026 = CARTESIAN_POINT('',(9.572080927776E-16,68.,-1.24344978758E-14));
#8027 = DIRECTION('',(0.,2.22044604925E-16,1.));
#8028 = DIRECTION('',(1.,0.,0.));
#8029 = ADVANCED_FACE('',(#8030),#8049,.T.);
#8030 = FACE_BOUND('',#8031,.T.);
#8031 = EDGE_LOOP('',(#8032,#8040,#8047,#8048));
#8032 = ORIENTED_EDGE('',*,*,#8033,.T.);
#8033 = EDGE_CURVE('',#7938,#8034,#8036,.T.);
#8034 = VERTEX_POINT('',#8035);
#8035 = CARTESIAN_POINT('',(-19.5,20.,-3.552713678801E-15));
#8036 = LINE('',#8037,#8038);
#8037 = CARTESIAN_POINT('',(-19.5,20.,3.));
#8038 = VECTOR('',#8039,1.);
#8039 = DIRECTION('',(-0.,-2.22044604925E-16,-1.));
#8040 = ORIENTED_EDGE('',*,*,#8041,.T.);
#8041 = EDGE_CURVE('',#8034,#8034,#8042,.T.);
#8042 = CIRCLE('',#8043,2.5);
#8043 = AXIS2_PLACEMENT_3D('',#8044,#8045,#8046);
#8044 = CARTESIAN_POINT('',(-22.,20.,-3.552713678801E-15));
#8045 = DIRECTION('',(-0.,2.22044604925E-16,1.));
#8046 = DIRECTION('',(1.,0.,0.));
#8047 = ORIENTED_EDGE('',*,*,#8033,.F.);
#8048 = ORIENTED_EDGE('',*,*,#7937,.F.);
#8049 = CYLINDRICAL_SURFACE('',#8050,2.5);
#8050 = AXIS2_PLACEMENT_3D('',#8051,#8052,#8053);
#8051 = CARTESIAN_POINT('',(-22.,20.,3.));
#8052 = DIRECTION('',(0.,2.22044604925E-16,1.));
#8053 = DIRECTION('',(1.,0.,0.));
#8054 = ADVANCED_FACE('',(#8055),#8058,.F.);
#8055 = FACE_BOUND('',#8056,.F.);
#8056 = EDGE_LOOP('',(#8057));
#8057 = ORIENTED_EDGE('',*,*,#8041,.T.);
#8058 = PLANE('',#8059);
#8059 = AXIS2_PLACEMENT_3D('',#8060,#8061,#8062);
#8060 = CARTESIAN_POINT('',(9.572080927776E-16,68.,-1.24344978758E-14));
#8061 = DIRECTION('',(0.,2.22044604925E-16,1.));
#8062 = DIRECTION('',(1.,0.,0.));
#8063 = ADVANCED_FACE('',(#8064),#8083,.T.);
#8064 = FACE_BOUND('',#8065,.T.);
#8065 = EDGE_LOOP('',(#8066,#8074,#8081,#8082));
#8066 = ORIENTED_EDGE('',*,*,#8067,.T.);
#8067 = EDGE_CURVE('',#7949,#8068,#8070,.T.);
#8068 = VERTEX_POINT('',#8069);
#8069 = CARTESIAN_POINT('',(24.5,20.,-3.552713678801E-15));
#8070 = LINE('',#8071,#8072);
#8071 = CARTESIAN_POINT('',(24.5,20.,3.));
#8072 = VECTOR('',#8073,1.);
#8073 = DIRECTION('',(-0.,-2.22044604925E-16,-1.));
#8074 = ORIENTED_EDGE('',*,*,#8075,.T.);
#8075 = EDGE_CURVE('',#8068,#8068,#8076,.T.);
#8076 = CIRCLE('',#8077,2.5);
#8077 = AXIS2_PLACEMENT_3D('',#8078,#8079,#8080);
#8078 = CARTESIAN_POINT('',(22.,20.,-3.552713678801E-15));
#8079 = DIRECTION('',(-0.,2.22044604925E-16,1.));
#8080 = DIRECTION('',(1.,0.,0.));
#8081 = ORIENTED_EDGE('',*,*,#8067,.F.);
#8082 = ORIENTED_EDGE('',*,*,#7948,.F.);
#8083 = CYLINDRICAL_SURFACE('',#8084,2.5);
#8084 = AXIS2_PLACEMENT_3D('',#8085,#8086,#8087);
#8085 = CARTESIAN_POINT('',(22.,20.,3.));
#8086 = DIRECTION('',(0.,2.22044604925E-16,1.));
#8087 = DIRECTION('',(1.,0.,0.));
#8088 = ADVANCED_FACE('',(#8089),#8092,.F.);
#8089 = FACE_BOUND('',#8090,.F.);
#8090 = EDGE_LOOP('',(#8091));
#8091 = ORIENTED_EDGE('',*,*,#8075,.T.);
#8092 = PLANE('',#8093);
#8093 = AXIS2_PLACEMENT_3D('',#8094,#8095,#8096);
#8094 = CARTESIAN_POINT('',(9.572080927776E-16,68.,-1.24344978758E-14));
#8095 = DIRECTION('',(0.,2.22044604925E-16,1.));
#8096 = DIRECTION('',(1.,0.,0.));
#8097 = ADVANCED_FACE('',(#8098),#8106,.T.);
#8098 = FACE_BOUND('',#8099,.T.);
#8099 = EDGE_LOOP('',(#8100,#8101,#8102,#8103,#8104,#8105));
#8100 = ORIENTED_EDGE('',*,*,#7659,.T.);
#8101 = ORIENTED_EDGE('',*,*,#7773,.F.);
#8102 = ORIENTED_EDGE('',*,*,#7819,.T.);
#8103 = ORIENTED_EDGE('',*,*,#7867,.T.);
#8104 = ORIENTED_EDGE('',*,*,#7899,.F.);
#8105 = ORIENTED_EDGE('',*,*,#7621,.F.);
#8106 = PLANE('',#8107);
#8107 = AXIS2_PLACEMENT_3D('',#8108,#8109,#8110);
#8108 = CARTESIAN_POINT('',(-29.7,75.101746724891,4.598253275109));
#8109 = DIRECTION('',(-1.,-2.268163812898E-31,-1.021490170258E-15));
#8110 = DIRECTION('',(1.021490170258E-15,-2.22044604925E-16,-1.));
#8111 = ADVANCED_FACE('',(#8112),#8123,.T.);
#8112 = FACE_BOUND('',#8113,.T.);
#8113 = EDGE_LOOP('',(#8114,#8115,#8116,#8122));
#8114 = ORIENTED_EDGE('',*,*,#7906,.T.);
#8115 = ORIENTED_EDGE('',*,*,#7844,.T.);
#8116 = ORIENTED_EDGE('',*,*,#8117,.F.);
#8117 = EDGE_CURVE('',#7574,#7845,#8118,.T.);
#8118 = LINE('',#8119,#8120);
#8119 = CARTESIAN_POINT('',(30.,136.4,-1.425526363619E-14));
#8120 = VECTOR('',#8121,1.);
#8121 = DIRECTION('',(0.,1.,-3.330669073875E-16));
#8122 = ORIENTED_EDGE('',*,*,#7573,.F.);
#8123 = PLANE('',#8124);
#8124 = AXIS2_PLACEMENT_3D('',#8125,#8126,#8127);
#8125 = CARTESIAN_POINT('',(30.,73.7,1.5));
#8126 = DIRECTION('',(-1.,2.629536350737E-31,1.184237892934E-15));
#8127 = DIRECTION('',(-1.184237892934E-15,-2.22044604925E-16,-1.));
#8128 = ADVANCED_FACE('',(#8129),#8137,.T.);
#8129 = FACE_BOUND('',#8130,.T.);
#8130 = EDGE_LOOP('',(#8131,#8132,#8133,#8134,#8135,#8136));
#8131 = ORIENTED_EDGE('',*,*,#8117,.T.);
#8132 = ORIENTED_EDGE('',*,*,#7852,.T.);
#8133 = ORIENTED_EDGE('',*,*,#7881,.F.);
#8134 = ORIENTED_EDGE('',*,*,#7758,.T.);
#8135 = ORIENTED_EDGE('',*,*,#7674,.F.);
#8136 = ORIENTED_EDGE('',*,*,#7581,.F.);
#8137 = PLANE('',#8138);
#8138 = AXIS2_PLACEMENT_3D('',#8139,#8140,#8141);
#8139 = CARTESIAN_POINT('',(64.399250749251,73.699250749251,
    -2.571308134778E-14));
#8140 = DIRECTION('',(-0.,-2.22044604925E-16,-1.));
#8141 = DIRECTION('',(0.,1.,-2.22044604925E-16));
#8142 = MANIFOLD_SOLID_BREP('',#8143);
#8143 = CLOSED_SHELL('',(#8144,#8264,#8298,#8323,#8348,#8366,#8397,#8505
    ,#8613,#8630,#8655,#8680,#8705,#8730,#8762,#8786,#8810,#8828,#8895,
    #8912,#8924,#8958,#8982,#9017,#9034,#9068,#9092,#9127,#9144,#9175,
    #9210,#9234,#9254,#9285,#9320,#9344,#9364,#9381,#9398,#9415,#9432,
    #9444,#9456,#9468));
#8144 = ADVANCED_FACE('',(#8145,#8181,#8215,#8226,#8237,#8248),#8259,.F.
  );
#8145 = FACE_BOUND('',#8146,.F.);
#8146 = EDGE_LOOP('',(#8147,#8158,#8166,#8175));
#8147 = ORIENTED_EDGE('',*,*,#8148,.T.);
#8148 = EDGE_CURVE('',#8149,#8151,#8153,.T.);
#8149 = VERTEX_POINT('',#8150);
#8150 = CARTESIAN_POINT('',(-5.75,2.482458683062E-14,35.8));
#8151 = VERTEX_POINT('',#8152);
#8152 = CARTESIAN_POINT('',(-5.75,1.261213355974E-14,12.8));
#8153 = CIRCLE('',#8154,11.5);
#8154 = AXIS2_PLACEMENT_3D('',#8155,#8156,#8157);
#8155 = CARTESIAN_POINT('',(-5.75,1.842415109365E-14,24.3));
#8156 = DIRECTION('',(0.,-1.,5.551115123126E-16));
#8157 = DIRECTION('',(0.,5.551115123126E-16,1.));
#8158 = ORIENTED_EDGE('',*,*,#8159,.T.);
#8159 = EDGE_CURVE('',#8151,#8160,#8162,.T.);
#8160 = VERTEX_POINT('',#8161);
#8161 = CARTESIAN_POINT('',(5.75,1.172395514004E-14,12.8));
#8162 = LINE('',#8163,#8164);
#8163 = CARTESIAN_POINT('',(-5.75,1.172395514004E-14,12.8));
#8164 = VECTOR('',#8165,1.);
#8165 = DIRECTION('',(1.,0.,0.));
#8166 = ORIENTED_EDGE('',*,*,#8167,.T.);
#8167 = EDGE_CURVE('',#8160,#8168,#8170,.T.);
#8168 = VERTEX_POINT('',#8169);
#8169 = CARTESIAN_POINT('',(5.75,2.482458683062E-14,35.8));
#8170 = CIRCLE('',#8171,11.5);
#8171 = AXIS2_PLACEMENT_3D('',#8172,#8173,#8174);
#8172 = CARTESIAN_POINT('',(5.75,1.842415109365E-14,24.3));
#8173 = DIRECTION('',(0.,-1.,5.551115123126E-16));
#8174 = DIRECTION('',(-1.614869854E-16,-5.551115123126E-16,-1.));
#8175 = ORIENTED_EDGE('',*,*,#8176,.T.);
#8176 = EDGE_CURVE('',#8168,#8149,#8177,.T.);
#8177 = LINE('',#8178,#8179);
#8178 = CARTESIAN_POINT('',(5.75,2.482458683062E-14,35.8));
#8179 = VECTOR('',#8180,1.);
#8180 = DIRECTION('',(-1.,0.,0.));
#8181 = FACE_BOUND('',#8182,.F.);
#8182 = EDGE_LOOP('',(#8183,#8193,#8201,#8209));
#8183 = ORIENTED_EDGE('',*,*,#8184,.F.);
#8184 = EDGE_CURVE('',#8185,#8187,#8189,.T.);
#8185 = VERTEX_POINT('',#8186);
#8186 = CARTESIAN_POINT('',(-106.8,0.,0.));
#8187 = VERTEX_POINT('',#8188);
#8188 = CARTESIAN_POINT('',(106.8,0.,0.));
#8189 = LINE('',#8190,#8191);
#8190 = CARTESIAN_POINT('',(-106.8,0.,0.));
#8191 = VECTOR('',#8192,1.);
#8192 = DIRECTION('',(1.,0.,0.));
#8193 = ORIENTED_EDGE('',*,*,#8194,.F.);
#8194 = EDGE_CURVE('',#8195,#8185,#8197,.T.);
#8195 = VERTEX_POINT('',#8196);
#8196 = CARTESIAN_POINT('',(-106.8,3.454458941121E-14,44.45));
#8197 = LINE('',#8198,#8199);
#8198 = CARTESIAN_POINT('',(-106.8,3.454458941121E-14,44.45));
#8199 = VECTOR('',#8200,1.);
#8200 = DIRECTION('',(0.,-7.771561172376E-16,-1.));
#8201 = ORIENTED_EDGE('',*,*,#8202,.F.);
#8202 = EDGE_CURVE('',#8203,#8195,#8205,.T.);
#8203 = VERTEX_POINT('',#8204);
#8204 = CARTESIAN_POINT('',(106.8,3.454458941121E-14,44.45));
#8205 = LINE('',#8206,#8207);
#8206 = CARTESIAN_POINT('',(106.8,3.454458941121E-14,44.45));
#8207 = VECTOR('',#8208,1.);
#8208 = DIRECTION('',(-1.,0.,0.));
#8209 = ORIENTED_EDGE('',*,*,#8210,.F.);
#8210 = EDGE_CURVE('',#8187,#8203,#8211,.T.);
#8211 = LINE('',#8212,#8213);
#8212 = CARTESIAN_POINT('',(106.8,0.,0.));
#8213 = VECTOR('',#8214,1.);
#8214 = DIRECTION('',(0.,7.771561172376E-16,1.));
#8215 = FACE_BOUND('',#8216,.F.);
#8216 = EDGE_LOOP('',(#8217));
#8217 = ORIENTED_EDGE('',*,*,#8218,.T.);
#8218 = EDGE_CURVE('',#8219,#8219,#8221,.T.);
#8219 = VERTEX_POINT('',#8220);
#8220 = CARTESIAN_POINT('',(-96.8,6.346034808757E-15,14.29));
#8221 = CIRCLE('',#8222,3.2);
#8222 = AXIS2_PLACEMENT_3D('',#8223,#8224,#8225);
#8223 = CARTESIAN_POINT('',(-100.,6.346034808757E-15,14.29));
#8224 = DIRECTION('',(0.,-1.,4.440892098501E-16));
#8225 = DIRECTION('',(1.,0.,0.));
#8226 = FACE_BOUND('',#8227,.F.);
#8227 = EDGE_LOOP('',(#8228));
#8228 = ORIENTED_EDGE('',*,*,#8229,.T.);
#8229 = EDGE_CURVE('',#8230,#8230,#8232,.T.);
#8230 = VERTEX_POINT('',#8231);
#8231 = CARTESIAN_POINT('',(-96.8,1.339373056908E-14,30.16));
#8232 = CIRCLE('',#8233,3.2);
#8233 = AXIS2_PLACEMENT_3D('',#8234,#8235,#8236);
#8234 = CARTESIAN_POINT('',(-100.,1.339373056908E-14,30.16));
#8235 = DIRECTION('',(0.,-1.,4.440892098501E-16));
#8236 = DIRECTION('',(1.,0.,0.));
#8237 = FACE_BOUND('',#8238,.F.);
#8238 = EDGE_LOOP('',(#8239));
#8239 = ORIENTED_EDGE('',*,*,#8240,.T.);
#8240 = EDGE_CURVE('',#8241,#8241,#8243,.T.);
#8241 = VERTEX_POINT('',#8242);
#8242 = CARTESIAN_POINT('',(103.2,6.346034808757E-15,14.29));
#8243 = CIRCLE('',#8244,3.2);
#8244 = AXIS2_PLACEMENT_3D('',#8245,#8246,#8247);
#8245 = CARTESIAN_POINT('',(100.,6.346034808757E-15,14.29));
#8246 = DIRECTION('',(0.,-1.,4.440892098501E-16));
#8247 = DIRECTION('',(1.,0.,0.));
#8248 = FACE_BOUND('',#8249,.F.);
#8249 = EDGE_LOOP('',(#8250));
#8250 = ORIENTED_EDGE('',*,*,#8251,.T.);
#8251 = EDGE_CURVE('',#8252,#8252,#8254,.T.);
#8252 = VERTEX_POINT('',#8253);
#8253 = CARTESIAN_POINT('',(103.2,1.339373056908E-14,30.16));
#8254 = CIRCLE('',#8255,3.2);
#8255 = AXIS2_PLACEMENT_3D('',#8256,#8257,#8258);
#8256 = CARTESIAN_POINT('',(100.,1.339373056908E-14,30.16));
#8257 = DIRECTION('',(0.,-1.,4.440892098501E-16));
#8258 = DIRECTION('',(1.,0.,0.));
#8259 = PLANE('',#8260);
#8260 = AXIS2_PLACEMENT_3D('',#8261,#8262,#8263);
#8261 = CARTESIAN_POINT('',(0.,1.727229470561E-14,22.225));
#8262 = DIRECTION('',(0.,1.,-5.551115123126E-16));
#8263 = DIRECTION('',(0.,5.551115123126E-16,1.));
#8264 = ADVANCED_FACE('',(#8265),#8293,.T.);
#8265 = FACE_BOUND('',#8266,.T.);
#8266 = EDGE_LOOP('',(#8267,#8276,#8277,#8286));
#8267 = ORIENTED_EDGE('',*,*,#8268,.F.);
#8268 = EDGE_CURVE('',#8149,#8269,#8271,.T.);
#8269 = VERTEX_POINT('',#8270);
#8270 = CARTESIAN_POINT('',(-5.75,6.,29.8));
#8271 = CIRCLE('',#8272,6.);
#8272 = AXIS2_PLACEMENT_3D('',#8273,#8274,#8275);
#8273 = CARTESIAN_POINT('',(-5.75,6.,35.8));
#8274 = DIRECTION('',(1.,0.,-0.));
#8275 = DIRECTION('',(0.,5.551115123126E-16,1.));
#8276 = ORIENTED_EDGE('',*,*,#8148,.T.);
#8277 = ORIENTED_EDGE('',*,*,#8278,.T.);
#8278 = EDGE_CURVE('',#8151,#8279,#8281,.T.);
#8279 = VERTEX_POINT('',#8280);
#8280 = CARTESIAN_POINT('',(-5.75,6.,18.8));
#8281 = CIRCLE('',#8282,6.);
#8282 = AXIS2_PLACEMENT_3D('',#8283,#8284,#8285);
#8283 = CARTESIAN_POINT('',(-5.75,6.,12.8));
#8284 = DIRECTION('',(-1.,6.798155367234E-32,1.224646799147E-16));
#8285 = DIRECTION('',(-1.224646799147E-16,-5.551115123126E-16,-1.));
#8286 = ORIENTED_EDGE('',*,*,#8287,.F.);
#8287 = EDGE_CURVE('',#8269,#8279,#8288,.T.);
#8288 = CIRCLE('',#8289,5.5);
#8289 = AXIS2_PLACEMENT_3D('',#8290,#8291,#8292);
#8290 = CARTESIAN_POINT('',(-5.75,6.,24.3));
#8291 = DIRECTION('',(0.,-1.,5.551115123126E-16));
#8292 = DIRECTION('',(0.,5.551115123126E-16,1.));
#8293 = TOROIDAL_SURFACE('',#8294,11.5,6.);
#8294 = AXIS2_PLACEMENT_3D('',#8295,#8296,#8297);
#8295 = CARTESIAN_POINT('',(-5.75,6.,24.3));
#8296 = DIRECTION('',(0.,-1.,5.551115123126E-16));
#8297 = DIRECTION('',(0.,5.551115123126E-16,1.));
#8298 = ADVANCED_FACE('',(#8299),#8318,.T.);
#8299 = FACE_BOUND('',#8300,.F.);
#8300 = EDGE_LOOP('',(#8301,#8310,#8316,#8317));
#8301 = ORIENTED_EDGE('',*,*,#8302,.T.);
#8302 = EDGE_CURVE('',#8168,#8303,#8305,.T.);
#8303 = VERTEX_POINT('',#8304);
#8304 = CARTESIAN_POINT('',(5.75,6.,29.8));
#8305 = CIRCLE('',#8306,6.);
#8306 = AXIS2_PLACEMENT_3D('',#8307,#8308,#8309);
#8307 = CARTESIAN_POINT('',(5.75,6.,35.8));
#8308 = DIRECTION('',(1.,-1.576248383566E-31,-2.839516653148E-16));
#8309 = DIRECTION('',(2.839516653148E-16,5.551115123126E-16,1.));
#8310 = ORIENTED_EDGE('',*,*,#8311,.T.);
#8311 = EDGE_CURVE('',#8303,#8269,#8312,.T.);
#8312 = LINE('',#8313,#8314);
#8313 = CARTESIAN_POINT('',(5.75,6.,29.8));
#8314 = VECTOR('',#8315,1.);
#8315 = DIRECTION('',(-1.,0.,0.));
#8316 = ORIENTED_EDGE('',*,*,#8268,.F.);
#8317 = ORIENTED_EDGE('',*,*,#8176,.F.);
#8318 = CYLINDRICAL_SURFACE('',#8319,6.);
#8319 = AXIS2_PLACEMENT_3D('',#8320,#8321,#8322);
#8320 = CARTESIAN_POINT('',(5.75,6.,35.8));
#8321 = DIRECTION('',(-1.,0.,0.));
#8322 = DIRECTION('',(0.,-1.,5.551115123126E-16));
#8323 = ADVANCED_FACE('',(#8324),#8343,.T.);
#8324 = FACE_BOUND('',#8325,.F.);
#8325 = EDGE_LOOP('',(#8326,#8327,#8335,#8342));
#8326 = ORIENTED_EDGE('',*,*,#8278,.T.);
#8327 = ORIENTED_EDGE('',*,*,#8328,.T.);
#8328 = EDGE_CURVE('',#8279,#8329,#8331,.T.);
#8329 = VERTEX_POINT('',#8330);
#8330 = CARTESIAN_POINT('',(5.75,6.,18.8));
#8331 = LINE('',#8332,#8333);
#8332 = CARTESIAN_POINT('',(-5.75,6.,18.8));
#8333 = VECTOR('',#8334,1.);
#8334 = DIRECTION('',(1.,0.,0.));
#8335 = ORIENTED_EDGE('',*,*,#8336,.F.);
#8336 = EDGE_CURVE('',#8160,#8329,#8337,.T.);
#8337 = CIRCLE('',#8338,6.);
#8338 = AXIS2_PLACEMENT_3D('',#8339,#8340,#8341);
#8339 = CARTESIAN_POINT('',(5.75,6.,12.8));
#8340 = DIRECTION('',(-1.,0.,0.));
#8341 = DIRECTION('',(0.,-1.,5.551115123126E-16));
#8342 = ORIENTED_EDGE('',*,*,#8159,.F.);
#8343 = CYLINDRICAL_SURFACE('',#8344,6.);
#8344 = AXIS2_PLACEMENT_3D('',#8345,#8346,#8347);
#8345 = CARTESIAN_POINT('',(-5.75,6.,12.8));
#8346 = DIRECTION('',(1.,0.,0.));
#8347 = DIRECTION('',(0.,-1.,5.551115123126E-16));
#8348 = ADVANCED_FACE('',(#8349),#8361,.T.);
#8349 = FACE_BOUND('',#8350,.T.);
#8350 = EDGE_LOOP('',(#8351,#8352,#8353,#8354));
#8351 = ORIENTED_EDGE('',*,*,#8336,.F.);
#8352 = ORIENTED_EDGE('',*,*,#8167,.T.);
#8353 = ORIENTED_EDGE('',*,*,#8302,.T.);
#8354 = ORIENTED_EDGE('',*,*,#8355,.F.);
#8355 = EDGE_CURVE('',#8329,#8303,#8356,.T.);
#8356 = CIRCLE('',#8357,5.5);
#8357 = AXIS2_PLACEMENT_3D('',#8358,#8359,#8360);
#8358 = CARTESIAN_POINT('',(5.75,6.,24.3));
#8359 = DIRECTION('',(0.,-1.,5.551115123126E-16));
#8360 = DIRECTION('',(-1.614869854E-16,-5.551115123126E-16,-1.));
#8361 = TOROIDAL_SURFACE('',#8362,11.5,6.);
#8362 = AXIS2_PLACEMENT_3D('',#8363,#8364,#8365);
#8363 = CARTESIAN_POINT('',(5.75,6.,24.3));
#8364 = DIRECTION('',(0.,-1.,5.551115123126E-16));
#8365 = DIRECTION('',(-1.614869854E-16,-5.551115123126E-16,-1.));
#8366 = ADVANCED_FACE('',(#8367),#8392,.T.);
#8367 = FACE_BOUND('',#8368,.T.);
#8368 = EDGE_LOOP('',(#8369,#8377,#8385,#8391));
#8369 = ORIENTED_EDGE('',*,*,#8370,.T.);
#8370 = EDGE_CURVE('',#8185,#8371,#8373,.T.);
#8371 = VERTEX_POINT('',#8372);
#8372 = CARTESIAN_POINT('',(-106.8,8.,-6.217248937901E-15));
#8373 = LINE('',#8374,#8375);
#8374 = CARTESIAN_POINT('',(-106.8,0.,0.));
#8375 = VECTOR('',#8376,1.);
#8376 = DIRECTION('',(0.,1.,-7.771561172376E-16));
#8377 = ORIENTED_EDGE('',*,*,#8378,.T.);
#8378 = EDGE_CURVE('',#8371,#8379,#8381,.T.);
#8379 = VERTEX_POINT('',#8380);
#8380 = CARTESIAN_POINT('',(106.8,8.,-6.217248937901E-15));
#8381 = LINE('',#8382,#8383);
#8382 = CARTESIAN_POINT('',(-106.8,8.,-6.217248937901E-15));
#8383 = VECTOR('',#8384,1.);
#8384 = DIRECTION('',(1.,0.,0.));
#8385 = ORIENTED_EDGE('',*,*,#8386,.F.);
#8386 = EDGE_CURVE('',#8187,#8379,#8387,.T.);
#8387 = LINE('',#8388,#8389);
#8388 = CARTESIAN_POINT('',(106.8,0.,0.));
#8389 = VECTOR('',#8390,1.);
#8390 = DIRECTION('',(0.,1.,-7.771561172376E-16));
#8391 = ORIENTED_EDGE('',*,*,#8184,.F.);
#8392 = PLANE('',#8393);
#8393 = AXIS2_PLACEMENT_3D('',#8394,#8395,#8396);
#8394 = CARTESIAN_POINT('',(-106.8,0.,0.));
#8395 = DIRECTION('',(0.,-7.771561172376E-16,-1.));
#8396 = DIRECTION('',(1.,0.,0.));
#8397 = ADVANCED_FACE('',(#8398,#8432,#8466),#8500,.T.);
#8398 = FACE_BOUND('',#8399,.T.);
#8399 = EDGE_LOOP('',(#8400,#8408,#8416,#8424,#8430,#8431));
#8400 = ORIENTED_EDGE('',*,*,#8401,.T.);
#8401 = EDGE_CURVE('',#8195,#8402,#8404,.T.);
#8402 = VERTEX_POINT('',#8403);
#8403 = CARTESIAN_POINT('',(-106.8,20.,44.45));
#8404 = LINE('',#8405,#8406);
#8405 = CARTESIAN_POINT('',(-106.8,3.454458941121E-14,44.45));
#8406 = VECTOR('',#8407,1.);
#8407 = DIRECTION('',(0.,1.,-7.771561172376E-16));
#8408 = ORIENTED_EDGE('',*,*,#8409,.T.);
#8409 = EDGE_CURVE('',#8402,#8410,#8412,.T.);
#8410 = VERTEX_POINT('',#8411);
#8411 = CARTESIAN_POINT('',(-106.8,20.,36.8));
#8412 = LINE('',#8413,#8414);
#8413 = CARTESIAN_POINT('',(-106.8,20.,44.45));
#8414 = VECTOR('',#8415,1.);
#8415 = DIRECTION('',(0.,-5.551115123126E-16,-1.));
#8416 = ORIENTED_EDGE('',*,*,#8417,.F.);
#8417 = EDGE_CURVE('',#8418,#8410,#8420,.T.);
#8418 = VERTEX_POINT('',#8419);
#8419 = CARTESIAN_POINT('',(-106.8,8.,36.8));
#8420 = LINE('',#8421,#8422);
#8421 = CARTESIAN_POINT('',(-106.8,8.,36.8));
#8422 = VECTOR('',#8423,1.);
#8423 = DIRECTION('',(0.,1.,-5.551115123126E-16));
#8424 = ORIENTED_EDGE('',*,*,#8425,.T.);
#8425 = EDGE_CURVE('',#8418,#8371,#8426,.T.);
#8426 = LINE('',#8427,#8428);
#8427 = CARTESIAN_POINT('',(-106.8,8.,44.45));
#8428 = VECTOR('',#8429,1.);
#8429 = DIRECTION('',(0.,-7.771561172376E-16,-1.));
#8430 = ORIENTED_EDGE('',*,*,#8370,.F.);
#8431 = ORIENTED_EDGE('',*,*,#8194,.F.);
#8432 = FACE_BOUND('',#8433,.T.);
#8433 = EDGE_LOOP('',(#8434,#8444,#8452,#8460));
#8434 = ORIENTED_EDGE('',*,*,#8435,.T.);
#8435 = EDGE_CURVE('',#8436,#8438,#8440,.T.);
#8436 = VERTEX_POINT('',#8437);
#8437 = CARTESIAN_POINT('',(-106.8,1.35,35.355));
#8438 = VERTEX_POINT('',#8439);
#8439 = CARTESIAN_POINT('',(-106.8,1.35,24.965));
#8440 = LINE('',#8441,#8442);
#8441 = CARTESIAN_POINT('',(-106.8,1.35,23.937955779674));
#8442 = VECTOR('',#8443,1.);
#8443 = DIRECTION('',(0.,-1.110223024625E-16,-1.));
#8444 = ORIENTED_EDGE('',*,*,#8445,.T.);
#8445 = EDGE_CURVE('',#8438,#8446,#8448,.T.);
#8446 = VERTEX_POINT('',#8447);
#8447 = CARTESIAN_POINT('',(-106.8,6.65,24.965));
#8448 = LINE('',#8449,#8450);
#8449 = CARTESIAN_POINT('',(-106.8,3.962044220326,24.965));
#8450 = VECTOR('',#8451,1.);
#8451 = DIRECTION('',(0.,1.,-3.330669073875E-16));
#8452 = ORIENTED_EDGE('',*,*,#8453,.F.);
#8453 = EDGE_CURVE('',#8454,#8446,#8456,.T.);
#8454 = VERTEX_POINT('',#8455);
#8455 = CARTESIAN_POINT('',(-106.8,6.65,35.355));
#8456 = LINE('',#8457,#8458);
#8457 = CARTESIAN_POINT('',(-106.8,6.65,23.937955779674));
#8458 = VECTOR('',#8459,1.);
#8459 = DIRECTION('',(0.,-1.110223024625E-16,-1.));
#8460 = ORIENTED_EDGE('',*,*,#8461,.T.);
#8461 = EDGE_CURVE('',#8454,#8436,#8462,.T.);
#8462 = LINE('',#8463,#8464);
#8463 = CARTESIAN_POINT('',(-106.8,3.962044220326,35.355));
#8464 = VECTOR('',#8465,1.);
#8465 = DIRECTION('',(0.,-1.,3.330669073875E-16));
#8466 = FACE_BOUND('',#8467,.T.);
#8467 = EDGE_LOOP('',(#8468,#8478,#8486,#8494));
#8468 = ORIENTED_EDGE('',*,*,#8469,.T.);
#8469 = EDGE_CURVE('',#8470,#8472,#8474,.T.);
#8470 = VERTEX_POINT('',#8471);
#8471 = CARTESIAN_POINT('',(-106.8,1.35,19.485));
#8472 = VERTEX_POINT('',#8473);
#8473 = CARTESIAN_POINT('',(-106.8,1.35,9.095));
#8474 = LINE('',#8475,#8476);
#8475 = CARTESIAN_POINT('',(-106.8,1.35,23.937955779674));
#8476 = VECTOR('',#8477,1.);
#8477 = DIRECTION('',(0.,-1.110223024625E-16,-1.));
#8478 = ORIENTED_EDGE('',*,*,#8479,.T.);
#8479 = EDGE_CURVE('',#8472,#8480,#8482,.T.);
#8480 = VERTEX_POINT('',#8481);
#8481 = CARTESIAN_POINT('',(-106.8,6.65,9.095));
#8482 = LINE('',#8483,#8484);
#8483 = CARTESIAN_POINT('',(-106.8,3.962044220326,9.095));
#8484 = VECTOR('',#8485,1.);
#8485 = DIRECTION('',(0.,1.,-3.330669073875E-16));
#8486 = ORIENTED_EDGE('',*,*,#8487,.F.);
#8487 = EDGE_CURVE('',#8488,#8480,#8490,.T.);
#8488 = VERTEX_POINT('',#8489);
#8489 = CARTESIAN_POINT('',(-106.8,6.65,19.485));
#8490 = LINE('',#8491,#8492);
#8491 = CARTESIAN_POINT('',(-106.8,6.65,23.937955779674));
#8492 = VECTOR('',#8493,1.);
#8493 = DIRECTION('',(0.,-1.110223024625E-16,-1.));
#8494 = ORIENTED_EDGE('',*,*,#8495,.T.);
#8495 = EDGE_CURVE('',#8488,#8470,#8496,.T.);
#8496 = LINE('',#8497,#8498);
#8497 = CARTESIAN_POINT('',(-106.8,3.962044220326,19.485));
#8498 = VECTOR('',#8499,1.);
#8499 = DIRECTION('',(0.,-1.,3.330669073875E-16));
#8500 = PLANE('',#8501);
#8501 = AXIS2_PLACEMENT_3D('',#8502,#8503,#8504);
#8502 = CARTESIAN_POINT('',(-106.8,6.574088440652,25.650911559348));
#8503 = DIRECTION('',(-1.,0.,-0.));
#8504 = DIRECTION('',(0.,1.,-4.440892098501E-16));
#8505 = ADVANCED_FACE('',(#8506,#8540,#8574),#8608,.T.);
#8506 = FACE_BOUND('',#8507,.T.);
#8507 = EDGE_LOOP('',(#8508,#8509,#8517,#8525,#8533,#8539));
#8508 = ORIENTED_EDGE('',*,*,#8386,.T.);
#8509 = ORIENTED_EDGE('',*,*,#8510,.T.);
#8510 = EDGE_CURVE('',#8379,#8511,#8513,.T.);
#8511 = VERTEX_POINT('',#8512);
#8512 = CARTESIAN_POINT('',(106.8,8.,36.8));
#8513 = LINE('',#8514,#8515);
#8514 = CARTESIAN_POINT('',(106.8,8.,-6.217248937901E-15));
#8515 = VECTOR('',#8516,1.);
#8516 = DIRECTION('',(0.,7.771561172376E-16,1.));
#8517 = ORIENTED_EDGE('',*,*,#8518,.T.);
#8518 = EDGE_CURVE('',#8511,#8519,#8521,.T.);
#8519 = VERTEX_POINT('',#8520);
#8520 = CARTESIAN_POINT('',(106.8,20.,36.8));
#8521 = LINE('',#8522,#8523);
#8522 = CARTESIAN_POINT('',(106.8,8.,36.8));
#8523 = VECTOR('',#8524,1.);
#8524 = DIRECTION('',(0.,1.,-5.551115123126E-16));
#8525 = ORIENTED_EDGE('',*,*,#8526,.T.);
#8526 = EDGE_CURVE('',#8519,#8527,#8529,.T.);
#8527 = VERTEX_POINT('',#8528);
#8528 = CARTESIAN_POINT('',(106.8,20.,44.45));
#8529 = LINE('',#8530,#8531);
#8530 = CARTESIAN_POINT('',(106.8,20.,36.8));
#8531 = VECTOR('',#8532,1.);
#8532 = DIRECTION('',(0.,5.551115123126E-16,1.));
#8533 = ORIENTED_EDGE('',*,*,#8534,.F.);
#8534 = EDGE_CURVE('',#8203,#8527,#8535,.T.);
#8535 = LINE('',#8536,#8537);
#8536 = CARTESIAN_POINT('',(106.8,8.,44.45));
#8537 = VECTOR('',#8538,1.);
#8538 = DIRECTION('',(0.,1.,-5.551115123126E-16));
#8539 = ORIENTED_EDGE('',*,*,#8210,.F.);
#8540 = FACE_BOUND('',#8541,.T.);
#8541 = EDGE_LOOP('',(#8542,#8552,#8560,#8568));
#8542 = ORIENTED_EDGE('',*,*,#8543,.F.);
#8543 = EDGE_CURVE('',#8544,#8546,#8548,.T.);
#8544 = VERTEX_POINT('',#8545);
#8545 = CARTESIAN_POINT('',(106.8,1.35,24.965));
#8546 = VERTEX_POINT('',#8547);
#8547 = CARTESIAN_POINT('',(106.8,6.65,24.965));
#8548 = LINE('',#8549,#8550);
#8549 = CARTESIAN_POINT('',(106.8,3.962044220326,24.965));
#8550 = VECTOR('',#8551,1.);
#8551 = DIRECTION('',(0.,1.,-3.330669073875E-16));
#8552 = ORIENTED_EDGE('',*,*,#8553,.T.);
#8553 = EDGE_CURVE('',#8544,#8554,#8556,.T.);
#8554 = VERTEX_POINT('',#8555);
#8555 = CARTESIAN_POINT('',(106.8,1.35,35.355));
#8556 = LINE('',#8557,#8558);
#8557 = CARTESIAN_POINT('',(106.8,1.35,23.937955779674));
#8558 = VECTOR('',#8559,1.);
#8559 = DIRECTION('',(0.,1.110223024625E-16,1.));
#8560 = ORIENTED_EDGE('',*,*,#8561,.F.);
#8561 = EDGE_CURVE('',#8562,#8554,#8564,.T.);
#8562 = VERTEX_POINT('',#8563);
#8563 = CARTESIAN_POINT('',(106.8,6.65,35.355));
#8564 = LINE('',#8565,#8566);
#8565 = CARTESIAN_POINT('',(106.8,3.962044220326,35.355));
#8566 = VECTOR('',#8567,1.);
#8567 = DIRECTION('',(0.,-1.,3.330669073875E-16));
#8568 = ORIENTED_EDGE('',*,*,#8569,.F.);
#8569 = EDGE_CURVE('',#8546,#8562,#8570,.T.);
#8570 = LINE('',#8571,#8572);
#8571 = CARTESIAN_POINT('',(106.8,6.65,23.937955779674));
#8572 = VECTOR('',#8573,1.);
#8573 = DIRECTION('',(0.,1.110223024625E-16,1.));
#8574 = FACE_BOUND('',#8575,.T.);
#8575 = EDGE_LOOP('',(#8576,#8586,#8594,#8602));
#8576 = ORIENTED_EDGE('',*,*,#8577,.F.);
#8577 = EDGE_CURVE('',#8578,#8580,#8582,.T.);
#8578 = VERTEX_POINT('',#8579);
#8579 = CARTESIAN_POINT('',(106.8,1.35,9.095));
#8580 = VERTEX_POINT('',#8581);
#8581 = CARTESIAN_POINT('',(106.8,6.65,9.095));
#8582 = LINE('',#8583,#8584);
#8583 = CARTESIAN_POINT('',(106.8,3.962044220326,9.095));
#8584 = VECTOR('',#8585,1.);
#8585 = DIRECTION('',(0.,1.,-3.330669073875E-16));
#8586 = ORIENTED_EDGE('',*,*,#8587,.T.);
#8587 = EDGE_CURVE('',#8578,#8588,#8590,.T.);
#8588 = VERTEX_POINT('',#8589);
#8589 = CARTESIAN_POINT('',(106.8,1.35,19.485));
#8590 = LINE('',#8591,#8592);
#8591 = CARTESIAN_POINT('',(106.8,1.35,23.937955779674));
#8592 = VECTOR('',#8593,1.);
#8593 = DIRECTION('',(0.,1.110223024625E-16,1.));
#8594 = ORIENTED_EDGE('',*,*,#8595,.F.);
#8595 = EDGE_CURVE('',#8596,#8588,#8598,.T.);
#8596 = VERTEX_POINT('',#8597);
#8597 = CARTESIAN_POINT('',(106.8,6.65,19.485));
#8598 = LINE('',#8599,#8600);
#8599 = CARTESIAN_POINT('',(106.8,3.962044220326,19.485));
#8600 = VECTOR('',#8601,1.);
#8601 = DIRECTION('',(0.,-1.,3.330669073875E-16));
#8602 = ORIENTED_EDGE('',*,*,#8603,.F.);
#8603 = EDGE_CURVE('',#8580,#8596,#8604,.T.);
#8604 = LINE('',#8605,#8606);
#8605 = CARTESIAN_POINT('',(106.8,6.65,23.937955779674));
#8606 = VECTOR('',#8607,1.);
#8607 = DIRECTION('',(0.,1.110223024625E-16,1.));
#8608 = PLANE('',#8609);
#8609 = AXIS2_PLACEMENT_3D('',#8610,#8611,#8612);
#8610 = CARTESIAN_POINT('',(106.8,6.574088440652,25.650911559348));
#8611 = DIRECTION('',(1.,0.,0.));
#8612 = DIRECTION('',(0.,-1.,4.440892098501E-16));
#8613 = ADVANCED_FACE('',(#8614),#8625,.T.);
#8614 = FACE_BOUND('',#8615,.T.);
#8615 = EDGE_LOOP('',(#8616,#8617,#8623,#8624));
#8616 = ORIENTED_EDGE('',*,*,#8534,.T.);
#8617 = ORIENTED_EDGE('',*,*,#8618,.T.);
#8618 = EDGE_CURVE('',#8527,#8402,#8619,.T.);
#8619 = LINE('',#8620,#8621);
#8620 = CARTESIAN_POINT('',(106.8,20.,44.45));
#8621 = VECTOR('',#8622,1.);
#8622 = DIRECTION('',(-1.,0.,0.));
#8623 = ORIENTED_EDGE('',*,*,#8401,.F.);
#8624 = ORIENTED_EDGE('',*,*,#8202,.F.);
#8625 = PLANE('',#8626);
#8626 = AXIS2_PLACEMENT_3D('',#8627,#8628,#8629);
#8627 = CARTESIAN_POINT('',(0.,10.,44.45));
#8628 = DIRECTION('',(0.,4.440892098501E-16,1.));
#8629 = DIRECTION('',(0.,-1.,4.440892098501E-16));
#8630 = ADVANCED_FACE('',(#8631),#8650,.F.);
#8631 = FACE_BOUND('',#8632,.F.);
#8632 = EDGE_LOOP('',(#8633,#8634,#8642,#8649));
#8633 = ORIENTED_EDGE('',*,*,#8218,.F.);
#8634 = ORIENTED_EDGE('',*,*,#8635,.T.);
#8635 = EDGE_CURVE('',#8219,#8636,#8638,.T.);
#8636 = VERTEX_POINT('',#8637);
#8637 = CARTESIAN_POINT('',(-96.8,1.35,14.29));
#8638 = LINE('',#8639,#8640);
#8639 = CARTESIAN_POINT('',(-96.8,6.346034808757E-15,14.29));
#8640 = VECTOR('',#8641,1.);
#8641 = DIRECTION('',(0.,1.,-4.440892098501E-16));
#8642 = ORIENTED_EDGE('',*,*,#8643,.T.);
#8643 = EDGE_CURVE('',#8636,#8636,#8644,.T.);
#8644 = CIRCLE('',#8645,3.2);
#8645 = AXIS2_PLACEMENT_3D('',#8646,#8647,#8648);
#8646 = CARTESIAN_POINT('',(-100.,1.35,14.29));
#8647 = DIRECTION('',(0.,-1.,4.440892098501E-16));
#8648 = DIRECTION('',(1.,0.,0.));
#8649 = ORIENTED_EDGE('',*,*,#8635,.F.);
#8650 = CYLINDRICAL_SURFACE('',#8651,3.2);
#8651 = AXIS2_PLACEMENT_3D('',#8652,#8653,#8654);
#8652 = CARTESIAN_POINT('',(-100.,6.346034808757E-15,14.29));
#8653 = DIRECTION('',(0.,-1.,4.440892098501E-16));
#8654 = DIRECTION('',(1.,0.,0.));
#8655 = ADVANCED_FACE('',(#8656),#8675,.F.);
#8656 = FACE_BOUND('',#8657,.F.);
#8657 = EDGE_LOOP('',(#8658,#8659,#8667,#8674));
#8658 = ORIENTED_EDGE('',*,*,#8229,.F.);
#8659 = ORIENTED_EDGE('',*,*,#8660,.T.);
#8660 = EDGE_CURVE('',#8230,#8661,#8663,.T.);
#8661 = VERTEX_POINT('',#8662);
#8662 = CARTESIAN_POINT('',(-96.8,1.35,30.16));
#8663 = LINE('',#8664,#8665);
#8664 = CARTESIAN_POINT('',(-96.8,1.339373056908E-14,30.16));
#8665 = VECTOR('',#8666,1.);
#8666 = DIRECTION('',(0.,1.,-4.440892098501E-16));
#8667 = ORIENTED_EDGE('',*,*,#8668,.T.);
#8668 = EDGE_CURVE('',#8661,#8661,#8669,.T.);
#8669 = CIRCLE('',#8670,3.2);
#8670 = AXIS2_PLACEMENT_3D('',#8671,#8672,#8673);
#8671 = CARTESIAN_POINT('',(-100.,1.35,30.16));
#8672 = DIRECTION('',(0.,-1.,4.440892098501E-16));
#8673 = DIRECTION('',(1.,0.,0.));
#8674 = ORIENTED_EDGE('',*,*,#8660,.F.);
#8675 = CYLINDRICAL_SURFACE('',#8676,3.2);
#8676 = AXIS2_PLACEMENT_3D('',#8677,#8678,#8679);
#8677 = CARTESIAN_POINT('',(-100.,1.339373056908E-14,30.16));
#8678 = DIRECTION('',(0.,-1.,4.440892098501E-16));
#8679 = DIRECTION('',(1.,0.,0.));
#8680 = ADVANCED_FACE('',(#8681),#8700,.F.);
#8681 = FACE_BOUND('',#8682,.F.);
#8682 = EDGE_LOOP('',(#8683,#8684,#8692,#8699));
#8683 = ORIENTED_EDGE('',*,*,#8240,.F.);
#8684 = ORIENTED_EDGE('',*,*,#8685,.T.);
#8685 = EDGE_CURVE('',#8241,#8686,#8688,.T.);
#8686 = VERTEX_POINT('',#8687);
#8687 = CARTESIAN_POINT('',(103.2,1.35,14.29));
#8688 = LINE('',#8689,#8690);
#8689 = CARTESIAN_POINT('',(103.2,6.346034808757E-15,14.29));
#8690 = VECTOR('',#8691,1.);
#8691 = DIRECTION('',(0.,1.,-4.440892098501E-16));
#8692 = ORIENTED_EDGE('',*,*,#8693,.T.);
#8693 = EDGE_CURVE('',#8686,#8686,#8694,.T.);
#8694 = CIRCLE('',#8695,3.2);
#8695 = AXIS2_PLACEMENT_3D('',#8696,#8697,#8698);
#8696 = CARTESIAN_POINT('',(100.,1.35,14.29));
#8697 = DIRECTION('',(0.,-1.,4.440892098501E-16));
#8698 = DIRECTION('',(1.,0.,0.));
#8699 = ORIENTED_EDGE('',*,*,#8685,.F.);
#8700 = CYLINDRICAL_SURFACE('',#8701,3.2);
#8701 = AXIS2_PLACEMENT_3D('',#8702,#8703,#8704);
#8702 = CARTESIAN_POINT('',(100.,6.346034808757E-15,14.29));
#8703 = DIRECTION('',(0.,-1.,4.440892098501E-16));
#8704 = DIRECTION('',(1.,0.,0.));
#8705 = ADVANCED_FACE('',(#8706),#8725,.F.);
#8706 = FACE_BOUND('',#8707,.F.);
#8707 = EDGE_LOOP('',(#8708,#8709,#8717,#8724));
#8708 = ORIENTED_EDGE('',*,*,#8251,.F.);
#8709 = ORIENTED_EDGE('',*,*,#8710,.T.);
#8710 = EDGE_CURVE('',#8252,#8711,#8713,.T.);
#8711 = VERTEX_POINT('',#8712);
#8712 = CARTESIAN_POINT('',(103.2,1.35,30.16));
#8713 = LINE('',#8714,#8715);
#8714 = CARTESIAN_POINT('',(103.2,1.339373056908E-14,30.16));
#8715 = VECTOR('',#8716,1.);
#8716 = DIRECTION('',(0.,1.,-4.440892098501E-16));
#8717 = ORIENTED_EDGE('',*,*,#8718,.T.);
#8718 = EDGE_CURVE('',#8711,#8711,#8719,.T.);
#8719 = CIRCLE('',#8720,3.2);
#8720 = AXIS2_PLACEMENT_3D('',#8721,#8722,#8723);
#8721 = CARTESIAN_POINT('',(100.,1.35,30.16));
#8722 = DIRECTION('',(0.,-1.,4.440892098501E-16));
#8723 = DIRECTION('',(1.,0.,0.));
#8724 = ORIENTED_EDGE('',*,*,#8710,.F.);
#8725 = CYLINDRICAL_SURFACE('',#8726,3.2);
#8726 = AXIS2_PLACEMENT_3D('',#8727,#8728,#8729);
#8727 = CARTESIAN_POINT('',(100.,1.339373056908E-14,30.16));
#8728 = DIRECTION('',(0.,-1.,4.440892098501E-16));
#8729 = DIRECTION('',(1.,0.,0.));
#8730 = ADVANCED_FACE('',(#8731),#8757,.F.);
#8731 = FACE_BOUND('',#8732,.F.);
#8732 = EDGE_LOOP('',(#8733,#8741,#8750,#8756));
#8733 = ORIENTED_EDGE('',*,*,#8734,.T.);
#8734 = EDGE_CURVE('',#8269,#8735,#8737,.T.);
#8735 = VERTEX_POINT('',#8736);
#8736 = CARTESIAN_POINT('',(-5.75,8.,29.8));
#8737 = LINE('',#8738,#8739);
#8738 = CARTESIAN_POINT('',(-5.75,1.98507876803E-14,29.8));
#8739 = VECTOR('',#8740,1.);
#8740 = DIRECTION('',(0.,1.,-6.661338147751E-16));
#8741 = ORIENTED_EDGE('',*,*,#8742,.T.);
#8742 = EDGE_CURVE('',#8735,#8743,#8745,.T.);
#8743 = VERTEX_POINT('',#8744);
#8744 = CARTESIAN_POINT('',(-5.75,8.,18.8));
#8745 = CIRCLE('',#8746,5.5);
#8746 = AXIS2_PLACEMENT_3D('',#8747,#8748,#8749);
#8747 = CARTESIAN_POINT('',(-5.75,8.,24.3));
#8748 = DIRECTION('',(0.,-1.,6.661338147751E-16));
#8749 = DIRECTION('',(1.,0.,0.));
#8750 = ORIENTED_EDGE('',*,*,#8751,.F.);
#8751 = EDGE_CURVE('',#8279,#8743,#8752,.T.);
#8752 = LINE('',#8753,#8754);
#8753 = CARTESIAN_POINT('',(-5.75,1.252331571777E-14,18.8));
#8754 = VECTOR('',#8755,1.);
#8755 = DIRECTION('',(0.,1.,-6.661338147751E-16));
#8756 = ORIENTED_EDGE('',*,*,#8287,.F.);
#8757 = CYLINDRICAL_SURFACE('',#8758,5.5);
#8758 = AXIS2_PLACEMENT_3D('',#8759,#8760,#8761);
#8759 = CARTESIAN_POINT('',(-5.75,1.618705169903E-14,24.3));
#8760 = DIRECTION('',(0.,-1.,6.661338147751E-16));
#8761 = DIRECTION('',(1.,0.,0.));
#8762 = ADVANCED_FACE('',(#8763),#8781,.F.);
#8763 = FACE_BOUND('',#8764,.F.);
#8764 = EDGE_LOOP('',(#8765,#8773,#8779,#8780));
#8765 = ORIENTED_EDGE('',*,*,#8766,.T.);
#8766 = EDGE_CURVE('',#8303,#8767,#8769,.T.);
#8767 = VERTEX_POINT('',#8768);
#8768 = CARTESIAN_POINT('',(5.75,8.,29.8));
#8769 = LINE('',#8770,#8771);
#8770 = CARTESIAN_POINT('',(5.75,1.98507876803E-14,29.8));
#8771 = VECTOR('',#8772,1.);
#8772 = DIRECTION('',(0.,1.,-6.661338147751E-16));
#8773 = ORIENTED_EDGE('',*,*,#8774,.T.);
#8774 = EDGE_CURVE('',#8767,#8735,#8775,.T.);
#8775 = LINE('',#8776,#8777);
#8776 = CARTESIAN_POINT('',(5.75,8.,29.8));
#8777 = VECTOR('',#8778,1.);
#8778 = DIRECTION('',(-1.,0.,0.));
#8779 = ORIENTED_EDGE('',*,*,#8734,.F.);
#8780 = ORIENTED_EDGE('',*,*,#8311,.F.);
#8781 = PLANE('',#8782);
#8782 = AXIS2_PLACEMENT_3D('',#8783,#8784,#8785);
#8783 = CARTESIAN_POINT('',(5.75,1.98507876803E-14,29.8));
#8784 = DIRECTION('',(0.,6.661338147751E-16,1.));
#8785 = DIRECTION('',(-1.,0.,0.));
#8786 = ADVANCED_FACE('',(#8787),#8805,.F.);
#8787 = FACE_BOUND('',#8788,.F.);
#8788 = EDGE_LOOP('',(#8789,#8790,#8798,#8804));
#8789 = ORIENTED_EDGE('',*,*,#8751,.T.);
#8790 = ORIENTED_EDGE('',*,*,#8791,.T.);
#8791 = EDGE_CURVE('',#8743,#8792,#8794,.T.);
#8792 = VERTEX_POINT('',#8793);
#8793 = CARTESIAN_POINT('',(5.75,8.,18.8));
#8794 = LINE('',#8795,#8796);
#8795 = CARTESIAN_POINT('',(-5.75,8.,18.8));
#8796 = VECTOR('',#8797,1.);
#8797 = DIRECTION('',(1.,0.,0.));
#8798 = ORIENTED_EDGE('',*,*,#8799,.F.);
#8799 = EDGE_CURVE('',#8329,#8792,#8800,.T.);
#8800 = LINE('',#8801,#8802);
#8801 = CARTESIAN_POINT('',(5.75,1.252331571777E-14,18.8));
#8802 = VECTOR('',#8803,1.);
#8803 = DIRECTION('',(0.,1.,-6.661338147751E-16));
#8804 = ORIENTED_EDGE('',*,*,#8328,.F.);
#8805 = PLANE('',#8806);
#8806 = AXIS2_PLACEMENT_3D('',#8807,#8808,#8809);
#8807 = CARTESIAN_POINT('',(-5.75,1.252331571777E-14,18.8));
#8808 = DIRECTION('',(0.,-6.661338147751E-16,-1.));
#8809 = DIRECTION('',(1.,0.,0.));
#8810 = ADVANCED_FACE('',(#8811),#8823,.F.);
#8811 = FACE_BOUND('',#8812,.F.);
#8812 = EDGE_LOOP('',(#8813,#8814,#8821,#8822));
#8813 = ORIENTED_EDGE('',*,*,#8799,.T.);
#8814 = ORIENTED_EDGE('',*,*,#8815,.T.);
#8815 = EDGE_CURVE('',#8792,#8767,#8816,.T.);
#8816 = CIRCLE('',#8817,5.5);
#8817 = AXIS2_PLACEMENT_3D('',#8818,#8819,#8820);
#8818 = CARTESIAN_POINT('',(5.75,8.,24.3));
#8819 = DIRECTION('',(0.,-1.,6.661338147751E-16));
#8820 = DIRECTION('',(1.,0.,0.));
#8821 = ORIENTED_EDGE('',*,*,#8766,.F.);
#8822 = ORIENTED_EDGE('',*,*,#8355,.F.);
#8823 = CYLINDRICAL_SURFACE('',#8824,5.5);
#8824 = AXIS2_PLACEMENT_3D('',#8825,#8826,#8827);
#8825 = CARTESIAN_POINT('',(5.75,1.618705169903E-14,24.3));
#8826 = DIRECTION('',(0.,-1.,6.661338147751E-16));
#8827 = DIRECTION('',(1.,0.,0.));
#8828 = ADVANCED_FACE('',(#8829,#8840,#8851,#8862,#8873,#8879),#8890,.T.
  );
#8829 = FACE_BOUND('',#8830,.T.);
#8830 = EDGE_LOOP('',(#8831,#8832,#8833,#8839));
#8831 = ORIENTED_EDGE('',*,*,#8378,.F.);
#8832 = ORIENTED_EDGE('',*,*,#8425,.F.);
#8833 = ORIENTED_EDGE('',*,*,#8834,.T.);
#8834 = EDGE_CURVE('',#8418,#8511,#8835,.T.);
#8835 = LINE('',#8836,#8837);
#8836 = CARTESIAN_POINT('',(-106.8,8.,36.8));
#8837 = VECTOR('',#8838,1.);
#8838 = DIRECTION('',(1.,0.,0.));
#8839 = ORIENTED_EDGE('',*,*,#8510,.F.);
#8840 = FACE_BOUND('',#8841,.T.);
#8841 = EDGE_LOOP('',(#8842));
#8842 = ORIENTED_EDGE('',*,*,#8843,.T.);
#8843 = EDGE_CURVE('',#8844,#8844,#8846,.T.);
#8844 = VERTEX_POINT('',#8845);
#8845 = CARTESIAN_POINT('',(-96.8,8.,14.29));
#8846 = CIRCLE('',#8847,3.2);
#8847 = AXIS2_PLACEMENT_3D('',#8848,#8849,#8850);
#8848 = CARTESIAN_POINT('',(-100.,8.,14.29));
#8849 = DIRECTION('',(0.,-1.,4.440892098501E-16));
#8850 = DIRECTION('',(1.,0.,0.));
#8851 = FACE_BOUND('',#8852,.T.);
#8852 = EDGE_LOOP('',(#8853));
#8853 = ORIENTED_EDGE('',*,*,#8854,.T.);
#8854 = EDGE_CURVE('',#8855,#8855,#8857,.T.);
#8855 = VERTEX_POINT('',#8856);
#8856 = CARTESIAN_POINT('',(-96.8,8.,30.16));
#8857 = CIRCLE('',#8858,3.2);
#8858 = AXIS2_PLACEMENT_3D('',#8859,#8860,#8861);
#8859 = CARTESIAN_POINT('',(-100.,8.,30.16));
#8860 = DIRECTION('',(0.,-1.,4.440892098501E-16));
#8861 = DIRECTION('',(1.,0.,0.));
#8862 = FACE_BOUND('',#8863,.T.);
#8863 = EDGE_LOOP('',(#8864));
#8864 = ORIENTED_EDGE('',*,*,#8865,.T.);
#8865 = EDGE_CURVE('',#8866,#8866,#8868,.T.);
#8866 = VERTEX_POINT('',#8867);
#8867 = CARTESIAN_POINT('',(103.2,8.,14.29));
#8868 = CIRCLE('',#8869,3.2);
#8869 = AXIS2_PLACEMENT_3D('',#8870,#8871,#8872);
#8870 = CARTESIAN_POINT('',(100.,8.,14.29));
#8871 = DIRECTION('',(0.,-1.,4.440892098501E-16));
#8872 = DIRECTION('',(1.,0.,0.));
#8873 = FACE_BOUND('',#8874,.T.);
#8874 = EDGE_LOOP('',(#8875,#8876,#8877,#8878));
#8875 = ORIENTED_EDGE('',*,*,#8742,.T.);
#8876 = ORIENTED_EDGE('',*,*,#8791,.T.);
#8877 = ORIENTED_EDGE('',*,*,#8815,.T.);
#8878 = ORIENTED_EDGE('',*,*,#8774,.T.);
#8879 = FACE_BOUND('',#8880,.T.);
#8880 = EDGE_LOOP('',(#8881));
#8881 = ORIENTED_EDGE('',*,*,#8882,.T.);
#8882 = EDGE_CURVE('',#8883,#8883,#8885,.T.);
#8883 = VERTEX_POINT('',#8884);
#8884 = CARTESIAN_POINT('',(103.2,8.,30.16));
#8885 = CIRCLE('',#8886,3.2);
#8886 = AXIS2_PLACEMENT_3D('',#8887,#8888,#8889);
#8887 = CARTESIAN_POINT('',(100.,8.,30.16));
#8888 = DIRECTION('',(0.,-1.,4.440892098501E-16));
#8889 = DIRECTION('',(1.,0.,0.));
#8890 = PLANE('',#8891);
#8891 = AXIS2_PLACEMENT_3D('',#8892,#8893,#8894);
#8892 = CARTESIAN_POINT('',(0.,8.,22.225));
#8893 = DIRECTION('',(0.,1.,-5.551115123126E-16));
#8894 = DIRECTION('',(0.,5.551115123126E-16,1.));
#8895 = ADVANCED_FACE('',(#8896),#8907,.T.);
#8896 = FACE_BOUND('',#8897,.F.);
#8897 = EDGE_LOOP('',(#8898,#8904,#8905,#8906));
#8898 = ORIENTED_EDGE('',*,*,#8899,.T.);
#8899 = EDGE_CURVE('',#8410,#8519,#8900,.T.);
#8900 = LINE('',#8901,#8902);
#8901 = CARTESIAN_POINT('',(-106.8,20.,36.8));
#8902 = VECTOR('',#8903,1.);
#8903 = DIRECTION('',(1.,0.,0.));
#8904 = ORIENTED_EDGE('',*,*,#8526,.T.);
#8905 = ORIENTED_EDGE('',*,*,#8618,.T.);
#8906 = ORIENTED_EDGE('',*,*,#8409,.T.);
#8907 = PLANE('',#8908);
#8908 = AXIS2_PLACEMENT_3D('',#8909,#8910,#8911);
#8909 = CARTESIAN_POINT('',(-2.569194072805E-16,20.,40.625));
#8910 = DIRECTION('',(0.,1.,-5.652704158059E-16));
#8911 = DIRECTION('',(0.,5.652704158059E-16,1.));
#8912 = ADVANCED_FACE('',(#8913),#8919,.T.);
#8913 = FACE_BOUND('',#8914,.T.);
#8914 = EDGE_LOOP('',(#8915,#8916,#8917,#8918));
#8915 = ORIENTED_EDGE('',*,*,#8417,.T.);
#8916 = ORIENTED_EDGE('',*,*,#8899,.T.);
#8917 = ORIENTED_EDGE('',*,*,#8518,.F.);
#8918 = ORIENTED_EDGE('',*,*,#8834,.F.);
#8919 = PLANE('',#8920);
#8920 = AXIS2_PLACEMENT_3D('',#8921,#8922,#8923);
#8921 = CARTESIAN_POINT('',(-106.8,8.,36.8));
#8922 = DIRECTION('',(0.,-5.551115123126E-16,-1.));
#8923 = DIRECTION('',(1.,0.,0.));
#8924 = ADVANCED_FACE('',(#8925,#8950),#8953,.T.);
#8925 = FACE_BOUND('',#8926,.T.);
#8926 = EDGE_LOOP('',(#8927,#8937,#8943,#8944));
#8927 = ORIENTED_EDGE('',*,*,#8928,.T.);
#8928 = EDGE_CURVE('',#8929,#8931,#8933,.T.);
#8929 = VERTEX_POINT('',#8930);
#8930 = CARTESIAN_POINT('',(-93.87453578387,1.35,35.355));
#8931 = VERTEX_POINT('',#8932);
#8932 = CARTESIAN_POINT('',(-93.87453578387,1.35,24.965));
#8933 = LINE('',#8934,#8935);
#8934 = CARTESIAN_POINT('',(-93.87453578387,1.35,35.355));
#8935 = VECTOR('',#8936,1.);
#8936 = DIRECTION('',(0.,-3.330669073875E-16,-1.));
#8937 = ORIENTED_EDGE('',*,*,#8938,.T.);
#8938 = EDGE_CURVE('',#8931,#8438,#8939,.T.);
#8939 = LINE('',#8940,#8941);
#8940 = CARTESIAN_POINT('',(-93.87453578387,1.35,24.965));
#8941 = VECTOR('',#8942,1.);
#8942 = DIRECTION('',(-1.,0.,0.));
#8943 = ORIENTED_EDGE('',*,*,#8435,.F.);
#8944 = ORIENTED_EDGE('',*,*,#8945,.T.);
#8945 = EDGE_CURVE('',#8436,#8929,#8946,.T.);
#8946 = LINE('',#8947,#8948);
#8947 = CARTESIAN_POINT('',(-107.3,1.35,35.355));
#8948 = VECTOR('',#8949,1.);
#8949 = DIRECTION('',(1.,0.,0.));
#8950 = FACE_BOUND('',#8951,.T.);
#8951 = EDGE_LOOP('',(#8952));
#8952 = ORIENTED_EDGE('',*,*,#8668,.T.);
#8953 = PLANE('',#8954);
#8954 = AXIS2_PLACEMENT_3D('',#8955,#8956,#8957);
#8955 = CARTESIAN_POINT('',(-6.563777235188E-15,1.35,22.225));
#8956 = DIRECTION('',(0.,1.,-1.110223024625E-16));
#8957 = DIRECTION('',(0.,1.110223024625E-16,1.));
#8958 = ADVANCED_FACE('',(#8959),#8977,.T.);
#8959 = FACE_BOUND('',#8960,.T.);
#8960 = EDGE_LOOP('',(#8961,#8962,#8963,#8971));
#8961 = ORIENTED_EDGE('',*,*,#8945,.F.);
#8962 = ORIENTED_EDGE('',*,*,#8461,.F.);
#8963 = ORIENTED_EDGE('',*,*,#8964,.T.);
#8964 = EDGE_CURVE('',#8454,#8965,#8967,.T.);
#8965 = VERTEX_POINT('',#8966);
#8966 = CARTESIAN_POINT('',(-93.87453578387,6.65,35.355));
#8967 = LINE('',#8968,#8969);
#8968 = CARTESIAN_POINT('',(-107.3,6.65,35.355));
#8969 = VECTOR('',#8970,1.);
#8970 = DIRECTION('',(1.,0.,0.));
#8971 = ORIENTED_EDGE('',*,*,#8972,.F.);
#8972 = EDGE_CURVE('',#8929,#8965,#8973,.T.);
#8973 = LINE('',#8974,#8975);
#8974 = CARTESIAN_POINT('',(-93.87453578387,1.35,35.355));
#8975 = VECTOR('',#8976,1.);
#8976 = DIRECTION('',(0.,1.,-3.330669073875E-16));
#8977 = PLANE('',#8978);
#8978 = AXIS2_PLACEMENT_3D('',#8979,#8980,#8981);
#8979 = CARTESIAN_POINT('',(-107.3,1.35,35.355));
#8980 = DIRECTION('',(0.,-3.330669073875E-16,-1.));
#8981 = DIRECTION('',(1.,0.,0.));
#8982 = ADVANCED_FACE('',(#8983,#9001),#9012,.F.);
#8983 = FACE_BOUND('',#8984,.F.);
#8984 = EDGE_LOOP('',(#8985,#8993,#8999,#9000));
#8985 = ORIENTED_EDGE('',*,*,#8986,.T.);
#8986 = EDGE_CURVE('',#8965,#8987,#8989,.T.);
#8987 = VERTEX_POINT('',#8988);
#8988 = CARTESIAN_POINT('',(-93.87453578387,6.65,24.965));
#8989 = LINE('',#8990,#8991);
#8990 = CARTESIAN_POINT('',(-93.87453578387,6.65,35.355));
#8991 = VECTOR('',#8992,1.);
#8992 = DIRECTION('',(0.,-3.330669073875E-16,-1.));
#8993 = ORIENTED_EDGE('',*,*,#8994,.T.);
#8994 = EDGE_CURVE('',#8987,#8446,#8995,.T.);
#8995 = LINE('',#8996,#8997);
#8996 = CARTESIAN_POINT('',(-93.87453578387,6.65,24.965));
#8997 = VECTOR('',#8998,1.);
#8998 = DIRECTION('',(-1.,0.,0.));
#8999 = ORIENTED_EDGE('',*,*,#8453,.F.);
#9000 = ORIENTED_EDGE('',*,*,#8964,.T.);
#9001 = FACE_BOUND('',#9002,.F.);
#9002 = EDGE_LOOP('',(#9003));
#9003 = ORIENTED_EDGE('',*,*,#9004,.T.);
#9004 = EDGE_CURVE('',#9005,#9005,#9007,.T.);
#9005 = VERTEX_POINT('',#9006);
#9006 = CARTESIAN_POINT('',(-96.8,6.65,30.16));
#9007 = CIRCLE('',#9008,3.2);
#9008 = AXIS2_PLACEMENT_3D('',#9009,#9010,#9011);
#9009 = CARTESIAN_POINT('',(-100.,6.65,30.16));
#9010 = DIRECTION('',(0.,-1.,4.440892098501E-16));
#9011 = DIRECTION('',(1.,0.,0.));
#9012 = PLANE('',#9013);
#9013 = AXIS2_PLACEMENT_3D('',#9014,#9015,#9016);
#9014 = CARTESIAN_POINT('',(-6.563777235188E-15,6.65,22.225));
#9015 = DIRECTION('',(0.,1.,-1.110223024625E-16));
#9016 = DIRECTION('',(0.,1.110223024625E-16,1.));
#9017 = ADVANCED_FACE('',(#9018),#9029,.T.);
#9018 = FACE_BOUND('',#9019,.T.);
#9019 = EDGE_LOOP('',(#9020,#9021,#9027,#9028));
#9020 = ORIENTED_EDGE('',*,*,#8938,.F.);
#9021 = ORIENTED_EDGE('',*,*,#9022,.T.);
#9022 = EDGE_CURVE('',#8931,#8987,#9023,.T.);
#9023 = LINE('',#9024,#9025);
#9024 = CARTESIAN_POINT('',(-93.87453578387,1.35,24.965));
#9025 = VECTOR('',#9026,1.);
#9026 = DIRECTION('',(0.,1.,-3.330669073875E-16));
#9027 = ORIENTED_EDGE('',*,*,#8994,.T.);
#9028 = ORIENTED_EDGE('',*,*,#8445,.F.);
#9029 = PLANE('',#9030);
#9030 = AXIS2_PLACEMENT_3D('',#9031,#9032,#9033);
#9031 = CARTESIAN_POINT('',(-93.87453578387,1.35,24.965));
#9032 = DIRECTION('',(0.,3.330669073875E-16,1.));
#9033 = DIRECTION('',(-1.,0.,0.));
#9034 = ADVANCED_FACE('',(#9035,#9060),#9063,.T.);
#9035 = FACE_BOUND('',#9036,.T.);
#9036 = EDGE_LOOP('',(#9037,#9047,#9053,#9054));
#9037 = ORIENTED_EDGE('',*,*,#9038,.T.);
#9038 = EDGE_CURVE('',#9039,#9041,#9043,.T.);
#9039 = VERTEX_POINT('',#9040);
#9040 = CARTESIAN_POINT('',(-93.87453578387,1.35,19.485));
#9041 = VERTEX_POINT('',#9042);
#9042 = CARTESIAN_POINT('',(-93.87453578387,1.35,9.095));
#9043 = LINE('',#9044,#9045);
#9044 = CARTESIAN_POINT('',(-93.87453578387,1.35,19.485));
#9045 = VECTOR('',#9046,1.);
#9046 = DIRECTION('',(0.,-3.330669073875E-16,-1.));
#9047 = ORIENTED_EDGE('',*,*,#9048,.T.);
#9048 = EDGE_CURVE('',#9041,#8472,#9049,.T.);
#9049 = LINE('',#9050,#9051);
#9050 = CARTESIAN_POINT('',(-93.87453578387,1.35,9.095));
#9051 = VECTOR('',#9052,1.);
#9052 = DIRECTION('',(-1.,0.,0.));
#9053 = ORIENTED_EDGE('',*,*,#8469,.F.);
#9054 = ORIENTED_EDGE('',*,*,#9055,.T.);
#9055 = EDGE_CURVE('',#8470,#9039,#9056,.T.);
#9056 = LINE('',#9057,#9058);
#9057 = CARTESIAN_POINT('',(-107.3,1.35,19.485));
#9058 = VECTOR('',#9059,1.);
#9059 = DIRECTION('',(1.,0.,0.));
#9060 = FACE_BOUND('',#9061,.T.);
#9061 = EDGE_LOOP('',(#9062));
#9062 = ORIENTED_EDGE('',*,*,#8643,.T.);
#9063 = PLANE('',#9064);
#9064 = AXIS2_PLACEMENT_3D('',#9065,#9066,#9067);
#9065 = CARTESIAN_POINT('',(-6.563777235188E-15,1.35,22.225));
#9066 = DIRECTION('',(0.,1.,-1.110223024625E-16));
#9067 = DIRECTION('',(0.,1.110223024625E-16,1.));
#9068 = ADVANCED_FACE('',(#9069),#9087,.T.);
#9069 = FACE_BOUND('',#9070,.T.);
#9070 = EDGE_LOOP('',(#9071,#9072,#9073,#9081));
#9071 = ORIENTED_EDGE('',*,*,#9055,.F.);
#9072 = ORIENTED_EDGE('',*,*,#8495,.F.);
#9073 = ORIENTED_EDGE('',*,*,#9074,.T.);
#9074 = EDGE_CURVE('',#8488,#9075,#9077,.T.);
#9075 = VERTEX_POINT('',#9076);
#9076 = CARTESIAN_POINT('',(-93.87453578387,6.65,19.485));
#9077 = LINE('',#9078,#9079);
#9078 = CARTESIAN_POINT('',(-107.3,6.65,19.485));
#9079 = VECTOR('',#9080,1.);
#9080 = DIRECTION('',(1.,0.,0.));
#9081 = ORIENTED_EDGE('',*,*,#9082,.F.);
#9082 = EDGE_CURVE('',#9039,#9075,#9083,.T.);
#9083 = LINE('',#9084,#9085);
#9084 = CARTESIAN_POINT('',(-93.87453578387,1.35,19.485));
#9085 = VECTOR('',#9086,1.);
#9086 = DIRECTION('',(0.,1.,-3.330669073875E-16));
#9087 = PLANE('',#9088);
#9088 = AXIS2_PLACEMENT_3D('',#9089,#9090,#9091);
#9089 = CARTESIAN_POINT('',(-107.3,1.35,19.485));
#9090 = DIRECTION('',(0.,-3.330669073875E-16,-1.));
#9091 = DIRECTION('',(1.,0.,0.));
#9092 = ADVANCED_FACE('',(#9093,#9111),#9122,.F.);
#9093 = FACE_BOUND('',#9094,.F.);
#9094 = EDGE_LOOP('',(#9095,#9103,#9109,#9110));
#9095 = ORIENTED_EDGE('',*,*,#9096,.T.);
#9096 = EDGE_CURVE('',#9075,#9097,#9099,.T.);
#9097 = VERTEX_POINT('',#9098);
#9098 = CARTESIAN_POINT('',(-93.87453578387,6.65,9.095));
#9099 = LINE('',#9100,#9101);
#9100 = CARTESIAN_POINT('',(-93.87453578387,6.65,19.485));
#9101 = VECTOR('',#9102,1.);
#9102 = DIRECTION('',(0.,-3.330669073875E-16,-1.));
#9103 = ORIENTED_EDGE('',*,*,#9104,.T.);
#9104 = EDGE_CURVE('',#9097,#8480,#9105,.T.);
#9105 = LINE('',#9106,#9107);
#9106 = CARTESIAN_POINT('',(-93.87453578387,6.65,9.095));
#9107 = VECTOR('',#9108,1.);
#9108 = DIRECTION('',(-1.,0.,0.));
#9109 = ORIENTED_EDGE('',*,*,#8487,.F.);
#9110 = ORIENTED_EDGE('',*,*,#9074,.T.);
#9111 = FACE_BOUND('',#9112,.F.);
#9112 = EDGE_LOOP('',(#9113));
#9113 = ORIENTED_EDGE('',*,*,#9114,.T.);
#9114 = EDGE_CURVE('',#9115,#9115,#9117,.T.);
#9115 = VERTEX_POINT('',#9116);
#9116 = CARTESIAN_POINT('',(-96.8,6.65,14.29));
#9117 = CIRCLE('',#9118,3.2);
#9118 = AXIS2_PLACEMENT_3D('',#9119,#9120,#9121);
#9119 = CARTESIAN_POINT('',(-100.,6.65,14.29));
#9120 = DIRECTION('',(0.,-1.,4.440892098501E-16));
#9121 = DIRECTION('',(1.,0.,0.));
#9122 = PLANE('',#9123);
#9123 = AXIS2_PLACEMENT_3D('',#9124,#9125,#9126);
#9124 = CARTESIAN_POINT('',(-6.563777235188E-15,6.65,22.225));
#9125 = DIRECTION('',(0.,1.,-1.110223024625E-16));
#9126 = DIRECTION('',(0.,1.110223024625E-16,1.));
#9127 = ADVANCED_FACE('',(#9128),#9139,.T.);
#9128 = FACE_BOUND('',#9129,.T.);
#9129 = EDGE_LOOP('',(#9130,#9131,#9137,#9138));
#9130 = ORIENTED_EDGE('',*,*,#9048,.F.);
#9131 = ORIENTED_EDGE('',*,*,#9132,.T.);
#9132 = EDGE_CURVE('',#9041,#9097,#9133,.T.);
#9133 = LINE('',#9134,#9135);
#9134 = CARTESIAN_POINT('',(-93.87453578387,1.35,9.095));
#9135 = VECTOR('',#9136,1.);
#9136 = DIRECTION('',(0.,1.,-3.330669073875E-16));
#9137 = ORIENTED_EDGE('',*,*,#9104,.T.);
#9138 = ORIENTED_EDGE('',*,*,#8479,.F.);
#9139 = PLANE('',#9140);
#9140 = AXIS2_PLACEMENT_3D('',#9141,#9142,#9143);
#9141 = CARTESIAN_POINT('',(-93.87453578387,1.35,9.095));
#9142 = DIRECTION('',(0.,3.330669073875E-16,1.));
#9143 = DIRECTION('',(-1.,0.,0.));
#9144 = ADVANCED_FACE('',(#9145),#9170,.F.);
#9145 = FACE_BOUND('',#9146,.F.);
#9146 = EDGE_LOOP('',(#9147,#9155,#9163,#9169));
#9147 = ORIENTED_EDGE('',*,*,#9148,.F.);
#9148 = EDGE_CURVE('',#9149,#8544,#9151,.T.);
#9149 = VERTEX_POINT('',#9150);
#9150 = CARTESIAN_POINT('',(93.874535783877,1.35,24.965));
#9151 = LINE('',#9152,#9153);
#9152 = CARTESIAN_POINT('',(93.874535783877,1.35,24.965));
#9153 = VECTOR('',#9154,1.);
#9154 = DIRECTION('',(1.,0.,0.));
#9155 = ORIENTED_EDGE('',*,*,#9156,.T.);
#9156 = EDGE_CURVE('',#9149,#9157,#9159,.T.);
#9157 = VERTEX_POINT('',#9158);
#9158 = CARTESIAN_POINT('',(93.874535783877,6.65,24.965));
#9159 = LINE('',#9160,#9161);
#9160 = CARTESIAN_POINT('',(93.874535783877,1.35,24.965));
#9161 = VECTOR('',#9162,1.);
#9162 = DIRECTION('',(0.,1.,-3.330669073875E-16));
#9163 = ORIENTED_EDGE('',*,*,#9164,.T.);
#9164 = EDGE_CURVE('',#9157,#8546,#9165,.T.);
#9165 = LINE('',#9166,#9167);
#9166 = CARTESIAN_POINT('',(93.874535783877,6.65,24.965));
#9167 = VECTOR('',#9168,1.);
#9168 = DIRECTION('',(1.,0.,0.));
#9169 = ORIENTED_EDGE('',*,*,#8543,.F.);
#9170 = PLANE('',#9171);
#9171 = AXIS2_PLACEMENT_3D('',#9172,#9173,#9174);
#9172 = CARTESIAN_POINT('',(93.874535783877,1.35,24.965));
#9173 = DIRECTION('',(0.,-3.330669073875E-16,-1.));
#9174 = DIRECTION('',(1.,0.,0.));
#9175 = ADVANCED_FACE('',(#9176,#9194),#9205,.F.);
#9176 = FACE_BOUND('',#9177,.F.);
#9177 = EDGE_LOOP('',(#9178,#9179,#9187,#9193));
#9178 = ORIENTED_EDGE('',*,*,#9164,.F.);
#9179 = ORIENTED_EDGE('',*,*,#9180,.F.);
#9180 = EDGE_CURVE('',#9181,#9157,#9183,.T.);
#9181 = VERTEX_POINT('',#9182);
#9182 = CARTESIAN_POINT('',(93.874535783877,6.65,35.355));
#9183 = LINE('',#9184,#9185);
#9184 = CARTESIAN_POINT('',(93.874535783877,6.65,35.355));
#9185 = VECTOR('',#9186,1.);
#9186 = DIRECTION('',(0.,-3.330669073875E-16,-1.));
#9187 = ORIENTED_EDGE('',*,*,#9188,.F.);
#9188 = EDGE_CURVE('',#8562,#9181,#9189,.T.);
#9189 = LINE('',#9190,#9191);
#9190 = CARTESIAN_POINT('',(107.3,6.65,35.355));
#9191 = VECTOR('',#9192,1.);
#9192 = DIRECTION('',(-1.,0.,0.));
#9193 = ORIENTED_EDGE('',*,*,#8569,.F.);
#9194 = FACE_BOUND('',#9195,.F.);
#9195 = EDGE_LOOP('',(#9196));
#9196 = ORIENTED_EDGE('',*,*,#9197,.T.);
#9197 = EDGE_CURVE('',#9198,#9198,#9200,.T.);
#9198 = VERTEX_POINT('',#9199);
#9199 = CARTESIAN_POINT('',(103.2,6.65,30.16));
#9200 = CIRCLE('',#9201,3.2);
#9201 = AXIS2_PLACEMENT_3D('',#9202,#9203,#9204);
#9202 = CARTESIAN_POINT('',(100.,6.65,30.16));
#9203 = DIRECTION('',(0.,-1.,4.440892098501E-16));
#9204 = DIRECTION('',(1.,0.,0.));
#9205 = PLANE('',#9206);
#9206 = AXIS2_PLACEMENT_3D('',#9207,#9208,#9209);
#9207 = CARTESIAN_POINT('',(-6.563777235188E-15,6.65,22.225));
#9208 = DIRECTION('',(0.,1.,-1.110223024625E-16));
#9209 = DIRECTION('',(0.,1.110223024625E-16,1.));
#9210 = ADVANCED_FACE('',(#9211),#9229,.F.);
#9211 = FACE_BOUND('',#9212,.F.);
#9212 = EDGE_LOOP('',(#9213,#9221,#9222,#9223));
#9213 = ORIENTED_EDGE('',*,*,#9214,.F.);
#9214 = EDGE_CURVE('',#8554,#9215,#9217,.T.);
#9215 = VERTEX_POINT('',#9216);
#9216 = CARTESIAN_POINT('',(93.874535783877,1.35,35.355));
#9217 = LINE('',#9218,#9219);
#9218 = CARTESIAN_POINT('',(107.3,1.35,35.355));
#9219 = VECTOR('',#9220,1.);
#9220 = DIRECTION('',(-1.,0.,0.));
#9221 = ORIENTED_EDGE('',*,*,#8561,.F.);
#9222 = ORIENTED_EDGE('',*,*,#9188,.T.);
#9223 = ORIENTED_EDGE('',*,*,#9224,.F.);
#9224 = EDGE_CURVE('',#9215,#9181,#9225,.T.);
#9225 = LINE('',#9226,#9227);
#9226 = CARTESIAN_POINT('',(93.874535783877,1.35,35.355));
#9227 = VECTOR('',#9228,1.);
#9228 = DIRECTION('',(0.,1.,-3.330669073875E-16));
#9229 = PLANE('',#9230);
#9230 = AXIS2_PLACEMENT_3D('',#9231,#9232,#9233);
#9231 = CARTESIAN_POINT('',(107.3,1.35,35.355));
#9232 = DIRECTION('',(0.,3.330669073875E-16,1.));
#9233 = DIRECTION('',(-1.,0.,0.));
#9234 = ADVANCED_FACE('',(#9235,#9246),#9249,.T.);
#9235 = FACE_BOUND('',#9236,.T.);
#9236 = EDGE_LOOP('',(#9237,#9238,#9244,#9245));
#9237 = ORIENTED_EDGE('',*,*,#9148,.F.);
#9238 = ORIENTED_EDGE('',*,*,#9239,.F.);
#9239 = EDGE_CURVE('',#9215,#9149,#9240,.T.);
#9240 = LINE('',#9241,#9242);
#9241 = CARTESIAN_POINT('',(93.874535783877,1.35,35.355));
#9242 = VECTOR('',#9243,1.);
#9243 = DIRECTION('',(0.,-3.330669073875E-16,-1.));
#9244 = ORIENTED_EDGE('',*,*,#9214,.F.);
#9245 = ORIENTED_EDGE('',*,*,#8553,.F.);
#9246 = FACE_BOUND('',#9247,.T.);
#9247 = EDGE_LOOP('',(#9248));
#9248 = ORIENTED_EDGE('',*,*,#8718,.T.);
#9249 = PLANE('',#9250);
#9250 = AXIS2_PLACEMENT_3D('',#9251,#9252,#9253);
#9251 = CARTESIAN_POINT('',(-6.563777235188E-15,1.35,22.225));
#9252 = DIRECTION('',(0.,1.,-1.110223024625E-16));
#9253 = DIRECTION('',(0.,1.110223024625E-16,1.));
#9254 = ADVANCED_FACE('',(#9255),#9280,.F.);
#9255 = FACE_BOUND('',#9256,.F.);
#9256 = EDGE_LOOP('',(#9257,#9265,#9273,#9279));
#9257 = ORIENTED_EDGE('',*,*,#9258,.F.);
#9258 = EDGE_CURVE('',#9259,#8578,#9261,.T.);
#9259 = VERTEX_POINT('',#9260);
#9260 = CARTESIAN_POINT('',(93.874535783877,1.35,9.095));
#9261 = LINE('',#9262,#9263);
#9262 = CARTESIAN_POINT('',(93.874535783877,1.35,9.095));
#9263 = VECTOR('',#9264,1.);
#9264 = DIRECTION('',(1.,0.,0.));
#9265 = ORIENTED_EDGE('',*,*,#9266,.T.);
#9266 = EDGE_CURVE('',#9259,#9267,#9269,.T.);
#9267 = VERTEX_POINT('',#9268);
#9268 = CARTESIAN_POINT('',(93.874535783877,6.65,9.095));
#9269 = LINE('',#9270,#9271);
#9270 = CARTESIAN_POINT('',(93.874535783877,1.35,9.095));
#9271 = VECTOR('',#9272,1.);
#9272 = DIRECTION('',(0.,1.,-3.330669073875E-16));
#9273 = ORIENTED_EDGE('',*,*,#9274,.T.);
#9274 = EDGE_CURVE('',#9267,#8580,#9275,.T.);
#9275 = LINE('',#9276,#9277);
#9276 = CARTESIAN_POINT('',(93.874535783877,6.65,9.095));
#9277 = VECTOR('',#9278,1.);
#9278 = DIRECTION('',(1.,0.,0.));
#9279 = ORIENTED_EDGE('',*,*,#8577,.F.);
#9280 = PLANE('',#9281);
#9281 = AXIS2_PLACEMENT_3D('',#9282,#9283,#9284);
#9282 = CARTESIAN_POINT('',(93.874535783877,1.35,9.095));
#9283 = DIRECTION('',(0.,-3.330669073875E-16,-1.));
#9284 = DIRECTION('',(1.,0.,0.));
#9285 = ADVANCED_FACE('',(#9286,#9304),#9315,.F.);
#9286 = FACE_BOUND('',#9287,.F.);
#9287 = EDGE_LOOP('',(#9288,#9289,#9297,#9303));
#9288 = ORIENTED_EDGE('',*,*,#9274,.F.);
#9289 = ORIENTED_EDGE('',*,*,#9290,.F.);
#9290 = EDGE_CURVE('',#9291,#9267,#9293,.T.);
#9291 = VERTEX_POINT('',#9292);
#9292 = CARTESIAN_POINT('',(93.874535783877,6.65,19.485));
#9293 = LINE('',#9294,#9295);
#9294 = CARTESIAN_POINT('',(93.874535783877,6.65,19.485));
#9295 = VECTOR('',#9296,1.);
#9296 = DIRECTION('',(0.,-3.330669073875E-16,-1.));
#9297 = ORIENTED_EDGE('',*,*,#9298,.F.);
#9298 = EDGE_CURVE('',#8596,#9291,#9299,.T.);
#9299 = LINE('',#9300,#9301);
#9300 = CARTESIAN_POINT('',(107.3,6.65,19.485));
#9301 = VECTOR('',#9302,1.);
#9302 = DIRECTION('',(-1.,0.,0.));
#9303 = ORIENTED_EDGE('',*,*,#8603,.F.);
#9304 = FACE_BOUND('',#9305,.F.);
#9305 = EDGE_LOOP('',(#9306));
#9306 = ORIENTED_EDGE('',*,*,#9307,.T.);
#9307 = EDGE_CURVE('',#9308,#9308,#9310,.T.);
#9308 = VERTEX_POINT('',#9309);
#9309 = CARTESIAN_POINT('',(103.2,6.65,14.29));
#9310 = CIRCLE('',#9311,3.2);
#9311 = AXIS2_PLACEMENT_3D('',#9312,#9313,#9314);
#9312 = CARTESIAN_POINT('',(100.,6.65,14.29));
#9313 = DIRECTION('',(0.,-1.,4.440892098501E-16));
#9314 = DIRECTION('',(1.,0.,0.));
#9315 = PLANE('',#9316);
#9316 = AXIS2_PLACEMENT_3D('',#9317,#9318,#9319);
#9317 = CARTESIAN_POINT('',(-6.563777235188E-15,6.65,22.225));
#9318 = DIRECTION('',(0.,1.,-1.110223024625E-16));
#9319 = DIRECTION('',(0.,1.110223024625E-16,1.));
#9320 = ADVANCED_FACE('',(#9321),#9339,.F.);
#9321 = FACE_BOUND('',#9322,.F.);
#9322 = EDGE_LOOP('',(#9323,#9331,#9332,#9333));
#9323 = ORIENTED_EDGE('',*,*,#9324,.F.);
#9324 = EDGE_CURVE('',#8588,#9325,#9327,.T.);
#9325 = VERTEX_POINT('',#9326);
#9326 = CARTESIAN_POINT('',(93.874535783877,1.35,19.485));
#9327 = LINE('',#9328,#9329);
#9328 = CARTESIAN_POINT('',(107.3,1.35,19.485));
#9329 = VECTOR('',#9330,1.);
#9330 = DIRECTION('',(-1.,0.,0.));
#9331 = ORIENTED_EDGE('',*,*,#8595,.F.);
#9332 = ORIENTED_EDGE('',*,*,#9298,.T.);
#9333 = ORIENTED_EDGE('',*,*,#9334,.F.);
#9334 = EDGE_CURVE('',#9325,#9291,#9335,.T.);
#9335 = LINE('',#9336,#9337);
#9336 = CARTESIAN_POINT('',(93.874535783877,1.35,19.485));
#9337 = VECTOR('',#9338,1.);
#9338 = DIRECTION('',(0.,1.,-3.330669073875E-16));
#9339 = PLANE('',#9340);
#9340 = AXIS2_PLACEMENT_3D('',#9341,#9342,#9343);
#9341 = CARTESIAN_POINT('',(107.3,1.35,19.485));
#9342 = DIRECTION('',(0.,3.330669073875E-16,1.));
#9343 = DIRECTION('',(-1.,0.,0.));
#9344 = ADVANCED_FACE('',(#9345,#9356),#9359,.T.);
#9345 = FACE_BOUND('',#9346,.T.);
#9346 = EDGE_LOOP('',(#9347,#9348,#9354,#9355));
#9347 = ORIENTED_EDGE('',*,*,#9258,.F.);
#9348 = ORIENTED_EDGE('',*,*,#9349,.F.);
#9349 = EDGE_CURVE('',#9325,#9259,#9350,.T.);
#9350 = LINE('',#9351,#9352);
#9351 = CARTESIAN_POINT('',(93.874535783877,1.35,19.485));
#9352 = VECTOR('',#9353,1.);
#9353 = DIRECTION('',(0.,-3.330669073875E-16,-1.));
#9354 = ORIENTED_EDGE('',*,*,#9324,.F.);
#9355 = ORIENTED_EDGE('',*,*,#8587,.F.);
#9356 = FACE_BOUND('',#9357,.T.);
#9357 = EDGE_LOOP('',(#9358));
#9358 = ORIENTED_EDGE('',*,*,#8693,.T.);
#9359 = PLANE('',#9360);
#9360 = AXIS2_PLACEMENT_3D('',#9361,#9362,#9363);
#9361 = CARTESIAN_POINT('',(-6.563777235188E-15,1.35,22.225));
#9362 = DIRECTION('',(0.,1.,-1.110223024625E-16));
#9363 = DIRECTION('',(0.,1.110223024625E-16,1.));
#9364 = ADVANCED_FACE('',(#9365),#9376,.F.);
#9365 = FACE_BOUND('',#9366,.F.);
#9366 = EDGE_LOOP('',(#9367,#9368,#9374,#9375));
#9367 = ORIENTED_EDGE('',*,*,#9114,.F.);
#9368 = ORIENTED_EDGE('',*,*,#9369,.T.);
#9369 = EDGE_CURVE('',#9115,#8844,#9370,.T.);
#9370 = LINE('',#9371,#9372);
#9371 = CARTESIAN_POINT('',(-96.8,6.346034808757E-15,14.29));
#9372 = VECTOR('',#9373,1.);
#9373 = DIRECTION('',(0.,1.,-4.440892098501E-16));
#9374 = ORIENTED_EDGE('',*,*,#8843,.T.);
#9375 = ORIENTED_EDGE('',*,*,#9369,.F.);
#9376 = CYLINDRICAL_SURFACE('',#9377,3.2);
#9377 = AXIS2_PLACEMENT_3D('',#9378,#9379,#9380);
#9378 = CARTESIAN_POINT('',(-100.,6.346034808757E-15,14.29));
#9379 = DIRECTION('',(0.,-1.,4.440892098501E-16));
#9380 = DIRECTION('',(1.,0.,0.));
#9381 = ADVANCED_FACE('',(#9382),#9393,.F.);
#9382 = FACE_BOUND('',#9383,.F.);
#9383 = EDGE_LOOP('',(#9384,#9385,#9391,#9392));
#9384 = ORIENTED_EDGE('',*,*,#9004,.F.);
#9385 = ORIENTED_EDGE('',*,*,#9386,.T.);
#9386 = EDGE_CURVE('',#9005,#8855,#9387,.T.);
#9387 = LINE('',#9388,#9389);
#9388 = CARTESIAN_POINT('',(-96.8,1.339373056908E-14,30.16));
#9389 = VECTOR('',#9390,1.);
#9390 = DIRECTION('',(0.,1.,-4.440892098501E-16));
#9391 = ORIENTED_EDGE('',*,*,#8854,.T.);
#9392 = ORIENTED_EDGE('',*,*,#9386,.F.);
#9393 = CYLINDRICAL_SURFACE('',#9394,3.2);
#9394 = AXIS2_PLACEMENT_3D('',#9395,#9396,#9397);
#9395 = CARTESIAN_POINT('',(-100.,1.339373056908E-14,30.16));
#9396 = DIRECTION('',(0.,-1.,4.440892098501E-16));
#9397 = DIRECTION('',(1.,0.,0.));
#9398 = ADVANCED_FACE('',(#9399),#9410,.F.);
#9399 = FACE_BOUND('',#9400,.F.);
#9400 = EDGE_LOOP('',(#9401,#9402,#9408,#9409));
#9401 = ORIENTED_EDGE('',*,*,#9307,.F.);
#9402 = ORIENTED_EDGE('',*,*,#9403,.T.);
#9403 = EDGE_CURVE('',#9308,#8866,#9404,.T.);
#9404 = LINE('',#9405,#9406);
#9405 = CARTESIAN_POINT('',(103.2,6.346034808757E-15,14.29));
#9406 = VECTOR('',#9407,1.);
#9407 = DIRECTION('',(0.,1.,-4.440892098501E-16));
#9408 = ORIENTED_EDGE('',*,*,#8865,.T.);
#9409 = ORIENTED_EDGE('',*,*,#9403,.F.);
#9410 = CYLINDRICAL_SURFACE('',#9411,3.2);
#9411 = AXIS2_PLACEMENT_3D('',#9412,#9413,#9414);
#9412 = CARTESIAN_POINT('',(100.,6.346034808757E-15,14.29));
#9413 = DIRECTION('',(0.,-1.,4.440892098501E-16));
#9414 = DIRECTION('',(1.,0.,0.));
#9415 = ADVANCED_FACE('',(#9416),#9427,.F.);
#9416 = FACE_BOUND('',#9417,.F.);
#9417 = EDGE_LOOP('',(#9418,#9419,#9425,#9426));
#9418 = ORIENTED_EDGE('',*,*,#9197,.F.);
#9419 = ORIENTED_EDGE('',*,*,#9420,.T.);
#9420 = EDGE_CURVE('',#9198,#8883,#9421,.T.);
#9421 = LINE('',#9422,#9423);
#9422 = CARTESIAN_POINT('',(103.2,1.339373056908E-14,30.16));
#9423 = VECTOR('',#9424,1.);
#9424 = DIRECTION('',(0.,1.,-4.440892098501E-16));
#9425 = ORIENTED_EDGE('',*,*,#8882,.T.);
#9426 = ORIENTED_EDGE('',*,*,#9420,.F.);
#9427 = CYLINDRICAL_SURFACE('',#9428,3.2);
#9428 = AXIS2_PLACEMENT_3D('',#9429,#9430,#9431);
#9429 = CARTESIAN_POINT('',(100.,1.339373056908E-14,30.16));
#9430 = DIRECTION('',(0.,-1.,4.440892098501E-16));
#9431 = DIRECTION('',(1.,0.,0.));
#9432 = ADVANCED_FACE('',(#9433),#9439,.T.);
#9433 = FACE_BOUND('',#9434,.T.);
#9434 = EDGE_LOOP('',(#9435,#9436,#9437,#9438));
#9435 = ORIENTED_EDGE('',*,*,#8972,.T.);
#9436 = ORIENTED_EDGE('',*,*,#8986,.T.);
#9437 = ORIENTED_EDGE('',*,*,#9022,.F.);
#9438 = ORIENTED_EDGE('',*,*,#8928,.F.);
#9439 = PLANE('',#9440);
#9440 = AXIS2_PLACEMENT_3D('',#9441,#9442,#9443);
#9441 = CARTESIAN_POINT('',(-93.87453578387,1.35,35.355));
#9442 = DIRECTION('',(-1.,0.,0.));
#9443 = DIRECTION('',(0.,-3.330669073875E-16,-1.));
#9444 = ADVANCED_FACE('',(#9445),#9451,.T.);
#9445 = FACE_BOUND('',#9446,.T.);
#9446 = EDGE_LOOP('',(#9447,#9448,#9449,#9450));
#9447 = ORIENTED_EDGE('',*,*,#9082,.T.);
#9448 = ORIENTED_EDGE('',*,*,#9096,.T.);
#9449 = ORIENTED_EDGE('',*,*,#9132,.F.);
#9450 = ORIENTED_EDGE('',*,*,#9038,.F.);
#9451 = PLANE('',#9452);
#9452 = AXIS2_PLACEMENT_3D('',#9453,#9454,#9455);
#9453 = CARTESIAN_POINT('',(-93.87453578387,1.35,19.485));
#9454 = DIRECTION('',(-1.,0.,0.));
#9455 = DIRECTION('',(0.,-3.330669073875E-16,-1.));
#9456 = ADVANCED_FACE('',(#9457),#9463,.F.);
#9457 = FACE_BOUND('',#9458,.F.);
#9458 = EDGE_LOOP('',(#9459,#9460,#9461,#9462));
#9459 = ORIENTED_EDGE('',*,*,#9224,.T.);
#9460 = ORIENTED_EDGE('',*,*,#9180,.T.);
#9461 = ORIENTED_EDGE('',*,*,#9156,.F.);
#9462 = ORIENTED_EDGE('',*,*,#9239,.F.);
#9463 = PLANE('',#9464);
#9464 = AXIS2_PLACEMENT_3D('',#9465,#9466,#9467);
#9465 = CARTESIAN_POINT('',(93.874535783877,1.35,35.355));
#9466 = DIRECTION('',(-1.,0.,0.));
#9467 = DIRECTION('',(0.,-3.330669073875E-16,-1.));
#9468 = ADVANCED_FACE('',(#9469),#9475,.F.);
#9469 = FACE_BOUND('',#9470,.F.);
#9470 = EDGE_LOOP('',(#9471,#9472,#9473,#9474));
#9471 = ORIENTED_EDGE('',*,*,#9334,.T.);
#9472 = ORIENTED_EDGE('',*,*,#9290,.T.);
#9473 = ORIENTED_EDGE('',*,*,#9266,.F.);
#9474 = ORIENTED_EDGE('',*,*,#9349,.F.);
#9475 = PLANE('',#9476);
#9476 = AXIS2_PLACEMENT_3D('',#9477,#9478,#9479);
#9477 = CARTESIAN_POINT('',(93.874535783877,1.35,19.485));
#9478 = DIRECTION('',(-1.,0.,0.));
#9479 = DIRECTION('',(0.,-3.330669073875E-16,-1.));
#9480 = ( GEOMETRIC_REPRESENTATION_CONTEXT(3) 
GLOBAL_UNCERTAINTY_ASSIGNED_CONTEXT((#9484)) 
GLOBAL_UNIT_ASSIGNED_CONTEXT((#9481,#9482,#9483)) REPRESENTATION_CONTEXT
('Context #1','3D Context with UNIT and UNCERTAINTY') );
#9481 = ( LENGTH_UNIT() NAMED_UNIT(*) SI_UNIT(.MILLI.,.METRE.) );
#9482 = ( NAMED_UNIT(*) PLANE_ANGLE_UNIT() SI_UNIT($,.RADIAN.) );
#9483 = ( NAMED_UNIT(*) SI_UNIT($,.STERADIAN.) SOLID_ANGLE_UNIT() );
#9484 = UNCERTAINTY_MEASURE_WITH_UNIT(LENGTH_MEASURE(2.E-05),#9481,
  'distance_accuracy_value','confusion accuracy');
#9485 = PRODUCT_RELATED_PRODUCT_CATEGORY('part',$,(#7));
ENDSEC;
END-ISO-10303-21;
