ISO-10303-21;
HEADER;
FILE_DESCRIPTION(('FreeCAD Model'),'2;1');
FILE_NAME('Open CASCADE Shape Model','2026-09-08T17:46:56',('FreeCAD'),(
    'FreeCAD'),'Open CASCADE STEP processor 7.8','FreeCAD','Unknown');
FILE_SCHEMA(('AUTOMOTIVE_DESIGN { 1 0 10303 214 1 1 1 1 }'));
ENDSEC;
DATA;
#1 = APPLICATION_PROTOCOL_DEFINITION('international standard',
  'automotive_design',2000,#2);
#2 = APPLICATION_CONTEXT(
  'core data for automotive mechanical design processes');
#3 = SHAPE_DEFINITION_REPRESENTATION(#4,#10);
#4 = PRODUCT_DEFINITION_SHAPE('','',#5);
#5 = PRODUCT_DEFINITION('design','',#6,#9);
#6 = PRODUCT_DEFINITION_FORMATION('','',#7);
#7 = PRODUCT('Open CASCADE STEP translator 7.8 1',
  'Open CASCADE STEP translator 7.8 1','',(#8));
#8 = PRODUCT_CONTEXT('',#2,'mechanical');
#9 = PRODUCT_DEFINITION_CONTEXT('part definition',#2,'design');
#10 = SHAPE_REPRESENTATION('',(#11,#15,#2027,#2531,#4394,#6257,#6615),
  #6973);
#11 = AXIS2_PLACEMENT_3D('',#12,#13,#14);
#12 = CARTESIAN_POINT('',(0.,0.,0.));
#13 = DIRECTION('',(0.,0.,1.));
#14 = DIRECTION('',(1.,0.,-0.));
#15 = MANIFOLD_SOLID_BREP('',#16);
#16 = CLOSED_SHELL('',(#17,#57,#494,#518,#574,#591,#630,#663,#687,#718,
    #752,#794,#818,#842,#859,#890,#914,#938,#955,#986,#1010,#1034,#1051,
    #1082,#1106,#1130,#1147,#1178,#1202,#1226,#1243,#1274,#1298,#1322,
    #1339,#1370,#1394,#1418,#1435,#1466,#1490,#1514,#1531,#1562,#1586,
    #1610,#1627,#1658,#1682,#1706,#1723,#1765,#1789,#1813,#1830,#1847,
    #1864,#1889,#1967,#1992,#2009,#2018));
#17 = ADVANCED_FACE('',(#18),#52,.F.);
#18 = FACE_BOUND('',#19,.F.);
#19 = EDGE_LOOP('',(#20,#30,#38,#46));
#20 = ORIENTED_EDGE('',*,*,#21,.F.);
#21 = EDGE_CURVE('',#22,#24,#26,.T.);
#22 = VERTEX_POINT('',#23);
#23 = CARTESIAN_POINT('',(-72.,-8.,0.));
#24 = VERTEX_POINT('',#25);
#25 = CARTESIAN_POINT('',(72.,-8.,0.));
#26 = LINE('',#27,#28);
#27 = CARTESIAN_POINT('',(-127.,-8.,0.));
#28 = VECTOR('',#29,1.);
#29 = DIRECTION('',(1.,0.,0.));
#30 = ORIENTED_EDGE('',*,*,#31,.F.);
#31 = EDGE_CURVE('',#32,#22,#34,.T.);
#32 = VERTEX_POINT('',#33);
#33 = CARTESIAN_POINT('',(-72.,-8.,8.));
#34 = LINE('',#35,#36);
#35 = CARTESIAN_POINT('',(-72.,-8.,-200.));
#36 = VECTOR('',#37,1.);
#37 = DIRECTION('',(0.,0.,-1.));
#38 = ORIENTED_EDGE('',*,*,#39,.T.);
#39 = EDGE_CURVE('',#32,#40,#42,.T.);
#40 = VERTEX_POINT('',#41);
#41 = CARTESIAN_POINT('',(72.,-8.,8.));
#42 = LINE('',#43,#44);
#43 = CARTESIAN_POINT('',(-115.5,-8.,8.));
#44 = VECTOR('',#45,1.);
#45 = DIRECTION('',(1.,0.,0.));
#46 = ORIENTED_EDGE('',*,*,#47,.T.);
#47 = EDGE_CURVE('',#40,#24,#48,.T.);
#48 = LINE('',#49,#50);
#49 = CARTESIAN_POINT('',(72.,-8.,-200.));
#50 = VECTOR('',#51,1.);
#51 = DIRECTION('',(0.,0.,-1.));
#52 = PLANE('',#53);
#53 = AXIS2_PLACEMENT_3D('',#54,#55,#56);
#54 = CARTESIAN_POINT('',(-127.,-8.,0.));
#55 = DIRECTION('',(0.,1.,0.));
#56 = DIRECTION('',(0.,0.,1.));
#57 = ADVANCED_FACE('',(#58,#115,#149,#183,#217,#251,#285,#319,#353,#387
    ,#421,#455),#489,.T.);
#58 = FACE_BOUND('',#59,.T.);
#59 = EDGE_LOOP('',(#60,#61,#69,#77,#85,#93,#101,#109));
#60 = ORIENTED_EDGE('',*,*,#21,.F.);
#61 = ORIENTED_EDGE('',*,*,#62,.F.);
#62 = EDGE_CURVE('',#63,#22,#65,.T.);
#63 = VERTEX_POINT('',#64);
#64 = CARTESIAN_POINT('',(-72.,-4.,0.));
#65 = LINE('',#66,#67);
#66 = CARTESIAN_POINT('',(-72.,-169.6889578163,0.));
#67 = VECTOR('',#68,1.);
#68 = DIRECTION('',(0.,-1.,0.));
#69 = ORIENTED_EDGE('',*,*,#70,.F.);
#70 = EDGE_CURVE('',#71,#63,#73,.T.);
#71 = VERTEX_POINT('',#72);
#72 = CARTESIAN_POINT('',(-86.,-4.,0.));
#73 = LINE('',#74,#75);
#74 = CARTESIAN_POINT('',(-43.,-4.,0.));
#75 = VECTOR('',#76,1.);
#76 = DIRECTION('',(1.,0.,0.));
#77 = ORIENTED_EDGE('',*,*,#78,.F.);
#78 = EDGE_CURVE('',#79,#71,#81,.T.);
#79 = VERTEX_POINT('',#80);
#80 = CARTESIAN_POINT('',(-86.,141.,0.));
#81 = LINE('',#82,#83);
#82 = CARTESIAN_POINT('',(-86.,28.311042183623,0.));
#83 = VECTOR('',#84,1.);
#84 = DIRECTION('',(0.,-1.,0.));
#85 = ORIENTED_EDGE('',*,*,#86,.T.);
#86 = EDGE_CURVE('',#79,#87,#89,.T.);
#87 = VERTEX_POINT('',#88);
#88 = CARTESIAN_POINT('',(86.,141.,0.));
#89 = LINE('',#90,#91);
#90 = CARTESIAN_POINT('',(-110.2,141.,0.));
#91 = VECTOR('',#92,1.);
#92 = DIRECTION('',(1.,0.,0.));
#93 = ORIENTED_EDGE('',*,*,#94,.T.);
#94 = EDGE_CURVE('',#87,#95,#97,.T.);
#95 = VERTEX_POINT('',#96);
#96 = CARTESIAN_POINT('',(86.,-4.,0.));
#97 = LINE('',#98,#99);
#98 = CARTESIAN_POINT('',(86.,28.311042183623,0.));
#99 = VECTOR('',#100,1.);
#100 = DIRECTION('',(0.,-1.,0.));
#101 = ORIENTED_EDGE('',*,*,#102,.F.);
#102 = EDGE_CURVE('',#103,#95,#105,.T.);
#103 = VERTEX_POINT('',#104);
#104 = CARTESIAN_POINT('',(72.,-4.,0.));
#105 = LINE('',#106,#107);
#106 = CARTESIAN_POINT('',(36.,-4.,0.));
#107 = VECTOR('',#108,1.);
#108 = DIRECTION('',(1.,0.,0.));
#109 = ORIENTED_EDGE('',*,*,#110,.T.);
#110 = EDGE_CURVE('',#103,#24,#111,.T.);
#111 = LINE('',#112,#113);
#112 = CARTESIAN_POINT('',(72.,-169.6889578163,0.));
#113 = VECTOR('',#114,1.);
#114 = DIRECTION('',(0.,-1.,0.));
#115 = FACE_BOUND('',#116,.T.);
#116 = EDGE_LOOP('',(#117,#127,#135,#143));
#117 = ORIENTED_EDGE('',*,*,#118,.F.);
#118 = EDGE_CURVE('',#119,#121,#123,.T.);
#119 = VERTEX_POINT('',#120);
#120 = CARTESIAN_POINT('',(79.5,14.,0.));
#121 = VERTEX_POINT('',#122);
#122 = CARTESIAN_POINT('',(70.5,14.,0.));
#123 = LINE('',#124,#125);
#124 = CARTESIAN_POINT('',(-19.85,14.,0.));
#125 = VECTOR('',#126,1.);
#126 = DIRECTION('',(-1.,0.,0.));
#127 = ORIENTED_EDGE('',*,*,#128,.T.);
#128 = EDGE_CURVE('',#119,#129,#131,.T.);
#129 = VERTEX_POINT('',#130);
#130 = CARTESIAN_POINT('',(79.5,120.,0.));
#131 = LINE('',#132,#133);
#132 = CARTESIAN_POINT('',(79.5,7.,0.));
#133 = VECTOR('',#134,1.);
#134 = DIRECTION('',(0.,1.,0.));
#135 = ORIENTED_EDGE('',*,*,#136,.T.);
#136 = EDGE_CURVE('',#129,#137,#139,.T.);
#137 = VERTEX_POINT('',#138);
#138 = CARTESIAN_POINT('',(70.5,120.,0.));
#139 = LINE('',#140,#141);
#140 = CARTESIAN_POINT('',(-19.85,120.,0.));
#141 = VECTOR('',#142,1.);
#142 = DIRECTION('',(-1.,0.,0.));
#143 = ORIENTED_EDGE('',*,*,#144,.F.);
#144 = EDGE_CURVE('',#121,#137,#145,.T.);
#145 = LINE('',#146,#147);
#146 = CARTESIAN_POINT('',(70.5,7.,0.));
#147 = VECTOR('',#148,1.);
#148 = DIRECTION('',(0.,1.,0.));
#149 = FACE_BOUND('',#150,.T.);
#150 = EDGE_LOOP('',(#151,#161,#169,#177));
#151 = ORIENTED_EDGE('',*,*,#152,.F.);
#152 = EDGE_CURVE('',#153,#155,#157,.T.);
#153 = VERTEX_POINT('',#154);
#154 = CARTESIAN_POINT('',(64.5,14.,0.));
#155 = VERTEX_POINT('',#156);
#156 = CARTESIAN_POINT('',(55.5,14.,0.));
#157 = LINE('',#158,#159);
#158 = CARTESIAN_POINT('',(-27.35,14.,0.));
#159 = VECTOR('',#160,1.);
#160 = DIRECTION('',(-1.,0.,0.));
#161 = ORIENTED_EDGE('',*,*,#162,.T.);
#162 = EDGE_CURVE('',#153,#163,#165,.T.);
#163 = VERTEX_POINT('',#164);
#164 = CARTESIAN_POINT('',(64.5,120.,0.));
#165 = LINE('',#166,#167);
#166 = CARTESIAN_POINT('',(64.5,7.,0.));
#167 = VECTOR('',#168,1.);
#168 = DIRECTION('',(0.,1.,0.));
#169 = ORIENTED_EDGE('',*,*,#170,.T.);
#170 = EDGE_CURVE('',#163,#171,#173,.T.);
#171 = VERTEX_POINT('',#172);
#172 = CARTESIAN_POINT('',(55.5,120.,0.));
#173 = LINE('',#174,#175);
#174 = CARTESIAN_POINT('',(-27.35,120.,0.));
#175 = VECTOR('',#176,1.);
#176 = DIRECTION('',(-1.,0.,0.));
#177 = ORIENTED_EDGE('',*,*,#178,.F.);
#178 = EDGE_CURVE('',#155,#171,#179,.T.);
#179 = LINE('',#180,#181);
#180 = CARTESIAN_POINT('',(55.5,7.,0.));
#181 = VECTOR('',#182,1.);
#182 = DIRECTION('',(0.,1.,0.));
#183 = FACE_BOUND('',#184,.T.);
#184 = EDGE_LOOP('',(#185,#195,#203,#211));
#185 = ORIENTED_EDGE('',*,*,#186,.F.);
#186 = EDGE_CURVE('',#187,#189,#191,.T.);
#187 = VERTEX_POINT('',#188);
#188 = CARTESIAN_POINT('',(49.5,14.,0.));
#189 = VERTEX_POINT('',#190);
#190 = CARTESIAN_POINT('',(40.5,14.,0.));
#191 = LINE('',#192,#193);
#192 = CARTESIAN_POINT('',(-34.85,14.,0.));
#193 = VECTOR('',#194,1.);
#194 = DIRECTION('',(-1.,0.,0.));
#195 = ORIENTED_EDGE('',*,*,#196,.T.);
#196 = EDGE_CURVE('',#187,#197,#199,.T.);
#197 = VERTEX_POINT('',#198);
#198 = CARTESIAN_POINT('',(49.5,120.,0.));
#199 = LINE('',#200,#201);
#200 = CARTESIAN_POINT('',(49.5,7.,0.));
#201 = VECTOR('',#202,1.);
#202 = DIRECTION('',(0.,1.,0.));
#203 = ORIENTED_EDGE('',*,*,#204,.T.);
#204 = EDGE_CURVE('',#197,#205,#207,.T.);
#205 = VERTEX_POINT('',#206);
#206 = CARTESIAN_POINT('',(40.5,120.,0.));
#207 = LINE('',#208,#209);
#208 = CARTESIAN_POINT('',(-34.85,120.,0.));
#209 = VECTOR('',#210,1.);
#210 = DIRECTION('',(-1.,0.,0.));
#211 = ORIENTED_EDGE('',*,*,#212,.F.);
#212 = EDGE_CURVE('',#189,#205,#213,.T.);
#213 = LINE('',#214,#215);
#214 = CARTESIAN_POINT('',(40.5,7.,0.));
#215 = VECTOR('',#216,1.);
#216 = DIRECTION('',(0.,1.,0.));
#217 = FACE_BOUND('',#218,.T.);
#218 = EDGE_LOOP('',(#219,#229,#237,#245));
#219 = ORIENTED_EDGE('',*,*,#220,.F.);
#220 = EDGE_CURVE('',#221,#223,#225,.T.);
#221 = VERTEX_POINT('',#222);
#222 = CARTESIAN_POINT('',(34.5,14.,0.));
#223 = VERTEX_POINT('',#224);
#224 = CARTESIAN_POINT('',(25.5,14.,0.));
#225 = LINE('',#226,#227);
#226 = CARTESIAN_POINT('',(-42.35,14.,0.));
#227 = VECTOR('',#228,1.);
#228 = DIRECTION('',(-1.,0.,0.));
#229 = ORIENTED_EDGE('',*,*,#230,.T.);
#230 = EDGE_CURVE('',#221,#231,#233,.T.);
#231 = VERTEX_POINT('',#232);
#232 = CARTESIAN_POINT('',(34.5,120.,0.));
#233 = LINE('',#234,#235);
#234 = CARTESIAN_POINT('',(34.5,7.,0.));
#235 = VECTOR('',#236,1.);
#236 = DIRECTION('',(0.,1.,0.));
#237 = ORIENTED_EDGE('',*,*,#238,.T.);
#238 = EDGE_CURVE('',#231,#239,#241,.T.);
#239 = VERTEX_POINT('',#240);
#240 = CARTESIAN_POINT('',(25.5,120.,0.));
#241 = LINE('',#242,#243);
#242 = CARTESIAN_POINT('',(-42.35,120.,0.));
#243 = VECTOR('',#244,1.);
#244 = DIRECTION('',(-1.,0.,0.));
#245 = ORIENTED_EDGE('',*,*,#246,.F.);
#246 = EDGE_CURVE('',#223,#239,#247,.T.);
#247 = LINE('',#248,#249);
#248 = CARTESIAN_POINT('',(25.5,7.,0.));
#249 = VECTOR('',#250,1.);
#250 = DIRECTION('',(0.,1.,0.));
#251 = FACE_BOUND('',#252,.T.);
#252 = EDGE_LOOP('',(#253,#263,#271,#279));
#253 = ORIENTED_EDGE('',*,*,#254,.F.);
#254 = EDGE_CURVE('',#255,#257,#259,.T.);
#255 = VERTEX_POINT('',#256);
#256 = CARTESIAN_POINT('',(19.5,14.,0.));
#257 = VERTEX_POINT('',#258);
#258 = CARTESIAN_POINT('',(10.5,14.,0.));
#259 = LINE('',#260,#261);
#260 = CARTESIAN_POINT('',(-49.85,14.,0.));
#261 = VECTOR('',#262,1.);
#262 = DIRECTION('',(-1.,0.,0.));
#263 = ORIENTED_EDGE('',*,*,#264,.T.);
#264 = EDGE_CURVE('',#255,#265,#267,.T.);
#265 = VERTEX_POINT('',#266);
#266 = CARTESIAN_POINT('',(19.5,120.,0.));
#267 = LINE('',#268,#269);
#268 = CARTESIAN_POINT('',(19.5,7.,0.));
#269 = VECTOR('',#270,1.);
#270 = DIRECTION('',(0.,1.,0.));
#271 = ORIENTED_EDGE('',*,*,#272,.T.);
#272 = EDGE_CURVE('',#265,#273,#275,.T.);
#273 = VERTEX_POINT('',#274);
#274 = CARTESIAN_POINT('',(10.5,120.,0.));
#275 = LINE('',#276,#277);
#276 = CARTESIAN_POINT('',(-49.85,120.,0.));
#277 = VECTOR('',#278,1.);
#278 = DIRECTION('',(-1.,0.,0.));
#279 = ORIENTED_EDGE('',*,*,#280,.F.);
#280 = EDGE_CURVE('',#257,#273,#281,.T.);
#281 = LINE('',#282,#283);
#282 = CARTESIAN_POINT('',(10.5,7.,0.));
#283 = VECTOR('',#284,1.);
#284 = DIRECTION('',(0.,1.,0.));
#285 = FACE_BOUND('',#286,.T.);
#286 = EDGE_LOOP('',(#287,#297,#305,#313));
#287 = ORIENTED_EDGE('',*,*,#288,.F.);
#288 = EDGE_CURVE('',#289,#291,#293,.T.);
#289 = VERTEX_POINT('',#290);
#290 = CARTESIAN_POINT('',(4.5,14.,0.));
#291 = VERTEX_POINT('',#292);
#292 = CARTESIAN_POINT('',(-4.5,14.,0.));
#293 = LINE('',#294,#295);
#294 = CARTESIAN_POINT('',(-57.35,14.,0.));
#295 = VECTOR('',#296,1.);
#296 = DIRECTION('',(-1.,0.,0.));
#297 = ORIENTED_EDGE('',*,*,#298,.T.);
#298 = EDGE_CURVE('',#289,#299,#301,.T.);
#299 = VERTEX_POINT('',#300);
#300 = CARTESIAN_POINT('',(4.5,120.,0.));
#301 = LINE('',#302,#303);
#302 = CARTESIAN_POINT('',(4.5,7.,0.));
#303 = VECTOR('',#304,1.);
#304 = DIRECTION('',(0.,1.,0.));
#305 = ORIENTED_EDGE('',*,*,#306,.T.);
#306 = EDGE_CURVE('',#299,#307,#309,.T.);
#307 = VERTEX_POINT('',#308);
#308 = CARTESIAN_POINT('',(-4.5,120.,0.));
#309 = LINE('',#310,#311);
#310 = CARTESIAN_POINT('',(-57.35,120.,0.));
#311 = VECTOR('',#312,1.);
#312 = DIRECTION('',(-1.,0.,0.));
#313 = ORIENTED_EDGE('',*,*,#314,.F.);
#314 = EDGE_CURVE('',#291,#307,#315,.T.);
#315 = LINE('',#316,#317);
#316 = CARTESIAN_POINT('',(-4.5,7.,0.));
#317 = VECTOR('',#318,1.);
#318 = DIRECTION('',(0.,1.,0.));
#319 = FACE_BOUND('',#320,.T.);
#320 = EDGE_LOOP('',(#321,#331,#339,#347));
#321 = ORIENTED_EDGE('',*,*,#322,.F.);
#322 = EDGE_CURVE('',#323,#325,#327,.T.);
#323 = VERTEX_POINT('',#324);
#324 = CARTESIAN_POINT('',(-10.5,14.,0.));
#325 = VERTEX_POINT('',#326);
#326 = CARTESIAN_POINT('',(-19.5,14.,0.));
#327 = LINE('',#328,#329);
#328 = CARTESIAN_POINT('',(-64.85,14.,0.));
#329 = VECTOR('',#330,1.);
#330 = DIRECTION('',(-1.,0.,0.));
#331 = ORIENTED_EDGE('',*,*,#332,.T.);
#332 = EDGE_CURVE('',#323,#333,#335,.T.);
#333 = VERTEX_POINT('',#334);
#334 = CARTESIAN_POINT('',(-10.5,120.,0.));
#335 = LINE('',#336,#337);
#336 = CARTESIAN_POINT('',(-10.5,7.,0.));
#337 = VECTOR('',#338,1.);
#338 = DIRECTION('',(0.,1.,0.));
#339 = ORIENTED_EDGE('',*,*,#340,.T.);
#340 = EDGE_CURVE('',#333,#341,#343,.T.);
#341 = VERTEX_POINT('',#342);
#342 = CARTESIAN_POINT('',(-19.5,120.,0.));
#343 = LINE('',#344,#345);
#344 = CARTESIAN_POINT('',(-64.85,120.,0.));
#345 = VECTOR('',#346,1.);
#346 = DIRECTION('',(-1.,0.,0.));
#347 = ORIENTED_EDGE('',*,*,#348,.F.);
#348 = EDGE_CURVE('',#325,#341,#349,.T.);
#349 = LINE('',#350,#351);
#350 = CARTESIAN_POINT('',(-19.5,7.,0.));
#351 = VECTOR('',#352,1.);
#352 = DIRECTION('',(0.,1.,0.));
#353 = FACE_BOUND('',#354,.T.);
#354 = EDGE_LOOP('',(#355,#365,#373,#381));
#355 = ORIENTED_EDGE('',*,*,#356,.F.);
#356 = EDGE_CURVE('',#357,#359,#361,.T.);
#357 = VERTEX_POINT('',#358);
#358 = CARTESIAN_POINT('',(-25.5,14.,0.));
#359 = VERTEX_POINT('',#360);
#360 = CARTESIAN_POINT('',(-34.5,14.,0.));
#361 = LINE('',#362,#363);
#362 = CARTESIAN_POINT('',(-72.35,14.,0.));
#363 = VECTOR('',#364,1.);
#364 = DIRECTION('',(-1.,0.,0.));
#365 = ORIENTED_EDGE('',*,*,#366,.T.);
#366 = EDGE_CURVE('',#357,#367,#369,.T.);
#367 = VERTEX_POINT('',#368);
#368 = CARTESIAN_POINT('',(-25.5,120.,0.));
#369 = LINE('',#370,#371);
#370 = CARTESIAN_POINT('',(-25.5,7.,0.));
#371 = VECTOR('',#372,1.);
#372 = DIRECTION('',(0.,1.,0.));
#373 = ORIENTED_EDGE('',*,*,#374,.T.);
#374 = EDGE_CURVE('',#367,#375,#377,.T.);
#375 = VERTEX_POINT('',#376);
#376 = CARTESIAN_POINT('',(-34.5,120.,0.));
#377 = LINE('',#378,#379);
#378 = CARTESIAN_POINT('',(-72.35,120.,0.));
#379 = VECTOR('',#380,1.);
#380 = DIRECTION('',(-1.,0.,0.));
#381 = ORIENTED_EDGE('',*,*,#382,.F.);
#382 = EDGE_CURVE('',#359,#375,#383,.T.);
#383 = LINE('',#384,#385);
#384 = CARTESIAN_POINT('',(-34.5,7.,0.));
#385 = VECTOR('',#386,1.);
#386 = DIRECTION('',(0.,1.,0.));
#387 = FACE_BOUND('',#388,.T.);
#388 = EDGE_LOOP('',(#389,#399,#407,#415));
#389 = ORIENTED_EDGE('',*,*,#390,.F.);
#390 = EDGE_CURVE('',#391,#393,#395,.T.);
#391 = VERTEX_POINT('',#392);
#392 = CARTESIAN_POINT('',(-40.5,14.,0.));
#393 = VERTEX_POINT('',#394);
#394 = CARTESIAN_POINT('',(-49.5,14.,0.));
#395 = LINE('',#396,#397);
#396 = CARTESIAN_POINT('',(-79.85,14.,0.));
#397 = VECTOR('',#398,1.);
#398 = DIRECTION('',(-1.,0.,0.));
#399 = ORIENTED_EDGE('',*,*,#400,.T.);
#400 = EDGE_CURVE('',#391,#401,#403,.T.);
#401 = VERTEX_POINT('',#402);
#402 = CARTESIAN_POINT('',(-40.5,120.,0.));
#403 = LINE('',#404,#405);
#404 = CARTESIAN_POINT('',(-40.5,7.,0.));
#405 = VECTOR('',#406,1.);
#406 = DIRECTION('',(0.,1.,0.));
#407 = ORIENTED_EDGE('',*,*,#408,.T.);
#408 = EDGE_CURVE('',#401,#409,#411,.T.);
#409 = VERTEX_POINT('',#410);
#410 = CARTESIAN_POINT('',(-49.5,120.,0.));
#411 = LINE('',#412,#413);
#412 = CARTESIAN_POINT('',(-79.85,120.,0.));
#413 = VECTOR('',#414,1.);
#414 = DIRECTION('',(-1.,0.,0.));
#415 = ORIENTED_EDGE('',*,*,#416,.F.);
#416 = EDGE_CURVE('',#393,#409,#417,.T.);
#417 = LINE('',#418,#419);
#418 = CARTESIAN_POINT('',(-49.5,7.,0.));
#419 = VECTOR('',#420,1.);
#420 = DIRECTION('',(0.,1.,0.));
#421 = FACE_BOUND('',#422,.T.);
#422 = EDGE_LOOP('',(#423,#433,#441,#449));
#423 = ORIENTED_EDGE('',*,*,#424,.F.);
#424 = EDGE_CURVE('',#425,#427,#429,.T.);
#425 = VERTEX_POINT('',#426);
#426 = CARTESIAN_POINT('',(-55.5,14.,0.));
#427 = VERTEX_POINT('',#428);
#428 = CARTESIAN_POINT('',(-64.5,14.,0.));
#429 = LINE('',#430,#431);
#430 = CARTESIAN_POINT('',(-87.35,14.,0.));
#431 = VECTOR('',#432,1.);
#432 = DIRECTION('',(-1.,0.,0.));
#433 = ORIENTED_EDGE('',*,*,#434,.T.);
#434 = EDGE_CURVE('',#425,#435,#437,.T.);
#435 = VERTEX_POINT('',#436);
#436 = CARTESIAN_POINT('',(-55.5,120.,0.));
#437 = LINE('',#438,#439);
#438 = CARTESIAN_POINT('',(-55.5,7.,0.));
#439 = VECTOR('',#440,1.);
#440 = DIRECTION('',(0.,1.,0.));
#441 = ORIENTED_EDGE('',*,*,#442,.T.);
#442 = EDGE_CURVE('',#435,#443,#445,.T.);
#443 = VERTEX_POINT('',#444);
#444 = CARTESIAN_POINT('',(-64.5,120.,0.));
#445 = LINE('',#446,#447);
#446 = CARTESIAN_POINT('',(-87.35,120.,0.));
#447 = VECTOR('',#448,1.);
#448 = DIRECTION('',(-1.,0.,0.));
#449 = ORIENTED_EDGE('',*,*,#450,.F.);
#450 = EDGE_CURVE('',#427,#443,#451,.T.);
#451 = LINE('',#452,#453);
#452 = CARTESIAN_POINT('',(-64.5,7.,0.));
#453 = VECTOR('',#454,1.);
#454 = DIRECTION('',(0.,1.,0.));
#455 = FACE_BOUND('',#456,.T.);
#456 = EDGE_LOOP('',(#457,#467,#475,#483));
#457 = ORIENTED_EDGE('',*,*,#458,.F.);
#458 = EDGE_CURVE('',#459,#461,#463,.T.);
#459 = VERTEX_POINT('',#460);
#460 = CARTESIAN_POINT('',(-70.5,14.,0.));
#461 = VERTEX_POINT('',#462);
#462 = CARTESIAN_POINT('',(-79.5,14.,0.));
#463 = LINE('',#464,#465);
#464 = CARTESIAN_POINT('',(-94.85,14.,0.));
#465 = VECTOR('',#466,1.);
#466 = DIRECTION('',(-1.,0.,0.));
#467 = ORIENTED_EDGE('',*,*,#468,.T.);
#468 = EDGE_CURVE('',#459,#469,#471,.T.);
#469 = VERTEX_POINT('',#470);
#470 = CARTESIAN_POINT('',(-70.5,120.,0.));
#471 = LINE('',#472,#473);
#472 = CARTESIAN_POINT('',(-70.5,7.,0.));
#473 = VECTOR('',#474,1.);
#474 = DIRECTION('',(0.,1.,0.));
#475 = ORIENTED_EDGE('',*,*,#476,.T.);
#476 = EDGE_CURVE('',#469,#477,#479,.T.);
#477 = VERTEX_POINT('',#478);
#478 = CARTESIAN_POINT('',(-79.5,120.,0.));
#479 = LINE('',#480,#481);
#480 = CARTESIAN_POINT('',(-94.85,120.,0.));
#481 = VECTOR('',#482,1.);
#482 = DIRECTION('',(-1.,0.,0.));
#483 = ORIENTED_EDGE('',*,*,#484,.F.);
#484 = EDGE_CURVE('',#461,#477,#485,.T.);
#485 = LINE('',#486,#487);
#486 = CARTESIAN_POINT('',(-79.5,7.,0.));
#487 = VECTOR('',#488,1.);
#488 = DIRECTION('',(0.,1.,0.));
#489 = PLANE('',#490);
#490 = AXIS2_PLACEMENT_3D('',#491,#492,#493);
#491 = CARTESIAN_POINT('',(-2.256810674375E-15,60.622084367246,0.));
#492 = DIRECTION('',(-0.,-0.,-1.));
#493 = DIRECTION('',(-1.,0.,0.));
#494 = ADVANCED_FACE('',(#495),#513,.T.);
#495 = FACE_BOUND('',#496,.T.);
#496 = EDGE_LOOP('',(#497,#505,#511,#512));
#497 = ORIENTED_EDGE('',*,*,#498,.T.);
#498 = EDGE_CURVE('',#103,#499,#501,.T.);
#499 = VERTEX_POINT('',#500);
#500 = CARTESIAN_POINT('',(72.,-4.,8.));
#501 = LINE('',#502,#503);
#502 = CARTESIAN_POINT('',(72.,-4.,-400.));
#503 = VECTOR('',#504,1.);
#504 = DIRECTION('',(0.,0.,1.));
#505 = ORIENTED_EDGE('',*,*,#506,.F.);
#506 = EDGE_CURVE('',#40,#499,#507,.T.);
#507 = LINE('',#508,#509);
#508 = CARTESIAN_POINT('',(72.,-204.5,8.));
#509 = VECTOR('',#510,1.);
#510 = DIRECTION('',(0.,1.,0.));
#511 = ORIENTED_EDGE('',*,*,#47,.T.);
#512 = ORIENTED_EDGE('',*,*,#110,.F.);
#513 = PLANE('',#514);
#514 = AXIS2_PLACEMENT_3D('',#515,#516,#517);
#515 = CARTESIAN_POINT('',(72.,-400.,-400.));
#516 = DIRECTION('',(1.,0.,0.));
#517 = DIRECTION('',(0.,0.,1.));
#518 = ADVANCED_FACE('',(#519),#569,.T.);
#519 = FACE_BOUND('',#520,.T.);
#520 = EDGE_LOOP('',(#521,#529,#530,#531,#539,#547,#555,#563));
#521 = ORIENTED_EDGE('',*,*,#522,.F.);
#522 = EDGE_CURVE('',#32,#523,#525,.T.);
#523 = VERTEX_POINT('',#524);
#524 = CARTESIAN_POINT('',(-72.,-4.,8.));
#525 = LINE('',#526,#527);
#526 = CARTESIAN_POINT('',(-72.,-204.5,8.));
#527 = VECTOR('',#528,1.);
#528 = DIRECTION('',(0.,1.,0.));
#529 = ORIENTED_EDGE('',*,*,#39,.T.);
#530 = ORIENTED_EDGE('',*,*,#506,.T.);
#531 = ORIENTED_EDGE('',*,*,#532,.F.);
#532 = EDGE_CURVE('',#533,#499,#535,.T.);
#533 = VERTEX_POINT('',#534);
#534 = CARTESIAN_POINT('',(86.,-4.,8.));
#535 = LINE('',#536,#537);
#536 = CARTESIAN_POINT('',(-16.,-4.,8.));
#537 = VECTOR('',#538,1.);
#538 = DIRECTION('',(-1.,0.,0.));
#539 = ORIENTED_EDGE('',*,*,#540,.T.);
#540 = EDGE_CURVE('',#533,#541,#543,.T.);
#541 = VERTEX_POINT('',#542);
#542 = CARTESIAN_POINT('',(86.,0.,8.));
#543 = LINE('',#544,#545);
#544 = CARTESIAN_POINT('',(86.,-6.5,8.));
#545 = VECTOR('',#546,1.);
#546 = DIRECTION('',(0.,1.,0.));
#547 = ORIENTED_EDGE('',*,*,#548,.F.);
#548 = EDGE_CURVE('',#549,#541,#551,.T.);
#549 = VERTEX_POINT('',#550);
#550 = CARTESIAN_POINT('',(-86.,0.,8.));
#551 = LINE('',#552,#553);
#552 = CARTESIAN_POINT('',(-115.5,0.,8.));
#553 = VECTOR('',#554,1.);
#554 = DIRECTION('',(1.,0.,0.));
#555 = ORIENTED_EDGE('',*,*,#556,.F.);
#556 = EDGE_CURVE('',#557,#549,#559,.T.);
#557 = VERTEX_POINT('',#558);
#558 = CARTESIAN_POINT('',(-86.,-4.,8.));
#559 = LINE('',#560,#561);
#560 = CARTESIAN_POINT('',(-86.,-6.5,8.));
#561 = VECTOR('',#562,1.);
#562 = DIRECTION('',(0.,1.,0.));
#563 = ORIENTED_EDGE('',*,*,#564,.F.);
#564 = EDGE_CURVE('',#523,#557,#565,.T.);
#565 = LINE('',#566,#567);
#566 = CARTESIAN_POINT('',(-95.,-4.,8.));
#567 = VECTOR('',#568,1.);
#568 = DIRECTION('',(-1.,0.,0.));
#569 = PLANE('',#570);
#570 = AXIS2_PLACEMENT_3D('',#571,#572,#573);
#571 = CARTESIAN_POINT('',(-104.,-9.,8.));
#572 = DIRECTION('',(0.,0.,1.));
#573 = DIRECTION('',(1.,0.,0.));
#574 = ADVANCED_FACE('',(#575),#586,.F.);
#575 = FACE_BOUND('',#576,.F.);
#576 = EDGE_LOOP('',(#577,#583,#584,#585));
#577 = ORIENTED_EDGE('',*,*,#578,.T.);
#578 = EDGE_CURVE('',#63,#523,#579,.T.);
#579 = LINE('',#580,#581);
#580 = CARTESIAN_POINT('',(-72.,-4.,-400.));
#581 = VECTOR('',#582,1.);
#582 = DIRECTION('',(0.,0.,1.));
#583 = ORIENTED_EDGE('',*,*,#522,.F.);
#584 = ORIENTED_EDGE('',*,*,#31,.T.);
#585 = ORIENTED_EDGE('',*,*,#62,.F.);
#586 = PLANE('',#587);
#587 = AXIS2_PLACEMENT_3D('',#588,#589,#590);
#588 = CARTESIAN_POINT('',(-72.,-400.,-400.));
#589 = DIRECTION('',(1.,0.,0.));
#590 = DIRECTION('',(0.,0.,1.));
#591 = ADVANCED_FACE('',(#592,#603,#614),#625,.F.);
#592 = FACE_BOUND('',#593,.F.);
#593 = EDGE_LOOP('',(#594,#595,#596,#597));
#594 = ORIENTED_EDGE('',*,*,#102,.F.);
#595 = ORIENTED_EDGE('',*,*,#498,.T.);
#596 = ORIENTED_EDGE('',*,*,#532,.F.);
#597 = ORIENTED_EDGE('',*,*,#598,.F.);
#598 = EDGE_CURVE('',#95,#533,#599,.T.);
#599 = LINE('',#600,#601);
#600 = CARTESIAN_POINT('',(86.,-4.,-400.));
#601 = VECTOR('',#602,1.);
#602 = DIRECTION('',(0.,0.,1.));
#603 = FACE_BOUND('',#604,.F.);
#604 = EDGE_LOOP('',(#605));
#605 = ORIENTED_EDGE('',*,*,#606,.F.);
#606 = EDGE_CURVE('',#607,#607,#609,.T.);
#607 = VERTEX_POINT('',#608);
#608 = CARTESIAN_POINT('',(76.,-4.,5.25));
#609 = CIRCLE('',#610,1.25);
#610 = AXIS2_PLACEMENT_3D('',#611,#612,#613);
#611 = CARTESIAN_POINT('',(76.,-4.,4.));
#612 = DIRECTION('',(0.,1.,0.));
#613 = DIRECTION('',(0.,0.,1.));
#614 = FACE_BOUND('',#615,.F.);
#615 = EDGE_LOOP('',(#616));
#616 = ORIENTED_EDGE('',*,*,#617,.F.);
#617 = EDGE_CURVE('',#618,#618,#620,.T.);
#618 = VERTEX_POINT('',#619);
#619 = CARTESIAN_POINT('',(83.,-4.,5.25));
#620 = CIRCLE('',#621,1.25);
#621 = AXIS2_PLACEMENT_3D('',#622,#623,#624);
#622 = CARTESIAN_POINT('',(83.,-4.,4.));
#623 = DIRECTION('',(0.,1.,0.));
#624 = DIRECTION('',(0.,0.,1.));
#625 = PLANE('',#626);
#626 = AXIS2_PLACEMENT_3D('',#627,#628,#629);
#627 = CARTESIAN_POINT('',(72.,-4.,-400.));
#628 = DIRECTION('',(0.,1.,0.));
#629 = DIRECTION('',(0.,0.,1.));
#630 = ADVANCED_FACE('',(#631),#658,.T.);
#631 = FACE_BOUND('',#632,.T.);
#632 = EDGE_LOOP('',(#633,#634,#635,#643,#651,#657));
#633 = ORIENTED_EDGE('',*,*,#598,.F.);
#634 = ORIENTED_EDGE('',*,*,#94,.F.);
#635 = ORIENTED_EDGE('',*,*,#636,.F.);
#636 = EDGE_CURVE('',#637,#87,#639,.T.);
#637 = VERTEX_POINT('',#638);
#638 = CARTESIAN_POINT('',(86.,141.,6.));
#639 = LINE('',#640,#641);
#640 = CARTESIAN_POINT('',(86.,141.,-195.5685643564));
#641 = VECTOR('',#642,1.);
#642 = DIRECTION('',(0.,0.,-1.));
#643 = ORIENTED_EDGE('',*,*,#644,.F.);
#644 = EDGE_CURVE('',#645,#637,#647,.T.);
#645 = VERTEX_POINT('',#646);
#646 = CARTESIAN_POINT('',(86.,0.,6.));
#647 = LINE('',#648,#649);
#648 = CARTESIAN_POINT('',(86.,-2.,6.));
#649 = VECTOR('',#650,1.);
#650 = DIRECTION('',(0.,1.,0.));
#651 = ORIENTED_EDGE('',*,*,#652,.F.);
#652 = EDGE_CURVE('',#541,#645,#653,.T.);
#653 = LINE('',#654,#655);
#654 = CARTESIAN_POINT('',(86.,0.,-200.));
#655 = VECTOR('',#656,1.);
#656 = DIRECTION('',(0.,0.,-1.));
#657 = ORIENTED_EDGE('',*,*,#540,.F.);
#658 = PLANE('',#659);
#659 = AXIS2_PLACEMENT_3D('',#660,#661,#662);
#660 = CARTESIAN_POINT('',(86.,-4.,-400.));
#661 = DIRECTION('',(1.,0.,0.));
#662 = DIRECTION('',(0.,0.,1.));
#663 = ADVANCED_FACE('',(#664),#682,.T.);
#664 = FACE_BOUND('',#665,.T.);
#665 = EDGE_LOOP('',(#666,#667,#675,#681));
#666 = ORIENTED_EDGE('',*,*,#86,.F.);
#667 = ORIENTED_EDGE('',*,*,#668,.F.);
#668 = EDGE_CURVE('',#669,#79,#671,.T.);
#669 = VERTEX_POINT('',#670);
#670 = CARTESIAN_POINT('',(-86.,141.,6.));
#671 = LINE('',#672,#673);
#672 = CARTESIAN_POINT('',(-86.,141.,-195.5685643564));
#673 = VECTOR('',#674,1.);
#674 = DIRECTION('',(0.,0.,-1.));
#675 = ORIENTED_EDGE('',*,*,#676,.T.);
#676 = EDGE_CURVE('',#669,#637,#677,.T.);
#677 = LINE('',#678,#679);
#678 = CARTESIAN_POINT('',(-110.2,141.,6.));
#679 = VECTOR('',#680,1.);
#680 = DIRECTION('',(1.,0.,0.));
#681 = ORIENTED_EDGE('',*,*,#636,.T.);
#682 = PLANE('',#683);
#683 = AXIS2_PLACEMENT_3D('',#684,#685,#686);
#684 = CARTESIAN_POINT('',(3.001632679119E-15,141.,8.862871287129));
#685 = DIRECTION('',(0.,1.,0.));
#686 = DIRECTION('',(0.,0.,1.));
#687 = ADVANCED_FACE('',(#688),#713,.F.);
#688 = FACE_BOUND('',#689,.F.);
#689 = EDGE_LOOP('',(#690,#696,#697,#698,#706,#712));
#690 = ORIENTED_EDGE('',*,*,#691,.F.);
#691 = EDGE_CURVE('',#71,#557,#692,.T.);
#692 = LINE('',#693,#694);
#693 = CARTESIAN_POINT('',(-86.,-4.,-400.));
#694 = VECTOR('',#695,1.);
#695 = DIRECTION('',(0.,0.,1.));
#696 = ORIENTED_EDGE('',*,*,#78,.F.);
#697 = ORIENTED_EDGE('',*,*,#668,.F.);
#698 = ORIENTED_EDGE('',*,*,#699,.F.);
#699 = EDGE_CURVE('',#700,#669,#702,.T.);
#700 = VERTEX_POINT('',#701);
#701 = CARTESIAN_POINT('',(-86.,0.,6.));
#702 = LINE('',#703,#704);
#703 = CARTESIAN_POINT('',(-86.,-2.,6.));
#704 = VECTOR('',#705,1.);
#705 = DIRECTION('',(0.,1.,0.));
#706 = ORIENTED_EDGE('',*,*,#707,.F.);
#707 = EDGE_CURVE('',#549,#700,#708,.T.);
#708 = LINE('',#709,#710);
#709 = CARTESIAN_POINT('',(-86.,0.,-200.));
#710 = VECTOR('',#711,1.);
#711 = DIRECTION('',(0.,0.,-1.));
#712 = ORIENTED_EDGE('',*,*,#556,.F.);
#713 = PLANE('',#714);
#714 = AXIS2_PLACEMENT_3D('',#715,#716,#717);
#715 = CARTESIAN_POINT('',(-86.,-4.,-400.));
#716 = DIRECTION('',(1.,0.,0.));
#717 = DIRECTION('',(0.,0.,1.));
#718 = ADVANCED_FACE('',(#719,#725,#736),#747,.F.);
#719 = FACE_BOUND('',#720,.F.);
#720 = EDGE_LOOP('',(#721,#722,#723,#724));
#721 = ORIENTED_EDGE('',*,*,#70,.F.);
#722 = ORIENTED_EDGE('',*,*,#691,.T.);
#723 = ORIENTED_EDGE('',*,*,#564,.F.);
#724 = ORIENTED_EDGE('',*,*,#578,.F.);
#725 = FACE_BOUND('',#726,.F.);
#726 = EDGE_LOOP('',(#727));
#727 = ORIENTED_EDGE('',*,*,#728,.F.);
#728 = EDGE_CURVE('',#729,#729,#731,.T.);
#729 = VERTEX_POINT('',#730);
#730 = CARTESIAN_POINT('',(-83.,-4.,5.25));
#731 = CIRCLE('',#732,1.25);
#732 = AXIS2_PLACEMENT_3D('',#733,#734,#735);
#733 = CARTESIAN_POINT('',(-83.,-4.,4.));
#734 = DIRECTION('',(0.,1.,0.));
#735 = DIRECTION('',(0.,0.,1.));
#736 = FACE_BOUND('',#737,.F.);
#737 = EDGE_LOOP('',(#738));
#738 = ORIENTED_EDGE('',*,*,#739,.F.);
#739 = EDGE_CURVE('',#740,#740,#742,.T.);
#740 = VERTEX_POINT('',#741);
#741 = CARTESIAN_POINT('',(-76.,-4.,5.25));
#742 = CIRCLE('',#743,1.25);
#743 = AXIS2_PLACEMENT_3D('',#744,#745,#746);
#744 = CARTESIAN_POINT('',(-76.,-4.,4.));
#745 = DIRECTION('',(0.,1.,0.));
#746 = DIRECTION('',(0.,0.,1.));
#747 = PLANE('',#748);
#748 = AXIS2_PLACEMENT_3D('',#749,#750,#751);
#749 = CARTESIAN_POINT('',(-86.,-4.,-400.));
#750 = DIRECTION('',(0.,1.,0.));
#751 = DIRECTION('',(0.,0.,1.));
#752 = ADVANCED_FACE('',(#753,#778),#789,.T.);
#753 = FACE_BOUND('',#754,.T.);
#754 = EDGE_LOOP('',(#755,#763,#764,#772));
#755 = ORIENTED_EDGE('',*,*,#756,.F.);
#756 = EDGE_CURVE('',#119,#757,#759,.T.);
#757 = VERTEX_POINT('',#758);
#758 = CARTESIAN_POINT('',(79.5,14.,6.));
#759 = LINE('',#760,#761);
#760 = CARTESIAN_POINT('',(79.5,14.,-1.));
#761 = VECTOR('',#762,1.);
#762 = DIRECTION('',(0.,0.,1.));
#763 = ORIENTED_EDGE('',*,*,#118,.T.);
#764 = ORIENTED_EDGE('',*,*,#765,.T.);
#765 = EDGE_CURVE('',#121,#766,#768,.T.);
#766 = VERTEX_POINT('',#767);
#767 = CARTESIAN_POINT('',(70.5,14.,6.));
#768 = LINE('',#769,#770);
#769 = CARTESIAN_POINT('',(70.5,14.,-1.));
#770 = VECTOR('',#771,1.);
#771 = DIRECTION('',(0.,0.,1.));
#772 = ORIENTED_EDGE('',*,*,#773,.F.);
#773 = EDGE_CURVE('',#757,#766,#774,.T.);
#774 = LINE('',#775,#776);
#775 = CARTESIAN_POINT('',(-19.85,14.,6.));
#776 = VECTOR('',#777,1.);
#777 = DIRECTION('',(-1.,0.,0.));
#778 = FACE_BOUND('',#779,.T.);
#779 = EDGE_LOOP('',(#780));
#780 = ORIENTED_EDGE('',*,*,#781,.F.);
#781 = EDGE_CURVE('',#782,#782,#784,.T.);
#782 = VERTEX_POINT('',#783);
#783 = CARTESIAN_POINT('',(76.,14.,5.25));
#784 = CIRCLE('',#785,1.25);
#785 = AXIS2_PLACEMENT_3D('',#786,#787,#788);
#786 = CARTESIAN_POINT('',(76.,14.,4.));
#787 = DIRECTION('',(0.,1.,0.));
#788 = DIRECTION('',(0.,0.,1.));
#789 = PLANE('',#790);
#790 = AXIS2_PLACEMENT_3D('',#791,#792,#793);
#791 = CARTESIAN_POINT('',(70.5,14.,-1.));
#792 = DIRECTION('',(0.,1.,0.));
#793 = DIRECTION('',(0.,0.,1.));
#794 = ADVANCED_FACE('',(#795),#813,.F.);
#795 = FACE_BOUND('',#796,.F.);
#796 = EDGE_LOOP('',(#797,#798,#799,#807));
#797 = ORIENTED_EDGE('',*,*,#756,.F.);
#798 = ORIENTED_EDGE('',*,*,#128,.T.);
#799 = ORIENTED_EDGE('',*,*,#800,.T.);
#800 = EDGE_CURVE('',#129,#801,#803,.T.);
#801 = VERTEX_POINT('',#802);
#802 = CARTESIAN_POINT('',(79.5,120.,6.));
#803 = LINE('',#804,#805);
#804 = CARTESIAN_POINT('',(79.5,120.,-1.));
#805 = VECTOR('',#806,1.);
#806 = DIRECTION('',(0.,0.,1.));
#807 = ORIENTED_EDGE('',*,*,#808,.F.);
#808 = EDGE_CURVE('',#757,#801,#809,.T.);
#809 = LINE('',#810,#811);
#810 = CARTESIAN_POINT('',(79.5,7.,6.));
#811 = VECTOR('',#812,1.);
#812 = DIRECTION('',(0.,1.,0.));
#813 = PLANE('',#814);
#814 = AXIS2_PLACEMENT_3D('',#815,#816,#817);
#815 = CARTESIAN_POINT('',(79.5,14.,-1.));
#816 = DIRECTION('',(1.,0.,0.));
#817 = DIRECTION('',(0.,0.,1.));
#818 = ADVANCED_FACE('',(#819),#837,.T.);
#819 = FACE_BOUND('',#820,.T.);
#820 = EDGE_LOOP('',(#821,#822,#823,#831));
#821 = ORIENTED_EDGE('',*,*,#765,.F.);
#822 = ORIENTED_EDGE('',*,*,#144,.T.);
#823 = ORIENTED_EDGE('',*,*,#824,.T.);
#824 = EDGE_CURVE('',#137,#825,#827,.T.);
#825 = VERTEX_POINT('',#826);
#826 = CARTESIAN_POINT('',(70.5,120.,6.));
#827 = LINE('',#828,#829);
#828 = CARTESIAN_POINT('',(70.5,120.,-1.));
#829 = VECTOR('',#830,1.);
#830 = DIRECTION('',(0.,0.,1.));
#831 = ORIENTED_EDGE('',*,*,#832,.F.);
#832 = EDGE_CURVE('',#766,#825,#833,.T.);
#833 = LINE('',#834,#835);
#834 = CARTESIAN_POINT('',(70.5,7.,6.));
#835 = VECTOR('',#836,1.);
#836 = DIRECTION('',(0.,1.,0.));
#837 = PLANE('',#838);
#838 = AXIS2_PLACEMENT_3D('',#839,#840,#841);
#839 = CARTESIAN_POINT('',(70.5,14.,-1.));
#840 = DIRECTION('',(1.,0.,0.));
#841 = DIRECTION('',(0.,0.,1.));
#842 = ADVANCED_FACE('',(#843),#854,.F.);
#843 = FACE_BOUND('',#844,.F.);
#844 = EDGE_LOOP('',(#845,#846,#847,#848));
#845 = ORIENTED_EDGE('',*,*,#800,.F.);
#846 = ORIENTED_EDGE('',*,*,#136,.T.);
#847 = ORIENTED_EDGE('',*,*,#824,.T.);
#848 = ORIENTED_EDGE('',*,*,#849,.F.);
#849 = EDGE_CURVE('',#801,#825,#850,.T.);
#850 = LINE('',#851,#852);
#851 = CARTESIAN_POINT('',(-19.85,120.,6.));
#852 = VECTOR('',#853,1.);
#853 = DIRECTION('',(-1.,0.,0.));
#854 = PLANE('',#855);
#855 = AXIS2_PLACEMENT_3D('',#856,#857,#858);
#856 = CARTESIAN_POINT('',(70.5,120.,-1.));
#857 = DIRECTION('',(0.,1.,0.));
#858 = DIRECTION('',(0.,0.,1.));
#859 = ADVANCED_FACE('',(#860),#885,.T.);
#860 = FACE_BOUND('',#861,.T.);
#861 = EDGE_LOOP('',(#862,#870,#871,#879));
#862 = ORIENTED_EDGE('',*,*,#863,.F.);
#863 = EDGE_CURVE('',#153,#864,#866,.T.);
#864 = VERTEX_POINT('',#865);
#865 = CARTESIAN_POINT('',(64.5,14.,6.));
#866 = LINE('',#867,#868);
#867 = CARTESIAN_POINT('',(64.5,14.,-1.));
#868 = VECTOR('',#869,1.);
#869 = DIRECTION('',(0.,0.,1.));
#870 = ORIENTED_EDGE('',*,*,#152,.T.);
#871 = ORIENTED_EDGE('',*,*,#872,.T.);
#872 = EDGE_CURVE('',#155,#873,#875,.T.);
#873 = VERTEX_POINT('',#874);
#874 = CARTESIAN_POINT('',(55.5,14.,6.));
#875 = LINE('',#876,#877);
#876 = CARTESIAN_POINT('',(55.5,14.,-1.));
#877 = VECTOR('',#878,1.);
#878 = DIRECTION('',(0.,0.,1.));
#879 = ORIENTED_EDGE('',*,*,#880,.F.);
#880 = EDGE_CURVE('',#864,#873,#881,.T.);
#881 = LINE('',#882,#883);
#882 = CARTESIAN_POINT('',(-27.35,14.,6.));
#883 = VECTOR('',#884,1.);
#884 = DIRECTION('',(-1.,0.,0.));
#885 = PLANE('',#886);
#886 = AXIS2_PLACEMENT_3D('',#887,#888,#889);
#887 = CARTESIAN_POINT('',(55.5,14.,-1.));
#888 = DIRECTION('',(0.,1.,0.));
#889 = DIRECTION('',(0.,0.,1.));
#890 = ADVANCED_FACE('',(#891),#909,.F.);
#891 = FACE_BOUND('',#892,.F.);
#892 = EDGE_LOOP('',(#893,#894,#895,#903));
#893 = ORIENTED_EDGE('',*,*,#863,.F.);
#894 = ORIENTED_EDGE('',*,*,#162,.T.);
#895 = ORIENTED_EDGE('',*,*,#896,.T.);
#896 = EDGE_CURVE('',#163,#897,#899,.T.);
#897 = VERTEX_POINT('',#898);
#898 = CARTESIAN_POINT('',(64.5,120.,6.));
#899 = LINE('',#900,#901);
#900 = CARTESIAN_POINT('',(64.5,120.,-1.));
#901 = VECTOR('',#902,1.);
#902 = DIRECTION('',(0.,0.,1.));
#903 = ORIENTED_EDGE('',*,*,#904,.F.);
#904 = EDGE_CURVE('',#864,#897,#905,.T.);
#905 = LINE('',#906,#907);
#906 = CARTESIAN_POINT('',(64.5,7.,6.));
#907 = VECTOR('',#908,1.);
#908 = DIRECTION('',(0.,1.,0.));
#909 = PLANE('',#910);
#910 = AXIS2_PLACEMENT_3D('',#911,#912,#913);
#911 = CARTESIAN_POINT('',(64.5,14.,-1.));
#912 = DIRECTION('',(1.,0.,0.));
#913 = DIRECTION('',(0.,0.,1.));
#914 = ADVANCED_FACE('',(#915),#933,.T.);
#915 = FACE_BOUND('',#916,.T.);
#916 = EDGE_LOOP('',(#917,#918,#919,#927));
#917 = ORIENTED_EDGE('',*,*,#872,.F.);
#918 = ORIENTED_EDGE('',*,*,#178,.T.);
#919 = ORIENTED_EDGE('',*,*,#920,.T.);
#920 = EDGE_CURVE('',#171,#921,#923,.T.);
#921 = VERTEX_POINT('',#922);
#922 = CARTESIAN_POINT('',(55.5,120.,6.));
#923 = LINE('',#924,#925);
#924 = CARTESIAN_POINT('',(55.5,120.,-1.));
#925 = VECTOR('',#926,1.);
#926 = DIRECTION('',(0.,0.,1.));
#927 = ORIENTED_EDGE('',*,*,#928,.F.);
#928 = EDGE_CURVE('',#873,#921,#929,.T.);
#929 = LINE('',#930,#931);
#930 = CARTESIAN_POINT('',(55.5,7.,6.));
#931 = VECTOR('',#932,1.);
#932 = DIRECTION('',(0.,1.,0.));
#933 = PLANE('',#934);
#934 = AXIS2_PLACEMENT_3D('',#935,#936,#937);
#935 = CARTESIAN_POINT('',(55.5,14.,-1.));
#936 = DIRECTION('',(1.,0.,0.));
#937 = DIRECTION('',(0.,0.,1.));
#938 = ADVANCED_FACE('',(#939),#950,.F.);
#939 = FACE_BOUND('',#940,.F.);
#940 = EDGE_LOOP('',(#941,#942,#943,#944));
#941 = ORIENTED_EDGE('',*,*,#896,.F.);
#942 = ORIENTED_EDGE('',*,*,#170,.T.);
#943 = ORIENTED_EDGE('',*,*,#920,.T.);
#944 = ORIENTED_EDGE('',*,*,#945,.F.);
#945 = EDGE_CURVE('',#897,#921,#946,.T.);
#946 = LINE('',#947,#948);
#947 = CARTESIAN_POINT('',(-27.35,120.,6.));
#948 = VECTOR('',#949,1.);
#949 = DIRECTION('',(-1.,0.,0.));
#950 = PLANE('',#951);
#951 = AXIS2_PLACEMENT_3D('',#952,#953,#954);
#952 = CARTESIAN_POINT('',(55.5,120.,-1.));
#953 = DIRECTION('',(0.,1.,0.));
#954 = DIRECTION('',(0.,0.,1.));
#955 = ADVANCED_FACE('',(#956),#981,.T.);
#956 = FACE_BOUND('',#957,.T.);
#957 = EDGE_LOOP('',(#958,#966,#967,#975));
#958 = ORIENTED_EDGE('',*,*,#959,.F.);
#959 = EDGE_CURVE('',#187,#960,#962,.T.);
#960 = VERTEX_POINT('',#961);
#961 = CARTESIAN_POINT('',(49.5,14.,6.));
#962 = LINE('',#963,#964);
#963 = CARTESIAN_POINT('',(49.5,14.,-1.));
#964 = VECTOR('',#965,1.);
#965 = DIRECTION('',(0.,0.,1.));
#966 = ORIENTED_EDGE('',*,*,#186,.T.);
#967 = ORIENTED_EDGE('',*,*,#968,.T.);
#968 = EDGE_CURVE('',#189,#969,#971,.T.);
#969 = VERTEX_POINT('',#970);
#970 = CARTESIAN_POINT('',(40.5,14.,6.));
#971 = LINE('',#972,#973);
#972 = CARTESIAN_POINT('',(40.5,14.,-1.));
#973 = VECTOR('',#974,1.);
#974 = DIRECTION('',(0.,0.,1.));
#975 = ORIENTED_EDGE('',*,*,#976,.F.);
#976 = EDGE_CURVE('',#960,#969,#977,.T.);
#977 = LINE('',#978,#979);
#978 = CARTESIAN_POINT('',(-34.85,14.,6.));
#979 = VECTOR('',#980,1.);
#980 = DIRECTION('',(-1.,0.,0.));
#981 = PLANE('',#982);
#982 = AXIS2_PLACEMENT_3D('',#983,#984,#985);
#983 = CARTESIAN_POINT('',(40.5,14.,-1.));
#984 = DIRECTION('',(0.,1.,0.));
#985 = DIRECTION('',(0.,0.,1.));
#986 = ADVANCED_FACE('',(#987),#1005,.F.);
#987 = FACE_BOUND('',#988,.F.);
#988 = EDGE_LOOP('',(#989,#990,#991,#999));
#989 = ORIENTED_EDGE('',*,*,#959,.F.);
#990 = ORIENTED_EDGE('',*,*,#196,.T.);
#991 = ORIENTED_EDGE('',*,*,#992,.T.);
#992 = EDGE_CURVE('',#197,#993,#995,.T.);
#993 = VERTEX_POINT('',#994);
#994 = CARTESIAN_POINT('',(49.5,120.,6.));
#995 = LINE('',#996,#997);
#996 = CARTESIAN_POINT('',(49.5,120.,-1.));
#997 = VECTOR('',#998,1.);
#998 = DIRECTION('',(0.,0.,1.));
#999 = ORIENTED_EDGE('',*,*,#1000,.F.);
#1000 = EDGE_CURVE('',#960,#993,#1001,.T.);
#1001 = LINE('',#1002,#1003);
#1002 = CARTESIAN_POINT('',(49.5,7.,6.));
#1003 = VECTOR('',#1004,1.);
#1004 = DIRECTION('',(0.,1.,0.));
#1005 = PLANE('',#1006);
#1006 = AXIS2_PLACEMENT_3D('',#1007,#1008,#1009);
#1007 = CARTESIAN_POINT('',(49.5,14.,-1.));
#1008 = DIRECTION('',(1.,0.,0.));
#1009 = DIRECTION('',(0.,0.,1.));
#1010 = ADVANCED_FACE('',(#1011),#1029,.T.);
#1011 = FACE_BOUND('',#1012,.T.);
#1012 = EDGE_LOOP('',(#1013,#1014,#1015,#1023));
#1013 = ORIENTED_EDGE('',*,*,#968,.F.);
#1014 = ORIENTED_EDGE('',*,*,#212,.T.);
#1015 = ORIENTED_EDGE('',*,*,#1016,.T.);
#1016 = EDGE_CURVE('',#205,#1017,#1019,.T.);
#1017 = VERTEX_POINT('',#1018);
#1018 = CARTESIAN_POINT('',(40.5,120.,6.));
#1019 = LINE('',#1020,#1021);
#1020 = CARTESIAN_POINT('',(40.5,120.,-1.));
#1021 = VECTOR('',#1022,1.);
#1022 = DIRECTION('',(0.,0.,1.));
#1023 = ORIENTED_EDGE('',*,*,#1024,.F.);
#1024 = EDGE_CURVE('',#969,#1017,#1025,.T.);
#1025 = LINE('',#1026,#1027);
#1026 = CARTESIAN_POINT('',(40.5,7.,6.));
#1027 = VECTOR('',#1028,1.);
#1028 = DIRECTION('',(0.,1.,0.));
#1029 = PLANE('',#1030);
#1030 = AXIS2_PLACEMENT_3D('',#1031,#1032,#1033);
#1031 = CARTESIAN_POINT('',(40.5,14.,-1.));
#1032 = DIRECTION('',(1.,0.,0.));
#1033 = DIRECTION('',(0.,0.,1.));
#1034 = ADVANCED_FACE('',(#1035),#1046,.F.);
#1035 = FACE_BOUND('',#1036,.F.);
#1036 = EDGE_LOOP('',(#1037,#1038,#1039,#1040));
#1037 = ORIENTED_EDGE('',*,*,#992,.F.);
#1038 = ORIENTED_EDGE('',*,*,#204,.T.);
#1039 = ORIENTED_EDGE('',*,*,#1016,.T.);
#1040 = ORIENTED_EDGE('',*,*,#1041,.F.);
#1041 = EDGE_CURVE('',#993,#1017,#1042,.T.);
#1042 = LINE('',#1043,#1044);
#1043 = CARTESIAN_POINT('',(-34.85,120.,6.));
#1044 = VECTOR('',#1045,1.);
#1045 = DIRECTION('',(-1.,0.,0.));
#1046 = PLANE('',#1047);
#1047 = AXIS2_PLACEMENT_3D('',#1048,#1049,#1050);
#1048 = CARTESIAN_POINT('',(40.5,120.,-1.));
#1049 = DIRECTION('',(0.,1.,0.));
#1050 = DIRECTION('',(0.,0.,1.));
#1051 = ADVANCED_FACE('',(#1052),#1077,.T.);
#1052 = FACE_BOUND('',#1053,.T.);
#1053 = EDGE_LOOP('',(#1054,#1062,#1063,#1071));
#1054 = ORIENTED_EDGE('',*,*,#1055,.F.);
#1055 = EDGE_CURVE('',#221,#1056,#1058,.T.);
#1056 = VERTEX_POINT('',#1057);
#1057 = CARTESIAN_POINT('',(34.5,14.,6.));
#1058 = LINE('',#1059,#1060);
#1059 = CARTESIAN_POINT('',(34.5,14.,-1.));
#1060 = VECTOR('',#1061,1.);
#1061 = DIRECTION('',(0.,0.,1.));
#1062 = ORIENTED_EDGE('',*,*,#220,.T.);
#1063 = ORIENTED_EDGE('',*,*,#1064,.T.);
#1064 = EDGE_CURVE('',#223,#1065,#1067,.T.);
#1065 = VERTEX_POINT('',#1066);
#1066 = CARTESIAN_POINT('',(25.5,14.,6.));
#1067 = LINE('',#1068,#1069);
#1068 = CARTESIAN_POINT('',(25.5,14.,-1.));
#1069 = VECTOR('',#1070,1.);
#1070 = DIRECTION('',(0.,0.,1.));
#1071 = ORIENTED_EDGE('',*,*,#1072,.F.);
#1072 = EDGE_CURVE('',#1056,#1065,#1073,.T.);
#1073 = LINE('',#1074,#1075);
#1074 = CARTESIAN_POINT('',(-42.35,14.,6.));
#1075 = VECTOR('',#1076,1.);
#1076 = DIRECTION('',(-1.,0.,0.));
#1077 = PLANE('',#1078);
#1078 = AXIS2_PLACEMENT_3D('',#1079,#1080,#1081);
#1079 = CARTESIAN_POINT('',(25.5,14.,-1.));
#1080 = DIRECTION('',(0.,1.,0.));
#1081 = DIRECTION('',(0.,0.,1.));
#1082 = ADVANCED_FACE('',(#1083),#1101,.F.);
#1083 = FACE_BOUND('',#1084,.F.);
#1084 = EDGE_LOOP('',(#1085,#1086,#1087,#1095));
#1085 = ORIENTED_EDGE('',*,*,#1055,.F.);
#1086 = ORIENTED_EDGE('',*,*,#230,.T.);
#1087 = ORIENTED_EDGE('',*,*,#1088,.T.);
#1088 = EDGE_CURVE('',#231,#1089,#1091,.T.);
#1089 = VERTEX_POINT('',#1090);
#1090 = CARTESIAN_POINT('',(34.5,120.,6.));
#1091 = LINE('',#1092,#1093);
#1092 = CARTESIAN_POINT('',(34.5,120.,-1.));
#1093 = VECTOR('',#1094,1.);
#1094 = DIRECTION('',(0.,0.,1.));
#1095 = ORIENTED_EDGE('',*,*,#1096,.F.);
#1096 = EDGE_CURVE('',#1056,#1089,#1097,.T.);
#1097 = LINE('',#1098,#1099);
#1098 = CARTESIAN_POINT('',(34.5,7.,6.));
#1099 = VECTOR('',#1100,1.);
#1100 = DIRECTION('',(0.,1.,0.));
#1101 = PLANE('',#1102);
#1102 = AXIS2_PLACEMENT_3D('',#1103,#1104,#1105);
#1103 = CARTESIAN_POINT('',(34.5,14.,-1.));
#1104 = DIRECTION('',(1.,0.,0.));
#1105 = DIRECTION('',(0.,0.,1.));
#1106 = ADVANCED_FACE('',(#1107),#1125,.T.);
#1107 = FACE_BOUND('',#1108,.T.);
#1108 = EDGE_LOOP('',(#1109,#1110,#1111,#1119));
#1109 = ORIENTED_EDGE('',*,*,#1064,.F.);
#1110 = ORIENTED_EDGE('',*,*,#246,.T.);
#1111 = ORIENTED_EDGE('',*,*,#1112,.T.);
#1112 = EDGE_CURVE('',#239,#1113,#1115,.T.);
#1113 = VERTEX_POINT('',#1114);
#1114 = CARTESIAN_POINT('',(25.5,120.,6.));
#1115 = LINE('',#1116,#1117);
#1116 = CARTESIAN_POINT('',(25.5,120.,-1.));
#1117 = VECTOR('',#1118,1.);
#1118 = DIRECTION('',(0.,0.,1.));
#1119 = ORIENTED_EDGE('',*,*,#1120,.F.);
#1120 = EDGE_CURVE('',#1065,#1113,#1121,.T.);
#1121 = LINE('',#1122,#1123);
#1122 = CARTESIAN_POINT('',(25.5,7.,6.));
#1123 = VECTOR('',#1124,1.);
#1124 = DIRECTION('',(0.,1.,0.));
#1125 = PLANE('',#1126);
#1126 = AXIS2_PLACEMENT_3D('',#1127,#1128,#1129);
#1127 = CARTESIAN_POINT('',(25.5,14.,-1.));
#1128 = DIRECTION('',(1.,0.,0.));
#1129 = DIRECTION('',(0.,0.,1.));
#1130 = ADVANCED_FACE('',(#1131),#1142,.F.);
#1131 = FACE_BOUND('',#1132,.F.);
#1132 = EDGE_LOOP('',(#1133,#1134,#1135,#1136));
#1133 = ORIENTED_EDGE('',*,*,#1088,.F.);
#1134 = ORIENTED_EDGE('',*,*,#238,.T.);
#1135 = ORIENTED_EDGE('',*,*,#1112,.T.);
#1136 = ORIENTED_EDGE('',*,*,#1137,.F.);
#1137 = EDGE_CURVE('',#1089,#1113,#1138,.T.);
#1138 = LINE('',#1139,#1140);
#1139 = CARTESIAN_POINT('',(-42.35,120.,6.));
#1140 = VECTOR('',#1141,1.);
#1141 = DIRECTION('',(-1.,0.,0.));
#1142 = PLANE('',#1143);
#1143 = AXIS2_PLACEMENT_3D('',#1144,#1145,#1146);
#1144 = CARTESIAN_POINT('',(25.5,120.,-1.));
#1145 = DIRECTION('',(0.,1.,0.));
#1146 = DIRECTION('',(0.,0.,1.));
#1147 = ADVANCED_FACE('',(#1148),#1173,.T.);
#1148 = FACE_BOUND('',#1149,.T.);
#1149 = EDGE_LOOP('',(#1150,#1158,#1159,#1167));
#1150 = ORIENTED_EDGE('',*,*,#1151,.F.);
#1151 = EDGE_CURVE('',#255,#1152,#1154,.T.);
#1152 = VERTEX_POINT('',#1153);
#1153 = CARTESIAN_POINT('',(19.5,14.,6.));
#1154 = LINE('',#1155,#1156);
#1155 = CARTESIAN_POINT('',(19.5,14.,-1.));
#1156 = VECTOR('',#1157,1.);
#1157 = DIRECTION('',(0.,0.,1.));
#1158 = ORIENTED_EDGE('',*,*,#254,.T.);
#1159 = ORIENTED_EDGE('',*,*,#1160,.T.);
#1160 = EDGE_CURVE('',#257,#1161,#1163,.T.);
#1161 = VERTEX_POINT('',#1162);
#1162 = CARTESIAN_POINT('',(10.5,14.,6.));
#1163 = LINE('',#1164,#1165);
#1164 = CARTESIAN_POINT('',(10.5,14.,-1.));
#1165 = VECTOR('',#1166,1.);
#1166 = DIRECTION('',(0.,0.,1.));
#1167 = ORIENTED_EDGE('',*,*,#1168,.F.);
#1168 = EDGE_CURVE('',#1152,#1161,#1169,.T.);
#1169 = LINE('',#1170,#1171);
#1170 = CARTESIAN_POINT('',(-49.85,14.,6.));
#1171 = VECTOR('',#1172,1.);
#1172 = DIRECTION('',(-1.,0.,0.));
#1173 = PLANE('',#1174);
#1174 = AXIS2_PLACEMENT_3D('',#1175,#1176,#1177);
#1175 = CARTESIAN_POINT('',(10.5,14.,-1.));
#1176 = DIRECTION('',(0.,1.,0.));
#1177 = DIRECTION('',(0.,0.,1.));
#1178 = ADVANCED_FACE('',(#1179),#1197,.F.);
#1179 = FACE_BOUND('',#1180,.F.);
#1180 = EDGE_LOOP('',(#1181,#1182,#1183,#1191));
#1181 = ORIENTED_EDGE('',*,*,#1151,.F.);
#1182 = ORIENTED_EDGE('',*,*,#264,.T.);
#1183 = ORIENTED_EDGE('',*,*,#1184,.T.);
#1184 = EDGE_CURVE('',#265,#1185,#1187,.T.);
#1185 = VERTEX_POINT('',#1186);
#1186 = CARTESIAN_POINT('',(19.5,120.,6.));
#1187 = LINE('',#1188,#1189);
#1188 = CARTESIAN_POINT('',(19.5,120.,-1.));
#1189 = VECTOR('',#1190,1.);
#1190 = DIRECTION('',(0.,0.,1.));
#1191 = ORIENTED_EDGE('',*,*,#1192,.F.);
#1192 = EDGE_CURVE('',#1152,#1185,#1193,.T.);
#1193 = LINE('',#1194,#1195);
#1194 = CARTESIAN_POINT('',(19.5,7.,6.));
#1195 = VECTOR('',#1196,1.);
#1196 = DIRECTION('',(0.,1.,0.));
#1197 = PLANE('',#1198);
#1198 = AXIS2_PLACEMENT_3D('',#1199,#1200,#1201);
#1199 = CARTESIAN_POINT('',(19.5,14.,-1.));
#1200 = DIRECTION('',(1.,0.,0.));
#1201 = DIRECTION('',(0.,0.,1.));
#1202 = ADVANCED_FACE('',(#1203),#1221,.T.);
#1203 = FACE_BOUND('',#1204,.T.);
#1204 = EDGE_LOOP('',(#1205,#1206,#1207,#1215));
#1205 = ORIENTED_EDGE('',*,*,#1160,.F.);
#1206 = ORIENTED_EDGE('',*,*,#280,.T.);
#1207 = ORIENTED_EDGE('',*,*,#1208,.T.);
#1208 = EDGE_CURVE('',#273,#1209,#1211,.T.);
#1209 = VERTEX_POINT('',#1210);
#1210 = CARTESIAN_POINT('',(10.5,120.,6.));
#1211 = LINE('',#1212,#1213);
#1212 = CARTESIAN_POINT('',(10.5,120.,-1.));
#1213 = VECTOR('',#1214,1.);
#1214 = DIRECTION('',(0.,0.,1.));
#1215 = ORIENTED_EDGE('',*,*,#1216,.F.);
#1216 = EDGE_CURVE('',#1161,#1209,#1217,.T.);
#1217 = LINE('',#1218,#1219);
#1218 = CARTESIAN_POINT('',(10.5,7.,6.));
#1219 = VECTOR('',#1220,1.);
#1220 = DIRECTION('',(0.,1.,0.));
#1221 = PLANE('',#1222);
#1222 = AXIS2_PLACEMENT_3D('',#1223,#1224,#1225);
#1223 = CARTESIAN_POINT('',(10.5,14.,-1.));
#1224 = DIRECTION('',(1.,0.,0.));
#1225 = DIRECTION('',(0.,0.,1.));
#1226 = ADVANCED_FACE('',(#1227),#1238,.F.);
#1227 = FACE_BOUND('',#1228,.F.);
#1228 = EDGE_LOOP('',(#1229,#1230,#1231,#1232));
#1229 = ORIENTED_EDGE('',*,*,#1184,.F.);
#1230 = ORIENTED_EDGE('',*,*,#272,.T.);
#1231 = ORIENTED_EDGE('',*,*,#1208,.T.);
#1232 = ORIENTED_EDGE('',*,*,#1233,.F.);
#1233 = EDGE_CURVE('',#1185,#1209,#1234,.T.);
#1234 = LINE('',#1235,#1236);
#1235 = CARTESIAN_POINT('',(-49.85,120.,6.));
#1236 = VECTOR('',#1237,1.);
#1237 = DIRECTION('',(-1.,0.,0.));
#1238 = PLANE('',#1239);
#1239 = AXIS2_PLACEMENT_3D('',#1240,#1241,#1242);
#1240 = CARTESIAN_POINT('',(10.5,120.,-1.));
#1241 = DIRECTION('',(0.,1.,0.));
#1242 = DIRECTION('',(0.,0.,1.));
#1243 = ADVANCED_FACE('',(#1244),#1269,.T.);
#1244 = FACE_BOUND('',#1245,.T.);
#1245 = EDGE_LOOP('',(#1246,#1254,#1255,#1263));
#1246 = ORIENTED_EDGE('',*,*,#1247,.F.);
#1247 = EDGE_CURVE('',#289,#1248,#1250,.T.);
#1248 = VERTEX_POINT('',#1249);
#1249 = CARTESIAN_POINT('',(4.5,14.,6.));
#1250 = LINE('',#1251,#1252);
#1251 = CARTESIAN_POINT('',(4.5,14.,-1.));
#1252 = VECTOR('',#1253,1.);
#1253 = DIRECTION('',(0.,0.,1.));
#1254 = ORIENTED_EDGE('',*,*,#288,.T.);
#1255 = ORIENTED_EDGE('',*,*,#1256,.T.);
#1256 = EDGE_CURVE('',#291,#1257,#1259,.T.);
#1257 = VERTEX_POINT('',#1258);
#1258 = CARTESIAN_POINT('',(-4.5,14.,6.));
#1259 = LINE('',#1260,#1261);
#1260 = CARTESIAN_POINT('',(-4.5,14.,-1.));
#1261 = VECTOR('',#1262,1.);
#1262 = DIRECTION('',(0.,0.,1.));
#1263 = ORIENTED_EDGE('',*,*,#1264,.F.);
#1264 = EDGE_CURVE('',#1248,#1257,#1265,.T.);
#1265 = LINE('',#1266,#1267);
#1266 = CARTESIAN_POINT('',(-57.35,14.,6.));
#1267 = VECTOR('',#1268,1.);
#1268 = DIRECTION('',(-1.,0.,0.));
#1269 = PLANE('',#1270);
#1270 = AXIS2_PLACEMENT_3D('',#1271,#1272,#1273);
#1271 = CARTESIAN_POINT('',(-4.5,14.,-1.));
#1272 = DIRECTION('',(0.,1.,0.));
#1273 = DIRECTION('',(0.,0.,1.));
#1274 = ADVANCED_FACE('',(#1275),#1293,.F.);
#1275 = FACE_BOUND('',#1276,.F.);
#1276 = EDGE_LOOP('',(#1277,#1278,#1279,#1287));
#1277 = ORIENTED_EDGE('',*,*,#1247,.F.);
#1278 = ORIENTED_EDGE('',*,*,#298,.T.);
#1279 = ORIENTED_EDGE('',*,*,#1280,.T.);
#1280 = EDGE_CURVE('',#299,#1281,#1283,.T.);
#1281 = VERTEX_POINT('',#1282);
#1282 = CARTESIAN_POINT('',(4.5,120.,6.));
#1283 = LINE('',#1284,#1285);
#1284 = CARTESIAN_POINT('',(4.5,120.,-1.));
#1285 = VECTOR('',#1286,1.);
#1286 = DIRECTION('',(0.,0.,1.));
#1287 = ORIENTED_EDGE('',*,*,#1288,.F.);
#1288 = EDGE_CURVE('',#1248,#1281,#1289,.T.);
#1289 = LINE('',#1290,#1291);
#1290 = CARTESIAN_POINT('',(4.5,7.,6.));
#1291 = VECTOR('',#1292,1.);
#1292 = DIRECTION('',(0.,1.,0.));
#1293 = PLANE('',#1294);
#1294 = AXIS2_PLACEMENT_3D('',#1295,#1296,#1297);
#1295 = CARTESIAN_POINT('',(4.5,14.,-1.));
#1296 = DIRECTION('',(1.,0.,0.));
#1297 = DIRECTION('',(0.,0.,1.));
#1298 = ADVANCED_FACE('',(#1299),#1317,.T.);
#1299 = FACE_BOUND('',#1300,.T.);
#1300 = EDGE_LOOP('',(#1301,#1302,#1303,#1311));
#1301 = ORIENTED_EDGE('',*,*,#1256,.F.);
#1302 = ORIENTED_EDGE('',*,*,#314,.T.);
#1303 = ORIENTED_EDGE('',*,*,#1304,.T.);
#1304 = EDGE_CURVE('',#307,#1305,#1307,.T.);
#1305 = VERTEX_POINT('',#1306);
#1306 = CARTESIAN_POINT('',(-4.5,120.,6.));
#1307 = LINE('',#1308,#1309);
#1308 = CARTESIAN_POINT('',(-4.5,120.,-1.));
#1309 = VECTOR('',#1310,1.);
#1310 = DIRECTION('',(0.,0.,1.));
#1311 = ORIENTED_EDGE('',*,*,#1312,.F.);
#1312 = EDGE_CURVE('',#1257,#1305,#1313,.T.);
#1313 = LINE('',#1314,#1315);
#1314 = CARTESIAN_POINT('',(-4.5,7.,6.));
#1315 = VECTOR('',#1316,1.);
#1316 = DIRECTION('',(0.,1.,0.));
#1317 = PLANE('',#1318);
#1318 = AXIS2_PLACEMENT_3D('',#1319,#1320,#1321);
#1319 = CARTESIAN_POINT('',(-4.5,14.,-1.));
#1320 = DIRECTION('',(1.,0.,0.));
#1321 = DIRECTION('',(0.,0.,1.));
#1322 = ADVANCED_FACE('',(#1323),#1334,.F.);
#1323 = FACE_BOUND('',#1324,.F.);
#1324 = EDGE_LOOP('',(#1325,#1326,#1327,#1328));
#1325 = ORIENTED_EDGE('',*,*,#1280,.F.);
#1326 = ORIENTED_EDGE('',*,*,#306,.T.);
#1327 = ORIENTED_EDGE('',*,*,#1304,.T.);
#1328 = ORIENTED_EDGE('',*,*,#1329,.F.);
#1329 = EDGE_CURVE('',#1281,#1305,#1330,.T.);
#1330 = LINE('',#1331,#1332);
#1331 = CARTESIAN_POINT('',(-57.35,120.,6.));
#1332 = VECTOR('',#1333,1.);
#1333 = DIRECTION('',(-1.,0.,0.));
#1334 = PLANE('',#1335);
#1335 = AXIS2_PLACEMENT_3D('',#1336,#1337,#1338);
#1336 = CARTESIAN_POINT('',(-4.5,120.,-1.));
#1337 = DIRECTION('',(0.,1.,0.));
#1338 = DIRECTION('',(0.,0.,1.));
#1339 = ADVANCED_FACE('',(#1340),#1365,.T.);
#1340 = FACE_BOUND('',#1341,.T.);
#1341 = EDGE_LOOP('',(#1342,#1350,#1351,#1359));
#1342 = ORIENTED_EDGE('',*,*,#1343,.F.);
#1343 = EDGE_CURVE('',#323,#1344,#1346,.T.);
#1344 = VERTEX_POINT('',#1345);
#1345 = CARTESIAN_POINT('',(-10.5,14.,6.));
#1346 = LINE('',#1347,#1348);
#1347 = CARTESIAN_POINT('',(-10.5,14.,-1.));
#1348 = VECTOR('',#1349,1.);
#1349 = DIRECTION('',(0.,0.,1.));
#1350 = ORIENTED_EDGE('',*,*,#322,.T.);
#1351 = ORIENTED_EDGE('',*,*,#1352,.T.);
#1352 = EDGE_CURVE('',#325,#1353,#1355,.T.);
#1353 = VERTEX_POINT('',#1354);
#1354 = CARTESIAN_POINT('',(-19.5,14.,6.));
#1355 = LINE('',#1356,#1357);
#1356 = CARTESIAN_POINT('',(-19.5,14.,-1.));
#1357 = VECTOR('',#1358,1.);
#1358 = DIRECTION('',(0.,0.,1.));
#1359 = ORIENTED_EDGE('',*,*,#1360,.F.);
#1360 = EDGE_CURVE('',#1344,#1353,#1361,.T.);
#1361 = LINE('',#1362,#1363);
#1362 = CARTESIAN_POINT('',(-64.85,14.,6.));
#1363 = VECTOR('',#1364,1.);
#1364 = DIRECTION('',(-1.,0.,0.));
#1365 = PLANE('',#1366);
#1366 = AXIS2_PLACEMENT_3D('',#1367,#1368,#1369);
#1367 = CARTESIAN_POINT('',(-19.5,14.,-1.));
#1368 = DIRECTION('',(0.,1.,0.));
#1369 = DIRECTION('',(0.,0.,1.));
#1370 = ADVANCED_FACE('',(#1371),#1389,.F.);
#1371 = FACE_BOUND('',#1372,.F.);
#1372 = EDGE_LOOP('',(#1373,#1374,#1375,#1383));
#1373 = ORIENTED_EDGE('',*,*,#1343,.F.);
#1374 = ORIENTED_EDGE('',*,*,#332,.T.);
#1375 = ORIENTED_EDGE('',*,*,#1376,.T.);
#1376 = EDGE_CURVE('',#333,#1377,#1379,.T.);
#1377 = VERTEX_POINT('',#1378);
#1378 = CARTESIAN_POINT('',(-10.5,120.,6.));
#1379 = LINE('',#1380,#1381);
#1380 = CARTESIAN_POINT('',(-10.5,120.,-1.));
#1381 = VECTOR('',#1382,1.);
#1382 = DIRECTION('',(0.,0.,1.));
#1383 = ORIENTED_EDGE('',*,*,#1384,.F.);
#1384 = EDGE_CURVE('',#1344,#1377,#1385,.T.);
#1385 = LINE('',#1386,#1387);
#1386 = CARTESIAN_POINT('',(-10.5,7.,6.));
#1387 = VECTOR('',#1388,1.);
#1388 = DIRECTION('',(0.,1.,0.));
#1389 = PLANE('',#1390);
#1390 = AXIS2_PLACEMENT_3D('',#1391,#1392,#1393);
#1391 = CARTESIAN_POINT('',(-10.5,14.,-1.));
#1392 = DIRECTION('',(1.,0.,0.));
#1393 = DIRECTION('',(0.,0.,1.));
#1394 = ADVANCED_FACE('',(#1395),#1413,.T.);
#1395 = FACE_BOUND('',#1396,.T.);
#1396 = EDGE_LOOP('',(#1397,#1398,#1399,#1407));
#1397 = ORIENTED_EDGE('',*,*,#1352,.F.);
#1398 = ORIENTED_EDGE('',*,*,#348,.T.);
#1399 = ORIENTED_EDGE('',*,*,#1400,.T.);
#1400 = EDGE_CURVE('',#341,#1401,#1403,.T.);
#1401 = VERTEX_POINT('',#1402);
#1402 = CARTESIAN_POINT('',(-19.5,120.,6.));
#1403 = LINE('',#1404,#1405);
#1404 = CARTESIAN_POINT('',(-19.5,120.,-1.));
#1405 = VECTOR('',#1406,1.);
#1406 = DIRECTION('',(0.,0.,1.));
#1407 = ORIENTED_EDGE('',*,*,#1408,.F.);
#1408 = EDGE_CURVE('',#1353,#1401,#1409,.T.);
#1409 = LINE('',#1410,#1411);
#1410 = CARTESIAN_POINT('',(-19.5,7.,6.));
#1411 = VECTOR('',#1412,1.);
#1412 = DIRECTION('',(0.,1.,0.));
#1413 = PLANE('',#1414);
#1414 = AXIS2_PLACEMENT_3D('',#1415,#1416,#1417);
#1415 = CARTESIAN_POINT('',(-19.5,14.,-1.));
#1416 = DIRECTION('',(1.,0.,0.));
#1417 = DIRECTION('',(0.,0.,1.));
#1418 = ADVANCED_FACE('',(#1419),#1430,.F.);
#1419 = FACE_BOUND('',#1420,.F.);
#1420 = EDGE_LOOP('',(#1421,#1422,#1423,#1424));
#1421 = ORIENTED_EDGE('',*,*,#1376,.F.);
#1422 = ORIENTED_EDGE('',*,*,#340,.T.);
#1423 = ORIENTED_EDGE('',*,*,#1400,.T.);
#1424 = ORIENTED_EDGE('',*,*,#1425,.F.);
#1425 = EDGE_CURVE('',#1377,#1401,#1426,.T.);
#1426 = LINE('',#1427,#1428);
#1427 = CARTESIAN_POINT('',(-64.85,120.,6.));
#1428 = VECTOR('',#1429,1.);
#1429 = DIRECTION('',(-1.,0.,0.));
#1430 = PLANE('',#1431);
#1431 = AXIS2_PLACEMENT_3D('',#1432,#1433,#1434);
#1432 = CARTESIAN_POINT('',(-19.5,120.,-1.));
#1433 = DIRECTION('',(0.,1.,0.));
#1434 = DIRECTION('',(0.,0.,1.));
#1435 = ADVANCED_FACE('',(#1436),#1461,.T.);
#1436 = FACE_BOUND('',#1437,.T.);
#1437 = EDGE_LOOP('',(#1438,#1446,#1447,#1455));
#1438 = ORIENTED_EDGE('',*,*,#1439,.F.);
#1439 = EDGE_CURVE('',#357,#1440,#1442,.T.);
#1440 = VERTEX_POINT('',#1441);
#1441 = CARTESIAN_POINT('',(-25.5,14.,6.));
#1442 = LINE('',#1443,#1444);
#1443 = CARTESIAN_POINT('',(-25.5,14.,-1.));
#1444 = VECTOR('',#1445,1.);
#1445 = DIRECTION('',(0.,0.,1.));
#1446 = ORIENTED_EDGE('',*,*,#356,.T.);
#1447 = ORIENTED_EDGE('',*,*,#1448,.T.);
#1448 = EDGE_CURVE('',#359,#1449,#1451,.T.);
#1449 = VERTEX_POINT('',#1450);
#1450 = CARTESIAN_POINT('',(-34.5,14.,6.));
#1451 = LINE('',#1452,#1453);
#1452 = CARTESIAN_POINT('',(-34.5,14.,-1.));
#1453 = VECTOR('',#1454,1.);
#1454 = DIRECTION('',(0.,0.,1.));
#1455 = ORIENTED_EDGE('',*,*,#1456,.F.);
#1456 = EDGE_CURVE('',#1440,#1449,#1457,.T.);
#1457 = LINE('',#1458,#1459);
#1458 = CARTESIAN_POINT('',(-72.35,14.,6.));
#1459 = VECTOR('',#1460,1.);
#1460 = DIRECTION('',(-1.,0.,0.));
#1461 = PLANE('',#1462);
#1462 = AXIS2_PLACEMENT_3D('',#1463,#1464,#1465);
#1463 = CARTESIAN_POINT('',(-34.5,14.,-1.));
#1464 = DIRECTION('',(0.,1.,0.));
#1465 = DIRECTION('',(0.,0.,1.));
#1466 = ADVANCED_FACE('',(#1467),#1485,.F.);
#1467 = FACE_BOUND('',#1468,.F.);
#1468 = EDGE_LOOP('',(#1469,#1470,#1471,#1479));
#1469 = ORIENTED_EDGE('',*,*,#1439,.F.);
#1470 = ORIENTED_EDGE('',*,*,#366,.T.);
#1471 = ORIENTED_EDGE('',*,*,#1472,.T.);
#1472 = EDGE_CURVE('',#367,#1473,#1475,.T.);
#1473 = VERTEX_POINT('',#1474);
#1474 = CARTESIAN_POINT('',(-25.5,120.,6.));
#1475 = LINE('',#1476,#1477);
#1476 = CARTESIAN_POINT('',(-25.5,120.,-1.));
#1477 = VECTOR('',#1478,1.);
#1478 = DIRECTION('',(0.,0.,1.));
#1479 = ORIENTED_EDGE('',*,*,#1480,.F.);
#1480 = EDGE_CURVE('',#1440,#1473,#1481,.T.);
#1481 = LINE('',#1482,#1483);
#1482 = CARTESIAN_POINT('',(-25.5,7.,6.));
#1483 = VECTOR('',#1484,1.);
#1484 = DIRECTION('',(0.,1.,0.));
#1485 = PLANE('',#1486);
#1486 = AXIS2_PLACEMENT_3D('',#1487,#1488,#1489);
#1487 = CARTESIAN_POINT('',(-25.5,14.,-1.));
#1488 = DIRECTION('',(1.,0.,0.));
#1489 = DIRECTION('',(0.,0.,1.));
#1490 = ADVANCED_FACE('',(#1491),#1509,.T.);
#1491 = FACE_BOUND('',#1492,.T.);
#1492 = EDGE_LOOP('',(#1493,#1494,#1495,#1503));
#1493 = ORIENTED_EDGE('',*,*,#1448,.F.);
#1494 = ORIENTED_EDGE('',*,*,#382,.T.);
#1495 = ORIENTED_EDGE('',*,*,#1496,.T.);
#1496 = EDGE_CURVE('',#375,#1497,#1499,.T.);
#1497 = VERTEX_POINT('',#1498);
#1498 = CARTESIAN_POINT('',(-34.5,120.,6.));
#1499 = LINE('',#1500,#1501);
#1500 = CARTESIAN_POINT('',(-34.5,120.,-1.));
#1501 = VECTOR('',#1502,1.);
#1502 = DIRECTION('',(0.,0.,1.));
#1503 = ORIENTED_EDGE('',*,*,#1504,.F.);
#1504 = EDGE_CURVE('',#1449,#1497,#1505,.T.);
#1505 = LINE('',#1506,#1507);
#1506 = CARTESIAN_POINT('',(-34.5,7.,6.));
#1507 = VECTOR('',#1508,1.);
#1508 = DIRECTION('',(0.,1.,0.));
#1509 = PLANE('',#1510);
#1510 = AXIS2_PLACEMENT_3D('',#1511,#1512,#1513);
#1511 = CARTESIAN_POINT('',(-34.5,14.,-1.));
#1512 = DIRECTION('',(1.,0.,0.));
#1513 = DIRECTION('',(0.,0.,1.));
#1514 = ADVANCED_FACE('',(#1515),#1526,.F.);
#1515 = FACE_BOUND('',#1516,.F.);
#1516 = EDGE_LOOP('',(#1517,#1518,#1519,#1520));
#1517 = ORIENTED_EDGE('',*,*,#1472,.F.);
#1518 = ORIENTED_EDGE('',*,*,#374,.T.);
#1519 = ORIENTED_EDGE('',*,*,#1496,.T.);
#1520 = ORIENTED_EDGE('',*,*,#1521,.F.);
#1521 = EDGE_CURVE('',#1473,#1497,#1522,.T.);
#1522 = LINE('',#1523,#1524);
#1523 = CARTESIAN_POINT('',(-72.35,120.,6.));
#1524 = VECTOR('',#1525,1.);
#1525 = DIRECTION('',(-1.,0.,0.));
#1526 = PLANE('',#1527);
#1527 = AXIS2_PLACEMENT_3D('',#1528,#1529,#1530);
#1528 = CARTESIAN_POINT('',(-34.5,120.,-1.));
#1529 = DIRECTION('',(0.,1.,0.));
#1530 = DIRECTION('',(0.,0.,1.));
#1531 = ADVANCED_FACE('',(#1532),#1557,.T.);
#1532 = FACE_BOUND('',#1533,.T.);
#1533 = EDGE_LOOP('',(#1534,#1542,#1543,#1551));
#1534 = ORIENTED_EDGE('',*,*,#1535,.F.);
#1535 = EDGE_CURVE('',#391,#1536,#1538,.T.);
#1536 = VERTEX_POINT('',#1537);
#1537 = CARTESIAN_POINT('',(-40.5,14.,6.));
#1538 = LINE('',#1539,#1540);
#1539 = CARTESIAN_POINT('',(-40.5,14.,-1.));
#1540 = VECTOR('',#1541,1.);
#1541 = DIRECTION('',(0.,0.,1.));
#1542 = ORIENTED_EDGE('',*,*,#390,.T.);
#1543 = ORIENTED_EDGE('',*,*,#1544,.T.);
#1544 = EDGE_CURVE('',#393,#1545,#1547,.T.);
#1545 = VERTEX_POINT('',#1546);
#1546 = CARTESIAN_POINT('',(-49.5,14.,6.));
#1547 = LINE('',#1548,#1549);
#1548 = CARTESIAN_POINT('',(-49.5,14.,-1.));
#1549 = VECTOR('',#1550,1.);
#1550 = DIRECTION('',(0.,0.,1.));
#1551 = ORIENTED_EDGE('',*,*,#1552,.F.);
#1552 = EDGE_CURVE('',#1536,#1545,#1553,.T.);
#1553 = LINE('',#1554,#1555);
#1554 = CARTESIAN_POINT('',(-79.85,14.,6.));
#1555 = VECTOR('',#1556,1.);
#1556 = DIRECTION('',(-1.,0.,0.));
#1557 = PLANE('',#1558);
#1558 = AXIS2_PLACEMENT_3D('',#1559,#1560,#1561);
#1559 = CARTESIAN_POINT('',(-49.5,14.,-1.));
#1560 = DIRECTION('',(0.,1.,0.));
#1561 = DIRECTION('',(0.,0.,1.));
#1562 = ADVANCED_FACE('',(#1563),#1581,.F.);
#1563 = FACE_BOUND('',#1564,.F.);
#1564 = EDGE_LOOP('',(#1565,#1566,#1567,#1575));
#1565 = ORIENTED_EDGE('',*,*,#1535,.F.);
#1566 = ORIENTED_EDGE('',*,*,#400,.T.);
#1567 = ORIENTED_EDGE('',*,*,#1568,.T.);
#1568 = EDGE_CURVE('',#401,#1569,#1571,.T.);
#1569 = VERTEX_POINT('',#1570);
#1570 = CARTESIAN_POINT('',(-40.5,120.,6.));
#1571 = LINE('',#1572,#1573);
#1572 = CARTESIAN_POINT('',(-40.5,120.,-1.));
#1573 = VECTOR('',#1574,1.);
#1574 = DIRECTION('',(0.,0.,1.));
#1575 = ORIENTED_EDGE('',*,*,#1576,.F.);
#1576 = EDGE_CURVE('',#1536,#1569,#1577,.T.);
#1577 = LINE('',#1578,#1579);
#1578 = CARTESIAN_POINT('',(-40.5,7.,6.));
#1579 = VECTOR('',#1580,1.);
#1580 = DIRECTION('',(0.,1.,0.));
#1581 = PLANE('',#1582);
#1582 = AXIS2_PLACEMENT_3D('',#1583,#1584,#1585);
#1583 = CARTESIAN_POINT('',(-40.5,14.,-1.));
#1584 = DIRECTION('',(1.,0.,0.));
#1585 = DIRECTION('',(0.,0.,1.));
#1586 = ADVANCED_FACE('',(#1587),#1605,.T.);
#1587 = FACE_BOUND('',#1588,.T.);
#1588 = EDGE_LOOP('',(#1589,#1590,#1591,#1599));
#1589 = ORIENTED_EDGE('',*,*,#1544,.F.);
#1590 = ORIENTED_EDGE('',*,*,#416,.T.);
#1591 = ORIENTED_EDGE('',*,*,#1592,.T.);
#1592 = EDGE_CURVE('',#409,#1593,#1595,.T.);
#1593 = VERTEX_POINT('',#1594);
#1594 = CARTESIAN_POINT('',(-49.5,120.,6.));
#1595 = LINE('',#1596,#1597);
#1596 = CARTESIAN_POINT('',(-49.5,120.,-1.));
#1597 = VECTOR('',#1598,1.);
#1598 = DIRECTION('',(0.,0.,1.));
#1599 = ORIENTED_EDGE('',*,*,#1600,.F.);
#1600 = EDGE_CURVE('',#1545,#1593,#1601,.T.);
#1601 = LINE('',#1602,#1603);
#1602 = CARTESIAN_POINT('',(-49.5,7.,6.));
#1603 = VECTOR('',#1604,1.);
#1604 = DIRECTION('',(0.,1.,0.));
#1605 = PLANE('',#1606);
#1606 = AXIS2_PLACEMENT_3D('',#1607,#1608,#1609);
#1607 = CARTESIAN_POINT('',(-49.5,14.,-1.));
#1608 = DIRECTION('',(1.,0.,0.));
#1609 = DIRECTION('',(0.,0.,1.));
#1610 = ADVANCED_FACE('',(#1611),#1622,.F.);
#1611 = FACE_BOUND('',#1612,.F.);
#1612 = EDGE_LOOP('',(#1613,#1614,#1615,#1616));
#1613 = ORIENTED_EDGE('',*,*,#1568,.F.);
#1614 = ORIENTED_EDGE('',*,*,#408,.T.);
#1615 = ORIENTED_EDGE('',*,*,#1592,.T.);
#1616 = ORIENTED_EDGE('',*,*,#1617,.F.);
#1617 = EDGE_CURVE('',#1569,#1593,#1618,.T.);
#1618 = LINE('',#1619,#1620);
#1619 = CARTESIAN_POINT('',(-79.85,120.,6.));
#1620 = VECTOR('',#1621,1.);
#1621 = DIRECTION('',(-1.,0.,0.));
#1622 = PLANE('',#1623);
#1623 = AXIS2_PLACEMENT_3D('',#1624,#1625,#1626);
#1624 = CARTESIAN_POINT('',(-49.5,120.,-1.));
#1625 = DIRECTION('',(0.,1.,0.));
#1626 = DIRECTION('',(0.,0.,1.));
#1627 = ADVANCED_FACE('',(#1628),#1653,.T.);
#1628 = FACE_BOUND('',#1629,.T.);
#1629 = EDGE_LOOP('',(#1630,#1638,#1639,#1647));
#1630 = ORIENTED_EDGE('',*,*,#1631,.F.);
#1631 = EDGE_CURVE('',#425,#1632,#1634,.T.);
#1632 = VERTEX_POINT('',#1633);
#1633 = CARTESIAN_POINT('',(-55.5,14.,6.));
#1634 = LINE('',#1635,#1636);
#1635 = CARTESIAN_POINT('',(-55.5,14.,-1.));
#1636 = VECTOR('',#1637,1.);
#1637 = DIRECTION('',(0.,0.,1.));
#1638 = ORIENTED_EDGE('',*,*,#424,.T.);
#1639 = ORIENTED_EDGE('',*,*,#1640,.T.);
#1640 = EDGE_CURVE('',#427,#1641,#1643,.T.);
#1641 = VERTEX_POINT('',#1642);
#1642 = CARTESIAN_POINT('',(-64.5,14.,6.));
#1643 = LINE('',#1644,#1645);
#1644 = CARTESIAN_POINT('',(-64.5,14.,-1.));
#1645 = VECTOR('',#1646,1.);
#1646 = DIRECTION('',(0.,0.,1.));
#1647 = ORIENTED_EDGE('',*,*,#1648,.F.);
#1648 = EDGE_CURVE('',#1632,#1641,#1649,.T.);
#1649 = LINE('',#1650,#1651);
#1650 = CARTESIAN_POINT('',(-87.35,14.,6.));
#1651 = VECTOR('',#1652,1.);
#1652 = DIRECTION('',(-1.,0.,0.));
#1653 = PLANE('',#1654);
#1654 = AXIS2_PLACEMENT_3D('',#1655,#1656,#1657);
#1655 = CARTESIAN_POINT('',(-64.5,14.,-1.));
#1656 = DIRECTION('',(0.,1.,0.));
#1657 = DIRECTION('',(0.,0.,1.));
#1658 = ADVANCED_FACE('',(#1659),#1677,.F.);
#1659 = FACE_BOUND('',#1660,.F.);
#1660 = EDGE_LOOP('',(#1661,#1662,#1663,#1671));
#1661 = ORIENTED_EDGE('',*,*,#1631,.F.);
#1662 = ORIENTED_EDGE('',*,*,#434,.T.);
#1663 = ORIENTED_EDGE('',*,*,#1664,.T.);
#1664 = EDGE_CURVE('',#435,#1665,#1667,.T.);
#1665 = VERTEX_POINT('',#1666);
#1666 = CARTESIAN_POINT('',(-55.5,120.,6.));
#1667 = LINE('',#1668,#1669);
#1668 = CARTESIAN_POINT('',(-55.5,120.,-1.));
#1669 = VECTOR('',#1670,1.);
#1670 = DIRECTION('',(0.,0.,1.));
#1671 = ORIENTED_EDGE('',*,*,#1672,.F.);
#1672 = EDGE_CURVE('',#1632,#1665,#1673,.T.);
#1673 = LINE('',#1674,#1675);
#1674 = CARTESIAN_POINT('',(-55.5,7.,6.));
#1675 = VECTOR('',#1676,1.);
#1676 = DIRECTION('',(0.,1.,0.));
#1677 = PLANE('',#1678);
#1678 = AXIS2_PLACEMENT_3D('',#1679,#1680,#1681);
#1679 = CARTESIAN_POINT('',(-55.5,14.,-1.));
#1680 = DIRECTION('',(1.,0.,0.));
#1681 = DIRECTION('',(0.,0.,1.));
#1682 = ADVANCED_FACE('',(#1683),#1701,.T.);
#1683 = FACE_BOUND('',#1684,.T.);
#1684 = EDGE_LOOP('',(#1685,#1686,#1687,#1695));
#1685 = ORIENTED_EDGE('',*,*,#1640,.F.);
#1686 = ORIENTED_EDGE('',*,*,#450,.T.);
#1687 = ORIENTED_EDGE('',*,*,#1688,.T.);
#1688 = EDGE_CURVE('',#443,#1689,#1691,.T.);
#1689 = VERTEX_POINT('',#1690);
#1690 = CARTESIAN_POINT('',(-64.5,120.,6.));
#1691 = LINE('',#1692,#1693);
#1692 = CARTESIAN_POINT('',(-64.5,120.,-1.));
#1693 = VECTOR('',#1694,1.);
#1694 = DIRECTION('',(0.,0.,1.));
#1695 = ORIENTED_EDGE('',*,*,#1696,.F.);
#1696 = EDGE_CURVE('',#1641,#1689,#1697,.T.);
#1697 = LINE('',#1698,#1699);
#1698 = CARTESIAN_POINT('',(-64.5,7.,6.));
#1699 = VECTOR('',#1700,1.);
#1700 = DIRECTION('',(0.,1.,0.));
#1701 = PLANE('',#1702);
#1702 = AXIS2_PLACEMENT_3D('',#1703,#1704,#1705);
#1703 = CARTESIAN_POINT('',(-64.5,14.,-1.));
#1704 = DIRECTION('',(1.,0.,0.));
#1705 = DIRECTION('',(0.,0.,1.));
#1706 = ADVANCED_FACE('',(#1707),#1718,.F.);
#1707 = FACE_BOUND('',#1708,.F.);
#1708 = EDGE_LOOP('',(#1709,#1710,#1711,#1712));
#1709 = ORIENTED_EDGE('',*,*,#1664,.F.);
#1710 = ORIENTED_EDGE('',*,*,#442,.T.);
#1711 = ORIENTED_EDGE('',*,*,#1688,.T.);
#1712 = ORIENTED_EDGE('',*,*,#1713,.F.);
#1713 = EDGE_CURVE('',#1665,#1689,#1714,.T.);
#1714 = LINE('',#1715,#1716);
#1715 = CARTESIAN_POINT('',(-87.35,120.,6.));
#1716 = VECTOR('',#1717,1.);
#1717 = DIRECTION('',(-1.,0.,0.));
#1718 = PLANE('',#1719);
#1719 = AXIS2_PLACEMENT_3D('',#1720,#1721,#1722);
#1720 = CARTESIAN_POINT('',(-64.5,120.,-1.));
#1721 = DIRECTION('',(0.,1.,0.));
#1722 = DIRECTION('',(0.,0.,1.));
#1723 = ADVANCED_FACE('',(#1724,#1749),#1760,.T.);
#1724 = FACE_BOUND('',#1725,.T.);
#1725 = EDGE_LOOP('',(#1726,#1734,#1735,#1743));
#1726 = ORIENTED_EDGE('',*,*,#1727,.F.);
#1727 = EDGE_CURVE('',#459,#1728,#1730,.T.);
#1728 = VERTEX_POINT('',#1729);
#1729 = CARTESIAN_POINT('',(-70.5,14.,6.));
#1730 = LINE('',#1731,#1732);
#1731 = CARTESIAN_POINT('',(-70.5,14.,-1.));
#1732 = VECTOR('',#1733,1.);
#1733 = DIRECTION('',(0.,0.,1.));
#1734 = ORIENTED_EDGE('',*,*,#458,.T.);
#1735 = ORIENTED_EDGE('',*,*,#1736,.T.);
#1736 = EDGE_CURVE('',#461,#1737,#1739,.T.);
#1737 = VERTEX_POINT('',#1738);
#1738 = CARTESIAN_POINT('',(-79.5,14.,6.));
#1739 = LINE('',#1740,#1741);
#1740 = CARTESIAN_POINT('',(-79.5,14.,-1.));
#1741 = VECTOR('',#1742,1.);
#1742 = DIRECTION('',(0.,0.,1.));
#1743 = ORIENTED_EDGE('',*,*,#1744,.F.);
#1744 = EDGE_CURVE('',#1728,#1737,#1745,.T.);
#1745 = LINE('',#1746,#1747);
#1746 = CARTESIAN_POINT('',(-94.85,14.,6.));
#1747 = VECTOR('',#1748,1.);
#1748 = DIRECTION('',(-1.,0.,0.));
#1749 = FACE_BOUND('',#1750,.T.);
#1750 = EDGE_LOOP('',(#1751));
#1751 = ORIENTED_EDGE('',*,*,#1752,.F.);
#1752 = EDGE_CURVE('',#1753,#1753,#1755,.T.);
#1753 = VERTEX_POINT('',#1754);
#1754 = CARTESIAN_POINT('',(-76.,14.,5.25));
#1755 = CIRCLE('',#1756,1.25);
#1756 = AXIS2_PLACEMENT_3D('',#1757,#1758,#1759);
#1757 = CARTESIAN_POINT('',(-76.,14.,4.));
#1758 = DIRECTION('',(0.,1.,0.));
#1759 = DIRECTION('',(0.,0.,1.));
#1760 = PLANE('',#1761);
#1761 = AXIS2_PLACEMENT_3D('',#1762,#1763,#1764);
#1762 = CARTESIAN_POINT('',(-79.5,14.,-1.));
#1763 = DIRECTION('',(0.,1.,0.));
#1764 = DIRECTION('',(0.,0.,1.));
#1765 = ADVANCED_FACE('',(#1766),#1784,.F.);
#1766 = FACE_BOUND('',#1767,.F.);
#1767 = EDGE_LOOP('',(#1768,#1769,#1770,#1778));
#1768 = ORIENTED_EDGE('',*,*,#1727,.F.);
#1769 = ORIENTED_EDGE('',*,*,#468,.T.);
#1770 = ORIENTED_EDGE('',*,*,#1771,.T.);
#1771 = EDGE_CURVE('',#469,#1772,#1774,.T.);
#1772 = VERTEX_POINT('',#1773);
#1773 = CARTESIAN_POINT('',(-70.5,120.,6.));
#1774 = LINE('',#1775,#1776);
#1775 = CARTESIAN_POINT('',(-70.5,120.,-1.));
#1776 = VECTOR('',#1777,1.);
#1777 = DIRECTION('',(0.,0.,1.));
#1778 = ORIENTED_EDGE('',*,*,#1779,.F.);
#1779 = EDGE_CURVE('',#1728,#1772,#1780,.T.);
#1780 = LINE('',#1781,#1782);
#1781 = CARTESIAN_POINT('',(-70.5,7.,6.));
#1782 = VECTOR('',#1783,1.);
#1783 = DIRECTION('',(0.,1.,0.));
#1784 = PLANE('',#1785);
#1785 = AXIS2_PLACEMENT_3D('',#1786,#1787,#1788);
#1786 = CARTESIAN_POINT('',(-70.5,14.,-1.));
#1787 = DIRECTION('',(1.,0.,0.));
#1788 = DIRECTION('',(0.,0.,1.));
#1789 = ADVANCED_FACE('',(#1790),#1808,.T.);
#1790 = FACE_BOUND('',#1791,.T.);
#1791 = EDGE_LOOP('',(#1792,#1793,#1794,#1802));
#1792 = ORIENTED_EDGE('',*,*,#1736,.F.);
#1793 = ORIENTED_EDGE('',*,*,#484,.T.);
#1794 = ORIENTED_EDGE('',*,*,#1795,.T.);
#1795 = EDGE_CURVE('',#477,#1796,#1798,.T.);
#1796 = VERTEX_POINT('',#1797);
#1797 = CARTESIAN_POINT('',(-79.5,120.,6.));
#1798 = LINE('',#1799,#1800);
#1799 = CARTESIAN_POINT('',(-79.5,120.,-1.));
#1800 = VECTOR('',#1801,1.);
#1801 = DIRECTION('',(0.,0.,1.));
#1802 = ORIENTED_EDGE('',*,*,#1803,.F.);
#1803 = EDGE_CURVE('',#1737,#1796,#1804,.T.);
#1804 = LINE('',#1805,#1806);
#1805 = CARTESIAN_POINT('',(-79.5,7.,6.));
#1806 = VECTOR('',#1807,1.);
#1807 = DIRECTION('',(0.,1.,0.));
#1808 = PLANE('',#1809);
#1809 = AXIS2_PLACEMENT_3D('',#1810,#1811,#1812);
#1810 = CARTESIAN_POINT('',(-79.5,14.,-1.));
#1811 = DIRECTION('',(1.,0.,0.));
#1812 = DIRECTION('',(0.,0.,1.));
#1813 = ADVANCED_FACE('',(#1814),#1825,.F.);
#1814 = FACE_BOUND('',#1815,.F.);
#1815 = EDGE_LOOP('',(#1816,#1817,#1818,#1819));
#1816 = ORIENTED_EDGE('',*,*,#1771,.F.);
#1817 = ORIENTED_EDGE('',*,*,#476,.T.);
#1818 = ORIENTED_EDGE('',*,*,#1795,.T.);
#1819 = ORIENTED_EDGE('',*,*,#1820,.F.);
#1820 = EDGE_CURVE('',#1772,#1796,#1821,.T.);
#1821 = LINE('',#1822,#1823);
#1822 = CARTESIAN_POINT('',(-94.85,120.,6.));
#1823 = VECTOR('',#1824,1.);
#1824 = DIRECTION('',(-1.,0.,0.));
#1825 = PLANE('',#1826);
#1826 = AXIS2_PLACEMENT_3D('',#1827,#1828,#1829);
#1827 = CARTESIAN_POINT('',(-79.5,120.,-1.));
#1828 = DIRECTION('',(0.,1.,0.));
#1829 = DIRECTION('',(0.,0.,1.));
#1830 = ADVANCED_FACE('',(#1831),#1842,.T.);
#1831 = FACE_BOUND('',#1832,.T.);
#1832 = EDGE_LOOP('',(#1833,#1839,#1840,#1841));
#1833 = ORIENTED_EDGE('',*,*,#1834,.F.);
#1834 = EDGE_CURVE('',#700,#645,#1835,.T.);
#1835 = LINE('',#1836,#1837);
#1836 = CARTESIAN_POINT('',(-110.2,0.,6.));
#1837 = VECTOR('',#1838,1.);
#1838 = DIRECTION('',(1.,0.,0.));
#1839 = ORIENTED_EDGE('',*,*,#707,.F.);
#1840 = ORIENTED_EDGE('',*,*,#548,.T.);
#1841 = ORIENTED_EDGE('',*,*,#652,.T.);
#1842 = PLANE('',#1843);
#1843 = AXIS2_PLACEMENT_3D('',#1844,#1845,#1846);
#1844 = CARTESIAN_POINT('',(-127.,0.,0.));
#1845 = DIRECTION('',(0.,1.,0.));
#1846 = DIRECTION('',(0.,0.,1.));
#1847 = ADVANCED_FACE('',(#1848),#1859,.F.);
#1848 = FACE_BOUND('',#1849,.F.);
#1849 = EDGE_LOOP('',(#1850,#1851,#1857,#1858));
#1850 = ORIENTED_EDGE('',*,*,#781,.F.);
#1851 = ORIENTED_EDGE('',*,*,#1852,.F.);
#1852 = EDGE_CURVE('',#607,#782,#1853,.T.);
#1853 = LINE('',#1854,#1855);
#1854 = CARTESIAN_POINT('',(76.,-4.1,5.25));
#1855 = VECTOR('',#1856,1.);
#1856 = DIRECTION('',(0.,1.,0.));
#1857 = ORIENTED_EDGE('',*,*,#606,.T.);
#1858 = ORIENTED_EDGE('',*,*,#1852,.T.);
#1859 = CYLINDRICAL_SURFACE('',#1860,1.25);
#1860 = AXIS2_PLACEMENT_3D('',#1861,#1862,#1863);
#1861 = CARTESIAN_POINT('',(76.,-4.1,4.));
#1862 = DIRECTION('',(0.,1.,0.));
#1863 = DIRECTION('',(0.,0.,1.));
#1864 = ADVANCED_FACE('',(#1865),#1884,.F.);
#1865 = FACE_BOUND('',#1866,.F.);
#1866 = EDGE_LOOP('',(#1867,#1875,#1882,#1883));
#1867 = ORIENTED_EDGE('',*,*,#1868,.T.);
#1868 = EDGE_CURVE('',#618,#1869,#1871,.T.);
#1869 = VERTEX_POINT('',#1870);
#1870 = CARTESIAN_POINT('',(83.,14.1,5.25));
#1871 = LINE('',#1872,#1873);
#1872 = CARTESIAN_POINT('',(83.,-4.1,5.25));
#1873 = VECTOR('',#1874,1.);
#1874 = DIRECTION('',(0.,1.,0.));
#1875 = ORIENTED_EDGE('',*,*,#1876,.F.);
#1876 = EDGE_CURVE('',#1869,#1869,#1877,.T.);
#1877 = CIRCLE('',#1878,1.25);
#1878 = AXIS2_PLACEMENT_3D('',#1879,#1880,#1881);
#1879 = CARTESIAN_POINT('',(83.,14.1,4.));
#1880 = DIRECTION('',(0.,1.,0.));
#1881 = DIRECTION('',(0.,0.,1.));
#1882 = ORIENTED_EDGE('',*,*,#1868,.F.);
#1883 = ORIENTED_EDGE('',*,*,#617,.T.);
#1884 = CYLINDRICAL_SURFACE('',#1885,1.25);
#1885 = AXIS2_PLACEMENT_3D('',#1886,#1887,#1888);
#1886 = CARTESIAN_POINT('',(83.,-4.1,4.));
#1887 = DIRECTION('',(0.,1.,0.));
#1888 = DIRECTION('',(0.,0.,1.));
#1889 = ADVANCED_FACE('',(#1890,#1896,#1902,#1908,#1914,#1920,#1926,
    #1932,#1938,#1944,#1950,#1956),#1962,.T.);
#1890 = FACE_BOUND('',#1891,.T.);
#1891 = EDGE_LOOP('',(#1892,#1893,#1894,#1895));
#1892 = ORIENTED_EDGE('',*,*,#699,.F.);
#1893 = ORIENTED_EDGE('',*,*,#1834,.T.);
#1894 = ORIENTED_EDGE('',*,*,#644,.T.);
#1895 = ORIENTED_EDGE('',*,*,#676,.F.);
#1896 = FACE_BOUND('',#1897,.T.);
#1897 = EDGE_LOOP('',(#1898,#1899,#1900,#1901));
#1898 = ORIENTED_EDGE('',*,*,#1744,.T.);
#1899 = ORIENTED_EDGE('',*,*,#1803,.T.);
#1900 = ORIENTED_EDGE('',*,*,#1820,.F.);
#1901 = ORIENTED_EDGE('',*,*,#1779,.F.);
#1902 = FACE_BOUND('',#1903,.T.);
#1903 = EDGE_LOOP('',(#1904,#1905,#1906,#1907));
#1904 = ORIENTED_EDGE('',*,*,#1648,.T.);
#1905 = ORIENTED_EDGE('',*,*,#1696,.T.);
#1906 = ORIENTED_EDGE('',*,*,#1713,.F.);
#1907 = ORIENTED_EDGE('',*,*,#1672,.F.);
#1908 = FACE_BOUND('',#1909,.T.);
#1909 = EDGE_LOOP('',(#1910,#1911,#1912,#1913));
#1910 = ORIENTED_EDGE('',*,*,#1552,.T.);
#1911 = ORIENTED_EDGE('',*,*,#1600,.T.);
#1912 = ORIENTED_EDGE('',*,*,#1617,.F.);
#1913 = ORIENTED_EDGE('',*,*,#1576,.F.);
#1914 = FACE_BOUND('',#1915,.T.);
#1915 = EDGE_LOOP('',(#1916,#1917,#1918,#1919));
#1916 = ORIENTED_EDGE('',*,*,#1456,.T.);
#1917 = ORIENTED_EDGE('',*,*,#1504,.T.);
#1918 = ORIENTED_EDGE('',*,*,#1521,.F.);
#1919 = ORIENTED_EDGE('',*,*,#1480,.F.);
#1920 = FACE_BOUND('',#1921,.T.);
#1921 = EDGE_LOOP('',(#1922,#1923,#1924,#1925));
#1922 = ORIENTED_EDGE('',*,*,#1360,.T.);
#1923 = ORIENTED_EDGE('',*,*,#1408,.T.);
#1924 = ORIENTED_EDGE('',*,*,#1425,.F.);
#1925 = ORIENTED_EDGE('',*,*,#1384,.F.);
#1926 = FACE_BOUND('',#1927,.T.);
#1927 = EDGE_LOOP('',(#1928,#1929,#1930,#1931));
#1928 = ORIENTED_EDGE('',*,*,#1264,.T.);
#1929 = ORIENTED_EDGE('',*,*,#1312,.T.);
#1930 = ORIENTED_EDGE('',*,*,#1329,.F.);
#1931 = ORIENTED_EDGE('',*,*,#1288,.F.);
#1932 = FACE_BOUND('',#1933,.T.);
#1933 = EDGE_LOOP('',(#1934,#1935,#1936,#1937));
#1934 = ORIENTED_EDGE('',*,*,#1168,.T.);
#1935 = ORIENTED_EDGE('',*,*,#1216,.T.);
#1936 = ORIENTED_EDGE('',*,*,#1233,.F.);
#1937 = ORIENTED_EDGE('',*,*,#1192,.F.);
#1938 = FACE_BOUND('',#1939,.T.);
#1939 = EDGE_LOOP('',(#1940,#1941,#1942,#1943));
#1940 = ORIENTED_EDGE('',*,*,#1072,.T.);
#1941 = ORIENTED_EDGE('',*,*,#1120,.T.);
#1942 = ORIENTED_EDGE('',*,*,#1137,.F.);
#1943 = ORIENTED_EDGE('',*,*,#1096,.F.);
#1944 = FACE_BOUND('',#1945,.T.);
#1945 = EDGE_LOOP('',(#1946,#1947,#1948,#1949));
#1946 = ORIENTED_EDGE('',*,*,#976,.T.);
#1947 = ORIENTED_EDGE('',*,*,#1024,.T.);
#1948 = ORIENTED_EDGE('',*,*,#1041,.F.);
#1949 = ORIENTED_EDGE('',*,*,#1000,.F.);
#1950 = FACE_BOUND('',#1951,.T.);
#1951 = EDGE_LOOP('',(#1952,#1953,#1954,#1955));
#1952 = ORIENTED_EDGE('',*,*,#880,.T.);
#1953 = ORIENTED_EDGE('',*,*,#928,.T.);
#1954 = ORIENTED_EDGE('',*,*,#945,.F.);
#1955 = ORIENTED_EDGE('',*,*,#904,.F.);
#1956 = FACE_BOUND('',#1957,.T.);
#1957 = EDGE_LOOP('',(#1958,#1959,#1960,#1961));
#1958 = ORIENTED_EDGE('',*,*,#773,.T.);
#1959 = ORIENTED_EDGE('',*,*,#832,.T.);
#1960 = ORIENTED_EDGE('',*,*,#849,.F.);
#1961 = ORIENTED_EDGE('',*,*,#808,.F.);
#1962 = PLANE('',#1963);
#1963 = AXIS2_PLACEMENT_3D('',#1964,#1965,#1966);
#1964 = CARTESIAN_POINT('',(-110.2,0.,6.));
#1965 = DIRECTION('',(0.,0.,1.));
#1966 = DIRECTION('',(1.,0.,0.));
#1967 = ADVANCED_FACE('',(#1968),#1987,.F.);
#1968 = FACE_BOUND('',#1969,.F.);
#1969 = EDGE_LOOP('',(#1970,#1978,#1985,#1986));
#1970 = ORIENTED_EDGE('',*,*,#1971,.T.);
#1971 = EDGE_CURVE('',#729,#1972,#1974,.T.);
#1972 = VERTEX_POINT('',#1973);
#1973 = CARTESIAN_POINT('',(-83.,14.1,5.25));
#1974 = LINE('',#1975,#1976);
#1975 = CARTESIAN_POINT('',(-83.,-4.1,5.25));
#1976 = VECTOR('',#1977,1.);
#1977 = DIRECTION('',(0.,1.,0.));
#1978 = ORIENTED_EDGE('',*,*,#1979,.F.);
#1979 = EDGE_CURVE('',#1972,#1972,#1980,.T.);
#1980 = CIRCLE('',#1981,1.25);
#1981 = AXIS2_PLACEMENT_3D('',#1982,#1983,#1984);
#1982 = CARTESIAN_POINT('',(-83.,14.1,4.));
#1983 = DIRECTION('',(0.,1.,0.));
#1984 = DIRECTION('',(0.,0.,1.));
#1985 = ORIENTED_EDGE('',*,*,#1971,.F.);
#1986 = ORIENTED_EDGE('',*,*,#728,.T.);
#1987 = CYLINDRICAL_SURFACE('',#1988,1.25);
#1988 = AXIS2_PLACEMENT_3D('',#1989,#1990,#1991);
#1989 = CARTESIAN_POINT('',(-83.,-4.1,4.));
#1990 = DIRECTION('',(0.,1.,0.));
#1991 = DIRECTION('',(0.,0.,1.));
#1992 = ADVANCED_FACE('',(#1993),#2004,.F.);
#1993 = FACE_BOUND('',#1994,.F.);
#1994 = EDGE_LOOP('',(#1995,#1996,#2002,#2003));
#1995 = ORIENTED_EDGE('',*,*,#1752,.F.);
#1996 = ORIENTED_EDGE('',*,*,#1997,.F.);
#1997 = EDGE_CURVE('',#740,#1753,#1998,.T.);
#1998 = LINE('',#1999,#2000);
#1999 = CARTESIAN_POINT('',(-76.,-4.1,5.25));
#2000 = VECTOR('',#2001,1.);
#2001 = DIRECTION('',(0.,1.,0.));
#2002 = ORIENTED_EDGE('',*,*,#739,.T.);
#2003 = ORIENTED_EDGE('',*,*,#1997,.T.);
#2004 = CYLINDRICAL_SURFACE('',#2005,1.25);
#2005 = AXIS2_PLACEMENT_3D('',#2006,#2007,#2008);
#2006 = CARTESIAN_POINT('',(-76.,-4.1,4.));
#2007 = DIRECTION('',(0.,1.,0.));
#2008 = DIRECTION('',(0.,0.,1.));
#2009 = ADVANCED_FACE('',(#2010),#2013,.F.);
#2010 = FACE_BOUND('',#2011,.F.);
#2011 = EDGE_LOOP('',(#2012));
#2012 = ORIENTED_EDGE('',*,*,#1876,.T.);
#2013 = PLANE('',#2014);
#2014 = AXIS2_PLACEMENT_3D('',#2015,#2016,#2017);
#2015 = CARTESIAN_POINT('',(83.,14.1,4.));
#2016 = DIRECTION('',(0.,1.,0.));
#2017 = DIRECTION('',(0.,0.,1.));
#2018 = ADVANCED_FACE('',(#2019),#2022,.F.);
#2019 = FACE_BOUND('',#2020,.F.);
#2020 = EDGE_LOOP('',(#2021));
#2021 = ORIENTED_EDGE('',*,*,#1979,.T.);
#2022 = PLANE('',#2023);
#2023 = AXIS2_PLACEMENT_3D('',#2024,#2025,#2026);
#2024 = CARTESIAN_POINT('',(-83.,14.1,4.));
#2025 = DIRECTION('',(0.,1.,0.));
#2026 = DIRECTION('',(0.,0.,1.));
#2027 = MANIFOLD_SOLID_BREP('',#2028);
#2028 = CLOSED_SHELL('',(#2029,#2069,#2132,#2156,#2180,#2226,#2272,#2297
    ,#2322,#2347,#2372,#2407,#2438,#2469,#2488,#2517));
#2029 = ADVANCED_FACE('',(#2030),#2064,.F.);
#2030 = FACE_BOUND('',#2031,.F.);
#2031 = EDGE_LOOP('',(#2032,#2042,#2050,#2058));
#2032 = ORIENTED_EDGE('',*,*,#2033,.T.);
#2033 = EDGE_CURVE('',#2034,#2036,#2038,.T.);
#2034 = VERTEX_POINT('',#2035);
#2035 = CARTESIAN_POINT('',(-72.,-8.,44.45));
#2036 = VERTEX_POINT('',#2037);
#2037 = CARTESIAN_POINT('',(72.,-8.,44.45));
#2038 = LINE('',#2039,#2040);
#2039 = CARTESIAN_POINT('',(-127.,-8.,44.45));
#2040 = VECTOR('',#2041,1.);
#2041 = DIRECTION('',(1.,0.,0.));
#2042 = ORIENTED_EDGE('',*,*,#2043,.T.);
#2043 = EDGE_CURVE('',#2036,#2044,#2046,.T.);
#2044 = VERTEX_POINT('',#2045);
#2045 = CARTESIAN_POINT('',(72.,-8.,34.));
#2046 = LINE('',#2047,#2048);
#2047 = CARTESIAN_POINT('',(72.,-8.,17.));
#2048 = VECTOR('',#2049,1.);
#2049 = DIRECTION('',(0.,0.,-1.));
#2050 = ORIENTED_EDGE('',*,*,#2051,.F.);
#2051 = EDGE_CURVE('',#2052,#2044,#2054,.T.);
#2052 = VERTEX_POINT('',#2053);
#2053 = CARTESIAN_POINT('',(-72.,-8.,34.));
#2054 = LINE('',#2055,#2056);
#2055 = CARTESIAN_POINT('',(-115.5,-8.,34.));
#2056 = VECTOR('',#2057,1.);
#2057 = DIRECTION('',(1.,0.,0.));
#2058 = ORIENTED_EDGE('',*,*,#2059,.F.);
#2059 = EDGE_CURVE('',#2034,#2052,#2060,.T.);
#2060 = LINE('',#2061,#2062);
#2061 = CARTESIAN_POINT('',(-72.,-8.,17.));
#2062 = VECTOR('',#2063,1.);
#2063 = DIRECTION('',(0.,0.,-1.));
#2064 = PLANE('',#2065);
#2065 = AXIS2_PLACEMENT_3D('',#2066,#2067,#2068);
#2066 = CARTESIAN_POINT('',(-127.,-8.,0.));
#2067 = DIRECTION('',(0.,1.,0.));
#2068 = DIRECTION('',(0.,0.,1.));
#2069 = ADVANCED_FACE('',(#2070),#2127,.T.);
#2070 = FACE_BOUND('',#2071,.T.);
#2071 = EDGE_LOOP('',(#2072,#2082,#2090,#2096,#2097,#2105,#2113,#2121));
#2072 = ORIENTED_EDGE('',*,*,#2073,.F.);
#2073 = EDGE_CURVE('',#2074,#2076,#2078,.T.);
#2074 = VERTEX_POINT('',#2075);
#2075 = CARTESIAN_POINT('',(-86.,-4.,44.45));
#2076 = VERTEX_POINT('',#2077);
#2077 = CARTESIAN_POINT('',(-86.,14.,44.45));
#2078 = LINE('',#2079,#2080);
#2079 = CARTESIAN_POINT('',(-86.,0.,44.45));
#2080 = VECTOR('',#2081,1.);
#2081 = DIRECTION('',(0.,1.,0.));
#2082 = ORIENTED_EDGE('',*,*,#2083,.F.);
#2083 = EDGE_CURVE('',#2084,#2074,#2086,.T.);
#2084 = VERTEX_POINT('',#2085);
#2085 = CARTESIAN_POINT('',(-72.,-4.,44.45));
#2086 = LINE('',#2087,#2088);
#2087 = CARTESIAN_POINT('',(-43.,-4.,44.45));
#2088 = VECTOR('',#2089,1.);
#2089 = DIRECTION('',(-1.,0.,0.));
#2090 = ORIENTED_EDGE('',*,*,#2091,.F.);
#2091 = EDGE_CURVE('',#2034,#2084,#2092,.T.);
#2092 = LINE('',#2093,#2094);
#2093 = CARTESIAN_POINT('',(-72.,-199.5398550724,44.45));
#2094 = VECTOR('',#2095,1.);
#2095 = DIRECTION('',(0.,1.,0.));
#2096 = ORIENTED_EDGE('',*,*,#2033,.T.);
#2097 = ORIENTED_EDGE('',*,*,#2098,.T.);
#2098 = EDGE_CURVE('',#2036,#2099,#2101,.T.);
#2099 = VERTEX_POINT('',#2100);
#2100 = CARTESIAN_POINT('',(72.,-4.,44.45));
#2101 = LINE('',#2102,#2103);
#2102 = CARTESIAN_POINT('',(72.,-199.5398550724,44.45));
#2103 = VECTOR('',#2104,1.);
#2104 = DIRECTION('',(0.,1.,0.));
#2105 = ORIENTED_EDGE('',*,*,#2106,.F.);
#2106 = EDGE_CURVE('',#2107,#2099,#2109,.T.);
#2107 = VERTEX_POINT('',#2108);
#2108 = CARTESIAN_POINT('',(86.,-4.,44.45));
#2109 = LINE('',#2110,#2111);
#2110 = CARTESIAN_POINT('',(36.,-4.,44.45));
#2111 = VECTOR('',#2112,1.);
#2112 = DIRECTION('',(-1.,0.,0.));
#2113 = ORIENTED_EDGE('',*,*,#2114,.T.);
#2114 = EDGE_CURVE('',#2107,#2115,#2117,.T.);
#2115 = VERTEX_POINT('',#2116);
#2116 = CARTESIAN_POINT('',(86.,14.,44.45));
#2117 = LINE('',#2118,#2119);
#2118 = CARTESIAN_POINT('',(86.,-1.539855072464,44.45));
#2119 = VECTOR('',#2120,1.);
#2120 = DIRECTION('',(0.,1.,0.));
#2121 = ORIENTED_EDGE('',*,*,#2122,.F.);
#2122 = EDGE_CURVE('',#2076,#2115,#2123,.T.);
#2123 = LINE('',#2124,#2125);
#2124 = CARTESIAN_POINT('',(-86.,14.,44.45));
#2125 = VECTOR('',#2126,1.);
#2126 = DIRECTION('',(1.,0.,0.));
#2127 = PLANE('',#2128);
#2128 = AXIS2_PLACEMENT_3D('',#2129,#2130,#2131);
#2129 = CARTESIAN_POINT('',(0.,0.920289855072,44.45));
#2130 = DIRECTION('',(0.,0.,1.));
#2131 = DIRECTION('',(1.,0.,0.));
#2132 = ADVANCED_FACE('',(#2133),#2151,.F.);
#2133 = FACE_BOUND('',#2134,.F.);
#2134 = EDGE_LOOP('',(#2135,#2143,#2144,#2145));
#2135 = ORIENTED_EDGE('',*,*,#2136,.T.);
#2136 = EDGE_CURVE('',#2137,#2084,#2139,.T.);
#2137 = VERTEX_POINT('',#2138);
#2138 = CARTESIAN_POINT('',(-72.,-4.,34.));
#2139 = LINE('',#2140,#2141);
#2140 = CARTESIAN_POINT('',(-72.,-4.,34.));
#2141 = VECTOR('',#2142,1.);
#2142 = DIRECTION('',(0.,0.,1.));
#2143 = ORIENTED_EDGE('',*,*,#2091,.F.);
#2144 = ORIENTED_EDGE('',*,*,#2059,.T.);
#2145 = ORIENTED_EDGE('',*,*,#2146,.T.);
#2146 = EDGE_CURVE('',#2052,#2137,#2147,.T.);
#2147 = LINE('',#2148,#2149);
#2148 = CARTESIAN_POINT('',(-72.,-400.,34.));
#2149 = VECTOR('',#2150,1.);
#2150 = DIRECTION('',(0.,1.,0.));
#2151 = PLANE('',#2152);
#2152 = AXIS2_PLACEMENT_3D('',#2153,#2154,#2155);
#2153 = CARTESIAN_POINT('',(-72.,-400.,34.));
#2154 = DIRECTION('',(1.,0.,0.));
#2155 = DIRECTION('',(0.,0.,1.));
#2156 = ADVANCED_FACE('',(#2157),#2175,.T.);
#2157 = FACE_BOUND('',#2158,.T.);
#2158 = EDGE_LOOP('',(#2159,#2167,#2168,#2169));
#2159 = ORIENTED_EDGE('',*,*,#2160,.T.);
#2160 = EDGE_CURVE('',#2161,#2099,#2163,.T.);
#2161 = VERTEX_POINT('',#2162);
#2162 = CARTESIAN_POINT('',(72.,-4.,34.));
#2163 = LINE('',#2164,#2165);
#2164 = CARTESIAN_POINT('',(72.,-4.,34.));
#2165 = VECTOR('',#2166,1.);
#2166 = DIRECTION('',(0.,0.,1.));
#2167 = ORIENTED_EDGE('',*,*,#2098,.F.);
#2168 = ORIENTED_EDGE('',*,*,#2043,.T.);
#2169 = ORIENTED_EDGE('',*,*,#2170,.T.);
#2170 = EDGE_CURVE('',#2044,#2161,#2171,.T.);
#2171 = LINE('',#2172,#2173);
#2172 = CARTESIAN_POINT('',(72.,-400.,34.));
#2173 = VECTOR('',#2174,1.);
#2174 = DIRECTION('',(0.,1.,0.));
#2175 = PLANE('',#2176);
#2176 = AXIS2_PLACEMENT_3D('',#2177,#2178,#2179);
#2177 = CARTESIAN_POINT('',(72.,-400.,34.));
#2178 = DIRECTION('',(1.,0.,0.));
#2179 = DIRECTION('',(0.,0.,1.));
#2180 = ADVANCED_FACE('',(#2181,#2199,#2210),#2221,.F.);
#2181 = FACE_BOUND('',#2182,.F.);
#2182 = EDGE_LOOP('',(#2183,#2191,#2192,#2193));
#2183 = ORIENTED_EDGE('',*,*,#2184,.F.);
#2184 = EDGE_CURVE('',#2161,#2185,#2187,.T.);
#2185 = VERTEX_POINT('',#2186);
#2186 = CARTESIAN_POINT('',(86.,-4.,34.));
#2187 = LINE('',#2188,#2189);
#2188 = CARTESIAN_POINT('',(72.,-4.,34.));
#2189 = VECTOR('',#2190,1.);
#2190 = DIRECTION('',(1.,0.,0.));
#2191 = ORIENTED_EDGE('',*,*,#2160,.T.);
#2192 = ORIENTED_EDGE('',*,*,#2106,.F.);
#2193 = ORIENTED_EDGE('',*,*,#2194,.F.);
#2194 = EDGE_CURVE('',#2185,#2107,#2195,.T.);
#2195 = LINE('',#2196,#2197);
#2196 = CARTESIAN_POINT('',(86.,-4.,34.));
#2197 = VECTOR('',#2198,1.);
#2198 = DIRECTION('',(0.,0.,1.));
#2199 = FACE_BOUND('',#2200,.F.);
#2200 = EDGE_LOOP('',(#2201));
#2201 = ORIENTED_EDGE('',*,*,#2202,.F.);
#2202 = EDGE_CURVE('',#2203,#2203,#2205,.T.);
#2203 = VERTEX_POINT('',#2204);
#2204 = CARTESIAN_POINT('',(76.,-4.,40.25));
#2205 = CIRCLE('',#2206,1.25);
#2206 = AXIS2_PLACEMENT_3D('',#2207,#2208,#2209);
#2207 = CARTESIAN_POINT('',(76.,-4.,39.));
#2208 = DIRECTION('',(0.,1.,0.));
#2209 = DIRECTION('',(0.,0.,1.));
#2210 = FACE_BOUND('',#2211,.F.);
#2211 = EDGE_LOOP('',(#2212));
#2212 = ORIENTED_EDGE('',*,*,#2213,.F.);
#2213 = EDGE_CURVE('',#2214,#2214,#2216,.T.);
#2214 = VERTEX_POINT('',#2215);
#2215 = CARTESIAN_POINT('',(83.,-4.,40.25));
#2216 = CIRCLE('',#2217,1.25);
#2217 = AXIS2_PLACEMENT_3D('',#2218,#2219,#2220);
#2218 = CARTESIAN_POINT('',(83.,-4.,39.));
#2219 = DIRECTION('',(0.,1.,0.));
#2220 = DIRECTION('',(0.,0.,1.));
#2221 = PLANE('',#2222);
#2222 = AXIS2_PLACEMENT_3D('',#2223,#2224,#2225);
#2223 = CARTESIAN_POINT('',(72.,-4.,34.));
#2224 = DIRECTION('',(0.,1.,0.));
#2225 = DIRECTION('',(0.,0.,1.));
#2226 = ADVANCED_FACE('',(#2227,#2245,#2256),#2267,.F.);
#2227 = FACE_BOUND('',#2228,.F.);
#2228 = EDGE_LOOP('',(#2229,#2237,#2243,#2244));
#2229 = ORIENTED_EDGE('',*,*,#2230,.F.);
#2230 = EDGE_CURVE('',#2231,#2137,#2233,.T.);
#2231 = VERTEX_POINT('',#2232);
#2232 = CARTESIAN_POINT('',(-86.,-4.,34.));
#2233 = LINE('',#2234,#2235);
#2234 = CARTESIAN_POINT('',(-86.,-4.,34.));
#2235 = VECTOR('',#2236,1.);
#2236 = DIRECTION('',(1.,0.,0.));
#2237 = ORIENTED_EDGE('',*,*,#2238,.T.);
#2238 = EDGE_CURVE('',#2231,#2074,#2239,.T.);
#2239 = LINE('',#2240,#2241);
#2240 = CARTESIAN_POINT('',(-86.,-4.,34.));
#2241 = VECTOR('',#2242,1.);
#2242 = DIRECTION('',(0.,0.,1.));
#2243 = ORIENTED_EDGE('',*,*,#2083,.F.);
#2244 = ORIENTED_EDGE('',*,*,#2136,.F.);
#2245 = FACE_BOUND('',#2246,.F.);
#2246 = EDGE_LOOP('',(#2247));
#2247 = ORIENTED_EDGE('',*,*,#2248,.F.);
#2248 = EDGE_CURVE('',#2249,#2249,#2251,.T.);
#2249 = VERTEX_POINT('',#2250);
#2250 = CARTESIAN_POINT('',(-83.,-4.,40.25));
#2251 = CIRCLE('',#2252,1.25);
#2252 = AXIS2_PLACEMENT_3D('',#2253,#2254,#2255);
#2253 = CARTESIAN_POINT('',(-83.,-4.,39.));
#2254 = DIRECTION('',(0.,1.,0.));
#2255 = DIRECTION('',(0.,0.,1.));
#2256 = FACE_BOUND('',#2257,.F.);
#2257 = EDGE_LOOP('',(#2258));
#2258 = ORIENTED_EDGE('',*,*,#2259,.F.);
#2259 = EDGE_CURVE('',#2260,#2260,#2262,.T.);
#2260 = VERTEX_POINT('',#2261);
#2261 = CARTESIAN_POINT('',(-76.,-4.,40.25));
#2262 = CIRCLE('',#2263,1.25);
#2263 = AXIS2_PLACEMENT_3D('',#2264,#2265,#2266);
#2264 = CARTESIAN_POINT('',(-76.,-4.,39.));
#2265 = DIRECTION('',(0.,1.,0.));
#2266 = DIRECTION('',(0.,0.,1.));
#2267 = PLANE('',#2268);
#2268 = AXIS2_PLACEMENT_3D('',#2269,#2270,#2271);
#2269 = CARTESIAN_POINT('',(-86.,-4.,34.));
#2270 = DIRECTION('',(0.,1.,0.));
#2271 = DIRECTION('',(0.,0.,1.));
#2272 = ADVANCED_FACE('',(#2273),#2292,.F.);
#2273 = FACE_BOUND('',#2274,.F.);
#2274 = EDGE_LOOP('',(#2275,#2284,#2290,#2291));
#2275 = ORIENTED_EDGE('',*,*,#2276,.F.);
#2276 = EDGE_CURVE('',#2277,#2277,#2279,.T.);
#2277 = VERTEX_POINT('',#2278);
#2278 = CARTESIAN_POINT('',(-83.,14.,40.25));
#2279 = CIRCLE('',#2280,1.25);
#2280 = AXIS2_PLACEMENT_3D('',#2281,#2282,#2283);
#2281 = CARTESIAN_POINT('',(-83.,14.,39.));
#2282 = DIRECTION('',(0.,1.,0.));
#2283 = DIRECTION('',(0.,0.,1.));
#2284 = ORIENTED_EDGE('',*,*,#2285,.F.);
#2285 = EDGE_CURVE('',#2249,#2277,#2286,.T.);
#2286 = LINE('',#2287,#2288);
#2287 = CARTESIAN_POINT('',(-83.,-4.1,40.25));
#2288 = VECTOR('',#2289,1.);
#2289 = DIRECTION('',(0.,1.,0.));
#2290 = ORIENTED_EDGE('',*,*,#2248,.T.);
#2291 = ORIENTED_EDGE('',*,*,#2285,.T.);
#2292 = CYLINDRICAL_SURFACE('',#2293,1.25);
#2293 = AXIS2_PLACEMENT_3D('',#2294,#2295,#2296);
#2294 = CARTESIAN_POINT('',(-83.,-4.1,39.));
#2295 = DIRECTION('',(0.,1.,0.));
#2296 = DIRECTION('',(0.,0.,1.));
#2297 = ADVANCED_FACE('',(#2298),#2317,.F.);
#2298 = FACE_BOUND('',#2299,.F.);
#2299 = EDGE_LOOP('',(#2300,#2309,#2315,#2316));
#2300 = ORIENTED_EDGE('',*,*,#2301,.F.);
#2301 = EDGE_CURVE('',#2302,#2302,#2304,.T.);
#2302 = VERTEX_POINT('',#2303);
#2303 = CARTESIAN_POINT('',(-76.,14.,40.25));
#2304 = CIRCLE('',#2305,1.25);
#2305 = AXIS2_PLACEMENT_3D('',#2306,#2307,#2308);
#2306 = CARTESIAN_POINT('',(-76.,14.,39.));
#2307 = DIRECTION('',(0.,1.,0.));
#2308 = DIRECTION('',(0.,0.,1.));
#2309 = ORIENTED_EDGE('',*,*,#2310,.F.);
#2310 = EDGE_CURVE('',#2260,#2302,#2311,.T.);
#2311 = LINE('',#2312,#2313);
#2312 = CARTESIAN_POINT('',(-76.,-4.1,40.25));
#2313 = VECTOR('',#2314,1.);
#2314 = DIRECTION('',(0.,1.,0.));
#2315 = ORIENTED_EDGE('',*,*,#2259,.T.);
#2316 = ORIENTED_EDGE('',*,*,#2310,.T.);
#2317 = CYLINDRICAL_SURFACE('',#2318,1.25);
#2318 = AXIS2_PLACEMENT_3D('',#2319,#2320,#2321);
#2319 = CARTESIAN_POINT('',(-76.,-4.1,39.));
#2320 = DIRECTION('',(0.,1.,0.));
#2321 = DIRECTION('',(0.,0.,1.));
#2322 = ADVANCED_FACE('',(#2323),#2342,.F.);
#2323 = FACE_BOUND('',#2324,.F.);
#2324 = EDGE_LOOP('',(#2325,#2334,#2340,#2341));
#2325 = ORIENTED_EDGE('',*,*,#2326,.F.);
#2326 = EDGE_CURVE('',#2327,#2327,#2329,.T.);
#2327 = VERTEX_POINT('',#2328);
#2328 = CARTESIAN_POINT('',(76.,14.,40.25));
#2329 = CIRCLE('',#2330,1.25);
#2330 = AXIS2_PLACEMENT_3D('',#2331,#2332,#2333);
#2331 = CARTESIAN_POINT('',(76.,14.,39.));
#2332 = DIRECTION('',(0.,1.,0.));
#2333 = DIRECTION('',(0.,0.,1.));
#2334 = ORIENTED_EDGE('',*,*,#2335,.F.);
#2335 = EDGE_CURVE('',#2203,#2327,#2336,.T.);
#2336 = LINE('',#2337,#2338);
#2337 = CARTESIAN_POINT('',(76.,-4.1,40.25));
#2338 = VECTOR('',#2339,1.);
#2339 = DIRECTION('',(0.,1.,0.));
#2340 = ORIENTED_EDGE('',*,*,#2202,.T.);
#2341 = ORIENTED_EDGE('',*,*,#2335,.T.);
#2342 = CYLINDRICAL_SURFACE('',#2343,1.25);
#2343 = AXIS2_PLACEMENT_3D('',#2344,#2345,#2346);
#2344 = CARTESIAN_POINT('',(76.,-4.1,39.));
#2345 = DIRECTION('',(0.,1.,0.));
#2346 = DIRECTION('',(0.,0.,1.));
#2347 = ADVANCED_FACE('',(#2348),#2367,.F.);
#2348 = FACE_BOUND('',#2349,.F.);
#2349 = EDGE_LOOP('',(#2350,#2359,#2365,#2366));
#2350 = ORIENTED_EDGE('',*,*,#2351,.F.);
#2351 = EDGE_CURVE('',#2352,#2352,#2354,.T.);
#2352 = VERTEX_POINT('',#2353);
#2353 = CARTESIAN_POINT('',(83.,14.,40.25));
#2354 = CIRCLE('',#2355,1.25);
#2355 = AXIS2_PLACEMENT_3D('',#2356,#2357,#2358);
#2356 = CARTESIAN_POINT('',(83.,14.,39.));
#2357 = DIRECTION('',(0.,1.,0.));
#2358 = DIRECTION('',(0.,0.,1.));
#2359 = ORIENTED_EDGE('',*,*,#2360,.F.);
#2360 = EDGE_CURVE('',#2214,#2352,#2361,.T.);
#2361 = LINE('',#2362,#2363);
#2362 = CARTESIAN_POINT('',(83.,-4.1,40.25));
#2363 = VECTOR('',#2364,1.);
#2364 = DIRECTION('',(0.,1.,0.));
#2365 = ORIENTED_EDGE('',*,*,#2213,.T.);
#2366 = ORIENTED_EDGE('',*,*,#2360,.T.);
#2367 = CYLINDRICAL_SURFACE('',#2368,1.25);
#2368 = AXIS2_PLACEMENT_3D('',#2369,#2370,#2371);
#2369 = CARTESIAN_POINT('',(83.,-4.1,39.));
#2370 = DIRECTION('',(0.,1.,0.));
#2371 = DIRECTION('',(0.,0.,1.));
#2372 = ADVANCED_FACE('',(#2373),#2402,.T.);
#2373 = FACE_BOUND('',#2374,.T.);
#2374 = EDGE_LOOP('',(#2375,#2376,#2377,#2385,#2393,#2399,#2400,#2401));
#2375 = ORIENTED_EDGE('',*,*,#2146,.T.);
#2376 = ORIENTED_EDGE('',*,*,#2230,.F.);
#2377 = ORIENTED_EDGE('',*,*,#2378,.T.);
#2378 = EDGE_CURVE('',#2231,#2379,#2381,.T.);
#2379 = VERTEX_POINT('',#2380);
#2380 = CARTESIAN_POINT('',(-86.,0.,34.));
#2381 = LINE('',#2382,#2383);
#2382 = CARTESIAN_POINT('',(-86.,-4.,34.));
#2383 = VECTOR('',#2384,1.);
#2384 = DIRECTION('',(0.,1.,0.));
#2385 = ORIENTED_EDGE('',*,*,#2386,.T.);
#2386 = EDGE_CURVE('',#2379,#2387,#2389,.T.);
#2387 = VERTEX_POINT('',#2388);
#2388 = CARTESIAN_POINT('',(86.,0.,34.));
#2389 = LINE('',#2390,#2391);
#2390 = CARTESIAN_POINT('',(-115.5,0.,34.));
#2391 = VECTOR('',#2392,1.);
#2392 = DIRECTION('',(1.,0.,0.));
#2393 = ORIENTED_EDGE('',*,*,#2394,.F.);
#2394 = EDGE_CURVE('',#2185,#2387,#2395,.T.);
#2395 = LINE('',#2396,#2397);
#2396 = CARTESIAN_POINT('',(86.,-4.,34.));
#2397 = VECTOR('',#2398,1.);
#2398 = DIRECTION('',(0.,1.,0.));
#2399 = ORIENTED_EDGE('',*,*,#2184,.F.);
#2400 = ORIENTED_EDGE('',*,*,#2170,.F.);
#2401 = ORIENTED_EDGE('',*,*,#2051,.F.);
#2402 = PLANE('',#2403);
#2403 = AXIS2_PLACEMENT_3D('',#2404,#2405,#2406);
#2404 = CARTESIAN_POINT('',(0.,-3.688888888889,34.));
#2405 = DIRECTION('',(-0.,-0.,-1.));
#2406 = DIRECTION('',(-1.,0.,0.));
#2407 = ADVANCED_FACE('',(#2408),#2433,.T.);
#2408 = FACE_BOUND('',#2409,.T.);
#2409 = EDGE_LOOP('',(#2410,#2418,#2426,#2432));
#2410 = ORIENTED_EDGE('',*,*,#2411,.F.);
#2411 = EDGE_CURVE('',#2412,#2379,#2414,.T.);
#2412 = VERTEX_POINT('',#2413);
#2413 = CARTESIAN_POINT('',(-86.,0.,36.8));
#2414 = LINE('',#2415,#2416);
#2415 = CARTESIAN_POINT('',(-86.,0.,17.));
#2416 = VECTOR('',#2417,1.);
#2417 = DIRECTION('',(0.,0.,-1.));
#2418 = ORIENTED_EDGE('',*,*,#2419,.T.);
#2419 = EDGE_CURVE('',#2412,#2420,#2422,.T.);
#2420 = VERTEX_POINT('',#2421);
#2421 = CARTESIAN_POINT('',(86.,0.,36.8));
#2422 = LINE('',#2423,#2424);
#2423 = CARTESIAN_POINT('',(-86.,0.,36.8));
#2424 = VECTOR('',#2425,1.);
#2425 = DIRECTION('',(1.,0.,0.));
#2426 = ORIENTED_EDGE('',*,*,#2427,.T.);
#2427 = EDGE_CURVE('',#2420,#2387,#2428,.T.);
#2428 = LINE('',#2429,#2430);
#2429 = CARTESIAN_POINT('',(86.,0.,17.));
#2430 = VECTOR('',#2431,1.);
#2431 = DIRECTION('',(0.,0.,-1.));
#2432 = ORIENTED_EDGE('',*,*,#2386,.F.);
#2433 = PLANE('',#2434);
#2434 = AXIS2_PLACEMENT_3D('',#2435,#2436,#2437);
#2435 = CARTESIAN_POINT('',(-127.,0.,0.));
#2436 = DIRECTION('',(0.,1.,0.));
#2437 = DIRECTION('',(0.,0.,1.));
#2438 = ADVANCED_FACE('',(#2439),#2464,.F.);
#2439 = FACE_BOUND('',#2440,.F.);
#2440 = EDGE_LOOP('',(#2441,#2449,#2450,#2458));
#2441 = ORIENTED_EDGE('',*,*,#2442,.F.);
#2442 = EDGE_CURVE('',#2412,#2443,#2445,.T.);
#2443 = VERTEX_POINT('',#2444);
#2444 = CARTESIAN_POINT('',(-86.,14.,36.8));
#2445 = LINE('',#2446,#2447);
#2446 = CARTESIAN_POINT('',(-86.,0.,36.8));
#2447 = VECTOR('',#2448,1.);
#2448 = DIRECTION('',(0.,1.,0.));
#2449 = ORIENTED_EDGE('',*,*,#2419,.T.);
#2450 = ORIENTED_EDGE('',*,*,#2451,.T.);
#2451 = EDGE_CURVE('',#2420,#2452,#2454,.T.);
#2452 = VERTEX_POINT('',#2453);
#2453 = CARTESIAN_POINT('',(86.,14.,36.8));
#2454 = LINE('',#2455,#2456);
#2455 = CARTESIAN_POINT('',(86.,0.,36.8));
#2456 = VECTOR('',#2457,1.);
#2457 = DIRECTION('',(0.,1.,0.));
#2458 = ORIENTED_EDGE('',*,*,#2459,.F.);
#2459 = EDGE_CURVE('',#2443,#2452,#2460,.T.);
#2460 = LINE('',#2461,#2462);
#2461 = CARTESIAN_POINT('',(-86.,14.,36.8));
#2462 = VECTOR('',#2463,1.);
#2463 = DIRECTION('',(1.,0.,0.));
#2464 = PLANE('',#2465);
#2465 = AXIS2_PLACEMENT_3D('',#2466,#2467,#2468);
#2466 = CARTESIAN_POINT('',(-86.,0.,36.8));
#2467 = DIRECTION('',(0.,0.,1.));
#2468 = DIRECTION('',(1.,0.,0.));
#2469 = ADVANCED_FACE('',(#2470),#2483,.T.);
#2470 = FACE_BOUND('',#2471,.T.);
#2471 = EDGE_LOOP('',(#2472,#2473,#2479,#2480,#2481,#2482));
#2472 = ORIENTED_EDGE('',*,*,#2073,.T.);
#2473 = ORIENTED_EDGE('',*,*,#2474,.F.);
#2474 = EDGE_CURVE('',#2443,#2076,#2475,.T.);
#2475 = LINE('',#2476,#2477);
#2476 = CARTESIAN_POINT('',(-86.,14.,36.8));
#2477 = VECTOR('',#2478,1.);
#2478 = DIRECTION('',(0.,0.,1.));
#2479 = ORIENTED_EDGE('',*,*,#2442,.F.);
#2480 = ORIENTED_EDGE('',*,*,#2411,.T.);
#2481 = ORIENTED_EDGE('',*,*,#2378,.F.);
#2482 = ORIENTED_EDGE('',*,*,#2238,.T.);
#2483 = PLANE('',#2484);
#2484 = AXIS2_PLACEMENT_3D('',#2485,#2486,#2487);
#2485 = CARTESIAN_POINT('',(-86.,4.311072056239,39.913927943761));
#2486 = DIRECTION('',(-1.,-0.,-0.));
#2487 = DIRECTION('',(0.,0.,-1.));
#2488 = ADVANCED_FACE('',(#2489,#2500,#2503,#2506,#2509),#2512,.T.);
#2489 = FACE_BOUND('',#2490,.T.);
#2490 = EDGE_LOOP('',(#2491,#2492,#2493,#2494));
#2491 = ORIENTED_EDGE('',*,*,#2459,.F.);
#2492 = ORIENTED_EDGE('',*,*,#2474,.T.);
#2493 = ORIENTED_EDGE('',*,*,#2122,.T.);
#2494 = ORIENTED_EDGE('',*,*,#2495,.F.);
#2495 = EDGE_CURVE('',#2452,#2115,#2496,.T.);
#2496 = LINE('',#2497,#2498);
#2497 = CARTESIAN_POINT('',(86.,14.,36.8));
#2498 = VECTOR('',#2499,1.);
#2499 = DIRECTION('',(0.,0.,1.));
#2500 = FACE_BOUND('',#2501,.T.);
#2501 = EDGE_LOOP('',(#2502));
#2502 = ORIENTED_EDGE('',*,*,#2276,.F.);
#2503 = FACE_BOUND('',#2504,.T.);
#2504 = EDGE_LOOP('',(#2505));
#2505 = ORIENTED_EDGE('',*,*,#2301,.F.);
#2506 = FACE_BOUND('',#2507,.T.);
#2507 = EDGE_LOOP('',(#2508));
#2508 = ORIENTED_EDGE('',*,*,#2326,.F.);
#2509 = FACE_BOUND('',#2510,.T.);
#2510 = EDGE_LOOP('',(#2511));
#2511 = ORIENTED_EDGE('',*,*,#2351,.F.);
#2512 = PLANE('',#2513);
#2513 = AXIS2_PLACEMENT_3D('',#2514,#2515,#2516);
#2514 = CARTESIAN_POINT('',(-86.,14.,36.8));
#2515 = DIRECTION('',(0.,1.,0.));
#2516 = DIRECTION('',(0.,0.,1.));
#2517 = ADVANCED_FACE('',(#2518),#2526,.T.);
#2518 = FACE_BOUND('',#2519,.T.);
#2519 = EDGE_LOOP('',(#2520,#2521,#2522,#2523,#2524,#2525));
#2520 = ORIENTED_EDGE('',*,*,#2114,.F.);
#2521 = ORIENTED_EDGE('',*,*,#2194,.F.);
#2522 = ORIENTED_EDGE('',*,*,#2394,.T.);
#2523 = ORIENTED_EDGE('',*,*,#2427,.F.);
#2524 = ORIENTED_EDGE('',*,*,#2451,.T.);
#2525 = ORIENTED_EDGE('',*,*,#2495,.T.);
#2526 = PLANE('',#2527);
#2527 = AXIS2_PLACEMENT_3D('',#2528,#2529,#2530);
#2528 = CARTESIAN_POINT('',(86.,4.311072056239,39.913927943761));
#2529 = DIRECTION('',(1.,0.,0.));
#2530 = DIRECTION('',(0.,0.,1.));
#2531 = MANIFOLD_SOLID_BREP('',#2532);
#2532 = CLOSED_SHELL('',(#2533,#2573,#2788,#2828,#3048,#3097,#3121,#3152
    ,#3176,#3193,#3219,#3241,#3258,#3275,#3287,#3309,#3326,#3343,#3355,
    #3377,#3394,#3411,#3423,#3448,#3473,#3498,#3523,#3541,#3575,#3701,
    #3725,#3749,#3773,#3899,#3934,#3958,#3992,#4008,#4028,#4048,#4068,
    #4088,#4105,#4122,#4144,#4161,#4178,#4190,#4212,#4229,#4246,#4258,
    #4280,#4297,#4314,#4326,#4351,#4368,#4385));
#2533 = ADVANCED_FACE('',(#2534),#2568,.F.);
#2534 = FACE_BOUND('',#2535,.F.);
#2535 = EDGE_LOOP('',(#2536,#2546,#2554,#2562));
#2536 = ORIENTED_EDGE('',*,*,#2537,.F.);
#2537 = EDGE_CURVE('',#2538,#2540,#2542,.T.);
#2538 = VERTEX_POINT('',#2539);
#2539 = CARTESIAN_POINT('',(-127.,-8.,0.));
#2540 = VERTEX_POINT('',#2541);
#2541 = CARTESIAN_POINT('',(-127.,-8.,44.45));
#2542 = LINE('',#2543,#2544);
#2543 = CARTESIAN_POINT('',(-127.,-8.,0.));
#2544 = VECTOR('',#2545,1.);
#2545 = DIRECTION('',(0.,0.,1.));
#2546 = ORIENTED_EDGE('',*,*,#2547,.T.);
#2547 = EDGE_CURVE('',#2538,#2548,#2550,.T.);
#2548 = VERTEX_POINT('',#2549);
#2549 = CARTESIAN_POINT('',(-127.,0.,0.));
#2550 = LINE('',#2551,#2552);
#2551 = CARTESIAN_POINT('',(-127.,-8.,0.));
#2552 = VECTOR('',#2553,1.);
#2553 = DIRECTION('',(0.,1.,0.));
#2554 = ORIENTED_EDGE('',*,*,#2555,.T.);
#2555 = EDGE_CURVE('',#2548,#2556,#2558,.T.);
#2556 = VERTEX_POINT('',#2557);
#2557 = CARTESIAN_POINT('',(-127.,0.,44.45));
#2558 = LINE('',#2559,#2560);
#2559 = CARTESIAN_POINT('',(-127.,0.,0.));
#2560 = VECTOR('',#2561,1.);
#2561 = DIRECTION('',(0.,0.,1.));
#2562 = ORIENTED_EDGE('',*,*,#2563,.F.);
#2563 = EDGE_CURVE('',#2540,#2556,#2564,.T.);
#2564 = LINE('',#2565,#2566);
#2565 = CARTESIAN_POINT('',(-127.,-8.,44.45));
#2566 = VECTOR('',#2567,1.);
#2567 = DIRECTION('',(0.,1.,0.));
#2568 = PLANE('',#2569);
#2569 = AXIS2_PLACEMENT_3D('',#2570,#2571,#2572);
#2570 = CARTESIAN_POINT('',(-127.,-8.,0.));
#2571 = DIRECTION('',(1.,0.,0.));
#2572 = DIRECTION('',(0.,0.,1.));
#2573 = ADVANCED_FACE('',(#2574,#2631,#2667,#2703,#2739,#2750,#2761,
    #2772),#2783,.F.);
#2574 = FACE_BOUND('',#2575,.F.);
#2575 = EDGE_LOOP('',(#2576,#2584,#2585,#2593,#2601,#2609,#2617,#2625));
#2576 = ORIENTED_EDGE('',*,*,#2577,.F.);
#2577 = EDGE_CURVE('',#2538,#2578,#2580,.T.);
#2578 = VERTEX_POINT('',#2579);
#2579 = CARTESIAN_POINT('',(-72.,-8.,0.));
#2580 = LINE('',#2581,#2582);
#2581 = CARTESIAN_POINT('',(-127.,-8.,0.));
#2582 = VECTOR('',#2583,1.);
#2583 = DIRECTION('',(1.,0.,0.));
#2584 = ORIENTED_EDGE('',*,*,#2537,.T.);
#2585 = ORIENTED_EDGE('',*,*,#2586,.T.);
#2586 = EDGE_CURVE('',#2540,#2587,#2589,.T.);
#2587 = VERTEX_POINT('',#2588);
#2588 = CARTESIAN_POINT('',(-72.,-8.,44.45));
#2589 = LINE('',#2590,#2591);
#2590 = CARTESIAN_POINT('',(-127.,-8.,44.45));
#2591 = VECTOR('',#2592,1.);
#2592 = DIRECTION('',(1.,0.,0.));
#2593 = ORIENTED_EDGE('',*,*,#2594,.T.);
#2594 = EDGE_CURVE('',#2587,#2595,#2597,.T.);
#2595 = VERTEX_POINT('',#2596);
#2596 = CARTESIAN_POINT('',(-72.,-8.,34.));
#2597 = LINE('',#2598,#2599);
#2598 = CARTESIAN_POINT('',(-72.,-8.,17.));
#2599 = VECTOR('',#2600,1.);
#2600 = DIRECTION('',(0.,0.,-1.));
#2601 = ORIENTED_EDGE('',*,*,#2602,.F.);
#2602 = EDGE_CURVE('',#2603,#2595,#2605,.T.);
#2603 = VERTEX_POINT('',#2604);
#2604 = CARTESIAN_POINT('',(-104.,-8.,34.));
#2605 = LINE('',#2606,#2607);
#2606 = CARTESIAN_POINT('',(-115.5,-8.,34.));
#2607 = VECTOR('',#2608,1.);
#2608 = DIRECTION('',(1.,0.,0.));
#2609 = ORIENTED_EDGE('',*,*,#2610,.T.);
#2610 = EDGE_CURVE('',#2603,#2611,#2613,.T.);
#2611 = VERTEX_POINT('',#2612);
#2612 = CARTESIAN_POINT('',(-104.,-8.,8.));
#2613 = LINE('',#2614,#2615);
#2614 = CARTESIAN_POINT('',(-104.,-8.,4.));
#2615 = VECTOR('',#2616,1.);
#2616 = DIRECTION('',(0.,0.,-1.));
#2617 = ORIENTED_EDGE('',*,*,#2618,.T.);
#2618 = EDGE_CURVE('',#2611,#2619,#2621,.T.);
#2619 = VERTEX_POINT('',#2620);
#2620 = CARTESIAN_POINT('',(-72.,-8.,8.));
#2621 = LINE('',#2622,#2623);
#2622 = CARTESIAN_POINT('',(-115.5,-8.,8.));
#2623 = VECTOR('',#2624,1.);
#2624 = DIRECTION('',(1.,0.,0.));
#2625 = ORIENTED_EDGE('',*,*,#2626,.T.);
#2626 = EDGE_CURVE('',#2619,#2578,#2627,.T.);
#2627 = LINE('',#2628,#2629);
#2628 = CARTESIAN_POINT('',(-72.,-8.,-200.));
#2629 = VECTOR('',#2630,1.);
#2630 = DIRECTION('',(0.,0.,-1.));
#2631 = FACE_BOUND('',#2632,.F.);
#2632 = EDGE_LOOP('',(#2633,#2644,#2652,#2661));
#2633 = ORIENTED_EDGE('',*,*,#2634,.F.);
#2634 = EDGE_CURVE('',#2635,#2637,#2639,.T.);
#2635 = VERTEX_POINT('',#2636);
#2636 = CARTESIAN_POINT('',(-120.4625,-8.,3.05));
#2637 = VERTEX_POINT('',#2638);
#2638 = CARTESIAN_POINT('',(-120.4625,-8.,9.65));
#2639 = CIRCLE('',#2640,3.3);
#2640 = AXIS2_PLACEMENT_3D('',#2641,#2642,#2643);
#2641 = CARTESIAN_POINT('',(-120.4625,-8.,6.35));
#2642 = DIRECTION('',(0.,1.,0.));
#2643 = DIRECTION('',(0.,0.,1.));
#2644 = ORIENTED_EDGE('',*,*,#2645,.T.);
#2645 = EDGE_CURVE('',#2635,#2646,#2648,.T.);
#2646 = VERTEX_POINT('',#2647);
#2647 = CARTESIAN_POINT('',(-116.0625,-8.,3.05));
#2648 = LINE('',#2649,#2650);
#2649 = CARTESIAN_POINT('',(-123.73125,-8.,3.05));
#2650 = VECTOR('',#2651,1.);
#2651 = DIRECTION('',(1.,0.,0.));
#2652 = ORIENTED_EDGE('',*,*,#2653,.F.);
#2653 = EDGE_CURVE('',#2654,#2646,#2656,.T.);
#2654 = VERTEX_POINT('',#2655);
#2655 = CARTESIAN_POINT('',(-116.0625,-8.,9.65));
#2656 = CIRCLE('',#2657,3.3);
#2657 = AXIS2_PLACEMENT_3D('',#2658,#2659,#2660);
#2658 = CARTESIAN_POINT('',(-116.0625,-8.,6.35));
#2659 = DIRECTION('',(0.,1.,0.));
#2660 = DIRECTION('',(0.,0.,1.));
#2661 = ORIENTED_EDGE('',*,*,#2662,.F.);
#2662 = EDGE_CURVE('',#2637,#2654,#2663,.T.);
#2663 = LINE('',#2664,#2665);
#2664 = CARTESIAN_POINT('',(-123.73125,-8.,9.65));
#2665 = VECTOR('',#2666,1.);
#2666 = DIRECTION('',(1.,0.,0.));
#2667 = FACE_BOUND('',#2668,.F.);
#2668 = EDGE_LOOP('',(#2669,#2680,#2688,#2697));
#2669 = ORIENTED_EDGE('',*,*,#2670,.F.);
#2670 = EDGE_CURVE('',#2671,#2673,#2675,.T.);
#2671 = VERTEX_POINT('',#2672);
#2672 = CARTESIAN_POINT('',(-120.4625,-8.,18.925));
#2673 = VERTEX_POINT('',#2674);
#2674 = CARTESIAN_POINT('',(-120.4625,-8.,25.525));
#2675 = CIRCLE('',#2676,3.3);
#2676 = AXIS2_PLACEMENT_3D('',#2677,#2678,#2679);
#2677 = CARTESIAN_POINT('',(-120.4625,-8.,22.225));
#2678 = DIRECTION('',(0.,1.,0.));
#2679 = DIRECTION('',(0.,0.,1.));
#2680 = ORIENTED_EDGE('',*,*,#2681,.T.);
#2681 = EDGE_CURVE('',#2671,#2682,#2684,.T.);
#2682 = VERTEX_POINT('',#2683);
#2683 = CARTESIAN_POINT('',(-116.0625,-8.,18.925));
#2684 = LINE('',#2685,#2686);
#2685 = CARTESIAN_POINT('',(-123.73125,-8.,18.925));
#2686 = VECTOR('',#2687,1.);
#2687 = DIRECTION('',(1.,0.,0.));
#2688 = ORIENTED_EDGE('',*,*,#2689,.F.);
#2689 = EDGE_CURVE('',#2690,#2682,#2692,.T.);
#2690 = VERTEX_POINT('',#2691);
#2691 = CARTESIAN_POINT('',(-116.0625,-8.,25.525));
#2692 = CIRCLE('',#2693,3.3);
#2693 = AXIS2_PLACEMENT_3D('',#2694,#2695,#2696);
#2694 = CARTESIAN_POINT('',(-116.0625,-8.,22.225));
#2695 = DIRECTION('',(0.,1.,0.));
#2696 = DIRECTION('',(0.,0.,1.));
#2697 = ORIENTED_EDGE('',*,*,#2698,.F.);
#2698 = EDGE_CURVE('',#2673,#2690,#2699,.T.);
#2699 = LINE('',#2700,#2701);
#2700 = CARTESIAN_POINT('',(-123.73125,-8.,25.525));
#2701 = VECTOR('',#2702,1.);
#2702 = DIRECTION('',(1.,0.,0.));
#2703 = FACE_BOUND('',#2704,.F.);
#2704 = EDGE_LOOP('',(#2705,#2716,#2724,#2733));
#2705 = ORIENTED_EDGE('',*,*,#2706,.F.);
#2706 = EDGE_CURVE('',#2707,#2709,#2711,.T.);
#2707 = VERTEX_POINT('',#2708);
#2708 = CARTESIAN_POINT('',(-120.4625,-8.,34.8));
#2709 = VERTEX_POINT('',#2710);
#2710 = CARTESIAN_POINT('',(-120.4625,-8.,41.4));
#2711 = CIRCLE('',#2712,3.3);
#2712 = AXIS2_PLACEMENT_3D('',#2713,#2714,#2715);
#2713 = CARTESIAN_POINT('',(-120.4625,-8.,38.1));
#2714 = DIRECTION('',(0.,1.,0.));
#2715 = DIRECTION('',(0.,0.,1.));
#2716 = ORIENTED_EDGE('',*,*,#2717,.T.);
#2717 = EDGE_CURVE('',#2707,#2718,#2720,.T.);
#2718 = VERTEX_POINT('',#2719);
#2719 = CARTESIAN_POINT('',(-116.0625,-8.,34.8));
#2720 = LINE('',#2721,#2722);
#2721 = CARTESIAN_POINT('',(-123.73125,-8.,34.8));
#2722 = VECTOR('',#2723,1.);
#2723 = DIRECTION('',(1.,0.,0.));
#2724 = ORIENTED_EDGE('',*,*,#2725,.F.);
#2725 = EDGE_CURVE('',#2726,#2718,#2728,.T.);
#2726 = VERTEX_POINT('',#2727);
#2727 = CARTESIAN_POINT('',(-116.0625,-8.,41.4));
#2728 = CIRCLE('',#2729,3.3);
#2729 = AXIS2_PLACEMENT_3D('',#2730,#2731,#2732);
#2730 = CARTESIAN_POINT('',(-116.0625,-8.,38.1));
#2731 = DIRECTION('',(0.,1.,0.));
#2732 = DIRECTION('',(0.,0.,1.));
#2733 = ORIENTED_EDGE('',*,*,#2734,.F.);
#2734 = EDGE_CURVE('',#2709,#2726,#2735,.T.);
#2735 = LINE('',#2736,#2737);
#2736 = CARTESIAN_POINT('',(-123.73125,-8.,41.4));
#2737 = VECTOR('',#2738,1.);
#2738 = DIRECTION('',(1.,0.,0.));
#2739 = FACE_BOUND('',#2740,.F.);
#2740 = EDGE_LOOP('',(#2741));
#2741 = ORIENTED_EDGE('',*,*,#2742,.F.);
#2742 = EDGE_CURVE('',#2743,#2743,#2745,.T.);
#2743 = VERTEX_POINT('',#2744);
#2744 = CARTESIAN_POINT('',(-83.,-8.,7.1));
#2745 = CIRCLE('',#2746,3.1);
#2746 = AXIS2_PLACEMENT_3D('',#2747,#2748,#2749);
#2747 = CARTESIAN_POINT('',(-83.,-8.,4.));
#2748 = DIRECTION('',(0.,1.,0.));
#2749 = DIRECTION('',(0.,0.,1.));
#2750 = FACE_BOUND('',#2751,.F.);
#2751 = EDGE_LOOP('',(#2752));
#2752 = ORIENTED_EDGE('',*,*,#2753,.F.);
#2753 = EDGE_CURVE('',#2754,#2754,#2756,.T.);
#2754 = VERTEX_POINT('',#2755);
#2755 = CARTESIAN_POINT('',(-76.,-8.,7.1));
#2756 = CIRCLE('',#2757,3.1);
#2757 = AXIS2_PLACEMENT_3D('',#2758,#2759,#2760);
#2758 = CARTESIAN_POINT('',(-76.,-8.,4.));
#2759 = DIRECTION('',(0.,1.,0.));
#2760 = DIRECTION('',(0.,0.,1.));
#2761 = FACE_BOUND('',#2762,.F.);
#2762 = EDGE_LOOP('',(#2763));
#2763 = ORIENTED_EDGE('',*,*,#2764,.F.);
#2764 = EDGE_CURVE('',#2765,#2765,#2767,.T.);
#2765 = VERTEX_POINT('',#2766);
#2766 = CARTESIAN_POINT('',(-83.,-8.,42.1));
#2767 = CIRCLE('',#2768,3.1);
#2768 = AXIS2_PLACEMENT_3D('',#2769,#2770,#2771);
#2769 = CARTESIAN_POINT('',(-83.,-8.,39.));
#2770 = DIRECTION('',(0.,1.,0.));
#2771 = DIRECTION('',(0.,0.,1.));
#2772 = FACE_BOUND('',#2773,.F.);
#2773 = EDGE_LOOP('',(#2774));
#2774 = ORIENTED_EDGE('',*,*,#2775,.F.);
#2775 = EDGE_CURVE('',#2776,#2776,#2778,.T.);
#2776 = VERTEX_POINT('',#2777);
#2777 = CARTESIAN_POINT('',(-76.,-8.,42.1));
#2778 = CIRCLE('',#2779,3.1);
#2779 = AXIS2_PLACEMENT_3D('',#2780,#2781,#2782);
#2780 = CARTESIAN_POINT('',(-76.,-8.,39.));
#2781 = DIRECTION('',(0.,1.,0.));
#2782 = DIRECTION('',(0.,0.,1.));
#2783 = PLANE('',#2784);
#2784 = AXIS2_PLACEMENT_3D('',#2785,#2786,#2787);
#2785 = CARTESIAN_POINT('',(-127.,-8.,0.));
#2786 = DIRECTION('',(0.,1.,0.));
#2787 = DIRECTION('',(0.,0.,1.));
#2788 = ADVANCED_FACE('',(#2789),#2823,.T.);
#2789 = FACE_BOUND('',#2790,.T.);
#2790 = EDGE_LOOP('',(#2791,#2799,#2800,#2801,#2809,#2817));
#2791 = ORIENTED_EDGE('',*,*,#2792,.F.);
#2792 = EDGE_CURVE('',#2556,#2793,#2795,.T.);
#2793 = VERTEX_POINT('',#2794);
#2794 = CARTESIAN_POINT('',(-86.,0.,44.45));
#2795 = LINE('',#2796,#2797);
#2796 = CARTESIAN_POINT('',(-127.,0.,44.45));
#2797 = VECTOR('',#2798,1.);
#2798 = DIRECTION('',(1.,0.,0.));
#2799 = ORIENTED_EDGE('',*,*,#2563,.F.);
#2800 = ORIENTED_EDGE('',*,*,#2586,.T.);
#2801 = ORIENTED_EDGE('',*,*,#2802,.T.);
#2802 = EDGE_CURVE('',#2587,#2803,#2805,.T.);
#2803 = VERTEX_POINT('',#2804);
#2804 = CARTESIAN_POINT('',(-72.,-4.,44.45));
#2805 = LINE('',#2806,#2807);
#2806 = CARTESIAN_POINT('',(-72.,-199.5398550724,44.45));
#2807 = VECTOR('',#2808,1.);
#2808 = DIRECTION('',(0.,1.,0.));
#2809 = ORIENTED_EDGE('',*,*,#2810,.T.);
#2810 = EDGE_CURVE('',#2803,#2811,#2813,.T.);
#2811 = VERTEX_POINT('',#2812);
#2812 = CARTESIAN_POINT('',(-86.,-4.,44.45));
#2813 = LINE('',#2814,#2815);
#2814 = CARTESIAN_POINT('',(-43.,-4.,44.45));
#2815 = VECTOR('',#2816,1.);
#2816 = DIRECTION('',(-1.,0.,0.));
#2817 = ORIENTED_EDGE('',*,*,#2818,.T.);
#2818 = EDGE_CURVE('',#2811,#2793,#2819,.T.);
#2819 = LINE('',#2820,#2821);
#2820 = CARTESIAN_POINT('',(-86.,-1.539855072464,44.45));
#2821 = VECTOR('',#2822,1.);
#2822 = DIRECTION('',(0.,1.,0.));
#2823 = PLANE('',#2824);
#2824 = AXIS2_PLACEMENT_3D('',#2825,#2826,#2827);
#2825 = CARTESIAN_POINT('',(0.,0.920289855072,44.45));
#2826 = DIRECTION('',(0.,0.,1.));
#2827 = DIRECTION('',(1.,0.,0.));
#2828 = ADVANCED_FACE('',(#2829,#2935,#2971,#3007),#3043,.T.);
#2829 = FACE_BOUND('',#2830,.T.);
#2830 = EDGE_LOOP('',(#2831,#2839,#2840,#2841,#2849,#2857,#2865,#2873,
    #2881,#2889,#2897,#2905,#2913,#2921,#2929));
#2831 = ORIENTED_EDGE('',*,*,#2832,.F.);
#2832 = EDGE_CURVE('',#2548,#2833,#2835,.T.);
#2833 = VERTEX_POINT('',#2834);
#2834 = CARTESIAN_POINT('',(-110.2,0.,0.));
#2835 = LINE('',#2836,#2837);
#2836 = CARTESIAN_POINT('',(-127.,0.,0.));
#2837 = VECTOR('',#2838,1.);
#2838 = DIRECTION('',(1.,0.,0.));
#2839 = ORIENTED_EDGE('',*,*,#2555,.T.);
#2840 = ORIENTED_EDGE('',*,*,#2792,.T.);
#2841 = ORIENTED_EDGE('',*,*,#2842,.F.);
#2842 = EDGE_CURVE('',#2843,#2793,#2845,.T.);
#2843 = VERTEX_POINT('',#2844);
#2844 = CARTESIAN_POINT('',(-86.,0.,36.8));
#2845 = LINE('',#2846,#2847);
#2846 = CARTESIAN_POINT('',(-86.,0.,36.8));
#2847 = VECTOR('',#2848,1.);
#2848 = DIRECTION('',(0.,0.,1.));
#2849 = ORIENTED_EDGE('',*,*,#2850,.T.);
#2850 = EDGE_CURVE('',#2843,#2851,#2853,.T.);
#2851 = VERTEX_POINT('',#2852);
#2852 = CARTESIAN_POINT('',(-86.,0.,34.));
#2853 = LINE('',#2854,#2855);
#2854 = CARTESIAN_POINT('',(-86.,0.,17.));
#2855 = VECTOR('',#2856,1.);
#2856 = DIRECTION('',(0.,0.,-1.));
#2857 = ORIENTED_EDGE('',*,*,#2858,.F.);
#2858 = EDGE_CURVE('',#2859,#2851,#2861,.T.);
#2859 = VERTEX_POINT('',#2860);
#2860 = CARTESIAN_POINT('',(-104.,0.,34.));
#2861 = LINE('',#2862,#2863);
#2862 = CARTESIAN_POINT('',(-115.5,0.,34.));
#2863 = VECTOR('',#2864,1.);
#2864 = DIRECTION('',(1.,0.,0.));
#2865 = ORIENTED_EDGE('',*,*,#2866,.T.);
#2866 = EDGE_CURVE('',#2859,#2867,#2869,.T.);
#2867 = VERTEX_POINT('',#2868);
#2868 = CARTESIAN_POINT('',(-104.,0.,8.));
#2869 = LINE('',#2870,#2871);
#2870 = CARTESIAN_POINT('',(-104.,0.,4.));
#2871 = VECTOR('',#2872,1.);
#2872 = DIRECTION('',(0.,0.,-1.));
#2873 = ORIENTED_EDGE('',*,*,#2874,.T.);
#2874 = EDGE_CURVE('',#2867,#2875,#2877,.T.);
#2875 = VERTEX_POINT('',#2876);
#2876 = CARTESIAN_POINT('',(-86.,0.,8.));
#2877 = LINE('',#2878,#2879);
#2878 = CARTESIAN_POINT('',(-115.5,0.,8.));
#2879 = VECTOR('',#2880,1.);
#2880 = DIRECTION('',(1.,0.,0.));
#2881 = ORIENTED_EDGE('',*,*,#2882,.T.);
#2882 = EDGE_CURVE('',#2875,#2883,#2885,.T.);
#2883 = VERTEX_POINT('',#2884);
#2884 = CARTESIAN_POINT('',(-86.,0.,6.));
#2885 = LINE('',#2886,#2887);
#2886 = CARTESIAN_POINT('',(-86.,0.,-200.));
#2887 = VECTOR('',#2888,1.);
#2888 = DIRECTION('',(0.,0.,-1.));
#2889 = ORIENTED_EDGE('',*,*,#2890,.F.);
#2890 = EDGE_CURVE('',#2891,#2883,#2893,.T.);
#2891 = VERTEX_POINT('',#2892);
#2892 = CARTESIAN_POINT('',(-107.,0.,6.));
#2893 = LINE('',#2894,#2895);
#2894 = CARTESIAN_POINT('',(-110.2,0.,6.));
#2895 = VECTOR('',#2896,1.);
#2896 = DIRECTION('',(1.,0.,0.));
#2897 = ORIENTED_EDGE('',*,*,#2898,.T.);
#2898 = EDGE_CURVE('',#2891,#2899,#2901,.T.);
#2899 = VERTEX_POINT('',#2900);
#2900 = CARTESIAN_POINT('',(-107.,0.,36.8));
#2901 = LINE('',#2902,#2903);
#2902 = CARTESIAN_POINT('',(-107.,0.,0.));
#2903 = VECTOR('',#2904,1.);
#2904 = DIRECTION('',(0.,0.,1.));
#2905 = ORIENTED_EDGE('',*,*,#2906,.T.);
#2906 = EDGE_CURVE('',#2899,#2907,#2909,.T.);
#2907 = VERTEX_POINT('',#2908);
#2908 = CARTESIAN_POINT('',(-103.,0.,36.8));
#2909 = LINE('',#2910,#2911);
#2910 = CARTESIAN_POINT('',(-107.,0.,36.8));
#2911 = VECTOR('',#2912,1.);
#2912 = DIRECTION('',(1.,0.,0.));
#2913 = ORIENTED_EDGE('',*,*,#2914,.T.);
#2914 = EDGE_CURVE('',#2907,#2915,#2917,.T.);
#2915 = VERTEX_POINT('',#2916);
#2916 = CARTESIAN_POINT('',(-103.,0.,40.3));
#2917 = LINE('',#2918,#2919);
#2918 = CARTESIAN_POINT('',(-103.,0.,36.8));
#2919 = VECTOR('',#2920,1.);
#2920 = DIRECTION('',(0.,0.,1.));
#2921 = ORIENTED_EDGE('',*,*,#2922,.F.);
#2922 = EDGE_CURVE('',#2923,#2915,#2925,.T.);
#2923 = VERTEX_POINT('',#2924);
#2924 = CARTESIAN_POINT('',(-110.2,0.,40.3));
#2925 = LINE('',#2926,#2927);
#2926 = CARTESIAN_POINT('',(-107.,0.,40.3));
#2927 = VECTOR('',#2928,1.);
#2928 = DIRECTION('',(1.,0.,0.));
#2929 = ORIENTED_EDGE('',*,*,#2930,.F.);
#2930 = EDGE_CURVE('',#2833,#2923,#2931,.T.);
#2931 = LINE('',#2932,#2933);
#2932 = CARTESIAN_POINT('',(-110.2,0.,0.));
#2933 = VECTOR('',#2934,1.);
#2934 = DIRECTION('',(0.,0.,1.));
#2935 = FACE_BOUND('',#2936,.T.);
#2936 = EDGE_LOOP('',(#2937,#2948,#2956,#2965));
#2937 = ORIENTED_EDGE('',*,*,#2938,.F.);
#2938 = EDGE_CURVE('',#2939,#2941,#2943,.T.);
#2939 = VERTEX_POINT('',#2940);
#2940 = CARTESIAN_POINT('',(-120.4625,0.,3.05));
#2941 = VERTEX_POINT('',#2942);
#2942 = CARTESIAN_POINT('',(-120.4625,0.,9.65));
#2943 = CIRCLE('',#2944,3.3);
#2944 = AXIS2_PLACEMENT_3D('',#2945,#2946,#2947);
#2945 = CARTESIAN_POINT('',(-120.4625,0.,6.35));
#2946 = DIRECTION('',(0.,1.,0.));
#2947 = DIRECTION('',(0.,0.,1.));
#2948 = ORIENTED_EDGE('',*,*,#2949,.T.);
#2949 = EDGE_CURVE('',#2939,#2950,#2952,.T.);
#2950 = VERTEX_POINT('',#2951);
#2951 = CARTESIAN_POINT('',(-116.0625,0.,3.05));
#2952 = LINE('',#2953,#2954);
#2953 = CARTESIAN_POINT('',(-123.73125,0.,3.05));
#2954 = VECTOR('',#2955,1.);
#2955 = DIRECTION('',(1.,0.,0.));
#2956 = ORIENTED_EDGE('',*,*,#2957,.F.);
#2957 = EDGE_CURVE('',#2958,#2950,#2960,.T.);
#2958 = VERTEX_POINT('',#2959);
#2959 = CARTESIAN_POINT('',(-116.0625,0.,9.65));
#2960 = CIRCLE('',#2961,3.3);
#2961 = AXIS2_PLACEMENT_3D('',#2962,#2963,#2964);
#2962 = CARTESIAN_POINT('',(-116.0625,0.,6.35));
#2963 = DIRECTION('',(0.,1.,0.));
#2964 = DIRECTION('',(0.,0.,1.));
#2965 = ORIENTED_EDGE('',*,*,#2966,.F.);
#2966 = EDGE_CURVE('',#2941,#2958,#2967,.T.);
#2967 = LINE('',#2968,#2969);
#2968 = CARTESIAN_POINT('',(-123.73125,0.,9.65));
#2969 = VECTOR('',#2970,1.);
#2970 = DIRECTION('',(1.,0.,0.));
#2971 = FACE_BOUND('',#2972,.T.);
#2972 = EDGE_LOOP('',(#2973,#2984,#2992,#3001));
#2973 = ORIENTED_EDGE('',*,*,#2974,.F.);
#2974 = EDGE_CURVE('',#2975,#2977,#2979,.T.);
#2975 = VERTEX_POINT('',#2976);
#2976 = CARTESIAN_POINT('',(-120.4625,0.,18.925));
#2977 = VERTEX_POINT('',#2978);
#2978 = CARTESIAN_POINT('',(-120.4625,0.,25.525));
#2979 = CIRCLE('',#2980,3.3);
#2980 = AXIS2_PLACEMENT_3D('',#2981,#2982,#2983);
#2981 = CARTESIAN_POINT('',(-120.4625,0.,22.225));
#2982 = DIRECTION('',(0.,1.,0.));
#2983 = DIRECTION('',(0.,0.,1.));
#2984 = ORIENTED_EDGE('',*,*,#2985,.T.);
#2985 = EDGE_CURVE('',#2975,#2986,#2988,.T.);
#2986 = VERTEX_POINT('',#2987);
#2987 = CARTESIAN_POINT('',(-116.0625,0.,18.925));
#2988 = LINE('',#2989,#2990);
#2989 = CARTESIAN_POINT('',(-123.73125,0.,18.925));
#2990 = VECTOR('',#2991,1.);
#2991 = DIRECTION('',(1.,0.,0.));
#2992 = ORIENTED_EDGE('',*,*,#2993,.F.);
#2993 = EDGE_CURVE('',#2994,#2986,#2996,.T.);
#2994 = VERTEX_POINT('',#2995);
#2995 = CARTESIAN_POINT('',(-116.0625,0.,25.525));
#2996 = CIRCLE('',#2997,3.3);
#2997 = AXIS2_PLACEMENT_3D('',#2998,#2999,#3000);
#2998 = CARTESIAN_POINT('',(-116.0625,0.,22.225));
#2999 = DIRECTION('',(0.,1.,0.));
#3000 = DIRECTION('',(0.,0.,1.));
#3001 = ORIENTED_EDGE('',*,*,#3002,.F.);
#3002 = EDGE_CURVE('',#2977,#2994,#3003,.T.);
#3003 = LINE('',#3004,#3005);
#3004 = CARTESIAN_POINT('',(-123.73125,0.,25.525));
#3005 = VECTOR('',#3006,1.);
#3006 = DIRECTION('',(1.,0.,0.));
#3007 = FACE_BOUND('',#3008,.T.);
#3008 = EDGE_LOOP('',(#3009,#3020,#3028,#3037));
#3009 = ORIENTED_EDGE('',*,*,#3010,.F.);
#3010 = EDGE_CURVE('',#3011,#3013,#3015,.T.);
#3011 = VERTEX_POINT('',#3012);
#3012 = CARTESIAN_POINT('',(-120.4625,0.,34.8));
#3013 = VERTEX_POINT('',#3014);
#3014 = CARTESIAN_POINT('',(-120.4625,0.,41.4));
#3015 = CIRCLE('',#3016,3.3);
#3016 = AXIS2_PLACEMENT_3D('',#3017,#3018,#3019);
#3017 = CARTESIAN_POINT('',(-120.4625,0.,38.1));
#3018 = DIRECTION('',(0.,1.,0.));
#3019 = DIRECTION('',(0.,0.,1.));
#3020 = ORIENTED_EDGE('',*,*,#3021,.T.);
#3021 = EDGE_CURVE('',#3011,#3022,#3024,.T.);
#3022 = VERTEX_POINT('',#3023);
#3023 = CARTESIAN_POINT('',(-116.0625,0.,34.8));
#3024 = LINE('',#3025,#3026);
#3025 = CARTESIAN_POINT('',(-123.73125,0.,34.8));
#3026 = VECTOR('',#3027,1.);
#3027 = DIRECTION('',(1.,0.,0.));
#3028 = ORIENTED_EDGE('',*,*,#3029,.F.);
#3029 = EDGE_CURVE('',#3030,#3022,#3032,.T.);
#3030 = VERTEX_POINT('',#3031);
#3031 = CARTESIAN_POINT('',(-116.0625,0.,41.4));
#3032 = CIRCLE('',#3033,3.3);
#3033 = AXIS2_PLACEMENT_3D('',#3034,#3035,#3036);
#3034 = CARTESIAN_POINT('',(-116.0625,0.,38.1));
#3035 = DIRECTION('',(0.,1.,0.));
#3036 = DIRECTION('',(0.,0.,1.));
#3037 = ORIENTED_EDGE('',*,*,#3038,.F.);
#3038 = EDGE_CURVE('',#3013,#3030,#3039,.T.);
#3039 = LINE('',#3040,#3041);
#3040 = CARTESIAN_POINT('',(-123.73125,0.,41.4));
#3041 = VECTOR('',#3042,1.);
#3042 = DIRECTION('',(1.,0.,0.));
#3043 = PLANE('',#3044);
#3044 = AXIS2_PLACEMENT_3D('',#3045,#3046,#3047);
#3045 = CARTESIAN_POINT('',(-127.,0.,0.));
#3046 = DIRECTION('',(0.,1.,0.));
#3047 = DIRECTION('',(0.,0.,1.));
#3048 = ADVANCED_FACE('',(#3049),#3092,.T.);
#3049 = FACE_BOUND('',#3050,.T.);
#3050 = EDGE_LOOP('',(#3051,#3052,#3053,#3061,#3069,#3077,#3085,#3091));
#3051 = ORIENTED_EDGE('',*,*,#2547,.T.);
#3052 = ORIENTED_EDGE('',*,*,#2832,.T.);
#3053 = ORIENTED_EDGE('',*,*,#3054,.T.);
#3054 = EDGE_CURVE('',#2833,#3055,#3057,.T.);
#3055 = VERTEX_POINT('',#3056);
#3056 = CARTESIAN_POINT('',(-110.2,141.,0.));
#3057 = LINE('',#3058,#3059);
#3058 = CARTESIAN_POINT('',(-110.2,0.,0.));
#3059 = VECTOR('',#3060,1.);
#3060 = DIRECTION('',(0.,1.,0.));
#3061 = ORIENTED_EDGE('',*,*,#3062,.T.);
#3062 = EDGE_CURVE('',#3055,#3063,#3065,.T.);
#3063 = VERTEX_POINT('',#3064);
#3064 = CARTESIAN_POINT('',(-86.,141.,0.));
#3065 = LINE('',#3066,#3067);
#3066 = CARTESIAN_POINT('',(-110.2,141.,0.));
#3067 = VECTOR('',#3068,1.);
#3068 = DIRECTION('',(1.,0.,0.));
#3069 = ORIENTED_EDGE('',*,*,#3070,.T.);
#3070 = EDGE_CURVE('',#3063,#3071,#3073,.T.);
#3071 = VERTEX_POINT('',#3072);
#3072 = CARTESIAN_POINT('',(-86.,-4.,0.));
#3073 = LINE('',#3074,#3075);
#3074 = CARTESIAN_POINT('',(-86.,28.311042183623,0.));
#3075 = VECTOR('',#3076,1.);
#3076 = DIRECTION('',(0.,-1.,0.));
#3077 = ORIENTED_EDGE('',*,*,#3078,.T.);
#3078 = EDGE_CURVE('',#3071,#3079,#3081,.T.);
#3079 = VERTEX_POINT('',#3080);
#3080 = CARTESIAN_POINT('',(-72.,-4.,0.));
#3081 = LINE('',#3082,#3083);
#3082 = CARTESIAN_POINT('',(-43.,-4.,0.));
#3083 = VECTOR('',#3084,1.);
#3084 = DIRECTION('',(1.,0.,0.));
#3085 = ORIENTED_EDGE('',*,*,#3086,.T.);
#3086 = EDGE_CURVE('',#3079,#2578,#3087,.T.);
#3087 = LINE('',#3088,#3089);
#3088 = CARTESIAN_POINT('',(-72.,-169.6889578163,0.));
#3089 = VECTOR('',#3090,1.);
#3090 = DIRECTION('',(0.,-1.,0.));
#3091 = ORIENTED_EDGE('',*,*,#2577,.F.);
#3092 = PLANE('',#3093);
#3093 = AXIS2_PLACEMENT_3D('',#3094,#3095,#3096);
#3094 = CARTESIAN_POINT('',(-2.256810674375E-15,60.622084367246,0.));
#3095 = DIRECTION('',(-0.,-0.,-1.));
#3096 = DIRECTION('',(-1.,0.,0.));
#3097 = ADVANCED_FACE('',(#3098),#3116,.T.);
#3098 = FACE_BOUND('',#3099,.T.);
#3099 = EDGE_LOOP('',(#3100,#3108,#3114,#3115));
#3100 = ORIENTED_EDGE('',*,*,#3101,.T.);
#3101 = EDGE_CURVE('',#3079,#3102,#3104,.T.);
#3102 = VERTEX_POINT('',#3103);
#3103 = CARTESIAN_POINT('',(-72.,-4.,8.));
#3104 = LINE('',#3105,#3106);
#3105 = CARTESIAN_POINT('',(-72.,-4.,-400.));
#3106 = VECTOR('',#3107,1.);
#3107 = DIRECTION('',(0.,0.,1.));
#3108 = ORIENTED_EDGE('',*,*,#3109,.F.);
#3109 = EDGE_CURVE('',#2619,#3102,#3110,.T.);
#3110 = LINE('',#3111,#3112);
#3111 = CARTESIAN_POINT('',(-72.,-204.5,8.));
#3112 = VECTOR('',#3113,1.);
#3113 = DIRECTION('',(0.,1.,0.));
#3114 = ORIENTED_EDGE('',*,*,#2626,.T.);
#3115 = ORIENTED_EDGE('',*,*,#3086,.F.);
#3116 = PLANE('',#3117);
#3117 = AXIS2_PLACEMENT_3D('',#3118,#3119,#3120);
#3118 = CARTESIAN_POINT('',(-72.,-400.,-400.));
#3119 = DIRECTION('',(1.,0.,0.));
#3120 = DIRECTION('',(0.,0.,1.));
#3121 = ADVANCED_FACE('',(#3122),#3147,.T.);
#3122 = FACE_BOUND('',#3123,.T.);
#3123 = EDGE_LOOP('',(#3124,#3130,#3131,#3132,#3140,#3146));
#3124 = ORIENTED_EDGE('',*,*,#3125,.F.);
#3125 = EDGE_CURVE('',#2611,#2867,#3126,.T.);
#3126 = LINE('',#3127,#3128);
#3127 = CARTESIAN_POINT('',(-104.,-9.,8.));
#3128 = VECTOR('',#3129,1.);
#3129 = DIRECTION('',(0.,1.,0.));
#3130 = ORIENTED_EDGE('',*,*,#2618,.T.);
#3131 = ORIENTED_EDGE('',*,*,#3109,.T.);
#3132 = ORIENTED_EDGE('',*,*,#3133,.T.);
#3133 = EDGE_CURVE('',#3102,#3134,#3136,.T.);
#3134 = VERTEX_POINT('',#3135);
#3135 = CARTESIAN_POINT('',(-86.,-4.,8.));
#3136 = LINE('',#3137,#3138);
#3137 = CARTESIAN_POINT('',(-95.,-4.,8.));
#3138 = VECTOR('',#3139,1.);
#3139 = DIRECTION('',(-1.,0.,0.));
#3140 = ORIENTED_EDGE('',*,*,#3141,.T.);
#3141 = EDGE_CURVE('',#3134,#2875,#3142,.T.);
#3142 = LINE('',#3143,#3144);
#3143 = CARTESIAN_POINT('',(-86.,-6.5,8.));
#3144 = VECTOR('',#3145,1.);
#3145 = DIRECTION('',(0.,1.,0.));
#3146 = ORIENTED_EDGE('',*,*,#2874,.F.);
#3147 = PLANE('',#3148);
#3148 = AXIS2_PLACEMENT_3D('',#3149,#3150,#3151);
#3149 = CARTESIAN_POINT('',(-104.,-9.,8.));
#3150 = DIRECTION('',(0.,0.,1.));
#3151 = DIRECTION('',(1.,0.,0.));
#3152 = ADVANCED_FACE('',(#3153),#3171,.T.);
#3153 = FACE_BOUND('',#3154,.T.);
#3154 = EDGE_LOOP('',(#3155,#3163,#3164,#3165));
#3155 = ORIENTED_EDGE('',*,*,#3156,.T.);
#3156 = EDGE_CURVE('',#3157,#2803,#3159,.T.);
#3157 = VERTEX_POINT('',#3158);
#3158 = CARTESIAN_POINT('',(-72.,-4.,34.));
#3159 = LINE('',#3160,#3161);
#3160 = CARTESIAN_POINT('',(-72.,-4.,34.));
#3161 = VECTOR('',#3162,1.);
#3162 = DIRECTION('',(0.,0.,1.));
#3163 = ORIENTED_EDGE('',*,*,#2802,.F.);
#3164 = ORIENTED_EDGE('',*,*,#2594,.T.);
#3165 = ORIENTED_EDGE('',*,*,#3166,.T.);
#3166 = EDGE_CURVE('',#2595,#3157,#3167,.T.);
#3167 = LINE('',#3168,#3169);
#3168 = CARTESIAN_POINT('',(-72.,-400.,34.));
#3169 = VECTOR('',#3170,1.);
#3170 = DIRECTION('',(0.,1.,0.));
#3171 = PLANE('',#3172);
#3172 = AXIS2_PLACEMENT_3D('',#3173,#3174,#3175);
#3173 = CARTESIAN_POINT('',(-72.,-400.,34.));
#3174 = DIRECTION('',(1.,0.,0.));
#3175 = DIRECTION('',(0.,0.,1.));
#3176 = ADVANCED_FACE('',(#3177),#3188,.T.);
#3177 = FACE_BOUND('',#3178,.T.);
#3178 = EDGE_LOOP('',(#3179,#3185,#3186,#3187));
#3179 = ORIENTED_EDGE('',*,*,#3180,.F.);
#3180 = EDGE_CURVE('',#2603,#2859,#3181,.T.);
#3181 = LINE('',#3182,#3183);
#3182 = CARTESIAN_POINT('',(-104.,-9.,34.));
#3183 = VECTOR('',#3184,1.);
#3184 = DIRECTION('',(0.,1.,0.));
#3185 = ORIENTED_EDGE('',*,*,#2610,.T.);
#3186 = ORIENTED_EDGE('',*,*,#3125,.T.);
#3187 = ORIENTED_EDGE('',*,*,#2866,.F.);
#3188 = PLANE('',#3189);
#3189 = AXIS2_PLACEMENT_3D('',#3190,#3191,#3192);
#3190 = CARTESIAN_POINT('',(-104.,-9.,8.));
#3191 = DIRECTION('',(1.,0.,0.));
#3192 = DIRECTION('',(0.,0.,1.));
#3193 = ADVANCED_FACE('',(#3194),#3214,.F.);
#3194 = FACE_BOUND('',#3195,.F.);
#3195 = EDGE_LOOP('',(#3196,#3197,#3198,#3199,#3207,#3213));
#3196 = ORIENTED_EDGE('',*,*,#3180,.F.);
#3197 = ORIENTED_EDGE('',*,*,#2602,.T.);
#3198 = ORIENTED_EDGE('',*,*,#3166,.T.);
#3199 = ORIENTED_EDGE('',*,*,#3200,.F.);
#3200 = EDGE_CURVE('',#3201,#3157,#3203,.T.);
#3201 = VERTEX_POINT('',#3202);
#3202 = CARTESIAN_POINT('',(-86.,-4.,34.));
#3203 = LINE('',#3204,#3205);
#3204 = CARTESIAN_POINT('',(-86.,-4.,34.));
#3205 = VECTOR('',#3206,1.);
#3206 = DIRECTION('',(1.,0.,0.));
#3207 = ORIENTED_EDGE('',*,*,#3208,.T.);
#3208 = EDGE_CURVE('',#3201,#2851,#3209,.T.);
#3209 = LINE('',#3210,#3211);
#3210 = CARTESIAN_POINT('',(-86.,-4.,34.));
#3211 = VECTOR('',#3212,1.);
#3212 = DIRECTION('',(0.,1.,0.));
#3213 = ORIENTED_EDGE('',*,*,#2858,.F.);
#3214 = PLANE('',#3215);
#3215 = AXIS2_PLACEMENT_3D('',#3216,#3217,#3218);
#3216 = CARTESIAN_POINT('',(-104.,-9.,34.));
#3217 = DIRECTION('',(0.,0.,1.));
#3218 = DIRECTION('',(1.,0.,0.));
#3219 = ADVANCED_FACE('',(#3220),#3236,.F.);
#3220 = FACE_BOUND('',#3221,.F.);
#3221 = EDGE_LOOP('',(#3222,#3223,#3229,#3230));
#3222 = ORIENTED_EDGE('',*,*,#2634,.T.);
#3223 = ORIENTED_EDGE('',*,*,#3224,.T.);
#3224 = EDGE_CURVE('',#2637,#2941,#3225,.T.);
#3225 = LINE('',#3226,#3227);
#3226 = CARTESIAN_POINT('',(-120.4625,-9.,9.65));
#3227 = VECTOR('',#3228,1.);
#3228 = DIRECTION('',(0.,1.,0.));
#3229 = ORIENTED_EDGE('',*,*,#2938,.F.);
#3230 = ORIENTED_EDGE('',*,*,#3231,.F.);
#3231 = EDGE_CURVE('',#2635,#2939,#3232,.T.);
#3232 = LINE('',#3233,#3234);
#3233 = CARTESIAN_POINT('',(-120.4625,-9.,3.05));
#3234 = VECTOR('',#3235,1.);
#3235 = DIRECTION('',(0.,1.,0.));
#3236 = CYLINDRICAL_SURFACE('',#3237,3.3);
#3237 = AXIS2_PLACEMENT_3D('',#3238,#3239,#3240);
#3238 = CARTESIAN_POINT('',(-120.4625,-9.,6.35));
#3239 = DIRECTION('',(0.,1.,0.));
#3240 = DIRECTION('',(0.,0.,1.));
#3241 = ADVANCED_FACE('',(#3242),#3253,.T.);
#3242 = FACE_BOUND('',#3243,.T.);
#3243 = EDGE_LOOP('',(#3244,#3245,#3246,#3252));
#3244 = ORIENTED_EDGE('',*,*,#3231,.F.);
#3245 = ORIENTED_EDGE('',*,*,#2645,.T.);
#3246 = ORIENTED_EDGE('',*,*,#3247,.T.);
#3247 = EDGE_CURVE('',#2646,#2950,#3248,.T.);
#3248 = LINE('',#3249,#3250);
#3249 = CARTESIAN_POINT('',(-116.0625,-9.,3.05));
#3250 = VECTOR('',#3251,1.);
#3251 = DIRECTION('',(0.,1.,0.));
#3252 = ORIENTED_EDGE('',*,*,#2949,.F.);
#3253 = PLANE('',#3254);
#3254 = AXIS2_PLACEMENT_3D('',#3255,#3256,#3257);
#3255 = CARTESIAN_POINT('',(-120.4625,-9.,3.05));
#3256 = DIRECTION('',(0.,0.,1.));
#3257 = DIRECTION('',(1.,0.,0.));
#3258 = ADVANCED_FACE('',(#3259),#3270,.F.);
#3259 = FACE_BOUND('',#3260,.F.);
#3260 = EDGE_LOOP('',(#3261,#3262,#3263,#3269));
#3261 = ORIENTED_EDGE('',*,*,#3224,.F.);
#3262 = ORIENTED_EDGE('',*,*,#2662,.T.);
#3263 = ORIENTED_EDGE('',*,*,#3264,.T.);
#3264 = EDGE_CURVE('',#2654,#2958,#3265,.T.);
#3265 = LINE('',#3266,#3267);
#3266 = CARTESIAN_POINT('',(-116.0625,-9.,9.65));
#3267 = VECTOR('',#3268,1.);
#3268 = DIRECTION('',(0.,1.,0.));
#3269 = ORIENTED_EDGE('',*,*,#2966,.F.);
#3270 = PLANE('',#3271);
#3271 = AXIS2_PLACEMENT_3D('',#3272,#3273,#3274);
#3272 = CARTESIAN_POINT('',(-120.4625,-9.,9.65));
#3273 = DIRECTION('',(0.,0.,1.));
#3274 = DIRECTION('',(1.,0.,0.));
#3275 = ADVANCED_FACE('',(#3276),#3282,.F.);
#3276 = FACE_BOUND('',#3277,.F.);
#3277 = EDGE_LOOP('',(#3278,#3279,#3280,#3281));
#3278 = ORIENTED_EDGE('',*,*,#2957,.F.);
#3279 = ORIENTED_EDGE('',*,*,#3264,.F.);
#3280 = ORIENTED_EDGE('',*,*,#2653,.T.);
#3281 = ORIENTED_EDGE('',*,*,#3247,.T.);
#3282 = CYLINDRICAL_SURFACE('',#3283,3.3);
#3283 = AXIS2_PLACEMENT_3D('',#3284,#3285,#3286);
#3284 = CARTESIAN_POINT('',(-116.0625,-9.,6.35));
#3285 = DIRECTION('',(0.,1.,0.));
#3286 = DIRECTION('',(0.,0.,1.));
#3287 = ADVANCED_FACE('',(#3288),#3304,.F.);
#3288 = FACE_BOUND('',#3289,.F.);
#3289 = EDGE_LOOP('',(#3290,#3291,#3297,#3298));
#3290 = ORIENTED_EDGE('',*,*,#2670,.T.);
#3291 = ORIENTED_EDGE('',*,*,#3292,.T.);
#3292 = EDGE_CURVE('',#2673,#2977,#3293,.T.);
#3293 = LINE('',#3294,#3295);
#3294 = CARTESIAN_POINT('',(-120.4625,-9.,25.525));
#3295 = VECTOR('',#3296,1.);
#3296 = DIRECTION('',(0.,1.,0.));
#3297 = ORIENTED_EDGE('',*,*,#2974,.F.);
#3298 = ORIENTED_EDGE('',*,*,#3299,.F.);
#3299 = EDGE_CURVE('',#2671,#2975,#3300,.T.);
#3300 = LINE('',#3301,#3302);
#3301 = CARTESIAN_POINT('',(-120.4625,-9.,18.925));
#3302 = VECTOR('',#3303,1.);
#3303 = DIRECTION('',(0.,1.,0.));
#3304 = CYLINDRICAL_SURFACE('',#3305,3.3);
#3305 = AXIS2_PLACEMENT_3D('',#3306,#3307,#3308);
#3306 = CARTESIAN_POINT('',(-120.4625,-9.,22.225));
#3307 = DIRECTION('',(0.,1.,0.));
#3308 = DIRECTION('',(0.,0.,1.));
#3309 = ADVANCED_FACE('',(#3310),#3321,.T.);
#3310 = FACE_BOUND('',#3311,.T.);
#3311 = EDGE_LOOP('',(#3312,#3313,#3314,#3320));
#3312 = ORIENTED_EDGE('',*,*,#3299,.F.);
#3313 = ORIENTED_EDGE('',*,*,#2681,.T.);
#3314 = ORIENTED_EDGE('',*,*,#3315,.T.);
#3315 = EDGE_CURVE('',#2682,#2986,#3316,.T.);
#3316 = LINE('',#3317,#3318);
#3317 = CARTESIAN_POINT('',(-116.0625,-9.,18.925));
#3318 = VECTOR('',#3319,1.);
#3319 = DIRECTION('',(0.,1.,0.));
#3320 = ORIENTED_EDGE('',*,*,#2985,.F.);
#3321 = PLANE('',#3322);
#3322 = AXIS2_PLACEMENT_3D('',#3323,#3324,#3325);
#3323 = CARTESIAN_POINT('',(-120.4625,-9.,18.925));
#3324 = DIRECTION('',(0.,0.,1.));
#3325 = DIRECTION('',(1.,0.,0.));
#3326 = ADVANCED_FACE('',(#3327),#3338,.F.);
#3327 = FACE_BOUND('',#3328,.F.);
#3328 = EDGE_LOOP('',(#3329,#3330,#3331,#3337));
#3329 = ORIENTED_EDGE('',*,*,#3292,.F.);
#3330 = ORIENTED_EDGE('',*,*,#2698,.T.);
#3331 = ORIENTED_EDGE('',*,*,#3332,.T.);
#3332 = EDGE_CURVE('',#2690,#2994,#3333,.T.);
#3333 = LINE('',#3334,#3335);
#3334 = CARTESIAN_POINT('',(-116.0625,-9.,25.525));
#3335 = VECTOR('',#3336,1.);
#3336 = DIRECTION('',(0.,1.,0.));
#3337 = ORIENTED_EDGE('',*,*,#3002,.F.);
#3338 = PLANE('',#3339);
#3339 = AXIS2_PLACEMENT_3D('',#3340,#3341,#3342);
#3340 = CARTESIAN_POINT('',(-120.4625,-9.,25.525));
#3341 = DIRECTION('',(0.,0.,1.));
#3342 = DIRECTION('',(1.,0.,0.));
#3343 = ADVANCED_FACE('',(#3344),#3350,.F.);
#3344 = FACE_BOUND('',#3345,.F.);
#3345 = EDGE_LOOP('',(#3346,#3347,#3348,#3349));
#3346 = ORIENTED_EDGE('',*,*,#2993,.F.);
#3347 = ORIENTED_EDGE('',*,*,#3332,.F.);
#3348 = ORIENTED_EDGE('',*,*,#2689,.T.);
#3349 = ORIENTED_EDGE('',*,*,#3315,.T.);
#3350 = CYLINDRICAL_SURFACE('',#3351,3.3);
#3351 = AXIS2_PLACEMENT_3D('',#3352,#3353,#3354);
#3352 = CARTESIAN_POINT('',(-116.0625,-9.,22.225));
#3353 = DIRECTION('',(0.,1.,0.));
#3354 = DIRECTION('',(0.,0.,1.));
#3355 = ADVANCED_FACE('',(#3356),#3372,.F.);
#3356 = FACE_BOUND('',#3357,.F.);
#3357 = EDGE_LOOP('',(#3358,#3359,#3365,#3366));
#3358 = ORIENTED_EDGE('',*,*,#2706,.T.);
#3359 = ORIENTED_EDGE('',*,*,#3360,.T.);
#3360 = EDGE_CURVE('',#2709,#3013,#3361,.T.);
#3361 = LINE('',#3362,#3363);
#3362 = CARTESIAN_POINT('',(-120.4625,-9.,41.4));
#3363 = VECTOR('',#3364,1.);
#3364 = DIRECTION('',(0.,1.,0.));
#3365 = ORIENTED_EDGE('',*,*,#3010,.F.);
#3366 = ORIENTED_EDGE('',*,*,#3367,.F.);
#3367 = EDGE_CURVE('',#2707,#3011,#3368,.T.);
#3368 = LINE('',#3369,#3370);
#3369 = CARTESIAN_POINT('',(-120.4625,-9.,34.8));
#3370 = VECTOR('',#3371,1.);
#3371 = DIRECTION('',(0.,1.,0.));
#3372 = CYLINDRICAL_SURFACE('',#3373,3.3);
#3373 = AXIS2_PLACEMENT_3D('',#3374,#3375,#3376);
#3374 = CARTESIAN_POINT('',(-120.4625,-9.,38.1));
#3375 = DIRECTION('',(0.,1.,0.));
#3376 = DIRECTION('',(0.,0.,1.));
#3377 = ADVANCED_FACE('',(#3378),#3389,.T.);
#3378 = FACE_BOUND('',#3379,.T.);
#3379 = EDGE_LOOP('',(#3380,#3381,#3382,#3388));
#3380 = ORIENTED_EDGE('',*,*,#3367,.F.);
#3381 = ORIENTED_EDGE('',*,*,#2717,.T.);
#3382 = ORIENTED_EDGE('',*,*,#3383,.T.);
#3383 = EDGE_CURVE('',#2718,#3022,#3384,.T.);
#3384 = LINE('',#3385,#3386);
#3385 = CARTESIAN_POINT('',(-116.0625,-9.,34.8));
#3386 = VECTOR('',#3387,1.);
#3387 = DIRECTION('',(0.,1.,0.));
#3388 = ORIENTED_EDGE('',*,*,#3021,.F.);
#3389 = PLANE('',#3390);
#3390 = AXIS2_PLACEMENT_3D('',#3391,#3392,#3393);
#3391 = CARTESIAN_POINT('',(-120.4625,-9.,34.8));
#3392 = DIRECTION('',(0.,0.,1.));
#3393 = DIRECTION('',(1.,0.,0.));
#3394 = ADVANCED_FACE('',(#3395),#3406,.F.);
#3395 = FACE_BOUND('',#3396,.F.);
#3396 = EDGE_LOOP('',(#3397,#3398,#3399,#3405));
#3397 = ORIENTED_EDGE('',*,*,#3360,.F.);
#3398 = ORIENTED_EDGE('',*,*,#2734,.T.);
#3399 = ORIENTED_EDGE('',*,*,#3400,.T.);
#3400 = EDGE_CURVE('',#2726,#3030,#3401,.T.);
#3401 = LINE('',#3402,#3403);
#3402 = CARTESIAN_POINT('',(-116.0625,-9.,41.4));
#3403 = VECTOR('',#3404,1.);
#3404 = DIRECTION('',(0.,1.,0.));
#3405 = ORIENTED_EDGE('',*,*,#3038,.F.);
#3406 = PLANE('',#3407);
#3407 = AXIS2_PLACEMENT_3D('',#3408,#3409,#3410);
#3408 = CARTESIAN_POINT('',(-120.4625,-9.,41.4));
#3409 = DIRECTION('',(0.,0.,1.));
#3410 = DIRECTION('',(1.,0.,0.));
#3411 = ADVANCED_FACE('',(#3412),#3418,.F.);
#3412 = FACE_BOUND('',#3413,.F.);
#3413 = EDGE_LOOP('',(#3414,#3415,#3416,#3417));
#3414 = ORIENTED_EDGE('',*,*,#3029,.F.);
#3415 = ORIENTED_EDGE('',*,*,#3400,.F.);
#3416 = ORIENTED_EDGE('',*,*,#2725,.T.);
#3417 = ORIENTED_EDGE('',*,*,#3383,.T.);
#3418 = CYLINDRICAL_SURFACE('',#3419,3.3);
#3419 = AXIS2_PLACEMENT_3D('',#3420,#3421,#3422);
#3420 = CARTESIAN_POINT('',(-116.0625,-9.,38.1));
#3421 = DIRECTION('',(0.,1.,0.));
#3422 = DIRECTION('',(0.,0.,1.));
#3423 = ADVANCED_FACE('',(#3424),#3443,.F.);
#3424 = FACE_BOUND('',#3425,.F.);
#3425 = EDGE_LOOP('',(#3426,#3434,#3441,#3442));
#3426 = ORIENTED_EDGE('',*,*,#3427,.T.);
#3427 = EDGE_CURVE('',#2743,#3428,#3430,.T.);
#3428 = VERTEX_POINT('',#3429);
#3429 = CARTESIAN_POINT('',(-83.,-6.,7.1));
#3430 = LINE('',#3431,#3432);
#3431 = CARTESIAN_POINT('',(-83.,-8.1,7.1));
#3432 = VECTOR('',#3433,1.);
#3433 = DIRECTION('',(0.,1.,0.));
#3434 = ORIENTED_EDGE('',*,*,#3435,.F.);
#3435 = EDGE_CURVE('',#3428,#3428,#3436,.T.);
#3436 = CIRCLE('',#3437,3.1);
#3437 = AXIS2_PLACEMENT_3D('',#3438,#3439,#3440);
#3438 = CARTESIAN_POINT('',(-83.,-6.,4.));
#3439 = DIRECTION('',(0.,1.,0.));
#3440 = DIRECTION('',(0.,0.,1.));
#3441 = ORIENTED_EDGE('',*,*,#3427,.F.);
#3442 = ORIENTED_EDGE('',*,*,#2742,.T.);
#3443 = CYLINDRICAL_SURFACE('',#3444,3.1);
#3444 = AXIS2_PLACEMENT_3D('',#3445,#3446,#3447);
#3445 = CARTESIAN_POINT('',(-83.,-8.1,4.));
#3446 = DIRECTION('',(0.,1.,0.));
#3447 = DIRECTION('',(0.,0.,1.));
#3448 = ADVANCED_FACE('',(#3449),#3468,.F.);
#3449 = FACE_BOUND('',#3450,.F.);
#3450 = EDGE_LOOP('',(#3451,#3459,#3466,#3467));
#3451 = ORIENTED_EDGE('',*,*,#3452,.T.);
#3452 = EDGE_CURVE('',#2754,#3453,#3455,.T.);
#3453 = VERTEX_POINT('',#3454);
#3454 = CARTESIAN_POINT('',(-76.,-6.,7.1));
#3455 = LINE('',#3456,#3457);
#3456 = CARTESIAN_POINT('',(-76.,-8.1,7.1));
#3457 = VECTOR('',#3458,1.);
#3458 = DIRECTION('',(0.,1.,0.));
#3459 = ORIENTED_EDGE('',*,*,#3460,.F.);
#3460 = EDGE_CURVE('',#3453,#3453,#3461,.T.);
#3461 = CIRCLE('',#3462,3.1);
#3462 = AXIS2_PLACEMENT_3D('',#3463,#3464,#3465);
#3463 = CARTESIAN_POINT('',(-76.,-6.,4.));
#3464 = DIRECTION('',(0.,1.,0.));
#3465 = DIRECTION('',(0.,0.,1.));
#3466 = ORIENTED_EDGE('',*,*,#3452,.F.);
#3467 = ORIENTED_EDGE('',*,*,#2753,.T.);
#3468 = CYLINDRICAL_SURFACE('',#3469,3.1);
#3469 = AXIS2_PLACEMENT_3D('',#3470,#3471,#3472);
#3470 = CARTESIAN_POINT('',(-76.,-8.1,4.));
#3471 = DIRECTION('',(0.,1.,0.));
#3472 = DIRECTION('',(0.,0.,1.));
#3473 = ADVANCED_FACE('',(#3474),#3493,.F.);
#3474 = FACE_BOUND('',#3475,.F.);
#3475 = EDGE_LOOP('',(#3476,#3484,#3491,#3492));
#3476 = ORIENTED_EDGE('',*,*,#3477,.T.);
#3477 = EDGE_CURVE('',#2765,#3478,#3480,.T.);
#3478 = VERTEX_POINT('',#3479);
#3479 = CARTESIAN_POINT('',(-83.,-6.,42.1));
#3480 = LINE('',#3481,#3482);
#3481 = CARTESIAN_POINT('',(-83.,-8.1,42.1));
#3482 = VECTOR('',#3483,1.);
#3483 = DIRECTION('',(0.,1.,0.));
#3484 = ORIENTED_EDGE('',*,*,#3485,.F.);
#3485 = EDGE_CURVE('',#3478,#3478,#3486,.T.);
#3486 = CIRCLE('',#3487,3.1);
#3487 = AXIS2_PLACEMENT_3D('',#3488,#3489,#3490);
#3488 = CARTESIAN_POINT('',(-83.,-6.,39.));
#3489 = DIRECTION('',(0.,1.,0.));
#3490 = DIRECTION('',(0.,0.,1.));
#3491 = ORIENTED_EDGE('',*,*,#3477,.F.);
#3492 = ORIENTED_EDGE('',*,*,#2764,.T.);
#3493 = CYLINDRICAL_SURFACE('',#3494,3.1);
#3494 = AXIS2_PLACEMENT_3D('',#3495,#3496,#3497);
#3495 = CARTESIAN_POINT('',(-83.,-8.1,39.));
#3496 = DIRECTION('',(0.,1.,0.));
#3497 = DIRECTION('',(0.,0.,1.));
#3498 = ADVANCED_FACE('',(#3499),#3518,.F.);
#3499 = FACE_BOUND('',#3500,.F.);
#3500 = EDGE_LOOP('',(#3501,#3509,#3516,#3517));
#3501 = ORIENTED_EDGE('',*,*,#3502,.T.);
#3502 = EDGE_CURVE('',#2776,#3503,#3505,.T.);
#3503 = VERTEX_POINT('',#3504);
#3504 = CARTESIAN_POINT('',(-76.,-6.,42.1));
#3505 = LINE('',#3506,#3507);
#3506 = CARTESIAN_POINT('',(-76.,-8.1,42.1));
#3507 = VECTOR('',#3508,1.);
#3508 = DIRECTION('',(0.,1.,0.));
#3509 = ORIENTED_EDGE('',*,*,#3510,.F.);
#3510 = EDGE_CURVE('',#3503,#3503,#3511,.T.);
#3511 = CIRCLE('',#3512,3.1);
#3512 = AXIS2_PLACEMENT_3D('',#3513,#3514,#3515);
#3513 = CARTESIAN_POINT('',(-76.,-6.,39.));
#3514 = DIRECTION('',(0.,1.,0.));
#3515 = DIRECTION('',(0.,0.,1.));
#3516 = ORIENTED_EDGE('',*,*,#3502,.F.);
#3517 = ORIENTED_EDGE('',*,*,#2775,.T.);
#3518 = CYLINDRICAL_SURFACE('',#3519,3.1);
#3519 = AXIS2_PLACEMENT_3D('',#3520,#3521,#3522);
#3520 = CARTESIAN_POINT('',(-76.,-8.1,39.));
#3521 = DIRECTION('',(0.,1.,0.));
#3522 = DIRECTION('',(0.,0.,1.));
#3523 = ADVANCED_FACE('',(#3524),#3536,.T.);
#3524 = FACE_BOUND('',#3525,.T.);
#3525 = EDGE_LOOP('',(#3526,#3532,#3533,#3534,#3535));
#3526 = ORIENTED_EDGE('',*,*,#3527,.F.);
#3527 = EDGE_CURVE('',#3201,#2811,#3528,.T.);
#3528 = LINE('',#3529,#3530);
#3529 = CARTESIAN_POINT('',(-86.,-4.,34.));
#3530 = VECTOR('',#3531,1.);
#3531 = DIRECTION('',(0.,0.,1.));
#3532 = ORIENTED_EDGE('',*,*,#3208,.T.);
#3533 = ORIENTED_EDGE('',*,*,#2850,.F.);
#3534 = ORIENTED_EDGE('',*,*,#2842,.T.);
#3535 = ORIENTED_EDGE('',*,*,#2818,.F.);
#3536 = PLANE('',#3537);
#3537 = AXIS2_PLACEMENT_3D('',#3538,#3539,#3540);
#3538 = CARTESIAN_POINT('',(-86.,-4.,34.));
#3539 = DIRECTION('',(1.,0.,0.));
#3540 = DIRECTION('',(0.,0.,1.));
#3541 = ADVANCED_FACE('',(#3542,#3548,#3559),#3570,.T.);
#3542 = FACE_BOUND('',#3543,.T.);
#3543 = EDGE_LOOP('',(#3544,#3545,#3546,#3547));
#3544 = ORIENTED_EDGE('',*,*,#3200,.F.);
#3545 = ORIENTED_EDGE('',*,*,#3527,.T.);
#3546 = ORIENTED_EDGE('',*,*,#2810,.F.);
#3547 = ORIENTED_EDGE('',*,*,#3156,.F.);
#3548 = FACE_BOUND('',#3549,.T.);
#3549 = EDGE_LOOP('',(#3550));
#3550 = ORIENTED_EDGE('',*,*,#3551,.F.);
#3551 = EDGE_CURVE('',#3552,#3552,#3554,.T.);
#3552 = VERTEX_POINT('',#3553);
#3553 = CARTESIAN_POINT('',(-83.,-4.,40.65));
#3554 = CIRCLE('',#3555,1.65);
#3555 = AXIS2_PLACEMENT_3D('',#3556,#3557,#3558);
#3556 = CARTESIAN_POINT('',(-83.,-4.,39.));
#3557 = DIRECTION('',(0.,1.,0.));
#3558 = DIRECTION('',(0.,0.,1.));
#3559 = FACE_BOUND('',#3560,.T.);
#3560 = EDGE_LOOP('',(#3561));
#3561 = ORIENTED_EDGE('',*,*,#3562,.F.);
#3562 = EDGE_CURVE('',#3563,#3563,#3565,.T.);
#3563 = VERTEX_POINT('',#3564);
#3564 = CARTESIAN_POINT('',(-76.,-4.,40.65));
#3565 = CIRCLE('',#3566,1.65);
#3566 = AXIS2_PLACEMENT_3D('',#3567,#3568,#3569);
#3567 = CARTESIAN_POINT('',(-76.,-4.,39.));
#3568 = DIRECTION('',(0.,1.,0.));
#3569 = DIRECTION('',(0.,0.,1.));
#3570 = PLANE('',#3571);
#3571 = AXIS2_PLACEMENT_3D('',#3572,#3573,#3574);
#3572 = CARTESIAN_POINT('',(-86.,-4.,34.));
#3573 = DIRECTION('',(0.,1.,0.));
#3574 = DIRECTION('',(0.,0.,1.));
#3575 = ADVANCED_FACE('',(#3576,#3594,#3628,#3662),#3696,.T.);
#3576 = FACE_BOUND('',#3577,.T.);
#3577 = EDGE_LOOP('',(#3578,#3579,#3587,#3593));
#3578 = ORIENTED_EDGE('',*,*,#2930,.T.);
#3579 = ORIENTED_EDGE('',*,*,#3580,.T.);
#3580 = EDGE_CURVE('',#2923,#3581,#3583,.T.);
#3581 = VERTEX_POINT('',#3582);
#3582 = CARTESIAN_POINT('',(-110.2,141.,40.3));
#3583 = LINE('',#3584,#3585);
#3584 = CARTESIAN_POINT('',(-110.2,0.,40.3));
#3585 = VECTOR('',#3586,1.);
#3586 = DIRECTION('',(0.,1.,0.));
#3587 = ORIENTED_EDGE('',*,*,#3588,.F.);
#3588 = EDGE_CURVE('',#3055,#3581,#3589,.T.);
#3589 = LINE('',#3590,#3591);
#3590 = CARTESIAN_POINT('',(-110.2,141.,0.));
#3591 = VECTOR('',#3592,1.);
#3592 = DIRECTION('',(0.,0.,1.));
#3593 = ORIENTED_EDGE('',*,*,#3054,.F.);
#3594 = FACE_BOUND('',#3595,.T.);
#3595 = EDGE_LOOP('',(#3596,#3606,#3614,#3622));
#3596 = ORIENTED_EDGE('',*,*,#3597,.F.);
#3597 = EDGE_CURVE('',#3598,#3600,#3602,.T.);
#3598 = VERTEX_POINT('',#3599);
#3599 = CARTESIAN_POINT('',(-110.2,124.,10.));
#3600 = VERTEX_POINT('',#3601);
#3601 = CARTESIAN_POINT('',(-110.2,96.,10.));
#3602 = LINE('',#3603,#3604);
#3603 = CARTESIAN_POINT('',(-110.2,48.,10.));
#3604 = VECTOR('',#3605,1.);
#3605 = DIRECTION('',(0.,-1.,0.));
#3606 = ORIENTED_EDGE('',*,*,#3607,.T.);
#3607 = EDGE_CURVE('',#3598,#3608,#3610,.T.);
#3608 = VERTEX_POINT('',#3609);
#3609 = CARTESIAN_POINT('',(-110.2,124.,30.));
#3610 = LINE('',#3611,#3612);
#3611 = CARTESIAN_POINT('',(-110.2,124.,5.));
#3612 = VECTOR('',#3613,1.);
#3613 = DIRECTION('',(0.,0.,1.));
#3614 = ORIENTED_EDGE('',*,*,#3615,.T.);
#3615 = EDGE_CURVE('',#3608,#3616,#3618,.T.);
#3616 = VERTEX_POINT('',#3617);
#3617 = CARTESIAN_POINT('',(-110.2,96.,30.));
#3618 = LINE('',#3619,#3620);
#3619 = CARTESIAN_POINT('',(-110.2,48.,30.));
#3620 = VECTOR('',#3621,1.);
#3621 = DIRECTION('',(0.,-1.,0.));
#3622 = ORIENTED_EDGE('',*,*,#3623,.F.);
#3623 = EDGE_CURVE('',#3600,#3616,#3624,.T.);
#3624 = LINE('',#3625,#3626);
#3625 = CARTESIAN_POINT('',(-110.2,96.,5.));
#3626 = VECTOR('',#3627,1.);
#3627 = DIRECTION('',(0.,0.,1.));
#3628 = FACE_BOUND('',#3629,.T.);
#3629 = EDGE_LOOP('',(#3630,#3640,#3648,#3656));
#3630 = ORIENTED_EDGE('',*,*,#3631,.F.);
#3631 = EDGE_CURVE('',#3632,#3634,#3636,.T.);
#3632 = VERTEX_POINT('',#3633);
#3633 = CARTESIAN_POINT('',(-110.2,84.,10.));
#3634 = VERTEX_POINT('',#3635);
#3635 = CARTESIAN_POINT('',(-110.2,56.,10.));
#3636 = LINE('',#3637,#3638);
#3637 = CARTESIAN_POINT('',(-110.2,28.,10.));
#3638 = VECTOR('',#3639,1.);
#3639 = DIRECTION('',(0.,-1.,0.));
#3640 = ORIENTED_EDGE('',*,*,#3641,.T.);
#3641 = EDGE_CURVE('',#3632,#3642,#3644,.T.);
#3642 = VERTEX_POINT('',#3643);
#3643 = CARTESIAN_POINT('',(-110.2,84.,30.));
#3644 = LINE('',#3645,#3646);
#3645 = CARTESIAN_POINT('',(-110.2,84.,5.));
#3646 = VECTOR('',#3647,1.);
#3647 = DIRECTION('',(0.,0.,1.));
#3648 = ORIENTED_EDGE('',*,*,#3649,.T.);
#3649 = EDGE_CURVE('',#3642,#3650,#3652,.T.);
#3650 = VERTEX_POINT('',#3651);
#3651 = CARTESIAN_POINT('',(-110.2,56.,30.));
#3652 = LINE('',#3653,#3654);
#3653 = CARTESIAN_POINT('',(-110.2,28.,30.));
#3654 = VECTOR('',#3655,1.);
#3655 = DIRECTION('',(0.,-1.,0.));
#3656 = ORIENTED_EDGE('',*,*,#3657,.F.);
#3657 = EDGE_CURVE('',#3634,#3650,#3658,.T.);
#3658 = LINE('',#3659,#3660);
#3659 = CARTESIAN_POINT('',(-110.2,56.,5.));
#3660 = VECTOR('',#3661,1.);
#3661 = DIRECTION('',(0.,0.,1.));
#3662 = FACE_BOUND('',#3663,.T.);
#3663 = EDGE_LOOP('',(#3664,#3674,#3682,#3690));
#3664 = ORIENTED_EDGE('',*,*,#3665,.F.);
#3665 = EDGE_CURVE('',#3666,#3668,#3670,.T.);
#3666 = VERTEX_POINT('',#3667);
#3667 = CARTESIAN_POINT('',(-110.2,44.,10.));
#3668 = VERTEX_POINT('',#3669);
#3669 = CARTESIAN_POINT('',(-110.2,16.,10.));
#3670 = LINE('',#3671,#3672);
#3671 = CARTESIAN_POINT('',(-110.2,8.,10.));
#3672 = VECTOR('',#3673,1.);
#3673 = DIRECTION('',(0.,-1.,0.));
#3674 = ORIENTED_EDGE('',*,*,#3675,.T.);
#3675 = EDGE_CURVE('',#3666,#3676,#3678,.T.);
#3676 = VERTEX_POINT('',#3677);
#3677 = CARTESIAN_POINT('',(-110.2,44.,30.));
#3678 = LINE('',#3679,#3680);
#3679 = CARTESIAN_POINT('',(-110.2,44.,5.));
#3680 = VECTOR('',#3681,1.);
#3681 = DIRECTION('',(0.,0.,1.));
#3682 = ORIENTED_EDGE('',*,*,#3683,.T.);
#3683 = EDGE_CURVE('',#3676,#3684,#3686,.T.);
#3684 = VERTEX_POINT('',#3685);
#3685 = CARTESIAN_POINT('',(-110.2,16.,30.));
#3686 = LINE('',#3687,#3688);
#3687 = CARTESIAN_POINT('',(-110.2,8.,30.));
#3688 = VECTOR('',#3689,1.);
#3689 = DIRECTION('',(0.,-1.,0.));
#3690 = ORIENTED_EDGE('',*,*,#3691,.F.);
#3691 = EDGE_CURVE('',#3668,#3684,#3692,.T.);
#3692 = LINE('',#3693,#3694);
#3693 = CARTESIAN_POINT('',(-110.2,16.,5.));
#3694 = VECTOR('',#3695,1.);
#3695 = DIRECTION('',(0.,0.,1.));
#3696 = PLANE('',#3697);
#3697 = AXIS2_PLACEMENT_3D('',#3698,#3699,#3700);
#3698 = CARTESIAN_POINT('',(-110.2,70.5,20.15));
#3699 = DIRECTION('',(-1.,-0.,-0.));
#3700 = DIRECTION('',(0.,0.,-1.));
#3701 = ADVANCED_FACE('',(#3702),#3720,.T.);
#3702 = FACE_BOUND('',#3703,.T.);
#3703 = EDGE_LOOP('',(#3704,#3705,#3706,#3714));
#3704 = ORIENTED_EDGE('',*,*,#3580,.F.);
#3705 = ORIENTED_EDGE('',*,*,#2922,.T.);
#3706 = ORIENTED_EDGE('',*,*,#3707,.T.);
#3707 = EDGE_CURVE('',#2915,#3708,#3710,.T.);
#3708 = VERTEX_POINT('',#3709);
#3709 = CARTESIAN_POINT('',(-103.,141.,40.3));
#3710 = LINE('',#3711,#3712);
#3711 = CARTESIAN_POINT('',(-103.,0.,40.3));
#3712 = VECTOR('',#3713,1.);
#3713 = DIRECTION('',(0.,1.,0.));
#3714 = ORIENTED_EDGE('',*,*,#3715,.F.);
#3715 = EDGE_CURVE('',#3581,#3708,#3716,.T.);
#3716 = LINE('',#3717,#3718);
#3717 = CARTESIAN_POINT('',(-107.,141.,40.3));
#3718 = VECTOR('',#3719,1.);
#3719 = DIRECTION('',(1.,0.,0.));
#3720 = PLANE('',#3721);
#3721 = AXIS2_PLACEMENT_3D('',#3722,#3723,#3724);
#3722 = CARTESIAN_POINT('',(-106.6,70.5,40.3));
#3723 = DIRECTION('',(0.,0.,1.));
#3724 = DIRECTION('',(1.,0.,0.));
#3725 = ADVANCED_FACE('',(#3726),#3744,.T.);
#3726 = FACE_BOUND('',#3727,.T.);
#3727 = EDGE_LOOP('',(#3728,#3729,#3737,#3743));
#3728 = ORIENTED_EDGE('',*,*,#2914,.F.);
#3729 = ORIENTED_EDGE('',*,*,#3730,.T.);
#3730 = EDGE_CURVE('',#2907,#3731,#3733,.T.);
#3731 = VERTEX_POINT('',#3732);
#3732 = CARTESIAN_POINT('',(-103.,141.,36.8));
#3733 = LINE('',#3734,#3735);
#3734 = CARTESIAN_POINT('',(-103.,0.,36.8));
#3735 = VECTOR('',#3736,1.);
#3736 = DIRECTION('',(0.,1.,0.));
#3737 = ORIENTED_EDGE('',*,*,#3738,.T.);
#3738 = EDGE_CURVE('',#3731,#3708,#3739,.T.);
#3739 = LINE('',#3740,#3741);
#3740 = CARTESIAN_POINT('',(-103.,141.,36.8));
#3741 = VECTOR('',#3742,1.);
#3742 = DIRECTION('',(0.,0.,1.));
#3743 = ORIENTED_EDGE('',*,*,#3707,.F.);
#3744 = PLANE('',#3745);
#3745 = AXIS2_PLACEMENT_3D('',#3746,#3747,#3748);
#3746 = CARTESIAN_POINT('',(-103.,0.,36.8));
#3747 = DIRECTION('',(1.,0.,0.));
#3748 = DIRECTION('',(0.,0.,1.));
#3749 = ADVANCED_FACE('',(#3750),#3768,.F.);
#3750 = FACE_BOUND('',#3751,.F.);
#3751 = EDGE_LOOP('',(#3752,#3760,#3761,#3762));
#3752 = ORIENTED_EDGE('',*,*,#3753,.F.);
#3753 = EDGE_CURVE('',#2899,#3754,#3756,.T.);
#3754 = VERTEX_POINT('',#3755);
#3755 = CARTESIAN_POINT('',(-107.,141.,36.8));
#3756 = LINE('',#3757,#3758);
#3757 = CARTESIAN_POINT('',(-107.,0.,36.8));
#3758 = VECTOR('',#3759,1.);
#3759 = DIRECTION('',(0.,1.,0.));
#3760 = ORIENTED_EDGE('',*,*,#2906,.T.);
#3761 = ORIENTED_EDGE('',*,*,#3730,.T.);
#3762 = ORIENTED_EDGE('',*,*,#3763,.F.);
#3763 = EDGE_CURVE('',#3754,#3731,#3764,.T.);
#3764 = LINE('',#3765,#3766);
#3765 = CARTESIAN_POINT('',(-107.,141.,36.8));
#3766 = VECTOR('',#3767,1.);
#3767 = DIRECTION('',(1.,0.,0.));
#3768 = PLANE('',#3769);
#3769 = AXIS2_PLACEMENT_3D('',#3770,#3771,#3772);
#3770 = CARTESIAN_POINT('',(-107.,0.,36.8));
#3771 = DIRECTION('',(0.,0.,1.));
#3772 = DIRECTION('',(1.,0.,0.));
#3773 = ADVANCED_FACE('',(#3774,#3792,#3826,#3860),#3894,.T.);
#3774 = FACE_BOUND('',#3775,.T.);
#3775 = EDGE_LOOP('',(#3776,#3777,#3785,#3791));
#3776 = ORIENTED_EDGE('',*,*,#2898,.F.);
#3777 = ORIENTED_EDGE('',*,*,#3778,.T.);
#3778 = EDGE_CURVE('',#2891,#3779,#3781,.T.);
#3779 = VERTEX_POINT('',#3780);
#3780 = CARTESIAN_POINT('',(-107.,141.,6.));
#3781 = LINE('',#3782,#3783);
#3782 = CARTESIAN_POINT('',(-107.,0.,6.));
#3783 = VECTOR('',#3784,1.);
#3784 = DIRECTION('',(0.,1.,0.));
#3785 = ORIENTED_EDGE('',*,*,#3786,.T.);
#3786 = EDGE_CURVE('',#3779,#3754,#3787,.T.);
#3787 = LINE('',#3788,#3789);
#3788 = CARTESIAN_POINT('',(-107.,141.,0.));
#3789 = VECTOR('',#3790,1.);
#3790 = DIRECTION('',(0.,0.,1.));
#3791 = ORIENTED_EDGE('',*,*,#3753,.F.);
#3792 = FACE_BOUND('',#3793,.T.);
#3793 = EDGE_LOOP('',(#3794,#3804,#3812,#3820));
#3794 = ORIENTED_EDGE('',*,*,#3795,.T.);
#3795 = EDGE_CURVE('',#3796,#3798,#3800,.T.);
#3796 = VERTEX_POINT('',#3797);
#3797 = CARTESIAN_POINT('',(-107.,124.,10.));
#3798 = VERTEX_POINT('',#3799);
#3799 = CARTESIAN_POINT('',(-107.,96.,10.));
#3800 = LINE('',#3801,#3802);
#3801 = CARTESIAN_POINT('',(-107.,48.,10.));
#3802 = VECTOR('',#3803,1.);
#3803 = DIRECTION('',(0.,-1.,0.));
#3804 = ORIENTED_EDGE('',*,*,#3805,.T.);
#3805 = EDGE_CURVE('',#3798,#3806,#3808,.T.);
#3806 = VERTEX_POINT('',#3807);
#3807 = CARTESIAN_POINT('',(-107.,96.,30.));
#3808 = LINE('',#3809,#3810);
#3809 = CARTESIAN_POINT('',(-107.,96.,5.));
#3810 = VECTOR('',#3811,1.);
#3811 = DIRECTION('',(0.,0.,1.));
#3812 = ORIENTED_EDGE('',*,*,#3813,.F.);
#3813 = EDGE_CURVE('',#3814,#3806,#3816,.T.);
#3814 = VERTEX_POINT('',#3815);
#3815 = CARTESIAN_POINT('',(-107.,124.,30.));
#3816 = LINE('',#3817,#3818);
#3817 = CARTESIAN_POINT('',(-107.,48.,30.));
#3818 = VECTOR('',#3819,1.);
#3819 = DIRECTION('',(0.,-1.,0.));
#3820 = ORIENTED_EDGE('',*,*,#3821,.F.);
#3821 = EDGE_CURVE('',#3796,#3814,#3822,.T.);
#3822 = LINE('',#3823,#3824);
#3823 = CARTESIAN_POINT('',(-107.,124.,5.));
#3824 = VECTOR('',#3825,1.);
#3825 = DIRECTION('',(0.,0.,1.));
#3826 = FACE_BOUND('',#3827,.T.);
#3827 = EDGE_LOOP('',(#3828,#3838,#3846,#3854));
#3828 = ORIENTED_EDGE('',*,*,#3829,.T.);
#3829 = EDGE_CURVE('',#3830,#3832,#3834,.T.);
#3830 = VERTEX_POINT('',#3831);
#3831 = CARTESIAN_POINT('',(-107.,84.,10.));
#3832 = VERTEX_POINT('',#3833);
#3833 = CARTESIAN_POINT('',(-107.,56.,10.));
#3834 = LINE('',#3835,#3836);
#3835 = CARTESIAN_POINT('',(-107.,28.,10.));
#3836 = VECTOR('',#3837,1.);
#3837 = DIRECTION('',(0.,-1.,0.));
#3838 = ORIENTED_EDGE('',*,*,#3839,.T.);
#3839 = EDGE_CURVE('',#3832,#3840,#3842,.T.);
#3840 = VERTEX_POINT('',#3841);
#3841 = CARTESIAN_POINT('',(-107.,56.,30.));
#3842 = LINE('',#3843,#3844);
#3843 = CARTESIAN_POINT('',(-107.,56.,5.));
#3844 = VECTOR('',#3845,1.);
#3845 = DIRECTION('',(0.,0.,1.));
#3846 = ORIENTED_EDGE('',*,*,#3847,.F.);
#3847 = EDGE_CURVE('',#3848,#3840,#3850,.T.);
#3848 = VERTEX_POINT('',#3849);
#3849 = CARTESIAN_POINT('',(-107.,84.,30.));
#3850 = LINE('',#3851,#3852);
#3851 = CARTESIAN_POINT('',(-107.,28.,30.));
#3852 = VECTOR('',#3853,1.);
#3853 = DIRECTION('',(0.,-1.,0.));
#3854 = ORIENTED_EDGE('',*,*,#3855,.F.);
#3855 = EDGE_CURVE('',#3830,#3848,#3856,.T.);
#3856 = LINE('',#3857,#3858);
#3857 = CARTESIAN_POINT('',(-107.,84.,5.));
#3858 = VECTOR('',#3859,1.);
#3859 = DIRECTION('',(0.,0.,1.));
#3860 = FACE_BOUND('',#3861,.T.);
#3861 = EDGE_LOOP('',(#3862,#3872,#3880,#3888));
#3862 = ORIENTED_EDGE('',*,*,#3863,.T.);
#3863 = EDGE_CURVE('',#3864,#3866,#3868,.T.);
#3864 = VERTEX_POINT('',#3865);
#3865 = CARTESIAN_POINT('',(-107.,44.,10.));
#3866 = VERTEX_POINT('',#3867);
#3867 = CARTESIAN_POINT('',(-107.,16.,10.));
#3868 = LINE('',#3869,#3870);
#3869 = CARTESIAN_POINT('',(-107.,8.,10.));
#3870 = VECTOR('',#3871,1.);
#3871 = DIRECTION('',(0.,-1.,0.));
#3872 = ORIENTED_EDGE('',*,*,#3873,.T.);
#3873 = EDGE_CURVE('',#3866,#3874,#3876,.T.);
#3874 = VERTEX_POINT('',#3875);
#3875 = CARTESIAN_POINT('',(-107.,16.,30.));
#3876 = LINE('',#3877,#3878);
#3877 = CARTESIAN_POINT('',(-107.,16.,5.));
#3878 = VECTOR('',#3879,1.);
#3879 = DIRECTION('',(0.,0.,1.));
#3880 = ORIENTED_EDGE('',*,*,#3881,.F.);
#3881 = EDGE_CURVE('',#3882,#3874,#3884,.T.);
#3882 = VERTEX_POINT('',#3883);
#3883 = CARTESIAN_POINT('',(-107.,44.,30.));
#3884 = LINE('',#3885,#3886);
#3885 = CARTESIAN_POINT('',(-107.,8.,30.));
#3886 = VECTOR('',#3887,1.);
#3887 = DIRECTION('',(0.,-1.,0.));
#3888 = ORIENTED_EDGE('',*,*,#3889,.F.);
#3889 = EDGE_CURVE('',#3864,#3882,#3890,.T.);
#3890 = LINE('',#3891,#3892);
#3891 = CARTESIAN_POINT('',(-107.,44.,5.));
#3892 = VECTOR('',#3893,1.);
#3893 = DIRECTION('',(0.,0.,1.));
#3894 = PLANE('',#3895);
#3895 = AXIS2_PLACEMENT_3D('',#3896,#3897,#3898);
#3896 = CARTESIAN_POINT('',(-107.,0.,0.));
#3897 = DIRECTION('',(1.,0.,0.));
#3898 = DIRECTION('',(0.,0.,1.));
#3899 = ADVANCED_FACE('',(#3900,#3918),#3929,.T.);
#3900 = FACE_BOUND('',#3901,.T.);
#3901 = EDGE_LOOP('',(#3902,#3903,#3904,#3912));
#3902 = ORIENTED_EDGE('',*,*,#3778,.F.);
#3903 = ORIENTED_EDGE('',*,*,#2890,.T.);
#3904 = ORIENTED_EDGE('',*,*,#3905,.T.);
#3905 = EDGE_CURVE('',#2883,#3906,#3908,.T.);
#3906 = VERTEX_POINT('',#3907);
#3907 = CARTESIAN_POINT('',(-86.,141.,6.));
#3908 = LINE('',#3909,#3910);
#3909 = CARTESIAN_POINT('',(-86.,-2.,6.));
#3910 = VECTOR('',#3911,1.);
#3911 = DIRECTION('',(0.,1.,0.));
#3912 = ORIENTED_EDGE('',*,*,#3913,.F.);
#3913 = EDGE_CURVE('',#3779,#3906,#3914,.T.);
#3914 = LINE('',#3915,#3916);
#3915 = CARTESIAN_POINT('',(-110.2,141.,6.));
#3916 = VECTOR('',#3917,1.);
#3917 = DIRECTION('',(1.,0.,0.));
#3918 = FACE_BOUND('',#3919,.T.);
#3919 = EDGE_LOOP('',(#3920));
#3920 = ORIENTED_EDGE('',*,*,#3921,.F.);
#3921 = EDGE_CURVE('',#3922,#3922,#3924,.T.);
#3922 = VERTEX_POINT('',#3923);
#3923 = CARTESIAN_POINT('',(-101.25,136.,6.));
#3924 = CIRCLE('',#3925,1.25);
#3925 = AXIS2_PLACEMENT_3D('',#3926,#3927,#3928);
#3926 = CARTESIAN_POINT('',(-102.5,136.,6.));
#3927 = DIRECTION('',(0.,0.,1.));
#3928 = DIRECTION('',(1.,0.,0.));
#3929 = PLANE('',#3930);
#3930 = AXIS2_PLACEMENT_3D('',#3931,#3932,#3933);
#3931 = CARTESIAN_POINT('',(-110.2,0.,6.));
#3932 = DIRECTION('',(0.,0.,1.));
#3933 = DIRECTION('',(1.,0.,0.));
#3934 = ADVANCED_FACE('',(#3935),#3953,.T.);
#3935 = FACE_BOUND('',#3936,.T.);
#3936 = EDGE_LOOP('',(#3937,#3943,#3944,#3950,#3951,#3952));
#3937 = ORIENTED_EDGE('',*,*,#3938,.F.);
#3938 = EDGE_CURVE('',#3071,#3134,#3939,.T.);
#3939 = LINE('',#3940,#3941);
#3940 = CARTESIAN_POINT('',(-86.,-4.,-400.));
#3941 = VECTOR('',#3942,1.);
#3942 = DIRECTION('',(0.,0.,1.));
#3943 = ORIENTED_EDGE('',*,*,#3070,.F.);
#3944 = ORIENTED_EDGE('',*,*,#3945,.F.);
#3945 = EDGE_CURVE('',#3906,#3063,#3946,.T.);
#3946 = LINE('',#3947,#3948);
#3947 = CARTESIAN_POINT('',(-86.,141.,-195.5685643564));
#3948 = VECTOR('',#3949,1.);
#3949 = DIRECTION('',(0.,0.,-1.));
#3950 = ORIENTED_EDGE('',*,*,#3905,.F.);
#3951 = ORIENTED_EDGE('',*,*,#2882,.F.);
#3952 = ORIENTED_EDGE('',*,*,#3141,.F.);
#3953 = PLANE('',#3954);
#3954 = AXIS2_PLACEMENT_3D('',#3955,#3956,#3957);
#3955 = CARTESIAN_POINT('',(-86.,-4.,-400.));
#3956 = DIRECTION('',(1.,0.,0.));
#3957 = DIRECTION('',(0.,0.,1.));
#3958 = ADVANCED_FACE('',(#3959,#3965,#3976),#3987,.T.);
#3959 = FACE_BOUND('',#3960,.T.);
#3960 = EDGE_LOOP('',(#3961,#3962,#3963,#3964));
#3961 = ORIENTED_EDGE('',*,*,#3078,.F.);
#3962 = ORIENTED_EDGE('',*,*,#3938,.T.);
#3963 = ORIENTED_EDGE('',*,*,#3133,.F.);
#3964 = ORIENTED_EDGE('',*,*,#3101,.F.);
#3965 = FACE_BOUND('',#3966,.T.);
#3966 = EDGE_LOOP('',(#3967));
#3967 = ORIENTED_EDGE('',*,*,#3968,.F.);
#3968 = EDGE_CURVE('',#3969,#3969,#3971,.T.);
#3969 = VERTEX_POINT('',#3970);
#3970 = CARTESIAN_POINT('',(-83.,-4.,5.65));
#3971 = CIRCLE('',#3972,1.65);
#3972 = AXIS2_PLACEMENT_3D('',#3973,#3974,#3975);
#3973 = CARTESIAN_POINT('',(-83.,-4.,4.));
#3974 = DIRECTION('',(0.,1.,0.));
#3975 = DIRECTION('',(0.,0.,1.));
#3976 = FACE_BOUND('',#3977,.T.);
#3977 = EDGE_LOOP('',(#3978));
#3978 = ORIENTED_EDGE('',*,*,#3979,.F.);
#3979 = EDGE_CURVE('',#3980,#3980,#3982,.T.);
#3980 = VERTEX_POINT('',#3981);
#3981 = CARTESIAN_POINT('',(-76.,-4.,5.65));
#3982 = CIRCLE('',#3983,1.65);
#3983 = AXIS2_PLACEMENT_3D('',#3984,#3985,#3986);
#3984 = CARTESIAN_POINT('',(-76.,-4.,4.));
#3985 = DIRECTION('',(0.,1.,0.));
#3986 = DIRECTION('',(0.,0.,1.));
#3987 = PLANE('',#3988);
#3988 = AXIS2_PLACEMENT_3D('',#3989,#3990,#3991);
#3989 = CARTESIAN_POINT('',(-86.,-4.,-400.));
#3990 = DIRECTION('',(0.,1.,0.));
#3991 = DIRECTION('',(0.,0.,1.));
#3992 = ADVANCED_FACE('',(#3993),#4003,.T.);
#3993 = FACE_BOUND('',#3994,.T.);
#3994 = EDGE_LOOP('',(#3995,#3996,#3997,#3998,#3999,#4000,#4001,#4002));
#3995 = ORIENTED_EDGE('',*,*,#3062,.F.);
#3996 = ORIENTED_EDGE('',*,*,#3588,.T.);
#3997 = ORIENTED_EDGE('',*,*,#3715,.T.);
#3998 = ORIENTED_EDGE('',*,*,#3738,.F.);
#3999 = ORIENTED_EDGE('',*,*,#3763,.F.);
#4000 = ORIENTED_EDGE('',*,*,#3786,.F.);
#4001 = ORIENTED_EDGE('',*,*,#3913,.T.);
#4002 = ORIENTED_EDGE('',*,*,#3945,.T.);
#4003 = PLANE('',#4004);
#4004 = AXIS2_PLACEMENT_3D('',#4005,#4006,#4007);
#4005 = CARTESIAN_POINT('',(3.001632679119E-15,141.,8.862871287129));
#4006 = DIRECTION('',(0.,1.,0.));
#4007 = DIRECTION('',(0.,0.,1.));
#4008 = ADVANCED_FACE('',(#4009,#4012),#4023,.F.);
#4009 = FACE_BOUND('',#4010,.F.);
#4010 = EDGE_LOOP('',(#4011));
#4011 = ORIENTED_EDGE('',*,*,#3435,.T.);
#4012 = FACE_BOUND('',#4013,.F.);
#4013 = EDGE_LOOP('',(#4014));
#4014 = ORIENTED_EDGE('',*,*,#4015,.F.);
#4015 = EDGE_CURVE('',#4016,#4016,#4018,.T.);
#4016 = VERTEX_POINT('',#4017);
#4017 = CARTESIAN_POINT('',(-83.,-6.,5.65));
#4018 = CIRCLE('',#4019,1.65);
#4019 = AXIS2_PLACEMENT_3D('',#4020,#4021,#4022);
#4020 = CARTESIAN_POINT('',(-83.,-6.,4.));
#4021 = DIRECTION('',(0.,1.,0.));
#4022 = DIRECTION('',(0.,0.,1.));
#4023 = PLANE('',#4024);
#4024 = AXIS2_PLACEMENT_3D('',#4025,#4026,#4027);
#4025 = CARTESIAN_POINT('',(-83.,-6.,4.));
#4026 = DIRECTION('',(0.,1.,0.));
#4027 = DIRECTION('',(0.,0.,1.));
#4028 = ADVANCED_FACE('',(#4029,#4032),#4043,.F.);
#4029 = FACE_BOUND('',#4030,.F.);
#4030 = EDGE_LOOP('',(#4031));
#4031 = ORIENTED_EDGE('',*,*,#3460,.T.);
#4032 = FACE_BOUND('',#4033,.F.);
#4033 = EDGE_LOOP('',(#4034));
#4034 = ORIENTED_EDGE('',*,*,#4035,.F.);
#4035 = EDGE_CURVE('',#4036,#4036,#4038,.T.);
#4036 = VERTEX_POINT('',#4037);
#4037 = CARTESIAN_POINT('',(-76.,-6.,5.65));
#4038 = CIRCLE('',#4039,1.65);
#4039 = AXIS2_PLACEMENT_3D('',#4040,#4041,#4042);
#4040 = CARTESIAN_POINT('',(-76.,-6.,4.));
#4041 = DIRECTION('',(0.,1.,0.));
#4042 = DIRECTION('',(0.,0.,1.));
#4043 = PLANE('',#4044);
#4044 = AXIS2_PLACEMENT_3D('',#4045,#4046,#4047);
#4045 = CARTESIAN_POINT('',(-76.,-6.,4.));
#4046 = DIRECTION('',(0.,1.,0.));
#4047 = DIRECTION('',(0.,0.,1.));
#4048 = ADVANCED_FACE('',(#4049,#4052),#4063,.F.);
#4049 = FACE_BOUND('',#4050,.F.);
#4050 = EDGE_LOOP('',(#4051));
#4051 = ORIENTED_EDGE('',*,*,#3485,.T.);
#4052 = FACE_BOUND('',#4053,.F.);
#4053 = EDGE_LOOP('',(#4054));
#4054 = ORIENTED_EDGE('',*,*,#4055,.F.);
#4055 = EDGE_CURVE('',#4056,#4056,#4058,.T.);
#4056 = VERTEX_POINT('',#4057);
#4057 = CARTESIAN_POINT('',(-83.,-6.,40.65));
#4058 = CIRCLE('',#4059,1.65);
#4059 = AXIS2_PLACEMENT_3D('',#4060,#4061,#4062);
#4060 = CARTESIAN_POINT('',(-83.,-6.,39.));
#4061 = DIRECTION('',(0.,1.,0.));
#4062 = DIRECTION('',(0.,0.,1.));
#4063 = PLANE('',#4064);
#4064 = AXIS2_PLACEMENT_3D('',#4065,#4066,#4067);
#4065 = CARTESIAN_POINT('',(-83.,-6.,39.));
#4066 = DIRECTION('',(0.,1.,0.));
#4067 = DIRECTION('',(0.,0.,1.));
#4068 = ADVANCED_FACE('',(#4069,#4072),#4083,.F.);
#4069 = FACE_BOUND('',#4070,.F.);
#4070 = EDGE_LOOP('',(#4071));
#4071 = ORIENTED_EDGE('',*,*,#3510,.T.);
#4072 = FACE_BOUND('',#4073,.F.);
#4073 = EDGE_LOOP('',(#4074));
#4074 = ORIENTED_EDGE('',*,*,#4075,.F.);
#4075 = EDGE_CURVE('',#4076,#4076,#4078,.T.);
#4076 = VERTEX_POINT('',#4077);
#4077 = CARTESIAN_POINT('',(-76.,-6.,40.65));
#4078 = CIRCLE('',#4079,1.65);
#4079 = AXIS2_PLACEMENT_3D('',#4080,#4081,#4082);
#4080 = CARTESIAN_POINT('',(-76.,-6.,39.));
#4081 = DIRECTION('',(0.,1.,0.));
#4082 = DIRECTION('',(0.,0.,1.));
#4083 = PLANE('',#4084);
#4084 = AXIS2_PLACEMENT_3D('',#4085,#4086,#4087);
#4085 = CARTESIAN_POINT('',(-76.,-6.,39.));
#4086 = DIRECTION('',(0.,1.,0.));
#4087 = DIRECTION('',(0.,0.,1.));
#4088 = ADVANCED_FACE('',(#4089),#4100,.F.);
#4089 = FACE_BOUND('',#4090,.F.);
#4090 = EDGE_LOOP('',(#4091,#4097,#4098,#4099));
#4091 = ORIENTED_EDGE('',*,*,#4092,.T.);
#4092 = EDGE_CURVE('',#4056,#3552,#4093,.T.);
#4093 = LINE('',#4094,#4095);
#4094 = CARTESIAN_POINT('',(-83.,-8.1,40.65));
#4095 = VECTOR('',#4096,1.);
#4096 = DIRECTION('',(0.,1.,0.));
#4097 = ORIENTED_EDGE('',*,*,#3551,.F.);
#4098 = ORIENTED_EDGE('',*,*,#4092,.F.);
#4099 = ORIENTED_EDGE('',*,*,#4055,.T.);
#4100 = CYLINDRICAL_SURFACE('',#4101,1.65);
#4101 = AXIS2_PLACEMENT_3D('',#4102,#4103,#4104);
#4102 = CARTESIAN_POINT('',(-83.,-8.1,39.));
#4103 = DIRECTION('',(0.,1.,0.));
#4104 = DIRECTION('',(0.,0.,1.));
#4105 = ADVANCED_FACE('',(#4106),#4117,.F.);
#4106 = FACE_BOUND('',#4107,.F.);
#4107 = EDGE_LOOP('',(#4108,#4114,#4115,#4116));
#4108 = ORIENTED_EDGE('',*,*,#4109,.T.);
#4109 = EDGE_CURVE('',#4076,#3563,#4110,.T.);
#4110 = LINE('',#4111,#4112);
#4111 = CARTESIAN_POINT('',(-76.,-8.1,40.65));
#4112 = VECTOR('',#4113,1.);
#4113 = DIRECTION('',(0.,1.,0.));
#4114 = ORIENTED_EDGE('',*,*,#3562,.F.);
#4115 = ORIENTED_EDGE('',*,*,#4109,.F.);
#4116 = ORIENTED_EDGE('',*,*,#4075,.T.);
#4117 = CYLINDRICAL_SURFACE('',#4118,1.65);
#4118 = AXIS2_PLACEMENT_3D('',#4119,#4120,#4121);
#4119 = CARTESIAN_POINT('',(-76.,-8.1,39.));
#4120 = DIRECTION('',(0.,1.,0.));
#4121 = DIRECTION('',(0.,0.,1.));
#4122 = ADVANCED_FACE('',(#4123),#4139,.T.);
#4123 = FACE_BOUND('',#4124,.T.);
#4124 = EDGE_LOOP('',(#4125,#4131,#4132,#4138));
#4125 = ORIENTED_EDGE('',*,*,#4126,.F.);
#4126 = EDGE_CURVE('',#3598,#3796,#4127,.T.);
#4127 = LINE('',#4128,#4129);
#4128 = CARTESIAN_POINT('',(-111.2,124.,10.));
#4129 = VECTOR('',#4130,1.);
#4130 = DIRECTION('',(1.,0.,0.));
#4131 = ORIENTED_EDGE('',*,*,#3597,.T.);
#4132 = ORIENTED_EDGE('',*,*,#4133,.T.);
#4133 = EDGE_CURVE('',#3600,#3798,#4134,.T.);
#4134 = LINE('',#4135,#4136);
#4135 = CARTESIAN_POINT('',(-111.2,96.,10.));
#4136 = VECTOR('',#4137,1.);
#4137 = DIRECTION('',(1.,0.,0.));
#4138 = ORIENTED_EDGE('',*,*,#3795,.F.);
#4139 = PLANE('',#4140);
#4140 = AXIS2_PLACEMENT_3D('',#4141,#4142,#4143);
#4141 = CARTESIAN_POINT('',(-111.2,96.,10.));
#4142 = DIRECTION('',(0.,0.,1.));
#4143 = DIRECTION('',(1.,0.,0.));
#4144 = ADVANCED_FACE('',(#4145),#4156,.F.);
#4145 = FACE_BOUND('',#4146,.F.);
#4146 = EDGE_LOOP('',(#4147,#4148,#4149,#4155));
#4147 = ORIENTED_EDGE('',*,*,#4126,.F.);
#4148 = ORIENTED_EDGE('',*,*,#3607,.T.);
#4149 = ORIENTED_EDGE('',*,*,#4150,.T.);
#4150 = EDGE_CURVE('',#3608,#3814,#4151,.T.);
#4151 = LINE('',#4152,#4153);
#4152 = CARTESIAN_POINT('',(-111.2,124.,30.));
#4153 = VECTOR('',#4154,1.);
#4154 = DIRECTION('',(1.,0.,0.));
#4155 = ORIENTED_EDGE('',*,*,#3821,.F.);
#4156 = PLANE('',#4157);
#4157 = AXIS2_PLACEMENT_3D('',#4158,#4159,#4160);
#4158 = CARTESIAN_POINT('',(-111.2,124.,10.));
#4159 = DIRECTION('',(0.,1.,0.));
#4160 = DIRECTION('',(0.,0.,1.));
#4161 = ADVANCED_FACE('',(#4162),#4173,.F.);
#4162 = FACE_BOUND('',#4163,.F.);
#4163 = EDGE_LOOP('',(#4164,#4165,#4166,#4172));
#4164 = ORIENTED_EDGE('',*,*,#4150,.F.);
#4165 = ORIENTED_EDGE('',*,*,#3615,.T.);
#4166 = ORIENTED_EDGE('',*,*,#4167,.T.);
#4167 = EDGE_CURVE('',#3616,#3806,#4168,.T.);
#4168 = LINE('',#4169,#4170);
#4169 = CARTESIAN_POINT('',(-111.2,96.,30.));
#4170 = VECTOR('',#4171,1.);
#4171 = DIRECTION('',(1.,0.,0.));
#4172 = ORIENTED_EDGE('',*,*,#3813,.F.);
#4173 = PLANE('',#4174);
#4174 = AXIS2_PLACEMENT_3D('',#4175,#4176,#4177);
#4175 = CARTESIAN_POINT('',(-111.2,96.,30.));
#4176 = DIRECTION('',(0.,0.,1.));
#4177 = DIRECTION('',(1.,0.,0.));
#4178 = ADVANCED_FACE('',(#4179),#4185,.T.);
#4179 = FACE_BOUND('',#4180,.T.);
#4180 = EDGE_LOOP('',(#4181,#4182,#4183,#4184));
#4181 = ORIENTED_EDGE('',*,*,#4133,.F.);
#4182 = ORIENTED_EDGE('',*,*,#3623,.T.);
#4183 = ORIENTED_EDGE('',*,*,#4167,.T.);
#4184 = ORIENTED_EDGE('',*,*,#3805,.F.);
#4185 = PLANE('',#4186);
#4186 = AXIS2_PLACEMENT_3D('',#4187,#4188,#4189);
#4187 = CARTESIAN_POINT('',(-111.2,96.,10.));
#4188 = DIRECTION('',(0.,1.,0.));
#4189 = DIRECTION('',(0.,0.,1.));
#4190 = ADVANCED_FACE('',(#4191),#4207,.T.);
#4191 = FACE_BOUND('',#4192,.T.);
#4192 = EDGE_LOOP('',(#4193,#4199,#4200,#4206));
#4193 = ORIENTED_EDGE('',*,*,#4194,.F.);
#4194 = EDGE_CURVE('',#3632,#3830,#4195,.T.);
#4195 = LINE('',#4196,#4197);
#4196 = CARTESIAN_POINT('',(-111.2,84.,10.));
#4197 = VECTOR('',#4198,1.);
#4198 = DIRECTION('',(1.,0.,0.));
#4199 = ORIENTED_EDGE('',*,*,#3631,.T.);
#4200 = ORIENTED_EDGE('',*,*,#4201,.T.);
#4201 = EDGE_CURVE('',#3634,#3832,#4202,.T.);
#4202 = LINE('',#4203,#4204);
#4203 = CARTESIAN_POINT('',(-111.2,56.,10.));
#4204 = VECTOR('',#4205,1.);
#4205 = DIRECTION('',(1.,0.,0.));
#4206 = ORIENTED_EDGE('',*,*,#3829,.F.);
#4207 = PLANE('',#4208);
#4208 = AXIS2_PLACEMENT_3D('',#4209,#4210,#4211);
#4209 = CARTESIAN_POINT('',(-111.2,56.,10.));
#4210 = DIRECTION('',(0.,0.,1.));
#4211 = DIRECTION('',(1.,0.,0.));
#4212 = ADVANCED_FACE('',(#4213),#4224,.F.);
#4213 = FACE_BOUND('',#4214,.F.);
#4214 = EDGE_LOOP('',(#4215,#4216,#4217,#4223));
#4215 = ORIENTED_EDGE('',*,*,#4194,.F.);
#4216 = ORIENTED_EDGE('',*,*,#3641,.T.);
#4217 = ORIENTED_EDGE('',*,*,#4218,.T.);
#4218 = EDGE_CURVE('',#3642,#3848,#4219,.T.);
#4219 = LINE('',#4220,#4221);
#4220 = CARTESIAN_POINT('',(-111.2,84.,30.));
#4221 = VECTOR('',#4222,1.);
#4222 = DIRECTION('',(1.,0.,0.));
#4223 = ORIENTED_EDGE('',*,*,#3855,.F.);
#4224 = PLANE('',#4225);
#4225 = AXIS2_PLACEMENT_3D('',#4226,#4227,#4228);
#4226 = CARTESIAN_POINT('',(-111.2,84.,10.));
#4227 = DIRECTION('',(0.,1.,0.));
#4228 = DIRECTION('',(0.,0.,1.));
#4229 = ADVANCED_FACE('',(#4230),#4241,.F.);
#4230 = FACE_BOUND('',#4231,.F.);
#4231 = EDGE_LOOP('',(#4232,#4233,#4234,#4240));
#4232 = ORIENTED_EDGE('',*,*,#4218,.F.);
#4233 = ORIENTED_EDGE('',*,*,#3649,.T.);
#4234 = ORIENTED_EDGE('',*,*,#4235,.T.);
#4235 = EDGE_CURVE('',#3650,#3840,#4236,.T.);
#4236 = LINE('',#4237,#4238);
#4237 = CARTESIAN_POINT('',(-111.2,56.,30.));
#4238 = VECTOR('',#4239,1.);
#4239 = DIRECTION('',(1.,0.,0.));
#4240 = ORIENTED_EDGE('',*,*,#3847,.F.);
#4241 = PLANE('',#4242);
#4242 = AXIS2_PLACEMENT_3D('',#4243,#4244,#4245);
#4243 = CARTESIAN_POINT('',(-111.2,56.,30.));
#4244 = DIRECTION('',(0.,0.,1.));
#4245 = DIRECTION('',(1.,0.,0.));
#4246 = ADVANCED_FACE('',(#4247),#4253,.T.);
#4247 = FACE_BOUND('',#4248,.T.);
#4248 = EDGE_LOOP('',(#4249,#4250,#4251,#4252));
#4249 = ORIENTED_EDGE('',*,*,#4201,.F.);
#4250 = ORIENTED_EDGE('',*,*,#3657,.T.);
#4251 = ORIENTED_EDGE('',*,*,#4235,.T.);
#4252 = ORIENTED_EDGE('',*,*,#3839,.F.);
#4253 = PLANE('',#4254);
#4254 = AXIS2_PLACEMENT_3D('',#4255,#4256,#4257);
#4255 = CARTESIAN_POINT('',(-111.2,56.,10.));
#4256 = DIRECTION('',(0.,1.,0.));
#4257 = DIRECTION('',(0.,0.,1.));
#4258 = ADVANCED_FACE('',(#4259),#4275,.T.);
#4259 = FACE_BOUND('',#4260,.T.);
#4260 = EDGE_LOOP('',(#4261,#4267,#4268,#4274));
#4261 = ORIENTED_EDGE('',*,*,#4262,.F.);
#4262 = EDGE_CURVE('',#3666,#3864,#4263,.T.);
#4263 = LINE('',#4264,#4265);
#4264 = CARTESIAN_POINT('',(-111.2,44.,10.));
#4265 = VECTOR('',#4266,1.);
#4266 = DIRECTION('',(1.,0.,0.));
#4267 = ORIENTED_EDGE('',*,*,#3665,.T.);
#4268 = ORIENTED_EDGE('',*,*,#4269,.T.);
#4269 = EDGE_CURVE('',#3668,#3866,#4270,.T.);
#4270 = LINE('',#4271,#4272);
#4271 = CARTESIAN_POINT('',(-111.2,16.,10.));
#4272 = VECTOR('',#4273,1.);
#4273 = DIRECTION('',(1.,0.,0.));
#4274 = ORIENTED_EDGE('',*,*,#3863,.F.);
#4275 = PLANE('',#4276);
#4276 = AXIS2_PLACEMENT_3D('',#4277,#4278,#4279);
#4277 = CARTESIAN_POINT('',(-111.2,16.,10.));
#4278 = DIRECTION('',(0.,0.,1.));
#4279 = DIRECTION('',(1.,0.,0.));
#4280 = ADVANCED_FACE('',(#4281),#4292,.F.);
#4281 = FACE_BOUND('',#4282,.F.);
#4282 = EDGE_LOOP('',(#4283,#4284,#4285,#4291));
#4283 = ORIENTED_EDGE('',*,*,#4262,.F.);
#4284 = ORIENTED_EDGE('',*,*,#3675,.T.);
#4285 = ORIENTED_EDGE('',*,*,#4286,.T.);
#4286 = EDGE_CURVE('',#3676,#3882,#4287,.T.);
#4287 = LINE('',#4288,#4289);
#4288 = CARTESIAN_POINT('',(-111.2,44.,30.));
#4289 = VECTOR('',#4290,1.);
#4290 = DIRECTION('',(1.,0.,0.));
#4291 = ORIENTED_EDGE('',*,*,#3889,.F.);
#4292 = PLANE('',#4293);
#4293 = AXIS2_PLACEMENT_3D('',#4294,#4295,#4296);
#4294 = CARTESIAN_POINT('',(-111.2,44.,10.));
#4295 = DIRECTION('',(0.,1.,0.));
#4296 = DIRECTION('',(0.,0.,1.));
#4297 = ADVANCED_FACE('',(#4298),#4309,.F.);
#4298 = FACE_BOUND('',#4299,.F.);
#4299 = EDGE_LOOP('',(#4300,#4301,#4302,#4308));
#4300 = ORIENTED_EDGE('',*,*,#4286,.F.);
#4301 = ORIENTED_EDGE('',*,*,#3683,.T.);
#4302 = ORIENTED_EDGE('',*,*,#4303,.T.);
#4303 = EDGE_CURVE('',#3684,#3874,#4304,.T.);
#4304 = LINE('',#4305,#4306);
#4305 = CARTESIAN_POINT('',(-111.2,16.,30.));
#4306 = VECTOR('',#4307,1.);
#4307 = DIRECTION('',(1.,0.,0.));
#4308 = ORIENTED_EDGE('',*,*,#3881,.F.);
#4309 = PLANE('',#4310);
#4310 = AXIS2_PLACEMENT_3D('',#4311,#4312,#4313);
#4311 = CARTESIAN_POINT('',(-111.2,16.,30.));
#4312 = DIRECTION('',(0.,0.,1.));
#4313 = DIRECTION('',(1.,0.,0.));
#4314 = ADVANCED_FACE('',(#4315),#4321,.T.);
#4315 = FACE_BOUND('',#4316,.T.);
#4316 = EDGE_LOOP('',(#4317,#4318,#4319,#4320));
#4317 = ORIENTED_EDGE('',*,*,#4269,.F.);
#4318 = ORIENTED_EDGE('',*,*,#3691,.T.);
#4319 = ORIENTED_EDGE('',*,*,#4303,.T.);
#4320 = ORIENTED_EDGE('',*,*,#3873,.F.);
#4321 = PLANE('',#4322);
#4322 = AXIS2_PLACEMENT_3D('',#4323,#4324,#4325);
#4323 = CARTESIAN_POINT('',(-111.2,16.,10.));
#4324 = DIRECTION('',(0.,1.,0.));
#4325 = DIRECTION('',(0.,0.,1.));
#4326 = ADVANCED_FACE('',(#4327),#4346,.F.);
#4327 = FACE_BOUND('',#4328,.F.);
#4328 = EDGE_LOOP('',(#4329,#4330,#4338,#4345));
#4329 = ORIENTED_EDGE('',*,*,#3921,.F.);
#4330 = ORIENTED_EDGE('',*,*,#4331,.F.);
#4331 = EDGE_CURVE('',#4332,#3922,#4334,.T.);
#4332 = VERTEX_POINT('',#4333);
#4333 = CARTESIAN_POINT('',(-101.25,136.,0.6));
#4334 = LINE('',#4335,#4336);
#4335 = CARTESIAN_POINT('',(-101.25,136.,0.6));
#4336 = VECTOR('',#4337,1.);
#4337 = DIRECTION('',(0.,0.,1.));
#4338 = ORIENTED_EDGE('',*,*,#4339,.T.);
#4339 = EDGE_CURVE('',#4332,#4332,#4340,.T.);
#4340 = CIRCLE('',#4341,1.25);
#4341 = AXIS2_PLACEMENT_3D('',#4342,#4343,#4344);
#4342 = CARTESIAN_POINT('',(-102.5,136.,0.6));
#4343 = DIRECTION('',(0.,0.,1.));
#4344 = DIRECTION('',(1.,0.,0.));
#4345 = ORIENTED_EDGE('',*,*,#4331,.T.);
#4346 = CYLINDRICAL_SURFACE('',#4347,1.25);
#4347 = AXIS2_PLACEMENT_3D('',#4348,#4349,#4350);
#4348 = CARTESIAN_POINT('',(-102.5,136.,0.6));
#4349 = DIRECTION('',(0.,0.,1.));
#4350 = DIRECTION('',(1.,0.,0.));
#4351 = ADVANCED_FACE('',(#4352),#4363,.F.);
#4352 = FACE_BOUND('',#4353,.F.);
#4353 = EDGE_LOOP('',(#4354,#4360,#4361,#4362));
#4354 = ORIENTED_EDGE('',*,*,#4355,.T.);
#4355 = EDGE_CURVE('',#4016,#3969,#4356,.T.);
#4356 = LINE('',#4357,#4358);
#4357 = CARTESIAN_POINT('',(-83.,-8.1,5.65));
#4358 = VECTOR('',#4359,1.);
#4359 = DIRECTION('',(0.,1.,0.));
#4360 = ORIENTED_EDGE('',*,*,#3968,.F.);
#4361 = ORIENTED_EDGE('',*,*,#4355,.F.);
#4362 = ORIENTED_EDGE('',*,*,#4015,.T.);
#4363 = CYLINDRICAL_SURFACE('',#4364,1.65);
#4364 = AXIS2_PLACEMENT_3D('',#4365,#4366,#4367);
#4365 = CARTESIAN_POINT('',(-83.,-8.1,4.));
#4366 = DIRECTION('',(0.,1.,0.));
#4367 = DIRECTION('',(0.,0.,1.));
#4368 = ADVANCED_FACE('',(#4369),#4380,.F.);
#4369 = FACE_BOUND('',#4370,.F.);
#4370 = EDGE_LOOP('',(#4371,#4377,#4378,#4379));
#4371 = ORIENTED_EDGE('',*,*,#4372,.T.);
#4372 = EDGE_CURVE('',#4036,#3980,#4373,.T.);
#4373 = LINE('',#4374,#4375);
#4374 = CARTESIAN_POINT('',(-76.,-8.1,5.65));
#4375 = VECTOR('',#4376,1.);
#4376 = DIRECTION('',(0.,1.,0.));
#4377 = ORIENTED_EDGE('',*,*,#3979,.F.);
#4378 = ORIENTED_EDGE('',*,*,#4372,.F.);
#4379 = ORIENTED_EDGE('',*,*,#4035,.T.);
#4380 = CYLINDRICAL_SURFACE('',#4381,1.65);
#4381 = AXIS2_PLACEMENT_3D('',#4382,#4383,#4384);
#4382 = CARTESIAN_POINT('',(-76.,-8.1,4.));
#4383 = DIRECTION('',(0.,1.,0.));
#4384 = DIRECTION('',(0.,0.,1.));
#4385 = ADVANCED_FACE('',(#4386),#4389,.T.);
#4386 = FACE_BOUND('',#4387,.F.);
#4387 = EDGE_LOOP('',(#4388));
#4388 = ORIENTED_EDGE('',*,*,#4339,.F.);
#4389 = PLANE('',#4390);
#4390 = AXIS2_PLACEMENT_3D('',#4391,#4392,#4393);
#4391 = CARTESIAN_POINT('',(-102.5,136.,0.6));
#4392 = DIRECTION('',(0.,0.,1.));
#4393 = DIRECTION('',(1.,0.,0.));
#4394 = MANIFOLD_SOLID_BREP('',#4395);
#4395 = CLOSED_SHELL('',(#4396,#4620,#4651,#4691,#4731,#4755,#4779,#4835
    ,#4875,#4892,#4917,#4942,#4967,#4992,#5024,#5048,#5072,#5090,#5122,
    #5146,#5170,#5188,#5220,#5244,#5268,#5286,#5325,#5350,#5438,#5564,
    #5620,#5644,#5678,#5698,#5718,#5738,#5758,#5775,#5792,#5820,#5939,
    #5956,#5973,#5985,#6007,#6024,#6041,#6053,#6075,#6092,#6109,#6121,
    #6143,#6160,#6177,#6189,#6206,#6223,#6248));
#4396 = ADVANCED_FACE('',(#4397,#4463,#4474,#4485,#4496,#4507,#4543,
    #4579),#4615,.F.);
#4397 = FACE_BOUND('',#4398,.F.);
#4398 = EDGE_LOOP('',(#4399,#4409,#4417,#4425,#4433,#4441,#4449,#4457));
#4399 = ORIENTED_EDGE('',*,*,#4400,.F.);
#4400 = EDGE_CURVE('',#4401,#4403,#4405,.T.);
#4401 = VERTEX_POINT('',#4402);
#4402 = CARTESIAN_POINT('',(72.,-8.,44.45));
#4403 = VERTEX_POINT('',#4404);
#4404 = CARTESIAN_POINT('',(72.,-8.,34.));
#4405 = LINE('',#4406,#4407);
#4406 = CARTESIAN_POINT('',(72.,-8.,17.));
#4407 = VECTOR('',#4408,1.);
#4408 = DIRECTION('',(0.,0.,-1.));
#4409 = ORIENTED_EDGE('',*,*,#4410,.T.);
#4410 = EDGE_CURVE('',#4401,#4411,#4413,.T.);
#4411 = VERTEX_POINT('',#4412);
#4412 = CARTESIAN_POINT('',(127.,-8.,44.45));
#4413 = LINE('',#4414,#4415);
#4414 = CARTESIAN_POINT('',(-127.,-8.,44.45));
#4415 = VECTOR('',#4416,1.);
#4416 = DIRECTION('',(1.,0.,0.));
#4417 = ORIENTED_EDGE('',*,*,#4418,.F.);
#4418 = EDGE_CURVE('',#4419,#4411,#4421,.T.);
#4419 = VERTEX_POINT('',#4420);
#4420 = CARTESIAN_POINT('',(127.,-8.,0.));
#4421 = LINE('',#4422,#4423);
#4422 = CARTESIAN_POINT('',(127.,-8.,0.));
#4423 = VECTOR('',#4424,1.);
#4424 = DIRECTION('',(0.,0.,1.));
#4425 = ORIENTED_EDGE('',*,*,#4426,.F.);
#4426 = EDGE_CURVE('',#4427,#4419,#4429,.T.);
#4427 = VERTEX_POINT('',#4428);
#4428 = CARTESIAN_POINT('',(72.,-8.,0.));
#4429 = LINE('',#4430,#4431);
#4430 = CARTESIAN_POINT('',(-127.,-8.,0.));
#4431 = VECTOR('',#4432,1.);
#4432 = DIRECTION('',(1.,0.,0.));
#4433 = ORIENTED_EDGE('',*,*,#4434,.F.);
#4434 = EDGE_CURVE('',#4435,#4427,#4437,.T.);
#4435 = VERTEX_POINT('',#4436);
#4436 = CARTESIAN_POINT('',(72.,-8.,8.));
#4437 = LINE('',#4438,#4439);
#4438 = CARTESIAN_POINT('',(72.,-8.,-200.));
#4439 = VECTOR('',#4440,1.);
#4440 = DIRECTION('',(0.,0.,-1.));
#4441 = ORIENTED_EDGE('',*,*,#4442,.T.);
#4442 = EDGE_CURVE('',#4435,#4443,#4445,.T.);
#4443 = VERTEX_POINT('',#4444);
#4444 = CARTESIAN_POINT('',(104.,-8.,8.));
#4445 = LINE('',#4446,#4447);
#4446 = CARTESIAN_POINT('',(-115.5,-8.,8.));
#4447 = VECTOR('',#4448,1.);
#4448 = DIRECTION('',(1.,0.,0.));
#4449 = ORIENTED_EDGE('',*,*,#4450,.F.);
#4450 = EDGE_CURVE('',#4451,#4443,#4453,.T.);
#4451 = VERTEX_POINT('',#4452);
#4452 = CARTESIAN_POINT('',(104.,-8.,34.));
#4453 = LINE('',#4454,#4455);
#4454 = CARTESIAN_POINT('',(104.,-8.,4.));
#4455 = VECTOR('',#4456,1.);
#4456 = DIRECTION('',(0.,0.,-1.));
#4457 = ORIENTED_EDGE('',*,*,#4458,.F.);
#4458 = EDGE_CURVE('',#4403,#4451,#4459,.T.);
#4459 = LINE('',#4460,#4461);
#4460 = CARTESIAN_POINT('',(-115.5,-8.,34.));
#4461 = VECTOR('',#4462,1.);
#4462 = DIRECTION('',(1.,0.,0.));
#4463 = FACE_BOUND('',#4464,.F.);
#4464 = EDGE_LOOP('',(#4465));
#4465 = ORIENTED_EDGE('',*,*,#4466,.F.);
#4466 = EDGE_CURVE('',#4467,#4467,#4469,.T.);
#4467 = VERTEX_POINT('',#4468);
#4468 = CARTESIAN_POINT('',(76.,-8.,7.1));
#4469 = CIRCLE('',#4470,3.1);
#4470 = AXIS2_PLACEMENT_3D('',#4471,#4472,#4473);
#4471 = CARTESIAN_POINT('',(76.,-8.,4.));
#4472 = DIRECTION('',(0.,1.,0.));
#4473 = DIRECTION('',(0.,0.,1.));
#4474 = FACE_BOUND('',#4475,.F.);
#4475 = EDGE_LOOP('',(#4476));
#4476 = ORIENTED_EDGE('',*,*,#4477,.F.);
#4477 = EDGE_CURVE('',#4478,#4478,#4480,.T.);
#4478 = VERTEX_POINT('',#4479);
#4479 = CARTESIAN_POINT('',(83.,-8.,7.1));
#4480 = CIRCLE('',#4481,3.1);
#4481 = AXIS2_PLACEMENT_3D('',#4482,#4483,#4484);
#4482 = CARTESIAN_POINT('',(83.,-8.,4.));
#4483 = DIRECTION('',(0.,1.,0.));
#4484 = DIRECTION('',(0.,0.,1.));
#4485 = FACE_BOUND('',#4486,.F.);
#4486 = EDGE_LOOP('',(#4487));
#4487 = ORIENTED_EDGE('',*,*,#4488,.F.);
#4488 = EDGE_CURVE('',#4489,#4489,#4491,.T.);
#4489 = VERTEX_POINT('',#4490);
#4490 = CARTESIAN_POINT('',(76.,-8.,42.1));
#4491 = CIRCLE('',#4492,3.1);
#4492 = AXIS2_PLACEMENT_3D('',#4493,#4494,#4495);
#4493 = CARTESIAN_POINT('',(76.,-8.,39.));
#4494 = DIRECTION('',(0.,1.,0.));
#4495 = DIRECTION('',(0.,0.,1.));
#4496 = FACE_BOUND('',#4497,.F.);
#4497 = EDGE_LOOP('',(#4498));
#4498 = ORIENTED_EDGE('',*,*,#4499,.F.);
#4499 = EDGE_CURVE('',#4500,#4500,#4502,.T.);
#4500 = VERTEX_POINT('',#4501);
#4501 = CARTESIAN_POINT('',(83.,-8.,42.1));
#4502 = CIRCLE('',#4503,3.1);
#4503 = AXIS2_PLACEMENT_3D('',#4504,#4505,#4506);
#4504 = CARTESIAN_POINT('',(83.,-8.,39.));
#4505 = DIRECTION('',(0.,1.,0.));
#4506 = DIRECTION('',(0.,0.,1.));
#4507 = FACE_BOUND('',#4508,.F.);
#4508 = EDGE_LOOP('',(#4509,#4520,#4528,#4537));
#4509 = ORIENTED_EDGE('',*,*,#4510,.F.);
#4510 = EDGE_CURVE('',#4511,#4513,#4515,.T.);
#4511 = VERTEX_POINT('',#4512);
#4512 = CARTESIAN_POINT('',(116.0625,-8.,3.05));
#4513 = VERTEX_POINT('',#4514);
#4514 = CARTESIAN_POINT('',(116.0625,-8.,9.65));
#4515 = CIRCLE('',#4516,3.3);
#4516 = AXIS2_PLACEMENT_3D('',#4517,#4518,#4519);
#4517 = CARTESIAN_POINT('',(116.0625,-8.,6.35));
#4518 = DIRECTION('',(0.,1.,0.));
#4519 = DIRECTION('',(0.,0.,1.));
#4520 = ORIENTED_EDGE('',*,*,#4521,.T.);
#4521 = EDGE_CURVE('',#4511,#4522,#4524,.T.);
#4522 = VERTEX_POINT('',#4523);
#4523 = CARTESIAN_POINT('',(120.4625,-8.,3.05));
#4524 = LINE('',#4525,#4526);
#4525 = CARTESIAN_POINT('',(-5.46875,-8.,3.05));
#4526 = VECTOR('',#4527,1.);
#4527 = DIRECTION('',(1.,0.,0.));
#4528 = ORIENTED_EDGE('',*,*,#4529,.F.);
#4529 = EDGE_CURVE('',#4530,#4522,#4532,.T.);
#4530 = VERTEX_POINT('',#4531);
#4531 = CARTESIAN_POINT('',(120.4625,-8.,9.65));
#4532 = CIRCLE('',#4533,3.3);
#4533 = AXIS2_PLACEMENT_3D('',#4534,#4535,#4536);
#4534 = CARTESIAN_POINT('',(120.4625,-8.,6.35));
#4535 = DIRECTION('',(0.,1.,0.));
#4536 = DIRECTION('',(0.,0.,1.));
#4537 = ORIENTED_EDGE('',*,*,#4538,.F.);
#4538 = EDGE_CURVE('',#4513,#4530,#4539,.T.);
#4539 = LINE('',#4540,#4541);
#4540 = CARTESIAN_POINT('',(-5.46875,-8.,9.65));
#4541 = VECTOR('',#4542,1.);
#4542 = DIRECTION('',(1.,0.,0.));
#4543 = FACE_BOUND('',#4544,.F.);
#4544 = EDGE_LOOP('',(#4545,#4556,#4564,#4573));
#4545 = ORIENTED_EDGE('',*,*,#4546,.F.);
#4546 = EDGE_CURVE('',#4547,#4549,#4551,.T.);
#4547 = VERTEX_POINT('',#4548);
#4548 = CARTESIAN_POINT('',(116.0625,-8.,18.925));
#4549 = VERTEX_POINT('',#4550);
#4550 = CARTESIAN_POINT('',(116.0625,-8.,25.525));
#4551 = CIRCLE('',#4552,3.3);
#4552 = AXIS2_PLACEMENT_3D('',#4553,#4554,#4555);
#4553 = CARTESIAN_POINT('',(116.0625,-8.,22.225));
#4554 = DIRECTION('',(0.,1.,0.));
#4555 = DIRECTION('',(0.,0.,1.));
#4556 = ORIENTED_EDGE('',*,*,#4557,.T.);
#4557 = EDGE_CURVE('',#4547,#4558,#4560,.T.);
#4558 = VERTEX_POINT('',#4559);
#4559 = CARTESIAN_POINT('',(120.4625,-8.,18.925));
#4560 = LINE('',#4561,#4562);
#4561 = CARTESIAN_POINT('',(-5.46875,-8.,18.925));
#4562 = VECTOR('',#4563,1.);
#4563 = DIRECTION('',(1.,0.,0.));
#4564 = ORIENTED_EDGE('',*,*,#4565,.F.);
#4565 = EDGE_CURVE('',#4566,#4558,#4568,.T.);
#4566 = VERTEX_POINT('',#4567);
#4567 = CARTESIAN_POINT('',(120.4625,-8.,25.525));
#4568 = CIRCLE('',#4569,3.3);
#4569 = AXIS2_PLACEMENT_3D('',#4570,#4571,#4572);
#4570 = CARTESIAN_POINT('',(120.4625,-8.,22.225));
#4571 = DIRECTION('',(0.,1.,0.));
#4572 = DIRECTION('',(0.,0.,1.));
#4573 = ORIENTED_EDGE('',*,*,#4574,.F.);
#4574 = EDGE_CURVE('',#4549,#4566,#4575,.T.);
#4575 = LINE('',#4576,#4577);
#4576 = CARTESIAN_POINT('',(-5.46875,-8.,25.525));
#4577 = VECTOR('',#4578,1.);
#4578 = DIRECTION('',(1.,0.,0.));
#4579 = FACE_BOUND('',#4580,.F.);
#4580 = EDGE_LOOP('',(#4581,#4592,#4600,#4609));
#4581 = ORIENTED_EDGE('',*,*,#4582,.F.);
#4582 = EDGE_CURVE('',#4583,#4585,#4587,.T.);
#4583 = VERTEX_POINT('',#4584);
#4584 = CARTESIAN_POINT('',(116.0625,-8.,34.8));
#4585 = VERTEX_POINT('',#4586);
#4586 = CARTESIAN_POINT('',(116.0625,-8.,41.4));
#4587 = CIRCLE('',#4588,3.3);
#4588 = AXIS2_PLACEMENT_3D('',#4589,#4590,#4591);
#4589 = CARTESIAN_POINT('',(116.0625,-8.,38.1));
#4590 = DIRECTION('',(0.,1.,0.));
#4591 = DIRECTION('',(0.,0.,1.));
#4592 = ORIENTED_EDGE('',*,*,#4593,.T.);
#4593 = EDGE_CURVE('',#4583,#4594,#4596,.T.);
#4594 = VERTEX_POINT('',#4595);
#4595 = CARTESIAN_POINT('',(120.4625,-8.,34.8));
#4596 = LINE('',#4597,#4598);
#4597 = CARTESIAN_POINT('',(-5.46875,-8.,34.8));
#4598 = VECTOR('',#4599,1.);
#4599 = DIRECTION('',(1.,0.,0.));
#4600 = ORIENTED_EDGE('',*,*,#4601,.F.);
#4601 = EDGE_CURVE('',#4602,#4594,#4604,.T.);
#4602 = VERTEX_POINT('',#4603);
#4603 = CARTESIAN_POINT('',(120.4625,-8.,41.4));
#4604 = CIRCLE('',#4605,3.3);
#4605 = AXIS2_PLACEMENT_3D('',#4606,#4607,#4608);
#4606 = CARTESIAN_POINT('',(120.4625,-8.,38.1));
#4607 = DIRECTION('',(0.,1.,0.));
#4608 = DIRECTION('',(0.,0.,1.));
#4609 = ORIENTED_EDGE('',*,*,#4610,.F.);
#4610 = EDGE_CURVE('',#4585,#4602,#4611,.T.);
#4611 = LINE('',#4612,#4613);
#4612 = CARTESIAN_POINT('',(-5.46875,-8.,41.4));
#4613 = VECTOR('',#4614,1.);
#4614 = DIRECTION('',(1.,0.,0.));
#4615 = PLANE('',#4616);
#4616 = AXIS2_PLACEMENT_3D('',#4617,#4618,#4619);
#4617 = CARTESIAN_POINT('',(-127.,-8.,0.));
#4618 = DIRECTION('',(0.,1.,0.));
#4619 = DIRECTION('',(0.,0.,1.));
#4620 = ADVANCED_FACE('',(#4621),#4646,.F.);
#4621 = FACE_BOUND('',#4622,.F.);
#4622 = EDGE_LOOP('',(#4623,#4633,#4639,#4640));
#4623 = ORIENTED_EDGE('',*,*,#4624,.T.);
#4624 = EDGE_CURVE('',#4625,#4627,#4629,.T.);
#4625 = VERTEX_POINT('',#4626);
#4626 = CARTESIAN_POINT('',(72.,-4.,34.));
#4627 = VERTEX_POINT('',#4628);
#4628 = CARTESIAN_POINT('',(72.,-4.,44.45));
#4629 = LINE('',#4630,#4631);
#4630 = CARTESIAN_POINT('',(72.,-4.,34.));
#4631 = VECTOR('',#4632,1.);
#4632 = DIRECTION('',(0.,0.,1.));
#4633 = ORIENTED_EDGE('',*,*,#4634,.F.);
#4634 = EDGE_CURVE('',#4401,#4627,#4635,.T.);
#4635 = LINE('',#4636,#4637);
#4636 = CARTESIAN_POINT('',(72.,-199.5398550724,44.45));
#4637 = VECTOR('',#4638,1.);
#4638 = DIRECTION('',(0.,1.,0.));
#4639 = ORIENTED_EDGE('',*,*,#4400,.T.);
#4640 = ORIENTED_EDGE('',*,*,#4641,.T.);
#4641 = EDGE_CURVE('',#4403,#4625,#4642,.T.);
#4642 = LINE('',#4643,#4644);
#4643 = CARTESIAN_POINT('',(72.,-400.,34.));
#4644 = VECTOR('',#4645,1.);
#4645 = DIRECTION('',(0.,1.,0.));
#4646 = PLANE('',#4647);
#4647 = AXIS2_PLACEMENT_3D('',#4648,#4649,#4650);
#4648 = CARTESIAN_POINT('',(72.,-400.,34.));
#4649 = DIRECTION('',(1.,0.,0.));
#4650 = DIRECTION('',(0.,0.,1.));
#4651 = ADVANCED_FACE('',(#4652),#4686,.T.);
#4652 = FACE_BOUND('',#4653,.T.);
#4653 = EDGE_LOOP('',(#4654,#4655,#4656,#4664,#4672,#4680));
#4654 = ORIENTED_EDGE('',*,*,#4634,.F.);
#4655 = ORIENTED_EDGE('',*,*,#4410,.T.);
#4656 = ORIENTED_EDGE('',*,*,#4657,.T.);
#4657 = EDGE_CURVE('',#4411,#4658,#4660,.T.);
#4658 = VERTEX_POINT('',#4659);
#4659 = CARTESIAN_POINT('',(127.,0.,44.45));
#4660 = LINE('',#4661,#4662);
#4661 = CARTESIAN_POINT('',(127.,-8.,44.45));
#4662 = VECTOR('',#4663,1.);
#4663 = DIRECTION('',(0.,1.,0.));
#4664 = ORIENTED_EDGE('',*,*,#4665,.F.);
#4665 = EDGE_CURVE('',#4666,#4658,#4668,.T.);
#4666 = VERTEX_POINT('',#4667);
#4667 = CARTESIAN_POINT('',(86.,0.,44.45));
#4668 = LINE('',#4669,#4670);
#4669 = CARTESIAN_POINT('',(-127.,0.,44.45));
#4670 = VECTOR('',#4671,1.);
#4671 = DIRECTION('',(1.,0.,0.));
#4672 = ORIENTED_EDGE('',*,*,#4673,.F.);
#4673 = EDGE_CURVE('',#4674,#4666,#4676,.T.);
#4674 = VERTEX_POINT('',#4675);
#4675 = CARTESIAN_POINT('',(86.,-4.,44.45));
#4676 = LINE('',#4677,#4678);
#4677 = CARTESIAN_POINT('',(86.,-1.539855072464,44.45));
#4678 = VECTOR('',#4679,1.);
#4679 = DIRECTION('',(0.,1.,0.));
#4680 = ORIENTED_EDGE('',*,*,#4681,.T.);
#4681 = EDGE_CURVE('',#4674,#4627,#4682,.T.);
#4682 = LINE('',#4683,#4684);
#4683 = CARTESIAN_POINT('',(36.,-4.,44.45));
#4684 = VECTOR('',#4685,1.);
#4685 = DIRECTION('',(-1.,0.,0.));
#4686 = PLANE('',#4687);
#4687 = AXIS2_PLACEMENT_3D('',#4688,#4689,#4690);
#4688 = CARTESIAN_POINT('',(0.,0.920289855072,44.45));
#4689 = DIRECTION('',(0.,0.,1.));
#4690 = DIRECTION('',(1.,0.,0.));
#4691 = ADVANCED_FACE('',(#4692),#4726,.F.);
#4692 = FACE_BOUND('',#4693,.F.);
#4693 = EDGE_LOOP('',(#4694,#4695,#4696,#4704,#4712,#4720));
#4694 = ORIENTED_EDGE('',*,*,#4641,.F.);
#4695 = ORIENTED_EDGE('',*,*,#4458,.T.);
#4696 = ORIENTED_EDGE('',*,*,#4697,.T.);
#4697 = EDGE_CURVE('',#4451,#4698,#4700,.T.);
#4698 = VERTEX_POINT('',#4699);
#4699 = CARTESIAN_POINT('',(104.,0.,34.));
#4700 = LINE('',#4701,#4702);
#4701 = CARTESIAN_POINT('',(104.,-9.,34.));
#4702 = VECTOR('',#4703,1.);
#4703 = DIRECTION('',(0.,1.,0.));
#4704 = ORIENTED_EDGE('',*,*,#4705,.F.);
#4705 = EDGE_CURVE('',#4706,#4698,#4708,.T.);
#4706 = VERTEX_POINT('',#4707);
#4707 = CARTESIAN_POINT('',(86.,0.,34.));
#4708 = LINE('',#4709,#4710);
#4709 = CARTESIAN_POINT('',(-115.5,0.,34.));
#4710 = VECTOR('',#4711,1.);
#4711 = DIRECTION('',(1.,0.,0.));
#4712 = ORIENTED_EDGE('',*,*,#4713,.F.);
#4713 = EDGE_CURVE('',#4714,#4706,#4716,.T.);
#4714 = VERTEX_POINT('',#4715);
#4715 = CARTESIAN_POINT('',(86.,-4.,34.));
#4716 = LINE('',#4717,#4718);
#4717 = CARTESIAN_POINT('',(86.,-4.,34.));
#4718 = VECTOR('',#4719,1.);
#4719 = DIRECTION('',(0.,1.,0.));
#4720 = ORIENTED_EDGE('',*,*,#4721,.F.);
#4721 = EDGE_CURVE('',#4625,#4714,#4722,.T.);
#4722 = LINE('',#4723,#4724);
#4723 = CARTESIAN_POINT('',(72.,-4.,34.));
#4724 = VECTOR('',#4725,1.);
#4725 = DIRECTION('',(1.,0.,0.));
#4726 = PLANE('',#4727);
#4727 = AXIS2_PLACEMENT_3D('',#4728,#4729,#4730);
#4728 = CARTESIAN_POINT('',(-104.,-9.,34.));
#4729 = DIRECTION('',(0.,0.,1.));
#4730 = DIRECTION('',(1.,0.,0.));
#4731 = ADVANCED_FACE('',(#4732),#4750,.T.);
#4732 = FACE_BOUND('',#4733,.T.);
#4733 = EDGE_LOOP('',(#4734,#4735,#4743,#4749));
#4734 = ORIENTED_EDGE('',*,*,#4418,.F.);
#4735 = ORIENTED_EDGE('',*,*,#4736,.T.);
#4736 = EDGE_CURVE('',#4419,#4737,#4739,.T.);
#4737 = VERTEX_POINT('',#4738);
#4738 = CARTESIAN_POINT('',(127.,0.,0.));
#4739 = LINE('',#4740,#4741);
#4740 = CARTESIAN_POINT('',(127.,-8.,0.));
#4741 = VECTOR('',#4742,1.);
#4742 = DIRECTION('',(0.,1.,0.));
#4743 = ORIENTED_EDGE('',*,*,#4744,.T.);
#4744 = EDGE_CURVE('',#4737,#4658,#4745,.T.);
#4745 = LINE('',#4746,#4747);
#4746 = CARTESIAN_POINT('',(127.,0.,0.));
#4747 = VECTOR('',#4748,1.);
#4748 = DIRECTION('',(0.,0.,1.));
#4749 = ORIENTED_EDGE('',*,*,#4657,.F.);
#4750 = PLANE('',#4751);
#4751 = AXIS2_PLACEMENT_3D('',#4752,#4753,#4754);
#4752 = CARTESIAN_POINT('',(127.,-8.,0.));
#4753 = DIRECTION('',(1.,0.,0.));
#4754 = DIRECTION('',(0.,0.,1.));
#4755 = ADVANCED_FACE('',(#4756),#4774,.F.);
#4756 = FACE_BOUND('',#4757,.F.);
#4757 = EDGE_LOOP('',(#4758,#4759,#4760,#4768));
#4758 = ORIENTED_EDGE('',*,*,#4697,.F.);
#4759 = ORIENTED_EDGE('',*,*,#4450,.T.);
#4760 = ORIENTED_EDGE('',*,*,#4761,.T.);
#4761 = EDGE_CURVE('',#4443,#4762,#4764,.T.);
#4762 = VERTEX_POINT('',#4763);
#4763 = CARTESIAN_POINT('',(104.,0.,8.));
#4764 = LINE('',#4765,#4766);
#4765 = CARTESIAN_POINT('',(104.,-9.,8.));
#4766 = VECTOR('',#4767,1.);
#4767 = DIRECTION('',(0.,1.,0.));
#4768 = ORIENTED_EDGE('',*,*,#4769,.F.);
#4769 = EDGE_CURVE('',#4698,#4762,#4770,.T.);
#4770 = LINE('',#4771,#4772);
#4771 = CARTESIAN_POINT('',(104.,0.,4.));
#4772 = VECTOR('',#4773,1.);
#4773 = DIRECTION('',(0.,0.,-1.));
#4774 = PLANE('',#4775);
#4775 = AXIS2_PLACEMENT_3D('',#4776,#4777,#4778);
#4776 = CARTESIAN_POINT('',(104.,-9.,8.));
#4777 = DIRECTION('',(1.,0.,0.));
#4778 = DIRECTION('',(0.,0.,1.));
#4779 = ADVANCED_FACE('',(#4780),#4830,.T.);
#4780 = FACE_BOUND('',#4781,.T.);
#4781 = EDGE_LOOP('',(#4782,#4783,#4791,#4799,#4807,#4815,#4823,#4829));
#4782 = ORIENTED_EDGE('',*,*,#4426,.F.);
#4783 = ORIENTED_EDGE('',*,*,#4784,.F.);
#4784 = EDGE_CURVE('',#4785,#4427,#4787,.T.);
#4785 = VERTEX_POINT('',#4786);
#4786 = CARTESIAN_POINT('',(72.,-4.,0.));
#4787 = LINE('',#4788,#4789);
#4788 = CARTESIAN_POINT('',(72.,-169.6889578163,0.));
#4789 = VECTOR('',#4790,1.);
#4790 = DIRECTION('',(0.,-1.,0.));
#4791 = ORIENTED_EDGE('',*,*,#4792,.T.);
#4792 = EDGE_CURVE('',#4785,#4793,#4795,.T.);
#4793 = VERTEX_POINT('',#4794);
#4794 = CARTESIAN_POINT('',(86.,-4.,0.));
#4795 = LINE('',#4796,#4797);
#4796 = CARTESIAN_POINT('',(36.,-4.,0.));
#4797 = VECTOR('',#4798,1.);
#4798 = DIRECTION('',(1.,0.,0.));
#4799 = ORIENTED_EDGE('',*,*,#4800,.F.);
#4800 = EDGE_CURVE('',#4801,#4793,#4803,.T.);
#4801 = VERTEX_POINT('',#4802);
#4802 = CARTESIAN_POINT('',(86.,141.,0.));
#4803 = LINE('',#4804,#4805);
#4804 = CARTESIAN_POINT('',(86.,28.311042183623,0.));
#4805 = VECTOR('',#4806,1.);
#4806 = DIRECTION('',(0.,-1.,0.));
#4807 = ORIENTED_EDGE('',*,*,#4808,.T.);
#4808 = EDGE_CURVE('',#4801,#4809,#4811,.T.);
#4809 = VERTEX_POINT('',#4810);
#4810 = CARTESIAN_POINT('',(110.2,141.,0.));
#4811 = LINE('',#4812,#4813);
#4812 = CARTESIAN_POINT('',(-110.2,141.,0.));
#4813 = VECTOR('',#4814,1.);
#4814 = DIRECTION('',(1.,0.,0.));
#4815 = ORIENTED_EDGE('',*,*,#4816,.F.);
#4816 = EDGE_CURVE('',#4817,#4809,#4819,.T.);
#4817 = VERTEX_POINT('',#4818);
#4818 = CARTESIAN_POINT('',(110.2,0.,0.));
#4819 = LINE('',#4820,#4821);
#4820 = CARTESIAN_POINT('',(110.2,0.,0.));
#4821 = VECTOR('',#4822,1.);
#4822 = DIRECTION('',(0.,1.,0.));
#4823 = ORIENTED_EDGE('',*,*,#4824,.T.);
#4824 = EDGE_CURVE('',#4817,#4737,#4825,.T.);
#4825 = LINE('',#4826,#4827);
#4826 = CARTESIAN_POINT('',(-127.,0.,0.));
#4827 = VECTOR('',#4828,1.);
#4828 = DIRECTION('',(1.,0.,0.));
#4829 = ORIENTED_EDGE('',*,*,#4736,.F.);
#4830 = PLANE('',#4831);
#4831 = AXIS2_PLACEMENT_3D('',#4832,#4833,#4834);
#4832 = CARTESIAN_POINT('',(-2.256810674375E-15,60.622084367246,0.));
#4833 = DIRECTION('',(-0.,-0.,-1.));
#4834 = DIRECTION('',(-1.,0.,0.));
#4835 = ADVANCED_FACE('',(#4836),#4870,.T.);
#4836 = FACE_BOUND('',#4837,.T.);
#4837 = EDGE_LOOP('',(#4838,#4846,#4847,#4848,#4856,#4864));
#4838 = ORIENTED_EDGE('',*,*,#4839,.F.);
#4839 = EDGE_CURVE('',#4435,#4840,#4842,.T.);
#4840 = VERTEX_POINT('',#4841);
#4841 = CARTESIAN_POINT('',(72.,-4.,8.));
#4842 = LINE('',#4843,#4844);
#4843 = CARTESIAN_POINT('',(72.,-204.5,8.));
#4844 = VECTOR('',#4845,1.);
#4845 = DIRECTION('',(0.,1.,0.));
#4846 = ORIENTED_EDGE('',*,*,#4442,.T.);
#4847 = ORIENTED_EDGE('',*,*,#4761,.T.);
#4848 = ORIENTED_EDGE('',*,*,#4849,.F.);
#4849 = EDGE_CURVE('',#4850,#4762,#4852,.T.);
#4850 = VERTEX_POINT('',#4851);
#4851 = CARTESIAN_POINT('',(86.,0.,8.));
#4852 = LINE('',#4853,#4854);
#4853 = CARTESIAN_POINT('',(-115.5,0.,8.));
#4854 = VECTOR('',#4855,1.);
#4855 = DIRECTION('',(1.,0.,0.));
#4856 = ORIENTED_EDGE('',*,*,#4857,.F.);
#4857 = EDGE_CURVE('',#4858,#4850,#4860,.T.);
#4858 = VERTEX_POINT('',#4859);
#4859 = CARTESIAN_POINT('',(86.,-4.,8.));
#4860 = LINE('',#4861,#4862);
#4861 = CARTESIAN_POINT('',(86.,-6.5,8.));
#4862 = VECTOR('',#4863,1.);
#4863 = DIRECTION('',(0.,1.,0.));
#4864 = ORIENTED_EDGE('',*,*,#4865,.T.);
#4865 = EDGE_CURVE('',#4858,#4840,#4866,.T.);
#4866 = LINE('',#4867,#4868);
#4867 = CARTESIAN_POINT('',(-16.,-4.,8.));
#4868 = VECTOR('',#4869,1.);
#4869 = DIRECTION('',(-1.,0.,0.));
#4870 = PLANE('',#4871);
#4871 = AXIS2_PLACEMENT_3D('',#4872,#4873,#4874);
#4872 = CARTESIAN_POINT('',(-104.,-9.,8.));
#4873 = DIRECTION('',(0.,0.,1.));
#4874 = DIRECTION('',(1.,0.,0.));
#4875 = ADVANCED_FACE('',(#4876),#4887,.F.);
#4876 = FACE_BOUND('',#4877,.F.);
#4877 = EDGE_LOOP('',(#4878,#4884,#4885,#4886));
#4878 = ORIENTED_EDGE('',*,*,#4879,.T.);
#4879 = EDGE_CURVE('',#4785,#4840,#4880,.T.);
#4880 = LINE('',#4881,#4882);
#4881 = CARTESIAN_POINT('',(72.,-4.,-400.));
#4882 = VECTOR('',#4883,1.);
#4883 = DIRECTION('',(0.,0.,1.));
#4884 = ORIENTED_EDGE('',*,*,#4839,.F.);
#4885 = ORIENTED_EDGE('',*,*,#4434,.T.);
#4886 = ORIENTED_EDGE('',*,*,#4784,.F.);
#4887 = PLANE('',#4888);
#4888 = AXIS2_PLACEMENT_3D('',#4889,#4890,#4891);
#4889 = CARTESIAN_POINT('',(72.,-400.,-400.));
#4890 = DIRECTION('',(1.,0.,0.));
#4891 = DIRECTION('',(0.,0.,1.));
#4892 = ADVANCED_FACE('',(#4893),#4912,.F.);
#4893 = FACE_BOUND('',#4894,.F.);
#4894 = EDGE_LOOP('',(#4895,#4903,#4910,#4911));
#4895 = ORIENTED_EDGE('',*,*,#4896,.T.);
#4896 = EDGE_CURVE('',#4467,#4897,#4899,.T.);
#4897 = VERTEX_POINT('',#4898);
#4898 = CARTESIAN_POINT('',(76.,-6.,7.1));
#4899 = LINE('',#4900,#4901);
#4900 = CARTESIAN_POINT('',(76.,-8.1,7.1));
#4901 = VECTOR('',#4902,1.);
#4902 = DIRECTION('',(0.,1.,0.));
#4903 = ORIENTED_EDGE('',*,*,#4904,.F.);
#4904 = EDGE_CURVE('',#4897,#4897,#4905,.T.);
#4905 = CIRCLE('',#4906,3.1);
#4906 = AXIS2_PLACEMENT_3D('',#4907,#4908,#4909);
#4907 = CARTESIAN_POINT('',(76.,-6.,4.));
#4908 = DIRECTION('',(0.,1.,0.));
#4909 = DIRECTION('',(0.,0.,1.));
#4910 = ORIENTED_EDGE('',*,*,#4896,.F.);
#4911 = ORIENTED_EDGE('',*,*,#4466,.T.);
#4912 = CYLINDRICAL_SURFACE('',#4913,3.1);
#4913 = AXIS2_PLACEMENT_3D('',#4914,#4915,#4916);
#4914 = CARTESIAN_POINT('',(76.,-8.1,4.));
#4915 = DIRECTION('',(0.,1.,0.));
#4916 = DIRECTION('',(0.,0.,1.));
#4917 = ADVANCED_FACE('',(#4918),#4937,.F.);
#4918 = FACE_BOUND('',#4919,.F.);
#4919 = EDGE_LOOP('',(#4920,#4928,#4935,#4936));
#4920 = ORIENTED_EDGE('',*,*,#4921,.T.);
#4921 = EDGE_CURVE('',#4478,#4922,#4924,.T.);
#4922 = VERTEX_POINT('',#4923);
#4923 = CARTESIAN_POINT('',(83.,-6.,7.1));
#4924 = LINE('',#4925,#4926);
#4925 = CARTESIAN_POINT('',(83.,-8.1,7.1));
#4926 = VECTOR('',#4927,1.);
#4927 = DIRECTION('',(0.,1.,0.));
#4928 = ORIENTED_EDGE('',*,*,#4929,.F.);
#4929 = EDGE_CURVE('',#4922,#4922,#4930,.T.);
#4930 = CIRCLE('',#4931,3.1);
#4931 = AXIS2_PLACEMENT_3D('',#4932,#4933,#4934);
#4932 = CARTESIAN_POINT('',(83.,-6.,4.));
#4933 = DIRECTION('',(0.,1.,0.));
#4934 = DIRECTION('',(0.,0.,1.));
#4935 = ORIENTED_EDGE('',*,*,#4921,.F.);
#4936 = ORIENTED_EDGE('',*,*,#4477,.T.);
#4937 = CYLINDRICAL_SURFACE('',#4938,3.1);
#4938 = AXIS2_PLACEMENT_3D('',#4939,#4940,#4941);
#4939 = CARTESIAN_POINT('',(83.,-8.1,4.));
#4940 = DIRECTION('',(0.,1.,0.));
#4941 = DIRECTION('',(0.,0.,1.));
#4942 = ADVANCED_FACE('',(#4943),#4962,.F.);
#4943 = FACE_BOUND('',#4944,.F.);
#4944 = EDGE_LOOP('',(#4945,#4953,#4960,#4961));
#4945 = ORIENTED_EDGE('',*,*,#4946,.T.);
#4946 = EDGE_CURVE('',#4489,#4947,#4949,.T.);
#4947 = VERTEX_POINT('',#4948);
#4948 = CARTESIAN_POINT('',(76.,-6.,42.1));
#4949 = LINE('',#4950,#4951);
#4950 = CARTESIAN_POINT('',(76.,-8.1,42.1));
#4951 = VECTOR('',#4952,1.);
#4952 = DIRECTION('',(0.,1.,0.));
#4953 = ORIENTED_EDGE('',*,*,#4954,.F.);
#4954 = EDGE_CURVE('',#4947,#4947,#4955,.T.);
#4955 = CIRCLE('',#4956,3.1);
#4956 = AXIS2_PLACEMENT_3D('',#4957,#4958,#4959);
#4957 = CARTESIAN_POINT('',(76.,-6.,39.));
#4958 = DIRECTION('',(0.,1.,0.));
#4959 = DIRECTION('',(0.,0.,1.));
#4960 = ORIENTED_EDGE('',*,*,#4946,.F.);
#4961 = ORIENTED_EDGE('',*,*,#4488,.T.);
#4962 = CYLINDRICAL_SURFACE('',#4963,3.1);
#4963 = AXIS2_PLACEMENT_3D('',#4964,#4965,#4966);
#4964 = CARTESIAN_POINT('',(76.,-8.1,39.));
#4965 = DIRECTION('',(0.,1.,0.));
#4966 = DIRECTION('',(0.,0.,1.));
#4967 = ADVANCED_FACE('',(#4968),#4987,.F.);
#4968 = FACE_BOUND('',#4969,.F.);
#4969 = EDGE_LOOP('',(#4970,#4978,#4985,#4986));
#4970 = ORIENTED_EDGE('',*,*,#4971,.T.);
#4971 = EDGE_CURVE('',#4500,#4972,#4974,.T.);
#4972 = VERTEX_POINT('',#4973);
#4973 = CARTESIAN_POINT('',(83.,-6.,42.1));
#4974 = LINE('',#4975,#4976);
#4975 = CARTESIAN_POINT('',(83.,-8.1,42.1));
#4976 = VECTOR('',#4977,1.);
#4977 = DIRECTION('',(0.,1.,0.));
#4978 = ORIENTED_EDGE('',*,*,#4979,.F.);
#4979 = EDGE_CURVE('',#4972,#4972,#4980,.T.);
#4980 = CIRCLE('',#4981,3.1);
#4981 = AXIS2_PLACEMENT_3D('',#4982,#4983,#4984);
#4982 = CARTESIAN_POINT('',(83.,-6.,39.));
#4983 = DIRECTION('',(0.,1.,0.));
#4984 = DIRECTION('',(0.,0.,1.));
#4985 = ORIENTED_EDGE('',*,*,#4971,.F.);
#4986 = ORIENTED_EDGE('',*,*,#4499,.T.);
#4987 = CYLINDRICAL_SURFACE('',#4988,3.1);
#4988 = AXIS2_PLACEMENT_3D('',#4989,#4990,#4991);
#4989 = CARTESIAN_POINT('',(83.,-8.1,39.));
#4990 = DIRECTION('',(0.,1.,0.));
#4991 = DIRECTION('',(0.,0.,1.));
#4992 = ADVANCED_FACE('',(#4993),#5019,.F.);
#4993 = FACE_BOUND('',#4994,.F.);
#4994 = EDGE_LOOP('',(#4995,#4996,#5004,#5013));
#4995 = ORIENTED_EDGE('',*,*,#4510,.T.);
#4996 = ORIENTED_EDGE('',*,*,#4997,.T.);
#4997 = EDGE_CURVE('',#4513,#4998,#5000,.T.);
#4998 = VERTEX_POINT('',#4999);
#4999 = CARTESIAN_POINT('',(116.0625,0.,9.65));
#5000 = LINE('',#5001,#5002);
#5001 = CARTESIAN_POINT('',(116.0625,-9.,9.65));
#5002 = VECTOR('',#5003,1.);
#5003 = DIRECTION('',(0.,1.,0.));
#5004 = ORIENTED_EDGE('',*,*,#5005,.F.);
#5005 = EDGE_CURVE('',#5006,#4998,#5008,.T.);
#5006 = VERTEX_POINT('',#5007);
#5007 = CARTESIAN_POINT('',(116.0625,0.,3.05));
#5008 = CIRCLE('',#5009,3.3);
#5009 = AXIS2_PLACEMENT_3D('',#5010,#5011,#5012);
#5010 = CARTESIAN_POINT('',(116.0625,0.,6.35));
#5011 = DIRECTION('',(0.,1.,0.));
#5012 = DIRECTION('',(0.,0.,1.));
#5013 = ORIENTED_EDGE('',*,*,#5014,.F.);
#5014 = EDGE_CURVE('',#4511,#5006,#5015,.T.);
#5015 = LINE('',#5016,#5017);
#5016 = CARTESIAN_POINT('',(116.0625,-9.,3.05));
#5017 = VECTOR('',#5018,1.);
#5018 = DIRECTION('',(0.,1.,0.));
#5019 = CYLINDRICAL_SURFACE('',#5020,3.3);
#5020 = AXIS2_PLACEMENT_3D('',#5021,#5022,#5023);
#5021 = CARTESIAN_POINT('',(116.0625,-9.,6.35));
#5022 = DIRECTION('',(0.,1.,0.));
#5023 = DIRECTION('',(0.,0.,1.));
#5024 = ADVANCED_FACE('',(#5025),#5043,.T.);
#5025 = FACE_BOUND('',#5026,.T.);
#5026 = EDGE_LOOP('',(#5027,#5028,#5029,#5037));
#5027 = ORIENTED_EDGE('',*,*,#5014,.F.);
#5028 = ORIENTED_EDGE('',*,*,#4521,.T.);
#5029 = ORIENTED_EDGE('',*,*,#5030,.T.);
#5030 = EDGE_CURVE('',#4522,#5031,#5033,.T.);
#5031 = VERTEX_POINT('',#5032);
#5032 = CARTESIAN_POINT('',(120.4625,0.,3.05));
#5033 = LINE('',#5034,#5035);
#5034 = CARTESIAN_POINT('',(120.4625,-9.,3.05));
#5035 = VECTOR('',#5036,1.);
#5036 = DIRECTION('',(0.,1.,0.));
#5037 = ORIENTED_EDGE('',*,*,#5038,.F.);
#5038 = EDGE_CURVE('',#5006,#5031,#5039,.T.);
#5039 = LINE('',#5040,#5041);
#5040 = CARTESIAN_POINT('',(-5.46875,0.,3.05));
#5041 = VECTOR('',#5042,1.);
#5042 = DIRECTION('',(1.,0.,0.));
#5043 = PLANE('',#5044);
#5044 = AXIS2_PLACEMENT_3D('',#5045,#5046,#5047);
#5045 = CARTESIAN_POINT('',(116.0625,-9.,3.05));
#5046 = DIRECTION('',(0.,0.,1.));
#5047 = DIRECTION('',(1.,0.,0.));
#5048 = ADVANCED_FACE('',(#5049),#5067,.F.);
#5049 = FACE_BOUND('',#5050,.F.);
#5050 = EDGE_LOOP('',(#5051,#5052,#5053,#5061));
#5051 = ORIENTED_EDGE('',*,*,#4997,.F.);
#5052 = ORIENTED_EDGE('',*,*,#4538,.T.);
#5053 = ORIENTED_EDGE('',*,*,#5054,.T.);
#5054 = EDGE_CURVE('',#4530,#5055,#5057,.T.);
#5055 = VERTEX_POINT('',#5056);
#5056 = CARTESIAN_POINT('',(120.4625,0.,9.65));
#5057 = LINE('',#5058,#5059);
#5058 = CARTESIAN_POINT('',(120.4625,-9.,9.65));
#5059 = VECTOR('',#5060,1.);
#5060 = DIRECTION('',(0.,1.,0.));
#5061 = ORIENTED_EDGE('',*,*,#5062,.F.);
#5062 = EDGE_CURVE('',#4998,#5055,#5063,.T.);
#5063 = LINE('',#5064,#5065);
#5064 = CARTESIAN_POINT('',(-5.46875,0.,9.65));
#5065 = VECTOR('',#5066,1.);
#5066 = DIRECTION('',(1.,0.,0.));
#5067 = PLANE('',#5068);
#5068 = AXIS2_PLACEMENT_3D('',#5069,#5070,#5071);
#5069 = CARTESIAN_POINT('',(116.0625,-9.,9.65));
#5070 = DIRECTION('',(0.,0.,1.));
#5071 = DIRECTION('',(1.,0.,0.));
#5072 = ADVANCED_FACE('',(#5073),#5085,.F.);
#5073 = FACE_BOUND('',#5074,.F.);
#5074 = EDGE_LOOP('',(#5075,#5082,#5083,#5084));
#5075 = ORIENTED_EDGE('',*,*,#5076,.F.);
#5076 = EDGE_CURVE('',#5055,#5031,#5077,.T.);
#5077 = CIRCLE('',#5078,3.3);
#5078 = AXIS2_PLACEMENT_3D('',#5079,#5080,#5081);
#5079 = CARTESIAN_POINT('',(120.4625,0.,6.35));
#5080 = DIRECTION('',(0.,1.,0.));
#5081 = DIRECTION('',(0.,0.,1.));
#5082 = ORIENTED_EDGE('',*,*,#5054,.F.);
#5083 = ORIENTED_EDGE('',*,*,#4529,.T.);
#5084 = ORIENTED_EDGE('',*,*,#5030,.T.);
#5085 = CYLINDRICAL_SURFACE('',#5086,3.3);
#5086 = AXIS2_PLACEMENT_3D('',#5087,#5088,#5089);
#5087 = CARTESIAN_POINT('',(120.4625,-9.,6.35));
#5088 = DIRECTION('',(0.,1.,0.));
#5089 = DIRECTION('',(0.,0.,1.));
#5090 = ADVANCED_FACE('',(#5091),#5117,.F.);
#5091 = FACE_BOUND('',#5092,.F.);
#5092 = EDGE_LOOP('',(#5093,#5094,#5102,#5111));
#5093 = ORIENTED_EDGE('',*,*,#4546,.T.);
#5094 = ORIENTED_EDGE('',*,*,#5095,.T.);
#5095 = EDGE_CURVE('',#4549,#5096,#5098,.T.);
#5096 = VERTEX_POINT('',#5097);
#5097 = CARTESIAN_POINT('',(116.0625,0.,25.525));
#5098 = LINE('',#5099,#5100);
#5099 = CARTESIAN_POINT('',(116.0625,-9.,25.525));
#5100 = VECTOR('',#5101,1.);
#5101 = DIRECTION('',(0.,1.,0.));
#5102 = ORIENTED_EDGE('',*,*,#5103,.F.);
#5103 = EDGE_CURVE('',#5104,#5096,#5106,.T.);
#5104 = VERTEX_POINT('',#5105);
#5105 = CARTESIAN_POINT('',(116.0625,0.,18.925));
#5106 = CIRCLE('',#5107,3.3);
#5107 = AXIS2_PLACEMENT_3D('',#5108,#5109,#5110);
#5108 = CARTESIAN_POINT('',(116.0625,0.,22.225));
#5109 = DIRECTION('',(0.,1.,0.));
#5110 = DIRECTION('',(0.,0.,1.));
#5111 = ORIENTED_EDGE('',*,*,#5112,.F.);
#5112 = EDGE_CURVE('',#4547,#5104,#5113,.T.);
#5113 = LINE('',#5114,#5115);
#5114 = CARTESIAN_POINT('',(116.0625,-9.,18.925));
#5115 = VECTOR('',#5116,1.);
#5116 = DIRECTION('',(0.,1.,0.));
#5117 = CYLINDRICAL_SURFACE('',#5118,3.3);
#5118 = AXIS2_PLACEMENT_3D('',#5119,#5120,#5121);
#5119 = CARTESIAN_POINT('',(116.0625,-9.,22.225));
#5120 = DIRECTION('',(0.,1.,0.));
#5121 = DIRECTION('',(0.,0.,1.));
#5122 = ADVANCED_FACE('',(#5123),#5141,.T.);
#5123 = FACE_BOUND('',#5124,.T.);
#5124 = EDGE_LOOP('',(#5125,#5126,#5127,#5135));
#5125 = ORIENTED_EDGE('',*,*,#5112,.F.);
#5126 = ORIENTED_EDGE('',*,*,#4557,.T.);
#5127 = ORIENTED_EDGE('',*,*,#5128,.T.);
#5128 = EDGE_CURVE('',#4558,#5129,#5131,.T.);
#5129 = VERTEX_POINT('',#5130);
#5130 = CARTESIAN_POINT('',(120.4625,0.,18.925));
#5131 = LINE('',#5132,#5133);
#5132 = CARTESIAN_POINT('',(120.4625,-9.,18.925));
#5133 = VECTOR('',#5134,1.);
#5134 = DIRECTION('',(0.,1.,0.));
#5135 = ORIENTED_EDGE('',*,*,#5136,.F.);
#5136 = EDGE_CURVE('',#5104,#5129,#5137,.T.);
#5137 = LINE('',#5138,#5139);
#5138 = CARTESIAN_POINT('',(-5.46875,0.,18.925));
#5139 = VECTOR('',#5140,1.);
#5140 = DIRECTION('',(1.,0.,0.));
#5141 = PLANE('',#5142);
#5142 = AXIS2_PLACEMENT_3D('',#5143,#5144,#5145);
#5143 = CARTESIAN_POINT('',(116.0625,-9.,18.925));
#5144 = DIRECTION('',(0.,0.,1.));
#5145 = DIRECTION('',(1.,0.,0.));
#5146 = ADVANCED_FACE('',(#5147),#5165,.F.);
#5147 = FACE_BOUND('',#5148,.F.);
#5148 = EDGE_LOOP('',(#5149,#5150,#5151,#5159));
#5149 = ORIENTED_EDGE('',*,*,#5095,.F.);
#5150 = ORIENTED_EDGE('',*,*,#4574,.T.);
#5151 = ORIENTED_EDGE('',*,*,#5152,.T.);
#5152 = EDGE_CURVE('',#4566,#5153,#5155,.T.);
#5153 = VERTEX_POINT('',#5154);
#5154 = CARTESIAN_POINT('',(120.4625,0.,25.525));
#5155 = LINE('',#5156,#5157);
#5156 = CARTESIAN_POINT('',(120.4625,-9.,25.525));
#5157 = VECTOR('',#5158,1.);
#5158 = DIRECTION('',(0.,1.,0.));
#5159 = ORIENTED_EDGE('',*,*,#5160,.F.);
#5160 = EDGE_CURVE('',#5096,#5153,#5161,.T.);
#5161 = LINE('',#5162,#5163);
#5162 = CARTESIAN_POINT('',(-5.46875,0.,25.525));
#5163 = VECTOR('',#5164,1.);
#5164 = DIRECTION('',(1.,0.,0.));
#5165 = PLANE('',#5166);
#5166 = AXIS2_PLACEMENT_3D('',#5167,#5168,#5169);
#5167 = CARTESIAN_POINT('',(116.0625,-9.,25.525));
#5168 = DIRECTION('',(0.,0.,1.));
#5169 = DIRECTION('',(1.,0.,0.));
#5170 = ADVANCED_FACE('',(#5171),#5183,.F.);
#5171 = FACE_BOUND('',#5172,.F.);
#5172 = EDGE_LOOP('',(#5173,#5180,#5181,#5182));
#5173 = ORIENTED_EDGE('',*,*,#5174,.F.);
#5174 = EDGE_CURVE('',#5153,#5129,#5175,.T.);
#5175 = CIRCLE('',#5176,3.3);
#5176 = AXIS2_PLACEMENT_3D('',#5177,#5178,#5179);
#5177 = CARTESIAN_POINT('',(120.4625,0.,22.225));
#5178 = DIRECTION('',(0.,1.,0.));
#5179 = DIRECTION('',(0.,0.,1.));
#5180 = ORIENTED_EDGE('',*,*,#5152,.F.);
#5181 = ORIENTED_EDGE('',*,*,#4565,.T.);
#5182 = ORIENTED_EDGE('',*,*,#5128,.T.);
#5183 = CYLINDRICAL_SURFACE('',#5184,3.3);
#5184 = AXIS2_PLACEMENT_3D('',#5185,#5186,#5187);
#5185 = CARTESIAN_POINT('',(120.4625,-9.,22.225));
#5186 = DIRECTION('',(0.,1.,0.));
#5187 = DIRECTION('',(0.,0.,1.));
#5188 = ADVANCED_FACE('',(#5189),#5215,.F.);
#5189 = FACE_BOUND('',#5190,.F.);
#5190 = EDGE_LOOP('',(#5191,#5192,#5200,#5209));
#5191 = ORIENTED_EDGE('',*,*,#4582,.T.);
#5192 = ORIENTED_EDGE('',*,*,#5193,.T.);
#5193 = EDGE_CURVE('',#4585,#5194,#5196,.T.);
#5194 = VERTEX_POINT('',#5195);
#5195 = CARTESIAN_POINT('',(116.0625,0.,41.4));
#5196 = LINE('',#5197,#5198);
#5197 = CARTESIAN_POINT('',(116.0625,-9.,41.4));
#5198 = VECTOR('',#5199,1.);
#5199 = DIRECTION('',(0.,1.,0.));
#5200 = ORIENTED_EDGE('',*,*,#5201,.F.);
#5201 = EDGE_CURVE('',#5202,#5194,#5204,.T.);
#5202 = VERTEX_POINT('',#5203);
#5203 = CARTESIAN_POINT('',(116.0625,0.,34.8));
#5204 = CIRCLE('',#5205,3.3);
#5205 = AXIS2_PLACEMENT_3D('',#5206,#5207,#5208);
#5206 = CARTESIAN_POINT('',(116.0625,0.,38.1));
#5207 = DIRECTION('',(0.,1.,0.));
#5208 = DIRECTION('',(0.,0.,1.));
#5209 = ORIENTED_EDGE('',*,*,#5210,.F.);
#5210 = EDGE_CURVE('',#4583,#5202,#5211,.T.);
#5211 = LINE('',#5212,#5213);
#5212 = CARTESIAN_POINT('',(116.0625,-9.,34.8));
#5213 = VECTOR('',#5214,1.);
#5214 = DIRECTION('',(0.,1.,0.));
#5215 = CYLINDRICAL_SURFACE('',#5216,3.3);
#5216 = AXIS2_PLACEMENT_3D('',#5217,#5218,#5219);
#5217 = CARTESIAN_POINT('',(116.0625,-9.,38.1));
#5218 = DIRECTION('',(0.,1.,0.));
#5219 = DIRECTION('',(0.,0.,1.));
#5220 = ADVANCED_FACE('',(#5221),#5239,.T.);
#5221 = FACE_BOUND('',#5222,.T.);
#5222 = EDGE_LOOP('',(#5223,#5224,#5225,#5233));
#5223 = ORIENTED_EDGE('',*,*,#5210,.F.);
#5224 = ORIENTED_EDGE('',*,*,#4593,.T.);
#5225 = ORIENTED_EDGE('',*,*,#5226,.T.);
#5226 = EDGE_CURVE('',#4594,#5227,#5229,.T.);
#5227 = VERTEX_POINT('',#5228);
#5228 = CARTESIAN_POINT('',(120.4625,0.,34.8));
#5229 = LINE('',#5230,#5231);
#5230 = CARTESIAN_POINT('',(120.4625,-9.,34.8));
#5231 = VECTOR('',#5232,1.);
#5232 = DIRECTION('',(0.,1.,0.));
#5233 = ORIENTED_EDGE('',*,*,#5234,.F.);
#5234 = EDGE_CURVE('',#5202,#5227,#5235,.T.);
#5235 = LINE('',#5236,#5237);
#5236 = CARTESIAN_POINT('',(-5.46875,0.,34.8));
#5237 = VECTOR('',#5238,1.);
#5238 = DIRECTION('',(1.,0.,0.));
#5239 = PLANE('',#5240);
#5240 = AXIS2_PLACEMENT_3D('',#5241,#5242,#5243);
#5241 = CARTESIAN_POINT('',(116.0625,-9.,34.8));
#5242 = DIRECTION('',(0.,0.,1.));
#5243 = DIRECTION('',(1.,0.,0.));
#5244 = ADVANCED_FACE('',(#5245),#5263,.F.);
#5245 = FACE_BOUND('',#5246,.F.);
#5246 = EDGE_LOOP('',(#5247,#5248,#5249,#5257));
#5247 = ORIENTED_EDGE('',*,*,#5193,.F.);
#5248 = ORIENTED_EDGE('',*,*,#4610,.T.);
#5249 = ORIENTED_EDGE('',*,*,#5250,.T.);
#5250 = EDGE_CURVE('',#4602,#5251,#5253,.T.);
#5251 = VERTEX_POINT('',#5252);
#5252 = CARTESIAN_POINT('',(120.4625,0.,41.4));
#5253 = LINE('',#5254,#5255);
#5254 = CARTESIAN_POINT('',(120.4625,-9.,41.4));
#5255 = VECTOR('',#5256,1.);
#5256 = DIRECTION('',(0.,1.,0.));
#5257 = ORIENTED_EDGE('',*,*,#5258,.F.);
#5258 = EDGE_CURVE('',#5194,#5251,#5259,.T.);
#5259 = LINE('',#5260,#5261);
#5260 = CARTESIAN_POINT('',(-5.46875,0.,41.4));
#5261 = VECTOR('',#5262,1.);
#5262 = DIRECTION('',(1.,0.,0.));
#5263 = PLANE('',#5264);
#5264 = AXIS2_PLACEMENT_3D('',#5265,#5266,#5267);
#5265 = CARTESIAN_POINT('',(116.0625,-9.,41.4));
#5266 = DIRECTION('',(0.,0.,1.));
#5267 = DIRECTION('',(1.,0.,0.));
#5268 = ADVANCED_FACE('',(#5269),#5281,.F.);
#5269 = FACE_BOUND('',#5270,.F.);
#5270 = EDGE_LOOP('',(#5271,#5278,#5279,#5280));
#5271 = ORIENTED_EDGE('',*,*,#5272,.F.);
#5272 = EDGE_CURVE('',#5251,#5227,#5273,.T.);
#5273 = CIRCLE('',#5274,3.3);
#5274 = AXIS2_PLACEMENT_3D('',#5275,#5276,#5277);
#5275 = CARTESIAN_POINT('',(120.4625,0.,38.1));
#5276 = DIRECTION('',(0.,1.,0.));
#5277 = DIRECTION('',(0.,0.,1.));
#5278 = ORIENTED_EDGE('',*,*,#5250,.F.);
#5279 = ORIENTED_EDGE('',*,*,#4601,.T.);
#5280 = ORIENTED_EDGE('',*,*,#5226,.T.);
#5281 = CYLINDRICAL_SURFACE('',#5282,3.3);
#5282 = AXIS2_PLACEMENT_3D('',#5283,#5284,#5285);
#5283 = CARTESIAN_POINT('',(120.4625,-9.,38.1));
#5284 = DIRECTION('',(0.,1.,0.));
#5285 = DIRECTION('',(0.,0.,1.));
#5286 = ADVANCED_FACE('',(#5287,#5298,#5309),#5320,.T.);
#5287 = FACE_BOUND('',#5288,.T.);
#5288 = EDGE_LOOP('',(#5289,#5290,#5291,#5292));
#5289 = ORIENTED_EDGE('',*,*,#4721,.F.);
#5290 = ORIENTED_EDGE('',*,*,#4624,.T.);
#5291 = ORIENTED_EDGE('',*,*,#4681,.F.);
#5292 = ORIENTED_EDGE('',*,*,#5293,.F.);
#5293 = EDGE_CURVE('',#4714,#4674,#5294,.T.);
#5294 = LINE('',#5295,#5296);
#5295 = CARTESIAN_POINT('',(86.,-4.,34.));
#5296 = VECTOR('',#5297,1.);
#5297 = DIRECTION('',(0.,0.,1.));
#5298 = FACE_BOUND('',#5299,.T.);
#5299 = EDGE_LOOP('',(#5300));
#5300 = ORIENTED_EDGE('',*,*,#5301,.F.);
#5301 = EDGE_CURVE('',#5302,#5302,#5304,.T.);
#5302 = VERTEX_POINT('',#5303);
#5303 = CARTESIAN_POINT('',(76.,-4.,40.65));
#5304 = CIRCLE('',#5305,1.65);
#5305 = AXIS2_PLACEMENT_3D('',#5306,#5307,#5308);
#5306 = CARTESIAN_POINT('',(76.,-4.,39.));
#5307 = DIRECTION('',(0.,1.,0.));
#5308 = DIRECTION('',(0.,0.,1.));
#5309 = FACE_BOUND('',#5310,.T.);
#5310 = EDGE_LOOP('',(#5311));
#5311 = ORIENTED_EDGE('',*,*,#5312,.F.);
#5312 = EDGE_CURVE('',#5313,#5313,#5315,.T.);
#5313 = VERTEX_POINT('',#5314);
#5314 = CARTESIAN_POINT('',(83.,-4.,40.65));
#5315 = CIRCLE('',#5316,1.65);
#5316 = AXIS2_PLACEMENT_3D('',#5317,#5318,#5319);
#5317 = CARTESIAN_POINT('',(83.,-4.,39.));
#5318 = DIRECTION('',(0.,1.,0.));
#5319 = DIRECTION('',(0.,0.,1.));
#5320 = PLANE('',#5321);
#5321 = AXIS2_PLACEMENT_3D('',#5322,#5323,#5324);
#5322 = CARTESIAN_POINT('',(72.,-4.,34.));
#5323 = DIRECTION('',(0.,1.,0.));
#5324 = DIRECTION('',(0.,0.,1.));
#5325 = ADVANCED_FACE('',(#5326),#5345,.F.);
#5326 = FACE_BOUND('',#5327,.F.);
#5327 = EDGE_LOOP('',(#5328,#5329,#5330,#5338,#5344));
#5328 = ORIENTED_EDGE('',*,*,#5293,.F.);
#5329 = ORIENTED_EDGE('',*,*,#4713,.T.);
#5330 = ORIENTED_EDGE('',*,*,#5331,.F.);
#5331 = EDGE_CURVE('',#5332,#4706,#5334,.T.);
#5332 = VERTEX_POINT('',#5333);
#5333 = CARTESIAN_POINT('',(86.,0.,36.8));
#5334 = LINE('',#5335,#5336);
#5335 = CARTESIAN_POINT('',(86.,0.,17.));
#5336 = VECTOR('',#5337,1.);
#5337 = DIRECTION('',(0.,0.,-1.));
#5338 = ORIENTED_EDGE('',*,*,#5339,.T.);
#5339 = EDGE_CURVE('',#5332,#4666,#5340,.T.);
#5340 = LINE('',#5341,#5342);
#5341 = CARTESIAN_POINT('',(86.,0.,36.8));
#5342 = VECTOR('',#5343,1.);
#5343 = DIRECTION('',(0.,0.,1.));
#5344 = ORIENTED_EDGE('',*,*,#4673,.F.);
#5345 = PLANE('',#5346);
#5346 = AXIS2_PLACEMENT_3D('',#5347,#5348,#5349);
#5347 = CARTESIAN_POINT('',(86.,-4.,34.));
#5348 = DIRECTION('',(1.,0.,0.));
#5349 = DIRECTION('',(0.,0.,1.));
#5350 = ADVANCED_FACE('',(#5351,#5415,#5421,#5427),#5433,.T.);
#5351 = FACE_BOUND('',#5352,.T.);
#5352 = EDGE_LOOP('',(#5353,#5354,#5355,#5356,#5357,#5358,#5366,#5374,
    #5382,#5390,#5398,#5406,#5412,#5413,#5414));
#5353 = ORIENTED_EDGE('',*,*,#5331,.F.);
#5354 = ORIENTED_EDGE('',*,*,#5339,.T.);
#5355 = ORIENTED_EDGE('',*,*,#4665,.T.);
#5356 = ORIENTED_EDGE('',*,*,#4744,.F.);
#5357 = ORIENTED_EDGE('',*,*,#4824,.F.);
#5358 = ORIENTED_EDGE('',*,*,#5359,.T.);
#5359 = EDGE_CURVE('',#4817,#5360,#5362,.T.);
#5360 = VERTEX_POINT('',#5361);
#5361 = CARTESIAN_POINT('',(110.2,0.,40.3));
#5362 = LINE('',#5363,#5364);
#5363 = CARTESIAN_POINT('',(110.2,0.,0.));
#5364 = VECTOR('',#5365,1.);
#5365 = DIRECTION('',(0.,0.,1.));
#5366 = ORIENTED_EDGE('',*,*,#5367,.F.);
#5367 = EDGE_CURVE('',#5368,#5360,#5370,.T.);
#5368 = VERTEX_POINT('',#5369);
#5369 = CARTESIAN_POINT('',(103.,0.,40.3));
#5370 = LINE('',#5371,#5372);
#5371 = CARTESIAN_POINT('',(107.,0.,40.3));
#5372 = VECTOR('',#5373,1.);
#5373 = DIRECTION('',(1.,0.,0.));
#5374 = ORIENTED_EDGE('',*,*,#5375,.F.);
#5375 = EDGE_CURVE('',#5376,#5368,#5378,.T.);
#5376 = VERTEX_POINT('',#5377);
#5377 = CARTESIAN_POINT('',(103.,0.,36.8));
#5378 = LINE('',#5379,#5380);
#5379 = CARTESIAN_POINT('',(103.,0.,36.8));
#5380 = VECTOR('',#5381,1.);
#5381 = DIRECTION('',(0.,0.,1.));
#5382 = ORIENTED_EDGE('',*,*,#5383,.T.);
#5383 = EDGE_CURVE('',#5376,#5384,#5386,.T.);
#5384 = VERTEX_POINT('',#5385);
#5385 = CARTESIAN_POINT('',(107.,0.,36.8));
#5386 = LINE('',#5387,#5388);
#5387 = CARTESIAN_POINT('',(103.,0.,36.8));
#5388 = VECTOR('',#5389,1.);
#5389 = DIRECTION('',(1.,0.,0.));
#5390 = ORIENTED_EDGE('',*,*,#5391,.F.);
#5391 = EDGE_CURVE('',#5392,#5384,#5394,.T.);
#5392 = VERTEX_POINT('',#5393);
#5393 = CARTESIAN_POINT('',(107.,0.,6.));
#5394 = LINE('',#5395,#5396);
#5395 = CARTESIAN_POINT('',(107.,0.,0.));
#5396 = VECTOR('',#5397,1.);
#5397 = DIRECTION('',(0.,0.,1.));
#5398 = ORIENTED_EDGE('',*,*,#5399,.F.);
#5399 = EDGE_CURVE('',#5400,#5392,#5402,.T.);
#5400 = VERTEX_POINT('',#5401);
#5401 = CARTESIAN_POINT('',(86.,0.,6.));
#5402 = LINE('',#5403,#5404);
#5403 = CARTESIAN_POINT('',(-110.2,0.,6.));
#5404 = VECTOR('',#5405,1.);
#5405 = DIRECTION('',(1.,0.,0.));
#5406 = ORIENTED_EDGE('',*,*,#5407,.F.);
#5407 = EDGE_CURVE('',#4850,#5400,#5408,.T.);
#5408 = LINE('',#5409,#5410);
#5409 = CARTESIAN_POINT('',(86.,0.,-200.));
#5410 = VECTOR('',#5411,1.);
#5411 = DIRECTION('',(0.,0.,-1.));
#5412 = ORIENTED_EDGE('',*,*,#4849,.T.);
#5413 = ORIENTED_EDGE('',*,*,#4769,.F.);
#5414 = ORIENTED_EDGE('',*,*,#4705,.F.);
#5415 = FACE_BOUND('',#5416,.T.);
#5416 = EDGE_LOOP('',(#5417,#5418,#5419,#5420));
#5417 = ORIENTED_EDGE('',*,*,#5005,.F.);
#5418 = ORIENTED_EDGE('',*,*,#5038,.T.);
#5419 = ORIENTED_EDGE('',*,*,#5076,.F.);
#5420 = ORIENTED_EDGE('',*,*,#5062,.F.);
#5421 = FACE_BOUND('',#5422,.T.);
#5422 = EDGE_LOOP('',(#5423,#5424,#5425,#5426));
#5423 = ORIENTED_EDGE('',*,*,#5103,.F.);
#5424 = ORIENTED_EDGE('',*,*,#5136,.T.);
#5425 = ORIENTED_EDGE('',*,*,#5174,.F.);
#5426 = ORIENTED_EDGE('',*,*,#5160,.F.);
#5427 = FACE_BOUND('',#5428,.T.);
#5428 = EDGE_LOOP('',(#5429,#5430,#5431,#5432));
#5429 = ORIENTED_EDGE('',*,*,#5201,.F.);
#5430 = ORIENTED_EDGE('',*,*,#5234,.T.);
#5431 = ORIENTED_EDGE('',*,*,#5272,.F.);
#5432 = ORIENTED_EDGE('',*,*,#5258,.F.);
#5433 = PLANE('',#5434);
#5434 = AXIS2_PLACEMENT_3D('',#5435,#5436,#5437);
#5435 = CARTESIAN_POINT('',(-127.,0.,0.));
#5436 = DIRECTION('',(0.,1.,0.));
#5437 = DIRECTION('',(0.,0.,1.));
#5438 = ADVANCED_FACE('',(#5439,#5457,#5491,#5525),#5559,.T.);
#5439 = FACE_BOUND('',#5440,.T.);
#5440 = EDGE_LOOP('',(#5441,#5442,#5443,#5451));
#5441 = ORIENTED_EDGE('',*,*,#5359,.F.);
#5442 = ORIENTED_EDGE('',*,*,#4816,.T.);
#5443 = ORIENTED_EDGE('',*,*,#5444,.T.);
#5444 = EDGE_CURVE('',#4809,#5445,#5447,.T.);
#5445 = VERTEX_POINT('',#5446);
#5446 = CARTESIAN_POINT('',(110.2,141.,40.3));
#5447 = LINE('',#5448,#5449);
#5448 = CARTESIAN_POINT('',(110.2,141.,0.));
#5449 = VECTOR('',#5450,1.);
#5450 = DIRECTION('',(0.,0.,1.));
#5451 = ORIENTED_EDGE('',*,*,#5452,.F.);
#5452 = EDGE_CURVE('',#5360,#5445,#5453,.T.);
#5453 = LINE('',#5454,#5455);
#5454 = CARTESIAN_POINT('',(110.2,0.,40.3));
#5455 = VECTOR('',#5456,1.);
#5456 = DIRECTION('',(0.,1.,0.));
#5457 = FACE_BOUND('',#5458,.T.);
#5458 = EDGE_LOOP('',(#5459,#5469,#5477,#5485));
#5459 = ORIENTED_EDGE('',*,*,#5460,.T.);
#5460 = EDGE_CURVE('',#5461,#5463,#5465,.T.);
#5461 = VERTEX_POINT('',#5462);
#5462 = CARTESIAN_POINT('',(110.2,124.,10.));
#5463 = VERTEX_POINT('',#5464);
#5464 = CARTESIAN_POINT('',(110.2,96.,10.));
#5465 = LINE('',#5466,#5467);
#5466 = CARTESIAN_POINT('',(110.2,48.,10.));
#5467 = VECTOR('',#5468,1.);
#5468 = DIRECTION('',(0.,-1.,0.));
#5469 = ORIENTED_EDGE('',*,*,#5470,.T.);
#5470 = EDGE_CURVE('',#5463,#5471,#5473,.T.);
#5471 = VERTEX_POINT('',#5472);
#5472 = CARTESIAN_POINT('',(110.2,96.,30.));
#5473 = LINE('',#5474,#5475);
#5474 = CARTESIAN_POINT('',(110.2,96.,5.));
#5475 = VECTOR('',#5476,1.);
#5476 = DIRECTION('',(0.,0.,1.));
#5477 = ORIENTED_EDGE('',*,*,#5478,.F.);
#5478 = EDGE_CURVE('',#5479,#5471,#5481,.T.);
#5479 = VERTEX_POINT('',#5480);
#5480 = CARTESIAN_POINT('',(110.2,124.,30.));
#5481 = LINE('',#5482,#5483);
#5482 = CARTESIAN_POINT('',(110.2,48.,30.));
#5483 = VECTOR('',#5484,1.);
#5484 = DIRECTION('',(0.,-1.,0.));
#5485 = ORIENTED_EDGE('',*,*,#5486,.F.);
#5486 = EDGE_CURVE('',#5461,#5479,#5487,.T.);
#5487 = LINE('',#5488,#5489);
#5488 = CARTESIAN_POINT('',(110.2,124.,5.));
#5489 = VECTOR('',#5490,1.);
#5490 = DIRECTION('',(0.,0.,1.));
#5491 = FACE_BOUND('',#5492,.T.);
#5492 = EDGE_LOOP('',(#5493,#5503,#5511,#5519));
#5493 = ORIENTED_EDGE('',*,*,#5494,.T.);
#5494 = EDGE_CURVE('',#5495,#5497,#5499,.T.);
#5495 = VERTEX_POINT('',#5496);
#5496 = CARTESIAN_POINT('',(110.2,84.,10.));
#5497 = VERTEX_POINT('',#5498);
#5498 = CARTESIAN_POINT('',(110.2,56.,10.));
#5499 = LINE('',#5500,#5501);
#5500 = CARTESIAN_POINT('',(110.2,28.,10.));
#5501 = VECTOR('',#5502,1.);
#5502 = DIRECTION('',(0.,-1.,0.));
#5503 = ORIENTED_EDGE('',*,*,#5504,.T.);
#5504 = EDGE_CURVE('',#5497,#5505,#5507,.T.);
#5505 = VERTEX_POINT('',#5506);
#5506 = CARTESIAN_POINT('',(110.2,56.,30.));
#5507 = LINE('',#5508,#5509);
#5508 = CARTESIAN_POINT('',(110.2,56.,5.));
#5509 = VECTOR('',#5510,1.);
#5510 = DIRECTION('',(0.,0.,1.));
#5511 = ORIENTED_EDGE('',*,*,#5512,.F.);
#5512 = EDGE_CURVE('',#5513,#5505,#5515,.T.);
#5513 = VERTEX_POINT('',#5514);
#5514 = CARTESIAN_POINT('',(110.2,84.,30.));
#5515 = LINE('',#5516,#5517);
#5516 = CARTESIAN_POINT('',(110.2,28.,30.));
#5517 = VECTOR('',#5518,1.);
#5518 = DIRECTION('',(0.,-1.,0.));
#5519 = ORIENTED_EDGE('',*,*,#5520,.F.);
#5520 = EDGE_CURVE('',#5495,#5513,#5521,.T.);
#5521 = LINE('',#5522,#5523);
#5522 = CARTESIAN_POINT('',(110.2,84.,5.));
#5523 = VECTOR('',#5524,1.);
#5524 = DIRECTION('',(0.,0.,1.));
#5525 = FACE_BOUND('',#5526,.T.);
#5526 = EDGE_LOOP('',(#5527,#5537,#5545,#5553));
#5527 = ORIENTED_EDGE('',*,*,#5528,.T.);
#5528 = EDGE_CURVE('',#5529,#5531,#5533,.T.);
#5529 = VERTEX_POINT('',#5530);
#5530 = CARTESIAN_POINT('',(110.2,44.,10.));
#5531 = VERTEX_POINT('',#5532);
#5532 = CARTESIAN_POINT('',(110.2,16.,10.));
#5533 = LINE('',#5534,#5535);
#5534 = CARTESIAN_POINT('',(110.2,8.,10.));
#5535 = VECTOR('',#5536,1.);
#5536 = DIRECTION('',(0.,-1.,0.));
#5537 = ORIENTED_EDGE('',*,*,#5538,.T.);
#5538 = EDGE_CURVE('',#5531,#5539,#5541,.T.);
#5539 = VERTEX_POINT('',#5540);
#5540 = CARTESIAN_POINT('',(110.2,16.,30.));
#5541 = LINE('',#5542,#5543);
#5542 = CARTESIAN_POINT('',(110.2,16.,5.));
#5543 = VECTOR('',#5544,1.);
#5544 = DIRECTION('',(0.,0.,1.));
#5545 = ORIENTED_EDGE('',*,*,#5546,.F.);
#5546 = EDGE_CURVE('',#5547,#5539,#5549,.T.);
#5547 = VERTEX_POINT('',#5548);
#5548 = CARTESIAN_POINT('',(110.2,44.,30.));
#5549 = LINE('',#5550,#5551);
#5550 = CARTESIAN_POINT('',(110.2,8.,30.));
#5551 = VECTOR('',#5552,1.);
#5552 = DIRECTION('',(0.,-1.,0.));
#5553 = ORIENTED_EDGE('',*,*,#5554,.F.);
#5554 = EDGE_CURVE('',#5529,#5547,#5555,.T.);
#5555 = LINE('',#5556,#5557);
#5556 = CARTESIAN_POINT('',(110.2,44.,5.));
#5557 = VECTOR('',#5558,1.);
#5558 = DIRECTION('',(0.,0.,1.));
#5559 = PLANE('',#5560);
#5560 = AXIS2_PLACEMENT_3D('',#5561,#5562,#5563);
#5561 = CARTESIAN_POINT('',(110.2,70.5,20.15));
#5562 = DIRECTION('',(1.,0.,0.));
#5563 = DIRECTION('',(0.,0.,1.));
#5564 = ADVANCED_FACE('',(#5565),#5615,.T.);
#5565 = FACE_BOUND('',#5566,.T.);
#5566 = EDGE_LOOP('',(#5567,#5568,#5576,#5584,#5592,#5600,#5608,#5614));
#5567 = ORIENTED_EDGE('',*,*,#4808,.F.);
#5568 = ORIENTED_EDGE('',*,*,#5569,.F.);
#5569 = EDGE_CURVE('',#5570,#4801,#5572,.T.);
#5570 = VERTEX_POINT('',#5571);
#5571 = CARTESIAN_POINT('',(86.,141.,6.));
#5572 = LINE('',#5573,#5574);
#5573 = CARTESIAN_POINT('',(86.,141.,-195.5685643564));
#5574 = VECTOR('',#5575,1.);
#5575 = DIRECTION('',(0.,0.,-1.));
#5576 = ORIENTED_EDGE('',*,*,#5577,.T.);
#5577 = EDGE_CURVE('',#5570,#5578,#5580,.T.);
#5578 = VERTEX_POINT('',#5579);
#5579 = CARTESIAN_POINT('',(107.,141.,6.));
#5580 = LINE('',#5581,#5582);
#5581 = CARTESIAN_POINT('',(-110.2,141.,6.));
#5582 = VECTOR('',#5583,1.);
#5583 = DIRECTION('',(1.,0.,0.));
#5584 = ORIENTED_EDGE('',*,*,#5585,.T.);
#5585 = EDGE_CURVE('',#5578,#5586,#5588,.T.);
#5586 = VERTEX_POINT('',#5587);
#5587 = CARTESIAN_POINT('',(107.,141.,36.8));
#5588 = LINE('',#5589,#5590);
#5589 = CARTESIAN_POINT('',(107.,141.,0.));
#5590 = VECTOR('',#5591,1.);
#5591 = DIRECTION('',(0.,0.,1.));
#5592 = ORIENTED_EDGE('',*,*,#5593,.F.);
#5593 = EDGE_CURVE('',#5594,#5586,#5596,.T.);
#5594 = VERTEX_POINT('',#5595);
#5595 = CARTESIAN_POINT('',(103.,141.,36.8));
#5596 = LINE('',#5597,#5598);
#5597 = CARTESIAN_POINT('',(103.,141.,36.8));
#5598 = VECTOR('',#5599,1.);
#5599 = DIRECTION('',(1.,0.,0.));
#5600 = ORIENTED_EDGE('',*,*,#5601,.T.);
#5601 = EDGE_CURVE('',#5594,#5602,#5604,.T.);
#5602 = VERTEX_POINT('',#5603);
#5603 = CARTESIAN_POINT('',(103.,141.,40.3));
#5604 = LINE('',#5605,#5606);
#5605 = CARTESIAN_POINT('',(103.,141.,36.8));
#5606 = VECTOR('',#5607,1.);
#5607 = DIRECTION('',(0.,0.,1.));
#5608 = ORIENTED_EDGE('',*,*,#5609,.T.);
#5609 = EDGE_CURVE('',#5602,#5445,#5610,.T.);
#5610 = LINE('',#5611,#5612);
#5611 = CARTESIAN_POINT('',(107.,141.,40.3));
#5612 = VECTOR('',#5613,1.);
#5613 = DIRECTION('',(1.,0.,0.));
#5614 = ORIENTED_EDGE('',*,*,#5444,.F.);
#5615 = PLANE('',#5616);
#5616 = AXIS2_PLACEMENT_3D('',#5617,#5618,#5619);
#5617 = CARTESIAN_POINT('',(3.001632679119E-15,141.,8.862871287129));
#5618 = DIRECTION('',(0.,1.,0.));
#5619 = DIRECTION('',(0.,0.,1.));
#5620 = ADVANCED_FACE('',(#5621),#5639,.F.);
#5621 = FACE_BOUND('',#5622,.F.);
#5622 = EDGE_LOOP('',(#5623,#5629,#5630,#5631,#5637,#5638));
#5623 = ORIENTED_EDGE('',*,*,#5624,.F.);
#5624 = EDGE_CURVE('',#4793,#4858,#5625,.T.);
#5625 = LINE('',#5626,#5627);
#5626 = CARTESIAN_POINT('',(86.,-4.,-400.));
#5627 = VECTOR('',#5628,1.);
#5628 = DIRECTION('',(0.,0.,1.));
#5629 = ORIENTED_EDGE('',*,*,#4800,.F.);
#5630 = ORIENTED_EDGE('',*,*,#5569,.F.);
#5631 = ORIENTED_EDGE('',*,*,#5632,.F.);
#5632 = EDGE_CURVE('',#5400,#5570,#5633,.T.);
#5633 = LINE('',#5634,#5635);
#5634 = CARTESIAN_POINT('',(86.,-2.,6.));
#5635 = VECTOR('',#5636,1.);
#5636 = DIRECTION('',(0.,1.,0.));
#5637 = ORIENTED_EDGE('',*,*,#5407,.F.);
#5638 = ORIENTED_EDGE('',*,*,#4857,.F.);
#5639 = PLANE('',#5640);
#5640 = AXIS2_PLACEMENT_3D('',#5641,#5642,#5643);
#5641 = CARTESIAN_POINT('',(86.,-4.,-400.));
#5642 = DIRECTION('',(1.,0.,0.));
#5643 = DIRECTION('',(0.,0.,1.));
#5644 = ADVANCED_FACE('',(#5645,#5651,#5662),#5673,.T.);
#5645 = FACE_BOUND('',#5646,.T.);
#5646 = EDGE_LOOP('',(#5647,#5648,#5649,#5650));
#5647 = ORIENTED_EDGE('',*,*,#4792,.F.);
#5648 = ORIENTED_EDGE('',*,*,#4879,.T.);
#5649 = ORIENTED_EDGE('',*,*,#4865,.F.);
#5650 = ORIENTED_EDGE('',*,*,#5624,.F.);
#5651 = FACE_BOUND('',#5652,.T.);
#5652 = EDGE_LOOP('',(#5653));
#5653 = ORIENTED_EDGE('',*,*,#5654,.F.);
#5654 = EDGE_CURVE('',#5655,#5655,#5657,.T.);
#5655 = VERTEX_POINT('',#5656);
#5656 = CARTESIAN_POINT('',(76.,-4.,5.65));
#5657 = CIRCLE('',#5658,1.65);
#5658 = AXIS2_PLACEMENT_3D('',#5659,#5660,#5661);
#5659 = CARTESIAN_POINT('',(76.,-4.,4.));
#5660 = DIRECTION('',(0.,1.,0.));
#5661 = DIRECTION('',(0.,0.,1.));
#5662 = FACE_BOUND('',#5663,.T.);
#5663 = EDGE_LOOP('',(#5664));
#5664 = ORIENTED_EDGE('',*,*,#5665,.F.);
#5665 = EDGE_CURVE('',#5666,#5666,#5668,.T.);
#5666 = VERTEX_POINT('',#5667);
#5667 = CARTESIAN_POINT('',(83.,-4.,5.65));
#5668 = CIRCLE('',#5669,1.65);
#5669 = AXIS2_PLACEMENT_3D('',#5670,#5671,#5672);
#5670 = CARTESIAN_POINT('',(83.,-4.,4.));
#5671 = DIRECTION('',(0.,1.,0.));
#5672 = DIRECTION('',(0.,0.,1.));
#5673 = PLANE('',#5674);
#5674 = AXIS2_PLACEMENT_3D('',#5675,#5676,#5677);
#5675 = CARTESIAN_POINT('',(72.,-4.,-400.));
#5676 = DIRECTION('',(0.,1.,0.));
#5677 = DIRECTION('',(0.,0.,1.));
#5678 = ADVANCED_FACE('',(#5679,#5682),#5693,.F.);
#5679 = FACE_BOUND('',#5680,.F.);
#5680 = EDGE_LOOP('',(#5681));
#5681 = ORIENTED_EDGE('',*,*,#4904,.T.);
#5682 = FACE_BOUND('',#5683,.F.);
#5683 = EDGE_LOOP('',(#5684));
#5684 = ORIENTED_EDGE('',*,*,#5685,.F.);
#5685 = EDGE_CURVE('',#5686,#5686,#5688,.T.);
#5686 = VERTEX_POINT('',#5687);
#5687 = CARTESIAN_POINT('',(76.,-6.,5.65));
#5688 = CIRCLE('',#5689,1.65);
#5689 = AXIS2_PLACEMENT_3D('',#5690,#5691,#5692);
#5690 = CARTESIAN_POINT('',(76.,-6.,4.));
#5691 = DIRECTION('',(0.,1.,0.));
#5692 = DIRECTION('',(0.,0.,1.));
#5693 = PLANE('',#5694);
#5694 = AXIS2_PLACEMENT_3D('',#5695,#5696,#5697);
#5695 = CARTESIAN_POINT('',(76.,-6.,4.));
#5696 = DIRECTION('',(0.,1.,0.));
#5697 = DIRECTION('',(0.,0.,1.));
#5698 = ADVANCED_FACE('',(#5699,#5702),#5713,.F.);
#5699 = FACE_BOUND('',#5700,.F.);
#5700 = EDGE_LOOP('',(#5701));
#5701 = ORIENTED_EDGE('',*,*,#4929,.T.);
#5702 = FACE_BOUND('',#5703,.F.);
#5703 = EDGE_LOOP('',(#5704));
#5704 = ORIENTED_EDGE('',*,*,#5705,.F.);
#5705 = EDGE_CURVE('',#5706,#5706,#5708,.T.);
#5706 = VERTEX_POINT('',#5707);
#5707 = CARTESIAN_POINT('',(83.,-6.,5.65));
#5708 = CIRCLE('',#5709,1.65);
#5709 = AXIS2_PLACEMENT_3D('',#5710,#5711,#5712);
#5710 = CARTESIAN_POINT('',(83.,-6.,4.));
#5711 = DIRECTION('',(0.,1.,0.));
#5712 = DIRECTION('',(0.,0.,1.));
#5713 = PLANE('',#5714);
#5714 = AXIS2_PLACEMENT_3D('',#5715,#5716,#5717);
#5715 = CARTESIAN_POINT('',(83.,-6.,4.));
#5716 = DIRECTION('',(0.,1.,0.));
#5717 = DIRECTION('',(0.,0.,1.));
#5718 = ADVANCED_FACE('',(#5719,#5722),#5733,.F.);
#5719 = FACE_BOUND('',#5720,.F.);
#5720 = EDGE_LOOP('',(#5721));
#5721 = ORIENTED_EDGE('',*,*,#4954,.T.);
#5722 = FACE_BOUND('',#5723,.F.);
#5723 = EDGE_LOOP('',(#5724));
#5724 = ORIENTED_EDGE('',*,*,#5725,.F.);
#5725 = EDGE_CURVE('',#5726,#5726,#5728,.T.);
#5726 = VERTEX_POINT('',#5727);
#5727 = CARTESIAN_POINT('',(76.,-6.,40.65));
#5728 = CIRCLE('',#5729,1.65);
#5729 = AXIS2_PLACEMENT_3D('',#5730,#5731,#5732);
#5730 = CARTESIAN_POINT('',(76.,-6.,39.));
#5731 = DIRECTION('',(0.,1.,0.));
#5732 = DIRECTION('',(0.,0.,1.));
#5733 = PLANE('',#5734);
#5734 = AXIS2_PLACEMENT_3D('',#5735,#5736,#5737);
#5735 = CARTESIAN_POINT('',(76.,-6.,39.));
#5736 = DIRECTION('',(0.,1.,0.));
#5737 = DIRECTION('',(0.,0.,1.));
#5738 = ADVANCED_FACE('',(#5739,#5742),#5753,.F.);
#5739 = FACE_BOUND('',#5740,.F.);
#5740 = EDGE_LOOP('',(#5741));
#5741 = ORIENTED_EDGE('',*,*,#4979,.T.);
#5742 = FACE_BOUND('',#5743,.F.);
#5743 = EDGE_LOOP('',(#5744));
#5744 = ORIENTED_EDGE('',*,*,#5745,.F.);
#5745 = EDGE_CURVE('',#5746,#5746,#5748,.T.);
#5746 = VERTEX_POINT('',#5747);
#5747 = CARTESIAN_POINT('',(83.,-6.,40.65));
#5748 = CIRCLE('',#5749,1.65);
#5749 = AXIS2_PLACEMENT_3D('',#5750,#5751,#5752);
#5750 = CARTESIAN_POINT('',(83.,-6.,39.));
#5751 = DIRECTION('',(0.,1.,0.));
#5752 = DIRECTION('',(0.,0.,1.));
#5753 = PLANE('',#5754);
#5754 = AXIS2_PLACEMENT_3D('',#5755,#5756,#5757);
#5755 = CARTESIAN_POINT('',(83.,-6.,39.));
#5756 = DIRECTION('',(0.,1.,0.));
#5757 = DIRECTION('',(0.,0.,1.));
#5758 = ADVANCED_FACE('',(#5759),#5770,.F.);
#5759 = FACE_BOUND('',#5760,.F.);
#5760 = EDGE_LOOP('',(#5761,#5767,#5768,#5769));
#5761 = ORIENTED_EDGE('',*,*,#5762,.T.);
#5762 = EDGE_CURVE('',#5726,#5302,#5763,.T.);
#5763 = LINE('',#5764,#5765);
#5764 = CARTESIAN_POINT('',(76.,-8.1,40.65));
#5765 = VECTOR('',#5766,1.);
#5766 = DIRECTION('',(0.,1.,0.));
#5767 = ORIENTED_EDGE('',*,*,#5301,.F.);
#5768 = ORIENTED_EDGE('',*,*,#5762,.F.);
#5769 = ORIENTED_EDGE('',*,*,#5725,.T.);
#5770 = CYLINDRICAL_SURFACE('',#5771,1.65);
#5771 = AXIS2_PLACEMENT_3D('',#5772,#5773,#5774);
#5772 = CARTESIAN_POINT('',(76.,-8.1,39.));
#5773 = DIRECTION('',(0.,1.,0.));
#5774 = DIRECTION('',(0.,0.,1.));
#5775 = ADVANCED_FACE('',(#5776),#5787,.F.);
#5776 = FACE_BOUND('',#5777,.F.);
#5777 = EDGE_LOOP('',(#5778,#5784,#5785,#5786));
#5778 = ORIENTED_EDGE('',*,*,#5779,.T.);
#5779 = EDGE_CURVE('',#5746,#5313,#5780,.T.);
#5780 = LINE('',#5781,#5782);
#5781 = CARTESIAN_POINT('',(83.,-8.1,40.65));
#5782 = VECTOR('',#5783,1.);
#5783 = DIRECTION('',(0.,1.,0.));
#5784 = ORIENTED_EDGE('',*,*,#5312,.F.);
#5785 = ORIENTED_EDGE('',*,*,#5779,.F.);
#5786 = ORIENTED_EDGE('',*,*,#5745,.T.);
#5787 = CYLINDRICAL_SURFACE('',#5788,1.65);
#5788 = AXIS2_PLACEMENT_3D('',#5789,#5790,#5791);
#5789 = CARTESIAN_POINT('',(83.,-8.1,39.));
#5790 = DIRECTION('',(0.,1.,0.));
#5791 = DIRECTION('',(0.,0.,1.));
#5792 = ADVANCED_FACE('',(#5793,#5804),#5815,.T.);
#5793 = FACE_BOUND('',#5794,.T.);
#5794 = EDGE_LOOP('',(#5795,#5796,#5797,#5803));
#5795 = ORIENTED_EDGE('',*,*,#5632,.F.);
#5796 = ORIENTED_EDGE('',*,*,#5399,.T.);
#5797 = ORIENTED_EDGE('',*,*,#5798,.T.);
#5798 = EDGE_CURVE('',#5392,#5578,#5799,.T.);
#5799 = LINE('',#5800,#5801);
#5800 = CARTESIAN_POINT('',(107.,0.,6.));
#5801 = VECTOR('',#5802,1.);
#5802 = DIRECTION('',(0.,1.,0.));
#5803 = ORIENTED_EDGE('',*,*,#5577,.F.);
#5804 = FACE_BOUND('',#5805,.T.);
#5805 = EDGE_LOOP('',(#5806));
#5806 = ORIENTED_EDGE('',*,*,#5807,.F.);
#5807 = EDGE_CURVE('',#5808,#5808,#5810,.T.);
#5808 = VERTEX_POINT('',#5809);
#5809 = CARTESIAN_POINT('',(103.75,136.,6.));
#5810 = CIRCLE('',#5811,1.25);
#5811 = AXIS2_PLACEMENT_3D('',#5812,#5813,#5814);
#5812 = CARTESIAN_POINT('',(102.5,136.,6.));
#5813 = DIRECTION('',(0.,0.,1.));
#5814 = DIRECTION('',(1.,0.,0.));
#5815 = PLANE('',#5816);
#5816 = AXIS2_PLACEMENT_3D('',#5817,#5818,#5819);
#5817 = CARTESIAN_POINT('',(-110.2,0.,6.));
#5818 = DIRECTION('',(0.,0.,1.));
#5819 = DIRECTION('',(1.,0.,0.));
#5820 = ADVANCED_FACE('',(#5821,#5832,#5866,#5900),#5934,.F.);
#5821 = FACE_BOUND('',#5822,.F.);
#5822 = EDGE_LOOP('',(#5823,#5824,#5825,#5826));
#5823 = ORIENTED_EDGE('',*,*,#5391,.F.);
#5824 = ORIENTED_EDGE('',*,*,#5798,.T.);
#5825 = ORIENTED_EDGE('',*,*,#5585,.T.);
#5826 = ORIENTED_EDGE('',*,*,#5827,.F.);
#5827 = EDGE_CURVE('',#5384,#5586,#5828,.T.);
#5828 = LINE('',#5829,#5830);
#5829 = CARTESIAN_POINT('',(107.,0.,36.8));
#5830 = VECTOR('',#5831,1.);
#5831 = DIRECTION('',(0.,1.,0.));
#5832 = FACE_BOUND('',#5833,.F.);
#5833 = EDGE_LOOP('',(#5834,#5844,#5852,#5860));
#5834 = ORIENTED_EDGE('',*,*,#5835,.T.);
#5835 = EDGE_CURVE('',#5836,#5838,#5840,.T.);
#5836 = VERTEX_POINT('',#5837);
#5837 = CARTESIAN_POINT('',(107.,124.,10.));
#5838 = VERTEX_POINT('',#5839);
#5839 = CARTESIAN_POINT('',(107.,96.,10.));
#5840 = LINE('',#5841,#5842);
#5841 = CARTESIAN_POINT('',(107.,48.,10.));
#5842 = VECTOR('',#5843,1.);
#5843 = DIRECTION('',(0.,-1.,0.));
#5844 = ORIENTED_EDGE('',*,*,#5845,.T.);
#5845 = EDGE_CURVE('',#5838,#5846,#5848,.T.);
#5846 = VERTEX_POINT('',#5847);
#5847 = CARTESIAN_POINT('',(107.,96.,30.));
#5848 = LINE('',#5849,#5850);
#5849 = CARTESIAN_POINT('',(107.,96.,5.));
#5850 = VECTOR('',#5851,1.);
#5851 = DIRECTION('',(0.,0.,1.));
#5852 = ORIENTED_EDGE('',*,*,#5853,.F.);
#5853 = EDGE_CURVE('',#5854,#5846,#5856,.T.);
#5854 = VERTEX_POINT('',#5855);
#5855 = CARTESIAN_POINT('',(107.,124.,30.));
#5856 = LINE('',#5857,#5858);
#5857 = CARTESIAN_POINT('',(107.,48.,30.));
#5858 = VECTOR('',#5859,1.);
#5859 = DIRECTION('',(0.,-1.,0.));
#5860 = ORIENTED_EDGE('',*,*,#5861,.F.);
#5861 = EDGE_CURVE('',#5836,#5854,#5862,.T.);
#5862 = LINE('',#5863,#5864);
#5863 = CARTESIAN_POINT('',(107.,124.,5.));
#5864 = VECTOR('',#5865,1.);
#5865 = DIRECTION('',(0.,0.,1.));
#5866 = FACE_BOUND('',#5867,.F.);
#5867 = EDGE_LOOP('',(#5868,#5878,#5886,#5894));
#5868 = ORIENTED_EDGE('',*,*,#5869,.T.);
#5869 = EDGE_CURVE('',#5870,#5872,#5874,.T.);
#5870 = VERTEX_POINT('',#5871);
#5871 = CARTESIAN_POINT('',(107.,84.,10.));
#5872 = VERTEX_POINT('',#5873);
#5873 = CARTESIAN_POINT('',(107.,56.,10.));
#5874 = LINE('',#5875,#5876);
#5875 = CARTESIAN_POINT('',(107.,28.,10.));
#5876 = VECTOR('',#5877,1.);
#5877 = DIRECTION('',(0.,-1.,0.));
#5878 = ORIENTED_EDGE('',*,*,#5879,.T.);
#5879 = EDGE_CURVE('',#5872,#5880,#5882,.T.);
#5880 = VERTEX_POINT('',#5881);
#5881 = CARTESIAN_POINT('',(107.,56.,30.));
#5882 = LINE('',#5883,#5884);
#5883 = CARTESIAN_POINT('',(107.,56.,5.));
#5884 = VECTOR('',#5885,1.);
#5885 = DIRECTION('',(0.,0.,1.));
#5886 = ORIENTED_EDGE('',*,*,#5887,.F.);
#5887 = EDGE_CURVE('',#5888,#5880,#5890,.T.);
#5888 = VERTEX_POINT('',#5889);
#5889 = CARTESIAN_POINT('',(107.,84.,30.));
#5890 = LINE('',#5891,#5892);
#5891 = CARTESIAN_POINT('',(107.,28.,30.));
#5892 = VECTOR('',#5893,1.);
#5893 = DIRECTION('',(0.,-1.,0.));
#5894 = ORIENTED_EDGE('',*,*,#5895,.F.);
#5895 = EDGE_CURVE('',#5870,#5888,#5896,.T.);
#5896 = LINE('',#5897,#5898);
#5897 = CARTESIAN_POINT('',(107.,84.,5.));
#5898 = VECTOR('',#5899,1.);
#5899 = DIRECTION('',(0.,0.,1.));
#5900 = FACE_BOUND('',#5901,.F.);
#5901 = EDGE_LOOP('',(#5902,#5912,#5920,#5928));
#5902 = ORIENTED_EDGE('',*,*,#5903,.T.);
#5903 = EDGE_CURVE('',#5904,#5906,#5908,.T.);
#5904 = VERTEX_POINT('',#5905);
#5905 = CARTESIAN_POINT('',(107.,44.,10.));
#5906 = VERTEX_POINT('',#5907);
#5907 = CARTESIAN_POINT('',(107.,16.,10.));
#5908 = LINE('',#5909,#5910);
#5909 = CARTESIAN_POINT('',(107.,8.,10.));
#5910 = VECTOR('',#5911,1.);
#5911 = DIRECTION('',(0.,-1.,0.));
#5912 = ORIENTED_EDGE('',*,*,#5913,.T.);
#5913 = EDGE_CURVE('',#5906,#5914,#5916,.T.);
#5914 = VERTEX_POINT('',#5915);
#5915 = CARTESIAN_POINT('',(107.,16.,30.));
#5916 = LINE('',#5917,#5918);
#5917 = CARTESIAN_POINT('',(107.,16.,5.));
#5918 = VECTOR('',#5919,1.);
#5919 = DIRECTION('',(0.,0.,1.));
#5920 = ORIENTED_EDGE('',*,*,#5921,.F.);
#5921 = EDGE_CURVE('',#5922,#5914,#5924,.T.);
#5922 = VERTEX_POINT('',#5923);
#5923 = CARTESIAN_POINT('',(107.,44.,30.));
#5924 = LINE('',#5925,#5926);
#5925 = CARTESIAN_POINT('',(107.,8.,30.));
#5926 = VECTOR('',#5927,1.);
#5927 = DIRECTION('',(0.,-1.,0.));
#5928 = ORIENTED_EDGE('',*,*,#5929,.F.);
#5929 = EDGE_CURVE('',#5904,#5922,#5930,.T.);
#5930 = LINE('',#5931,#5932);
#5931 = CARTESIAN_POINT('',(107.,44.,5.));
#5932 = VECTOR('',#5933,1.);
#5933 = DIRECTION('',(0.,0.,1.));
#5934 = PLANE('',#5935);
#5935 = AXIS2_PLACEMENT_3D('',#5936,#5937,#5938);
#5936 = CARTESIAN_POINT('',(107.,0.,0.));
#5937 = DIRECTION('',(1.,0.,0.));
#5938 = DIRECTION('',(0.,0.,1.));
#5939 = ADVANCED_FACE('',(#5940),#5951,.F.);
#5940 = FACE_BOUND('',#5941,.F.);
#5941 = EDGE_LOOP('',(#5942,#5948,#5949,#5950));
#5942 = ORIENTED_EDGE('',*,*,#5943,.F.);
#5943 = EDGE_CURVE('',#5376,#5594,#5944,.T.);
#5944 = LINE('',#5945,#5946);
#5945 = CARTESIAN_POINT('',(103.,0.,36.8));
#5946 = VECTOR('',#5947,1.);
#5947 = DIRECTION('',(0.,1.,0.));
#5948 = ORIENTED_EDGE('',*,*,#5383,.T.);
#5949 = ORIENTED_EDGE('',*,*,#5827,.T.);
#5950 = ORIENTED_EDGE('',*,*,#5593,.F.);
#5951 = PLANE('',#5952);
#5952 = AXIS2_PLACEMENT_3D('',#5953,#5954,#5955);
#5953 = CARTESIAN_POINT('',(103.,0.,36.8));
#5954 = DIRECTION('',(0.,0.,1.));
#5955 = DIRECTION('',(1.,0.,0.));
#5956 = ADVANCED_FACE('',(#5957),#5968,.F.);
#5957 = FACE_BOUND('',#5958,.F.);
#5958 = EDGE_LOOP('',(#5959,#5960,#5961,#5962));
#5959 = ORIENTED_EDGE('',*,*,#5375,.F.);
#5960 = ORIENTED_EDGE('',*,*,#5943,.T.);
#5961 = ORIENTED_EDGE('',*,*,#5601,.T.);
#5962 = ORIENTED_EDGE('',*,*,#5963,.F.);
#5963 = EDGE_CURVE('',#5368,#5602,#5964,.T.);
#5964 = LINE('',#5965,#5966);
#5965 = CARTESIAN_POINT('',(103.,0.,40.3));
#5966 = VECTOR('',#5967,1.);
#5967 = DIRECTION('',(0.,1.,0.));
#5968 = PLANE('',#5969);
#5969 = AXIS2_PLACEMENT_3D('',#5970,#5971,#5972);
#5970 = CARTESIAN_POINT('',(103.,0.,36.8));
#5971 = DIRECTION('',(1.,0.,0.));
#5972 = DIRECTION('',(0.,0.,1.));
#5973 = ADVANCED_FACE('',(#5974),#5980,.T.);
#5974 = FACE_BOUND('',#5975,.T.);
#5975 = EDGE_LOOP('',(#5976,#5977,#5978,#5979));
#5976 = ORIENTED_EDGE('',*,*,#5963,.F.);
#5977 = ORIENTED_EDGE('',*,*,#5367,.T.);
#5978 = ORIENTED_EDGE('',*,*,#5452,.T.);
#5979 = ORIENTED_EDGE('',*,*,#5609,.F.);
#5980 = PLANE('',#5981);
#5981 = AXIS2_PLACEMENT_3D('',#5982,#5983,#5984);
#5982 = CARTESIAN_POINT('',(106.6,70.5,40.3));
#5983 = DIRECTION('',(0.,0.,1.));
#5984 = DIRECTION('',(1.,0.,0.));
#5985 = ADVANCED_FACE('',(#5986),#6002,.T.);
#5986 = FACE_BOUND('',#5987,.T.);
#5987 = EDGE_LOOP('',(#5988,#5994,#5995,#6001));
#5988 = ORIENTED_EDGE('',*,*,#5989,.F.);
#5989 = EDGE_CURVE('',#5836,#5461,#5990,.T.);
#5990 = LINE('',#5991,#5992);
#5991 = CARTESIAN_POINT('',(106.,124.,10.));
#5992 = VECTOR('',#5993,1.);
#5993 = DIRECTION('',(1.,0.,0.));
#5994 = ORIENTED_EDGE('',*,*,#5835,.T.);
#5995 = ORIENTED_EDGE('',*,*,#5996,.T.);
#5996 = EDGE_CURVE('',#5838,#5463,#5997,.T.);
#5997 = LINE('',#5998,#5999);
#5998 = CARTESIAN_POINT('',(106.,96.,10.));
#5999 = VECTOR('',#6000,1.);
#6000 = DIRECTION('',(1.,0.,0.));
#6001 = ORIENTED_EDGE('',*,*,#5460,.F.);
#6002 = PLANE('',#6003);
#6003 = AXIS2_PLACEMENT_3D('',#6004,#6005,#6006);
#6004 = CARTESIAN_POINT('',(106.,96.,10.));
#6005 = DIRECTION('',(0.,0.,1.));
#6006 = DIRECTION('',(1.,0.,0.));
#6007 = ADVANCED_FACE('',(#6008),#6019,.T.);
#6008 = FACE_BOUND('',#6009,.T.);
#6009 = EDGE_LOOP('',(#6010,#6011,#6012,#6018));
#6010 = ORIENTED_EDGE('',*,*,#5996,.F.);
#6011 = ORIENTED_EDGE('',*,*,#5845,.T.);
#6012 = ORIENTED_EDGE('',*,*,#6013,.T.);
#6013 = EDGE_CURVE('',#5846,#5471,#6014,.T.);
#6014 = LINE('',#6015,#6016);
#6015 = CARTESIAN_POINT('',(106.,96.,30.));
#6016 = VECTOR('',#6017,1.);
#6017 = DIRECTION('',(1.,0.,0.));
#6018 = ORIENTED_EDGE('',*,*,#5470,.F.);
#6019 = PLANE('',#6020);
#6020 = AXIS2_PLACEMENT_3D('',#6021,#6022,#6023);
#6021 = CARTESIAN_POINT('',(106.,96.,10.));
#6022 = DIRECTION('',(0.,1.,0.));
#6023 = DIRECTION('',(0.,0.,1.));
#6024 = ADVANCED_FACE('',(#6025),#6036,.F.);
#6025 = FACE_BOUND('',#6026,.F.);
#6026 = EDGE_LOOP('',(#6027,#6033,#6034,#6035));
#6027 = ORIENTED_EDGE('',*,*,#6028,.F.);
#6028 = EDGE_CURVE('',#5854,#5479,#6029,.T.);
#6029 = LINE('',#6030,#6031);
#6030 = CARTESIAN_POINT('',(106.,124.,30.));
#6031 = VECTOR('',#6032,1.);
#6032 = DIRECTION('',(1.,0.,0.));
#6033 = ORIENTED_EDGE('',*,*,#5853,.T.);
#6034 = ORIENTED_EDGE('',*,*,#6013,.T.);
#6035 = ORIENTED_EDGE('',*,*,#5478,.F.);
#6036 = PLANE('',#6037);
#6037 = AXIS2_PLACEMENT_3D('',#6038,#6039,#6040);
#6038 = CARTESIAN_POINT('',(106.,96.,30.));
#6039 = DIRECTION('',(0.,0.,1.));
#6040 = DIRECTION('',(1.,0.,0.));
#6041 = ADVANCED_FACE('',(#6042),#6048,.F.);
#6042 = FACE_BOUND('',#6043,.F.);
#6043 = EDGE_LOOP('',(#6044,#6045,#6046,#6047));
#6044 = ORIENTED_EDGE('',*,*,#5989,.F.);
#6045 = ORIENTED_EDGE('',*,*,#5861,.T.);
#6046 = ORIENTED_EDGE('',*,*,#6028,.T.);
#6047 = ORIENTED_EDGE('',*,*,#5486,.F.);
#6048 = PLANE('',#6049);
#6049 = AXIS2_PLACEMENT_3D('',#6050,#6051,#6052);
#6050 = CARTESIAN_POINT('',(106.,124.,10.));
#6051 = DIRECTION('',(0.,1.,0.));
#6052 = DIRECTION('',(0.,0.,1.));
#6053 = ADVANCED_FACE('',(#6054),#6070,.T.);
#6054 = FACE_BOUND('',#6055,.T.);
#6055 = EDGE_LOOP('',(#6056,#6062,#6063,#6069));
#6056 = ORIENTED_EDGE('',*,*,#6057,.F.);
#6057 = EDGE_CURVE('',#5870,#5495,#6058,.T.);
#6058 = LINE('',#6059,#6060);
#6059 = CARTESIAN_POINT('',(106.,84.,10.));
#6060 = VECTOR('',#6061,1.);
#6061 = DIRECTION('',(1.,0.,0.));
#6062 = ORIENTED_EDGE('',*,*,#5869,.T.);
#6063 = ORIENTED_EDGE('',*,*,#6064,.T.);
#6064 = EDGE_CURVE('',#5872,#5497,#6065,.T.);
#6065 = LINE('',#6066,#6067);
#6066 = CARTESIAN_POINT('',(106.,56.,10.));
#6067 = VECTOR('',#6068,1.);
#6068 = DIRECTION('',(1.,0.,0.));
#6069 = ORIENTED_EDGE('',*,*,#5494,.F.);
#6070 = PLANE('',#6071);
#6071 = AXIS2_PLACEMENT_3D('',#6072,#6073,#6074);
#6072 = CARTESIAN_POINT('',(106.,56.,10.));
#6073 = DIRECTION('',(0.,0.,1.));
#6074 = DIRECTION('',(1.,0.,0.));
#6075 = ADVANCED_FACE('',(#6076),#6087,.T.);
#6076 = FACE_BOUND('',#6077,.T.);
#6077 = EDGE_LOOP('',(#6078,#6079,#6080,#6086));
#6078 = ORIENTED_EDGE('',*,*,#6064,.F.);
#6079 = ORIENTED_EDGE('',*,*,#5879,.T.);
#6080 = ORIENTED_EDGE('',*,*,#6081,.T.);
#6081 = EDGE_CURVE('',#5880,#5505,#6082,.T.);
#6082 = LINE('',#6083,#6084);
#6083 = CARTESIAN_POINT('',(106.,56.,30.));
#6084 = VECTOR('',#6085,1.);
#6085 = DIRECTION('',(1.,0.,0.));
#6086 = ORIENTED_EDGE('',*,*,#5504,.F.);
#6087 = PLANE('',#6088);
#6088 = AXIS2_PLACEMENT_3D('',#6089,#6090,#6091);
#6089 = CARTESIAN_POINT('',(106.,56.,10.));
#6090 = DIRECTION('',(0.,1.,0.));
#6091 = DIRECTION('',(0.,0.,1.));
#6092 = ADVANCED_FACE('',(#6093),#6104,.F.);
#6093 = FACE_BOUND('',#6094,.F.);
#6094 = EDGE_LOOP('',(#6095,#6101,#6102,#6103));
#6095 = ORIENTED_EDGE('',*,*,#6096,.F.);
#6096 = EDGE_CURVE('',#5888,#5513,#6097,.T.);
#6097 = LINE('',#6098,#6099);
#6098 = CARTESIAN_POINT('',(106.,84.,30.));
#6099 = VECTOR('',#6100,1.);
#6100 = DIRECTION('',(1.,0.,0.));
#6101 = ORIENTED_EDGE('',*,*,#5887,.T.);
#6102 = ORIENTED_EDGE('',*,*,#6081,.T.);
#6103 = ORIENTED_EDGE('',*,*,#5512,.F.);
#6104 = PLANE('',#6105);
#6105 = AXIS2_PLACEMENT_3D('',#6106,#6107,#6108);
#6106 = CARTESIAN_POINT('',(106.,56.,30.));
#6107 = DIRECTION('',(0.,0.,1.));
#6108 = DIRECTION('',(1.,0.,0.));
#6109 = ADVANCED_FACE('',(#6110),#6116,.F.);
#6110 = FACE_BOUND('',#6111,.F.);
#6111 = EDGE_LOOP('',(#6112,#6113,#6114,#6115));
#6112 = ORIENTED_EDGE('',*,*,#6057,.F.);
#6113 = ORIENTED_EDGE('',*,*,#5895,.T.);
#6114 = ORIENTED_EDGE('',*,*,#6096,.T.);
#6115 = ORIENTED_EDGE('',*,*,#5520,.F.);
#6116 = PLANE('',#6117);
#6117 = AXIS2_PLACEMENT_3D('',#6118,#6119,#6120);
#6118 = CARTESIAN_POINT('',(106.,84.,10.));
#6119 = DIRECTION('',(0.,1.,0.));
#6120 = DIRECTION('',(0.,0.,1.));
#6121 = ADVANCED_FACE('',(#6122),#6138,.T.);
#6122 = FACE_BOUND('',#6123,.T.);
#6123 = EDGE_LOOP('',(#6124,#6130,#6131,#6137));
#6124 = ORIENTED_EDGE('',*,*,#6125,.F.);
#6125 = EDGE_CURVE('',#5904,#5529,#6126,.T.);
#6126 = LINE('',#6127,#6128);
#6127 = CARTESIAN_POINT('',(106.,44.,10.));
#6128 = VECTOR('',#6129,1.);
#6129 = DIRECTION('',(1.,0.,0.));
#6130 = ORIENTED_EDGE('',*,*,#5903,.T.);
#6131 = ORIENTED_EDGE('',*,*,#6132,.T.);
#6132 = EDGE_CURVE('',#5906,#5531,#6133,.T.);
#6133 = LINE('',#6134,#6135);
#6134 = CARTESIAN_POINT('',(106.,16.,10.));
#6135 = VECTOR('',#6136,1.);
#6136 = DIRECTION('',(1.,0.,0.));
#6137 = ORIENTED_EDGE('',*,*,#5528,.F.);
#6138 = PLANE('',#6139);
#6139 = AXIS2_PLACEMENT_3D('',#6140,#6141,#6142);
#6140 = CARTESIAN_POINT('',(106.,16.,10.));
#6141 = DIRECTION('',(0.,0.,1.));
#6142 = DIRECTION('',(1.,0.,0.));
#6143 = ADVANCED_FACE('',(#6144),#6155,.T.);
#6144 = FACE_BOUND('',#6145,.T.);
#6145 = EDGE_LOOP('',(#6146,#6147,#6148,#6154));
#6146 = ORIENTED_EDGE('',*,*,#6132,.F.);
#6147 = ORIENTED_EDGE('',*,*,#5913,.T.);
#6148 = ORIENTED_EDGE('',*,*,#6149,.T.);
#6149 = EDGE_CURVE('',#5914,#5539,#6150,.T.);
#6150 = LINE('',#6151,#6152);
#6151 = CARTESIAN_POINT('',(106.,16.,30.));
#6152 = VECTOR('',#6153,1.);
#6153 = DIRECTION('',(1.,0.,0.));
#6154 = ORIENTED_EDGE('',*,*,#5538,.F.);
#6155 = PLANE('',#6156);
#6156 = AXIS2_PLACEMENT_3D('',#6157,#6158,#6159);
#6157 = CARTESIAN_POINT('',(106.,16.,10.));
#6158 = DIRECTION('',(0.,1.,0.));
#6159 = DIRECTION('',(0.,0.,1.));
#6160 = ADVANCED_FACE('',(#6161),#6172,.F.);
#6161 = FACE_BOUND('',#6162,.F.);
#6162 = EDGE_LOOP('',(#6163,#6169,#6170,#6171));
#6163 = ORIENTED_EDGE('',*,*,#6164,.F.);
#6164 = EDGE_CURVE('',#5922,#5547,#6165,.T.);
#6165 = LINE('',#6166,#6167);
#6166 = CARTESIAN_POINT('',(106.,44.,30.));
#6167 = VECTOR('',#6168,1.);
#6168 = DIRECTION('',(1.,0.,0.));
#6169 = ORIENTED_EDGE('',*,*,#5921,.T.);
#6170 = ORIENTED_EDGE('',*,*,#6149,.T.);
#6171 = ORIENTED_EDGE('',*,*,#5546,.F.);
#6172 = PLANE('',#6173);
#6173 = AXIS2_PLACEMENT_3D('',#6174,#6175,#6176);
#6174 = CARTESIAN_POINT('',(106.,16.,30.));
#6175 = DIRECTION('',(0.,0.,1.));
#6176 = DIRECTION('',(1.,0.,0.));
#6177 = ADVANCED_FACE('',(#6178),#6184,.F.);
#6178 = FACE_BOUND('',#6179,.F.);
#6179 = EDGE_LOOP('',(#6180,#6181,#6182,#6183));
#6180 = ORIENTED_EDGE('',*,*,#6125,.F.);
#6181 = ORIENTED_EDGE('',*,*,#5929,.T.);
#6182 = ORIENTED_EDGE('',*,*,#6164,.T.);
#6183 = ORIENTED_EDGE('',*,*,#5554,.F.);
#6184 = PLANE('',#6185);
#6185 = AXIS2_PLACEMENT_3D('',#6186,#6187,#6188);
#6186 = CARTESIAN_POINT('',(106.,44.,10.));
#6187 = DIRECTION('',(0.,1.,0.));
#6188 = DIRECTION('',(0.,0.,1.));
#6189 = ADVANCED_FACE('',(#6190),#6201,.F.);
#6190 = FACE_BOUND('',#6191,.F.);
#6191 = EDGE_LOOP('',(#6192,#6198,#6199,#6200));
#6192 = ORIENTED_EDGE('',*,*,#6193,.T.);
#6193 = EDGE_CURVE('',#5686,#5655,#6194,.T.);
#6194 = LINE('',#6195,#6196);
#6195 = CARTESIAN_POINT('',(76.,-8.1,5.65));
#6196 = VECTOR('',#6197,1.);
#6197 = DIRECTION('',(0.,1.,0.));
#6198 = ORIENTED_EDGE('',*,*,#5654,.F.);
#6199 = ORIENTED_EDGE('',*,*,#6193,.F.);
#6200 = ORIENTED_EDGE('',*,*,#5685,.T.);
#6201 = CYLINDRICAL_SURFACE('',#6202,1.65);
#6202 = AXIS2_PLACEMENT_3D('',#6203,#6204,#6205);
#6203 = CARTESIAN_POINT('',(76.,-8.1,4.));
#6204 = DIRECTION('',(0.,1.,0.));
#6205 = DIRECTION('',(0.,0.,1.));
#6206 = ADVANCED_FACE('',(#6207),#6218,.F.);
#6207 = FACE_BOUND('',#6208,.F.);
#6208 = EDGE_LOOP('',(#6209,#6215,#6216,#6217));
#6209 = ORIENTED_EDGE('',*,*,#6210,.T.);
#6210 = EDGE_CURVE('',#5706,#5666,#6211,.T.);
#6211 = LINE('',#6212,#6213);
#6212 = CARTESIAN_POINT('',(83.,-8.1,5.65));
#6213 = VECTOR('',#6214,1.);
#6214 = DIRECTION('',(0.,1.,0.));
#6215 = ORIENTED_EDGE('',*,*,#5665,.F.);
#6216 = ORIENTED_EDGE('',*,*,#6210,.F.);
#6217 = ORIENTED_EDGE('',*,*,#5705,.T.);
#6218 = CYLINDRICAL_SURFACE('',#6219,1.65);
#6219 = AXIS2_PLACEMENT_3D('',#6220,#6221,#6222);
#6220 = CARTESIAN_POINT('',(83.,-8.1,4.));
#6221 = DIRECTION('',(0.,1.,0.));
#6222 = DIRECTION('',(0.,0.,1.));
#6223 = ADVANCED_FACE('',(#6224),#6243,.F.);
#6224 = FACE_BOUND('',#6225,.F.);
#6225 = EDGE_LOOP('',(#6226,#6227,#6235,#6242));
#6226 = ORIENTED_EDGE('',*,*,#5807,.F.);
#6227 = ORIENTED_EDGE('',*,*,#6228,.F.);
#6228 = EDGE_CURVE('',#6229,#5808,#6231,.T.);
#6229 = VERTEX_POINT('',#6230);
#6230 = CARTESIAN_POINT('',(103.75,136.,0.6));
#6231 = LINE('',#6232,#6233);
#6232 = CARTESIAN_POINT('',(103.75,136.,0.6));
#6233 = VECTOR('',#6234,1.);
#6234 = DIRECTION('',(0.,0.,1.));
#6235 = ORIENTED_EDGE('',*,*,#6236,.T.);
#6236 = EDGE_CURVE('',#6229,#6229,#6237,.T.);
#6237 = CIRCLE('',#6238,1.25);
#6238 = AXIS2_PLACEMENT_3D('',#6239,#6240,#6241);
#6239 = CARTESIAN_POINT('',(102.5,136.,0.6));
#6240 = DIRECTION('',(0.,0.,1.));
#6241 = DIRECTION('',(1.,0.,0.));
#6242 = ORIENTED_EDGE('',*,*,#6228,.T.);
#6243 = CYLINDRICAL_SURFACE('',#6244,1.25);
#6244 = AXIS2_PLACEMENT_3D('',#6245,#6246,#6247);
#6245 = CARTESIAN_POINT('',(102.5,136.,0.6));
#6246 = DIRECTION('',(0.,0.,1.));
#6247 = DIRECTION('',(1.,0.,0.));
#6248 = ADVANCED_FACE('',(#6249),#6252,.T.);
#6249 = FACE_BOUND('',#6250,.F.);
#6250 = EDGE_LOOP('',(#6251));
#6251 = ORIENTED_EDGE('',*,*,#6236,.F.);
#6252 = PLANE('',#6253);
#6253 = AXIS2_PLACEMENT_3D('',#6254,#6255,#6256);
#6254 = CARTESIAN_POINT('',(102.5,136.,0.6));
#6255 = DIRECTION('',(0.,0.,1.));
#6256 = DIRECTION('',(1.,0.,0.));
#6257 = MANIFOLD_SOLID_BREP('',#6258);
#6258 = CLOSED_SHELL('',(#6259,#6299,#6330,#6393,#6441,#6472,#6507,#6517
    ,#6537,#6562,#6581,#6601));
#6259 = ADVANCED_FACE('',(#6260),#6294,.F.);
#6260 = FACE_BOUND('',#6261,.F.);
#6261 = EDGE_LOOP('',(#6262,#6272,#6280,#6288));
#6262 = ORIENTED_EDGE('',*,*,#6263,.F.);
#6263 = EDGE_CURVE('',#6264,#6266,#6268,.T.);
#6264 = VERTEX_POINT('',#6265);
#6265 = CARTESIAN_POINT('',(-107.,129.,6.));
#6266 = VERTEX_POINT('',#6267);
#6267 = CARTESIAN_POINT('',(-98.,129.,6.));
#6268 = LINE('',#6269,#6270);
#6269 = CARTESIAN_POINT('',(-107.,129.,6.));
#6270 = VECTOR('',#6271,1.);
#6271 = DIRECTION('',(1.,0.,0.));
#6272 = ORIENTED_EDGE('',*,*,#6273,.T.);
#6273 = EDGE_CURVE('',#6264,#6274,#6276,.T.);
#6274 = VERTEX_POINT('',#6275);
#6275 = CARTESIAN_POINT('',(-107.,129.,28.));
#6276 = LINE('',#6277,#6278);
#6277 = CARTESIAN_POINT('',(-107.,129.,6.));
#6278 = VECTOR('',#6279,1.);
#6279 = DIRECTION('',(0.,0.,1.));
#6280 = ORIENTED_EDGE('',*,*,#6281,.T.);
#6281 = EDGE_CURVE('',#6274,#6282,#6284,.T.);
#6282 = VERTEX_POINT('',#6283);
#6283 = CARTESIAN_POINT('',(-98.,129.,28.));
#6284 = LINE('',#6285,#6286);
#6285 = CARTESIAN_POINT('',(-107.,129.,28.));
#6286 = VECTOR('',#6287,1.);
#6287 = DIRECTION('',(1.,0.,0.));
#6288 = ORIENTED_EDGE('',*,*,#6289,.F.);
#6289 = EDGE_CURVE('',#6266,#6282,#6290,.T.);
#6290 = LINE('',#6291,#6292);
#6291 = CARTESIAN_POINT('',(-98.,129.,6.));
#6292 = VECTOR('',#6293,1.);
#6293 = DIRECTION('',(0.,0.,1.));
#6294 = PLANE('',#6295);
#6295 = AXIS2_PLACEMENT_3D('',#6296,#6297,#6298);
#6296 = CARTESIAN_POINT('',(-107.,129.,6.));
#6297 = DIRECTION('',(0.,1.,0.));
#6298 = DIRECTION('',(0.,0.,1.));
#6299 = ADVANCED_FACE('',(#6300),#6325,.T.);
#6300 = FACE_BOUND('',#6301,.T.);
#6301 = EDGE_LOOP('',(#6302,#6310,#6311,#6319));
#6302 = ORIENTED_EDGE('',*,*,#6303,.F.);
#6303 = EDGE_CURVE('',#6274,#6304,#6306,.T.);
#6304 = VERTEX_POINT('',#6305);
#6305 = CARTESIAN_POINT('',(-107.,133.,28.));
#6306 = LINE('',#6307,#6308);
#6307 = CARTESIAN_POINT('',(-107.,129.,28.));
#6308 = VECTOR('',#6309,1.);
#6309 = DIRECTION('',(0.,1.,0.));
#6310 = ORIENTED_EDGE('',*,*,#6281,.T.);
#6311 = ORIENTED_EDGE('',*,*,#6312,.T.);
#6312 = EDGE_CURVE('',#6282,#6313,#6315,.T.);
#6313 = VERTEX_POINT('',#6314);
#6314 = CARTESIAN_POINT('',(-98.,133.,28.));
#6315 = LINE('',#6316,#6317);
#6316 = CARTESIAN_POINT('',(-98.,129.,28.));
#6317 = VECTOR('',#6318,1.);
#6318 = DIRECTION('',(0.,1.,0.));
#6319 = ORIENTED_EDGE('',*,*,#6320,.F.);
#6320 = EDGE_CURVE('',#6304,#6313,#6321,.T.);
#6321 = LINE('',#6322,#6323);
#6322 = CARTESIAN_POINT('',(-107.,133.,28.));
#6323 = VECTOR('',#6324,1.);
#6324 = DIRECTION('',(1.,0.,0.));
#6325 = PLANE('',#6326);
#6326 = AXIS2_PLACEMENT_3D('',#6327,#6328,#6329);
#6327 = CARTESIAN_POINT('',(-107.,129.,28.));
#6328 = DIRECTION('',(0.,0.,1.));
#6329 = DIRECTION('',(1.,0.,0.));
#6330 = ADVANCED_FACE('',(#6331),#6388,.T.);
#6331 = FACE_BOUND('',#6332,.T.);
#6332 = EDGE_LOOP('',(#6333,#6343,#6349,#6350,#6358,#6366,#6374,#6382));
#6333 = ORIENTED_EDGE('',*,*,#6334,.F.);
#6334 = EDGE_CURVE('',#6335,#6337,#6339,.T.);
#6335 = VERTEX_POINT('',#6336);
#6336 = CARTESIAN_POINT('',(-107.,133.,12.));
#6337 = VERTEX_POINT('',#6338);
#6338 = CARTESIAN_POINT('',(-103.2810249675,133.,12.));
#6339 = LINE('',#6340,#6341);
#6340 = CARTESIAN_POINT('',(-107.,133.,12.));
#6341 = VECTOR('',#6342,1.);
#6342 = DIRECTION('',(1.,0.,0.));
#6343 = ORIENTED_EDGE('',*,*,#6344,.T.);
#6344 = EDGE_CURVE('',#6335,#6304,#6345,.T.);
#6345 = LINE('',#6346,#6347);
#6346 = CARTESIAN_POINT('',(-107.,133.,6.));
#6347 = VECTOR('',#6348,1.);
#6348 = DIRECTION('',(0.,0.,1.));
#6349 = ORIENTED_EDGE('',*,*,#6320,.T.);
#6350 = ORIENTED_EDGE('',*,*,#6351,.F.);
#6351 = EDGE_CURVE('',#6352,#6313,#6354,.T.);
#6352 = VERTEX_POINT('',#6353);
#6353 = CARTESIAN_POINT('',(-98.,133.,12.));
#6354 = LINE('',#6355,#6356);
#6355 = CARTESIAN_POINT('',(-98.,133.,6.));
#6356 = VECTOR('',#6357,1.);
#6357 = DIRECTION('',(0.,0.,1.));
#6358 = ORIENTED_EDGE('',*,*,#6359,.F.);
#6359 = EDGE_CURVE('',#6360,#6352,#6362,.T.);
#6360 = VERTEX_POINT('',#6361);
#6361 = CARTESIAN_POINT('',(-101.7189750324,133.,12.));
#6362 = LINE('',#6363,#6364);
#6363 = CARTESIAN_POINT('',(-107.,133.,12.));
#6364 = VECTOR('',#6365,1.);
#6365 = DIRECTION('',(1.,0.,0.));
#6366 = ORIENTED_EDGE('',*,*,#6367,.T.);
#6367 = EDGE_CURVE('',#6360,#6368,#6370,.T.);
#6368 = VERTEX_POINT('',#6369);
#6369 = CARTESIAN_POINT('',(-101.7189750324,133.,12.1));
#6370 = LINE('',#6371,#6372);
#6371 = CARTESIAN_POINT('',(-101.7189750324,133.,10.));
#6372 = VECTOR('',#6373,1.);
#6373 = DIRECTION('',(0.,0.,1.));
#6374 = ORIENTED_EDGE('',*,*,#6375,.F.);
#6375 = EDGE_CURVE('',#6376,#6368,#6378,.T.);
#6376 = VERTEX_POINT('',#6377);
#6377 = CARTESIAN_POINT('',(-103.2810249675,133.,12.1));
#6378 = LINE('',#6379,#6380);
#6379 = CARTESIAN_POINT('',(-104.75,133.,12.1));
#6380 = VECTOR('',#6381,1.);
#6381 = DIRECTION('',(1.,0.,0.));
#6382 = ORIENTED_EDGE('',*,*,#6383,.F.);
#6383 = EDGE_CURVE('',#6337,#6376,#6384,.T.);
#6384 = LINE('',#6385,#6386);
#6385 = CARTESIAN_POINT('',(-103.2810249675,133.,10.));
#6386 = VECTOR('',#6387,1.);
#6387 = DIRECTION('',(0.,0.,1.));
#6388 = PLANE('',#6389);
#6389 = AXIS2_PLACEMENT_3D('',#6390,#6391,#6392);
#6390 = CARTESIAN_POINT('',(-107.,133.,6.));
#6391 = DIRECTION('',(0.,1.,0.));
#6392 = DIRECTION('',(0.,0.,1.));
#6393 = ADVANCED_FACE('',(#6394),#6436,.T.);
#6394 = FACE_BOUND('',#6395,.T.);
#6395 = EDGE_LOOP('',(#6396,#6404,#6405,#6414,#6421,#6422,#6430));
#6396 = ORIENTED_EDGE('',*,*,#6397,.F.);
#6397 = EDGE_CURVE('',#6335,#6398,#6400,.T.);
#6398 = VERTEX_POINT('',#6399);
#6399 = CARTESIAN_POINT('',(-107.,141.,12.));
#6400 = LINE('',#6401,#6402);
#6401 = CARTESIAN_POINT('',(-107.,133.,12.));
#6402 = VECTOR('',#6403,1.);
#6403 = DIRECTION('',(0.,1.,0.));
#6404 = ORIENTED_EDGE('',*,*,#6334,.T.);
#6405 = ORIENTED_EDGE('',*,*,#6406,.F.);
#6406 = EDGE_CURVE('',#6407,#6337,#6409,.T.);
#6407 = VERTEX_POINT('',#6408);
#6408 = CARTESIAN_POINT('',(-99.4,136.,12.));
#6409 = CIRCLE('',#6410,3.1);
#6410 = AXIS2_PLACEMENT_3D('',#6411,#6412,#6413);
#6411 = CARTESIAN_POINT('',(-102.5,136.,12.));
#6412 = DIRECTION('',(0.,0.,1.));
#6413 = DIRECTION('',(1.,0.,0.));
#6414 = ORIENTED_EDGE('',*,*,#6415,.F.);
#6415 = EDGE_CURVE('',#6360,#6407,#6416,.T.);
#6416 = CIRCLE('',#6417,3.1);
#6417 = AXIS2_PLACEMENT_3D('',#6418,#6419,#6420);
#6418 = CARTESIAN_POINT('',(-102.5,136.,12.));
#6419 = DIRECTION('',(0.,0.,1.));
#6420 = DIRECTION('',(1.,0.,0.));
#6421 = ORIENTED_EDGE('',*,*,#6359,.T.);
#6422 = ORIENTED_EDGE('',*,*,#6423,.T.);
#6423 = EDGE_CURVE('',#6352,#6424,#6426,.T.);
#6424 = VERTEX_POINT('',#6425);
#6425 = CARTESIAN_POINT('',(-98.,141.,12.));
#6426 = LINE('',#6427,#6428);
#6427 = CARTESIAN_POINT('',(-98.,133.,12.));
#6428 = VECTOR('',#6429,1.);
#6429 = DIRECTION('',(0.,1.,0.));
#6430 = ORIENTED_EDGE('',*,*,#6431,.F.);
#6431 = EDGE_CURVE('',#6398,#6424,#6432,.T.);
#6432 = LINE('',#6433,#6434);
#6433 = CARTESIAN_POINT('',(-107.,141.,12.));
#6434 = VECTOR('',#6435,1.);
#6435 = DIRECTION('',(1.,0.,0.));
#6436 = PLANE('',#6437);
#6437 = AXIS2_PLACEMENT_3D('',#6438,#6439,#6440);
#6438 = CARTESIAN_POINT('',(-107.,133.,12.));
#6439 = DIRECTION('',(0.,0.,1.));
#6440 = DIRECTION('',(1.,0.,0.));
#6441 = ADVANCED_FACE('',(#6442),#6467,.T.);
#6442 = FACE_BOUND('',#6443,.T.);
#6443 = EDGE_LOOP('',(#6444,#6454,#6460,#6461));
#6444 = ORIENTED_EDGE('',*,*,#6445,.F.);
#6445 = EDGE_CURVE('',#6446,#6448,#6450,.T.);
#6446 = VERTEX_POINT('',#6447);
#6447 = CARTESIAN_POINT('',(-107.,141.,6.));
#6448 = VERTEX_POINT('',#6449);
#6449 = CARTESIAN_POINT('',(-98.,141.,6.));
#6450 = LINE('',#6451,#6452);
#6451 = CARTESIAN_POINT('',(-107.,141.,6.));
#6452 = VECTOR('',#6453,1.);
#6453 = DIRECTION('',(1.,0.,0.));
#6454 = ORIENTED_EDGE('',*,*,#6455,.T.);
#6455 = EDGE_CURVE('',#6446,#6398,#6456,.T.);
#6456 = LINE('',#6457,#6458);
#6457 = CARTESIAN_POINT('',(-107.,141.,6.));
#6458 = VECTOR('',#6459,1.);
#6459 = DIRECTION('',(0.,0.,1.));
#6460 = ORIENTED_EDGE('',*,*,#6431,.T.);
#6461 = ORIENTED_EDGE('',*,*,#6462,.F.);
#6462 = EDGE_CURVE('',#6448,#6424,#6463,.T.);
#6463 = LINE('',#6464,#6465);
#6464 = CARTESIAN_POINT('',(-98.,141.,6.));
#6465 = VECTOR('',#6466,1.);
#6466 = DIRECTION('',(0.,0.,1.));
#6467 = PLANE('',#6468);
#6468 = AXIS2_PLACEMENT_3D('',#6469,#6470,#6471);
#6469 = CARTESIAN_POINT('',(-107.,141.,6.));
#6470 = DIRECTION('',(0.,1.,0.));
#6471 = DIRECTION('',(0.,0.,1.));
#6472 = ADVANCED_FACE('',(#6473),#6502,.F.);
#6473 = FACE_BOUND('',#6474,.F.);
#6474 = EDGE_LOOP('',(#6475,#6482,#6483,#6484,#6492,#6499,#6500,#6501));
#6475 = ORIENTED_EDGE('',*,*,#6476,.F.);
#6476 = EDGE_CURVE('',#6376,#6368,#6477,.T.);
#6477 = CIRCLE('',#6478,3.1);
#6478 = AXIS2_PLACEMENT_3D('',#6479,#6480,#6481);
#6479 = CARTESIAN_POINT('',(-102.5,136.,12.1));
#6480 = DIRECTION('',(0.,0.,1.));
#6481 = DIRECTION('',(1.,0.,0.));
#6482 = ORIENTED_EDGE('',*,*,#6383,.F.);
#6483 = ORIENTED_EDGE('',*,*,#6406,.F.);
#6484 = ORIENTED_EDGE('',*,*,#6485,.F.);
#6485 = EDGE_CURVE('',#6486,#6407,#6488,.T.);
#6486 = VERTEX_POINT('',#6487);
#6487 = CARTESIAN_POINT('',(-99.4,136.,10.));
#6488 = LINE('',#6489,#6490);
#6489 = CARTESIAN_POINT('',(-99.4,136.,10.));
#6490 = VECTOR('',#6491,1.);
#6491 = DIRECTION('',(0.,0.,1.));
#6492 = ORIENTED_EDGE('',*,*,#6493,.T.);
#6493 = EDGE_CURVE('',#6486,#6486,#6494,.T.);
#6494 = CIRCLE('',#6495,3.1);
#6495 = AXIS2_PLACEMENT_3D('',#6496,#6497,#6498);
#6496 = CARTESIAN_POINT('',(-102.5,136.,10.));
#6497 = DIRECTION('',(0.,0.,1.));
#6498 = DIRECTION('',(1.,0.,0.));
#6499 = ORIENTED_EDGE('',*,*,#6485,.T.);
#6500 = ORIENTED_EDGE('',*,*,#6415,.F.);
#6501 = ORIENTED_EDGE('',*,*,#6367,.T.);
#6502 = CYLINDRICAL_SURFACE('',#6503,3.1);
#6503 = AXIS2_PLACEMENT_3D('',#6504,#6505,#6506);
#6504 = CARTESIAN_POINT('',(-102.5,136.,10.));
#6505 = DIRECTION('',(0.,0.,1.));
#6506 = DIRECTION('',(1.,0.,0.));
#6507 = ADVANCED_FACE('',(#6508),#6512,.F.);
#6508 = FACE_BOUND('',#6509,.F.);
#6509 = EDGE_LOOP('',(#6510,#6511));
#6510 = ORIENTED_EDGE('',*,*,#6375,.F.);
#6511 = ORIENTED_EDGE('',*,*,#6476,.T.);
#6512 = PLANE('',#6513);
#6513 = AXIS2_PLACEMENT_3D('',#6514,#6515,#6516);
#6514 = CARTESIAN_POINT('',(-102.5,136.,12.1));
#6515 = DIRECTION('',(0.,0.,1.));
#6516 = DIRECTION('',(1.,0.,0.));
#6517 = ADVANCED_FACE('',(#6518,#6521),#6532,.T.);
#6518 = FACE_BOUND('',#6519,.T.);
#6519 = EDGE_LOOP('',(#6520));
#6520 = ORIENTED_EDGE('',*,*,#6493,.T.);
#6521 = FACE_BOUND('',#6522,.T.);
#6522 = EDGE_LOOP('',(#6523));
#6523 = ORIENTED_EDGE('',*,*,#6524,.F.);
#6524 = EDGE_CURVE('',#6525,#6525,#6527,.T.);
#6525 = VERTEX_POINT('',#6526);
#6526 = CARTESIAN_POINT('',(-100.85,136.,10.));
#6527 = CIRCLE('',#6528,1.65);
#6528 = AXIS2_PLACEMENT_3D('',#6529,#6530,#6531);
#6529 = CARTESIAN_POINT('',(-102.5,136.,10.));
#6530 = DIRECTION('',(0.,0.,1.));
#6531 = DIRECTION('',(1.,0.,0.));
#6532 = PLANE('',#6533);
#6533 = AXIS2_PLACEMENT_3D('',#6534,#6535,#6536);
#6534 = CARTESIAN_POINT('',(-102.5,136.,10.));
#6535 = DIRECTION('',(0.,0.,1.));
#6536 = DIRECTION('',(1.,0.,0.));
#6537 = ADVANCED_FACE('',(#6538),#6557,.F.);
#6538 = FACE_BOUND('',#6539,.F.);
#6539 = EDGE_LOOP('',(#6540,#6541,#6549,#6556));
#6540 = ORIENTED_EDGE('',*,*,#6524,.F.);
#6541 = ORIENTED_EDGE('',*,*,#6542,.F.);
#6542 = EDGE_CURVE('',#6543,#6525,#6545,.T.);
#6543 = VERTEX_POINT('',#6544);
#6544 = CARTESIAN_POINT('',(-100.85,136.,6.));
#6545 = LINE('',#6546,#6547);
#6546 = CARTESIAN_POINT('',(-100.85,136.,5.9));
#6547 = VECTOR('',#6548,1.);
#6548 = DIRECTION('',(0.,0.,1.));
#6549 = ORIENTED_EDGE('',*,*,#6550,.T.);
#6550 = EDGE_CURVE('',#6543,#6543,#6551,.T.);
#6551 = CIRCLE('',#6552,1.65);
#6552 = AXIS2_PLACEMENT_3D('',#6553,#6554,#6555);
#6553 = CARTESIAN_POINT('',(-102.5,136.,6.));
#6554 = DIRECTION('',(0.,0.,1.));
#6555 = DIRECTION('',(1.,0.,0.));
#6556 = ORIENTED_EDGE('',*,*,#6542,.T.);
#6557 = CYLINDRICAL_SURFACE('',#6558,1.65);
#6558 = AXIS2_PLACEMENT_3D('',#6559,#6560,#6561);
#6559 = CARTESIAN_POINT('',(-102.5,136.,5.9));
#6560 = DIRECTION('',(0.,0.,1.));
#6561 = DIRECTION('',(1.,0.,0.));
#6562 = ADVANCED_FACE('',(#6563),#6576,.T.);
#6563 = FACE_BOUND('',#6564,.T.);
#6564 = EDGE_LOOP('',(#6565,#6566,#6567,#6568,#6569,#6570));
#6565 = ORIENTED_EDGE('',*,*,#6273,.T.);
#6566 = ORIENTED_EDGE('',*,*,#6303,.T.);
#6567 = ORIENTED_EDGE('',*,*,#6344,.F.);
#6568 = ORIENTED_EDGE('',*,*,#6397,.T.);
#6569 = ORIENTED_EDGE('',*,*,#6455,.F.);
#6570 = ORIENTED_EDGE('',*,*,#6571,.F.);
#6571 = EDGE_CURVE('',#6264,#6446,#6572,.T.);
#6572 = LINE('',#6573,#6574);
#6573 = CARTESIAN_POINT('',(-107.,133.,6.));
#6574 = VECTOR('',#6575,1.);
#6575 = DIRECTION('',(0.,1.,0.));
#6576 = PLANE('',#6577);
#6577 = AXIS2_PLACEMENT_3D('',#6578,#6579,#6580);
#6578 = CARTESIAN_POINT('',(-107.,133.11764705882,15.117647058824));
#6579 = DIRECTION('',(-1.,-0.,-0.));
#6580 = DIRECTION('',(0.,0.,-1.));
#6581 = ADVANCED_FACE('',(#6582,#6593),#6596,.T.);
#6582 = FACE_BOUND('',#6583,.T.);
#6583 = EDGE_LOOP('',(#6584,#6585,#6586,#6592));
#6584 = ORIENTED_EDGE('',*,*,#6571,.T.);
#6585 = ORIENTED_EDGE('',*,*,#6445,.T.);
#6586 = ORIENTED_EDGE('',*,*,#6587,.F.);
#6587 = EDGE_CURVE('',#6266,#6448,#6588,.T.);
#6588 = LINE('',#6589,#6590);
#6589 = CARTESIAN_POINT('',(-98.,133.,6.));
#6590 = VECTOR('',#6591,1.);
#6591 = DIRECTION('',(0.,1.,0.));
#6592 = ORIENTED_EDGE('',*,*,#6263,.F.);
#6593 = FACE_BOUND('',#6594,.T.);
#6594 = EDGE_LOOP('',(#6595));
#6595 = ORIENTED_EDGE('',*,*,#6550,.T.);
#6596 = PLANE('',#6597);
#6597 = AXIS2_PLACEMENT_3D('',#6598,#6599,#6600);
#6598 = CARTESIAN_POINT('',(-102.5,135.,6.));
#6599 = DIRECTION('',(-0.,-0.,-1.));
#6600 = DIRECTION('',(-1.,0.,0.));
#6601 = ADVANCED_FACE('',(#6602),#6610,.T.);
#6602 = FACE_BOUND('',#6603,.T.);
#6603 = EDGE_LOOP('',(#6604,#6605,#6606,#6607,#6608,#6609));
#6604 = ORIENTED_EDGE('',*,*,#6289,.F.);
#6605 = ORIENTED_EDGE('',*,*,#6587,.T.);
#6606 = ORIENTED_EDGE('',*,*,#6462,.T.);
#6607 = ORIENTED_EDGE('',*,*,#6423,.F.);
#6608 = ORIENTED_EDGE('',*,*,#6351,.T.);
#6609 = ORIENTED_EDGE('',*,*,#6312,.F.);
#6610 = PLANE('',#6611);
#6611 = AXIS2_PLACEMENT_3D('',#6612,#6613,#6614);
#6612 = CARTESIAN_POINT('',(-98.,133.11764705882,15.117647058824));
#6613 = DIRECTION('',(1.,0.,0.));
#6614 = DIRECTION('',(0.,0.,1.));
#6615 = MANIFOLD_SOLID_BREP('',#6616);
#6616 = CLOSED_SHELL('',(#6617,#6657,#6688,#6751,#6799,#6830,#6865,#6875
    ,#6895,#6920,#6939,#6959));
#6617 = ADVANCED_FACE('',(#6618),#6652,.F.);
#6618 = FACE_BOUND('',#6619,.F.);
#6619 = EDGE_LOOP('',(#6620,#6630,#6638,#6646));
#6620 = ORIENTED_EDGE('',*,*,#6621,.F.);
#6621 = EDGE_CURVE('',#6622,#6624,#6626,.T.);
#6622 = VERTEX_POINT('',#6623);
#6623 = CARTESIAN_POINT('',(98.,129.,6.));
#6624 = VERTEX_POINT('',#6625);
#6625 = CARTESIAN_POINT('',(107.,129.,6.));
#6626 = LINE('',#6627,#6628);
#6627 = CARTESIAN_POINT('',(98.,129.,6.));
#6628 = VECTOR('',#6629,1.);
#6629 = DIRECTION('',(1.,0.,0.));
#6630 = ORIENTED_EDGE('',*,*,#6631,.T.);
#6631 = EDGE_CURVE('',#6622,#6632,#6634,.T.);
#6632 = VERTEX_POINT('',#6633);
#6633 = CARTESIAN_POINT('',(98.,129.,28.));
#6634 = LINE('',#6635,#6636);
#6635 = CARTESIAN_POINT('',(98.,129.,6.));
#6636 = VECTOR('',#6637,1.);
#6637 = DIRECTION('',(0.,0.,1.));
#6638 = ORIENTED_EDGE('',*,*,#6639,.T.);
#6639 = EDGE_CURVE('',#6632,#6640,#6642,.T.);
#6640 = VERTEX_POINT('',#6641);
#6641 = CARTESIAN_POINT('',(107.,129.,28.));
#6642 = LINE('',#6643,#6644);
#6643 = CARTESIAN_POINT('',(98.,129.,28.));
#6644 = VECTOR('',#6645,1.);
#6645 = DIRECTION('',(1.,0.,0.));
#6646 = ORIENTED_EDGE('',*,*,#6647,.F.);
#6647 = EDGE_CURVE('',#6624,#6640,#6648,.T.);
#6648 = LINE('',#6649,#6650);
#6649 = CARTESIAN_POINT('',(107.,129.,6.));
#6650 = VECTOR('',#6651,1.);
#6651 = DIRECTION('',(0.,0.,1.));
#6652 = PLANE('',#6653);
#6653 = AXIS2_PLACEMENT_3D('',#6654,#6655,#6656);
#6654 = CARTESIAN_POINT('',(98.,129.,6.));
#6655 = DIRECTION('',(0.,1.,0.));
#6656 = DIRECTION('',(0.,0.,1.));
#6657 = ADVANCED_FACE('',(#6658),#6683,.T.);
#6658 = FACE_BOUND('',#6659,.T.);
#6659 = EDGE_LOOP('',(#6660,#6668,#6669,#6677));
#6660 = ORIENTED_EDGE('',*,*,#6661,.F.);
#6661 = EDGE_CURVE('',#6632,#6662,#6664,.T.);
#6662 = VERTEX_POINT('',#6663);
#6663 = CARTESIAN_POINT('',(98.,133.,28.));
#6664 = LINE('',#6665,#6666);
#6665 = CARTESIAN_POINT('',(98.,129.,28.));
#6666 = VECTOR('',#6667,1.);
#6667 = DIRECTION('',(0.,1.,0.));
#6668 = ORIENTED_EDGE('',*,*,#6639,.T.);
#6669 = ORIENTED_EDGE('',*,*,#6670,.T.);
#6670 = EDGE_CURVE('',#6640,#6671,#6673,.T.);
#6671 = VERTEX_POINT('',#6672);
#6672 = CARTESIAN_POINT('',(107.,133.,28.));
#6673 = LINE('',#6674,#6675);
#6674 = CARTESIAN_POINT('',(107.,129.,28.));
#6675 = VECTOR('',#6676,1.);
#6676 = DIRECTION('',(0.,1.,0.));
#6677 = ORIENTED_EDGE('',*,*,#6678,.F.);
#6678 = EDGE_CURVE('',#6662,#6671,#6679,.T.);
#6679 = LINE('',#6680,#6681);
#6680 = CARTESIAN_POINT('',(98.,133.,28.));
#6681 = VECTOR('',#6682,1.);
#6682 = DIRECTION('',(1.,0.,0.));
#6683 = PLANE('',#6684);
#6684 = AXIS2_PLACEMENT_3D('',#6685,#6686,#6687);
#6685 = CARTESIAN_POINT('',(98.,129.,28.));
#6686 = DIRECTION('',(0.,0.,1.));
#6687 = DIRECTION('',(1.,0.,0.));
#6688 = ADVANCED_FACE('',(#6689),#6746,.T.);
#6689 = FACE_BOUND('',#6690,.T.);
#6690 = EDGE_LOOP('',(#6691,#6701,#6707,#6708,#6716,#6724,#6732,#6740));
#6691 = ORIENTED_EDGE('',*,*,#6692,.F.);
#6692 = EDGE_CURVE('',#6693,#6695,#6697,.T.);
#6693 = VERTEX_POINT('',#6694);
#6694 = CARTESIAN_POINT('',(98.,133.,12.));
#6695 = VERTEX_POINT('',#6696);
#6696 = CARTESIAN_POINT('',(101.7189750324,133.,12.));
#6697 = LINE('',#6698,#6699);
#6698 = CARTESIAN_POINT('',(98.,133.,12.));
#6699 = VECTOR('',#6700,1.);
#6700 = DIRECTION('',(1.,0.,0.));
#6701 = ORIENTED_EDGE('',*,*,#6702,.T.);
#6702 = EDGE_CURVE('',#6693,#6662,#6703,.T.);
#6703 = LINE('',#6704,#6705);
#6704 = CARTESIAN_POINT('',(98.,133.,6.));
#6705 = VECTOR('',#6706,1.);
#6706 = DIRECTION('',(0.,0.,1.));
#6707 = ORIENTED_EDGE('',*,*,#6678,.T.);
#6708 = ORIENTED_EDGE('',*,*,#6709,.F.);
#6709 = EDGE_CURVE('',#6710,#6671,#6712,.T.);
#6710 = VERTEX_POINT('',#6711);
#6711 = CARTESIAN_POINT('',(107.,133.,12.));
#6712 = LINE('',#6713,#6714);
#6713 = CARTESIAN_POINT('',(107.,133.,6.));
#6714 = VECTOR('',#6715,1.);
#6715 = DIRECTION('',(0.,0.,1.));
#6716 = ORIENTED_EDGE('',*,*,#6717,.F.);
#6717 = EDGE_CURVE('',#6718,#6710,#6720,.T.);
#6718 = VERTEX_POINT('',#6719);
#6719 = CARTESIAN_POINT('',(103.28102496759,133.,12.));
#6720 = LINE('',#6721,#6722);
#6721 = CARTESIAN_POINT('',(98.,133.,12.));
#6722 = VECTOR('',#6723,1.);
#6723 = DIRECTION('',(1.,0.,0.));
#6724 = ORIENTED_EDGE('',*,*,#6725,.T.);
#6725 = EDGE_CURVE('',#6718,#6726,#6728,.T.);
#6726 = VERTEX_POINT('',#6727);
#6727 = CARTESIAN_POINT('',(103.28102496759,133.,12.1));
#6728 = LINE('',#6729,#6730);
#6729 = CARTESIAN_POINT('',(103.28102496759,133.,10.));
#6730 = VECTOR('',#6731,1.);
#6731 = DIRECTION('',(0.,0.,1.));
#6732 = ORIENTED_EDGE('',*,*,#6733,.F.);
#6733 = EDGE_CURVE('',#6734,#6726,#6736,.T.);
#6734 = VERTEX_POINT('',#6735);
#6735 = CARTESIAN_POINT('',(101.7189750324,133.,12.1));
#6736 = LINE('',#6737,#6738);
#6737 = CARTESIAN_POINT('',(100.25,133.,12.1));
#6738 = VECTOR('',#6739,1.);
#6739 = DIRECTION('',(1.,0.,0.));
#6740 = ORIENTED_EDGE('',*,*,#6741,.F.);
#6741 = EDGE_CURVE('',#6695,#6734,#6742,.T.);
#6742 = LINE('',#6743,#6744);
#6743 = CARTESIAN_POINT('',(101.7189750324,133.,10.));
#6744 = VECTOR('',#6745,1.);
#6745 = DIRECTION('',(0.,0.,1.));
#6746 = PLANE('',#6747);
#6747 = AXIS2_PLACEMENT_3D('',#6748,#6749,#6750);
#6748 = CARTESIAN_POINT('',(98.,133.,6.));
#6749 = DIRECTION('',(0.,1.,0.));
#6750 = DIRECTION('',(0.,0.,1.));
#6751 = ADVANCED_FACE('',(#6752),#6794,.T.);
#6752 = FACE_BOUND('',#6753,.T.);
#6753 = EDGE_LOOP('',(#6754,#6762,#6763,#6772,#6779,#6780,#6788));
#6754 = ORIENTED_EDGE('',*,*,#6755,.F.);
#6755 = EDGE_CURVE('',#6693,#6756,#6758,.T.);
#6756 = VERTEX_POINT('',#6757);
#6757 = CARTESIAN_POINT('',(98.,141.,12.));
#6758 = LINE('',#6759,#6760);
#6759 = CARTESIAN_POINT('',(98.,133.,12.));
#6760 = VECTOR('',#6761,1.);
#6761 = DIRECTION('',(0.,1.,0.));
#6762 = ORIENTED_EDGE('',*,*,#6692,.T.);
#6763 = ORIENTED_EDGE('',*,*,#6764,.F.);
#6764 = EDGE_CURVE('',#6765,#6695,#6767,.T.);
#6765 = VERTEX_POINT('',#6766);
#6766 = CARTESIAN_POINT('',(105.6,136.,12.));
#6767 = CIRCLE('',#6768,3.1);
#6768 = AXIS2_PLACEMENT_3D('',#6769,#6770,#6771);
#6769 = CARTESIAN_POINT('',(102.5,136.,12.));
#6770 = DIRECTION('',(0.,0.,1.));
#6771 = DIRECTION('',(1.,0.,0.));
#6772 = ORIENTED_EDGE('',*,*,#6773,.F.);
#6773 = EDGE_CURVE('',#6718,#6765,#6774,.T.);
#6774 = CIRCLE('',#6775,3.1);
#6775 = AXIS2_PLACEMENT_3D('',#6776,#6777,#6778);
#6776 = CARTESIAN_POINT('',(102.5,136.,12.));
#6777 = DIRECTION('',(0.,0.,1.));
#6778 = DIRECTION('',(1.,0.,0.));
#6779 = ORIENTED_EDGE('',*,*,#6717,.T.);
#6780 = ORIENTED_EDGE('',*,*,#6781,.T.);
#6781 = EDGE_CURVE('',#6710,#6782,#6784,.T.);
#6782 = VERTEX_POINT('',#6783);
#6783 = CARTESIAN_POINT('',(107.,141.,12.));
#6784 = LINE('',#6785,#6786);
#6785 = CARTESIAN_POINT('',(107.,133.,12.));
#6786 = VECTOR('',#6787,1.);
#6787 = DIRECTION('',(0.,1.,0.));
#6788 = ORIENTED_EDGE('',*,*,#6789,.F.);
#6789 = EDGE_CURVE('',#6756,#6782,#6790,.T.);
#6790 = LINE('',#6791,#6792);
#6791 = CARTESIAN_POINT('',(98.,141.,12.));
#6792 = VECTOR('',#6793,1.);
#6793 = DIRECTION('',(1.,0.,0.));
#6794 = PLANE('',#6795);
#6795 = AXIS2_PLACEMENT_3D('',#6796,#6797,#6798);
#6796 = CARTESIAN_POINT('',(98.,133.,12.));
#6797 = DIRECTION('',(0.,0.,1.));
#6798 = DIRECTION('',(1.,0.,0.));
#6799 = ADVANCED_FACE('',(#6800),#6825,.T.);
#6800 = FACE_BOUND('',#6801,.T.);
#6801 = EDGE_LOOP('',(#6802,#6812,#6818,#6819));
#6802 = ORIENTED_EDGE('',*,*,#6803,.F.);
#6803 = EDGE_CURVE('',#6804,#6806,#6808,.T.);
#6804 = VERTEX_POINT('',#6805);
#6805 = CARTESIAN_POINT('',(98.,141.,6.));
#6806 = VERTEX_POINT('',#6807);
#6807 = CARTESIAN_POINT('',(107.,141.,6.));
#6808 = LINE('',#6809,#6810);
#6809 = CARTESIAN_POINT('',(98.,141.,6.));
#6810 = VECTOR('',#6811,1.);
#6811 = DIRECTION('',(1.,0.,0.));
#6812 = ORIENTED_EDGE('',*,*,#6813,.T.);
#6813 = EDGE_CURVE('',#6804,#6756,#6814,.T.);
#6814 = LINE('',#6815,#6816);
#6815 = CARTESIAN_POINT('',(98.,141.,6.));
#6816 = VECTOR('',#6817,1.);
#6817 = DIRECTION('',(0.,0.,1.));
#6818 = ORIENTED_EDGE('',*,*,#6789,.T.);
#6819 = ORIENTED_EDGE('',*,*,#6820,.F.);
#6820 = EDGE_CURVE('',#6806,#6782,#6821,.T.);
#6821 = LINE('',#6822,#6823);
#6822 = CARTESIAN_POINT('',(107.,141.,6.));
#6823 = VECTOR('',#6824,1.);
#6824 = DIRECTION('',(0.,0.,1.));
#6825 = PLANE('',#6826);
#6826 = AXIS2_PLACEMENT_3D('',#6827,#6828,#6829);
#6827 = CARTESIAN_POINT('',(98.,141.,6.));
#6828 = DIRECTION('',(0.,1.,0.));
#6829 = DIRECTION('',(0.,0.,1.));
#6830 = ADVANCED_FACE('',(#6831),#6860,.F.);
#6831 = FACE_BOUND('',#6832,.F.);
#6832 = EDGE_LOOP('',(#6833,#6840,#6841,#6842,#6850,#6857,#6858,#6859));
#6833 = ORIENTED_EDGE('',*,*,#6834,.F.);
#6834 = EDGE_CURVE('',#6734,#6726,#6835,.T.);
#6835 = CIRCLE('',#6836,3.1);
#6836 = AXIS2_PLACEMENT_3D('',#6837,#6838,#6839);
#6837 = CARTESIAN_POINT('',(102.5,136.,12.1));
#6838 = DIRECTION('',(0.,0.,1.));
#6839 = DIRECTION('',(1.,0.,0.));
#6840 = ORIENTED_EDGE('',*,*,#6741,.F.);
#6841 = ORIENTED_EDGE('',*,*,#6764,.F.);
#6842 = ORIENTED_EDGE('',*,*,#6843,.F.);
#6843 = EDGE_CURVE('',#6844,#6765,#6846,.T.);
#6844 = VERTEX_POINT('',#6845);
#6845 = CARTESIAN_POINT('',(105.6,136.,10.));
#6846 = LINE('',#6847,#6848);
#6847 = CARTESIAN_POINT('',(105.6,136.,10.));
#6848 = VECTOR('',#6849,1.);
#6849 = DIRECTION('',(0.,0.,1.));
#6850 = ORIENTED_EDGE('',*,*,#6851,.T.);
#6851 = EDGE_CURVE('',#6844,#6844,#6852,.T.);
#6852 = CIRCLE('',#6853,3.1);
#6853 = AXIS2_PLACEMENT_3D('',#6854,#6855,#6856);
#6854 = CARTESIAN_POINT('',(102.5,136.,10.));
#6855 = DIRECTION('',(0.,0.,1.));
#6856 = DIRECTION('',(1.,0.,0.));
#6857 = ORIENTED_EDGE('',*,*,#6843,.T.);
#6858 = ORIENTED_EDGE('',*,*,#6773,.F.);
#6859 = ORIENTED_EDGE('',*,*,#6725,.T.);
#6860 = CYLINDRICAL_SURFACE('',#6861,3.1);
#6861 = AXIS2_PLACEMENT_3D('',#6862,#6863,#6864);
#6862 = CARTESIAN_POINT('',(102.5,136.,10.));
#6863 = DIRECTION('',(0.,0.,1.));
#6864 = DIRECTION('',(1.,0.,0.));
#6865 = ADVANCED_FACE('',(#6866),#6870,.F.);
#6866 = FACE_BOUND('',#6867,.F.);
#6867 = EDGE_LOOP('',(#6868,#6869));
#6868 = ORIENTED_EDGE('',*,*,#6733,.F.);
#6869 = ORIENTED_EDGE('',*,*,#6834,.T.);
#6870 = PLANE('',#6871);
#6871 = AXIS2_PLACEMENT_3D('',#6872,#6873,#6874);
#6872 = CARTESIAN_POINT('',(102.5,136.,12.1));
#6873 = DIRECTION('',(0.,0.,1.));
#6874 = DIRECTION('',(1.,0.,0.));
#6875 = ADVANCED_FACE('',(#6876,#6879),#6890,.T.);
#6876 = FACE_BOUND('',#6877,.T.);
#6877 = EDGE_LOOP('',(#6878));
#6878 = ORIENTED_EDGE('',*,*,#6851,.T.);
#6879 = FACE_BOUND('',#6880,.T.);
#6880 = EDGE_LOOP('',(#6881));
#6881 = ORIENTED_EDGE('',*,*,#6882,.F.);
#6882 = EDGE_CURVE('',#6883,#6883,#6885,.T.);
#6883 = VERTEX_POINT('',#6884);
#6884 = CARTESIAN_POINT('',(104.15,136.,10.));
#6885 = CIRCLE('',#6886,1.65);
#6886 = AXIS2_PLACEMENT_3D('',#6887,#6888,#6889);
#6887 = CARTESIAN_POINT('',(102.5,136.,10.));
#6888 = DIRECTION('',(0.,0.,1.));
#6889 = DIRECTION('',(1.,0.,0.));
#6890 = PLANE('',#6891);
#6891 = AXIS2_PLACEMENT_3D('',#6892,#6893,#6894);
#6892 = CARTESIAN_POINT('',(102.5,136.,10.));
#6893 = DIRECTION('',(0.,0.,1.));
#6894 = DIRECTION('',(1.,0.,0.));
#6895 = ADVANCED_FACE('',(#6896),#6915,.F.);
#6896 = FACE_BOUND('',#6897,.F.);
#6897 = EDGE_LOOP('',(#6898,#6899,#6907,#6914));
#6898 = ORIENTED_EDGE('',*,*,#6882,.F.);
#6899 = ORIENTED_EDGE('',*,*,#6900,.F.);
#6900 = EDGE_CURVE('',#6901,#6883,#6903,.T.);
#6901 = VERTEX_POINT('',#6902);
#6902 = CARTESIAN_POINT('',(104.15,136.,6.));
#6903 = LINE('',#6904,#6905);
#6904 = CARTESIAN_POINT('',(104.15,136.,5.9));
#6905 = VECTOR('',#6906,1.);
#6906 = DIRECTION('',(0.,0.,1.));
#6907 = ORIENTED_EDGE('',*,*,#6908,.T.);
#6908 = EDGE_CURVE('',#6901,#6901,#6909,.T.);
#6909 = CIRCLE('',#6910,1.65);
#6910 = AXIS2_PLACEMENT_3D('',#6911,#6912,#6913);
#6911 = CARTESIAN_POINT('',(102.5,136.,6.));
#6912 = DIRECTION('',(0.,0.,1.));
#6913 = DIRECTION('',(1.,0.,0.));
#6914 = ORIENTED_EDGE('',*,*,#6900,.T.);
#6915 = CYLINDRICAL_SURFACE('',#6916,1.65);
#6916 = AXIS2_PLACEMENT_3D('',#6917,#6918,#6919);
#6917 = CARTESIAN_POINT('',(102.5,136.,5.9));
#6918 = DIRECTION('',(0.,0.,1.));
#6919 = DIRECTION('',(1.,0.,0.));
#6920 = ADVANCED_FACE('',(#6921),#6934,.T.);
#6921 = FACE_BOUND('',#6922,.T.);
#6922 = EDGE_LOOP('',(#6923,#6924,#6925,#6926,#6927,#6928));
#6923 = ORIENTED_EDGE('',*,*,#6631,.T.);
#6924 = ORIENTED_EDGE('',*,*,#6661,.T.);
#6925 = ORIENTED_EDGE('',*,*,#6702,.F.);
#6926 = ORIENTED_EDGE('',*,*,#6755,.T.);
#6927 = ORIENTED_EDGE('',*,*,#6813,.F.);
#6928 = ORIENTED_EDGE('',*,*,#6929,.F.);
#6929 = EDGE_CURVE('',#6622,#6804,#6930,.T.);
#6930 = LINE('',#6931,#6932);
#6931 = CARTESIAN_POINT('',(98.,133.,6.));
#6932 = VECTOR('',#6933,1.);
#6933 = DIRECTION('',(0.,1.,0.));
#6934 = PLANE('',#6935);
#6935 = AXIS2_PLACEMENT_3D('',#6936,#6937,#6938);
#6936 = CARTESIAN_POINT('',(98.,133.11764705882,15.117647058824));
#6937 = DIRECTION('',(-1.,-0.,-0.));
#6938 = DIRECTION('',(0.,0.,-1.));
#6939 = ADVANCED_FACE('',(#6940,#6951),#6954,.T.);
#6940 = FACE_BOUND('',#6941,.T.);
#6941 = EDGE_LOOP('',(#6942,#6943,#6944,#6950));
#6942 = ORIENTED_EDGE('',*,*,#6929,.T.);
#6943 = ORIENTED_EDGE('',*,*,#6803,.T.);
#6944 = ORIENTED_EDGE('',*,*,#6945,.F.);
#6945 = EDGE_CURVE('',#6624,#6806,#6946,.T.);
#6946 = LINE('',#6947,#6948);
#6947 = CARTESIAN_POINT('',(107.,133.,6.));
#6948 = VECTOR('',#6949,1.);
#6949 = DIRECTION('',(0.,1.,0.));
#6950 = ORIENTED_EDGE('',*,*,#6621,.F.);
#6951 = FACE_BOUND('',#6952,.T.);
#6952 = EDGE_LOOP('',(#6953));
#6953 = ORIENTED_EDGE('',*,*,#6908,.T.);
#6954 = PLANE('',#6955);
#6955 = AXIS2_PLACEMENT_3D('',#6956,#6957,#6958);
#6956 = CARTESIAN_POINT('',(102.5,135.,6.));
#6957 = DIRECTION('',(-0.,-0.,-1.));
#6958 = DIRECTION('',(-1.,0.,0.));
#6959 = ADVANCED_FACE('',(#6960),#6968,.T.);
#6960 = FACE_BOUND('',#6961,.T.);
#6961 = EDGE_LOOP('',(#6962,#6963,#6964,#6965,#6966,#6967));
#6962 = ORIENTED_EDGE('',*,*,#6647,.F.);
#6963 = ORIENTED_EDGE('',*,*,#6945,.T.);
#6964 = ORIENTED_EDGE('',*,*,#6820,.T.);
#6965 = ORIENTED_EDGE('',*,*,#6781,.F.);
#6966 = ORIENTED_EDGE('',*,*,#6709,.T.);
#6967 = ORIENTED_EDGE('',*,*,#6670,.F.);
#6968 = PLANE('',#6969);
#6969 = AXIS2_PLACEMENT_3D('',#6970,#6971,#6972);
#6970 = CARTESIAN_POINT('',(107.,133.11764705882,15.117647058824));
#6971 = DIRECTION('',(1.,0.,0.));
#6972 = DIRECTION('',(0.,0.,1.));
#6973 = ( GEOMETRIC_REPRESENTATION_CONTEXT(3) 
GLOBAL_UNCERTAINTY_ASSIGNED_CONTEXT((#6977)) 
GLOBAL_UNIT_ASSIGNED_CONTEXT((#6974,#6975,#6976)) REPRESENTATION_CONTEXT
('Context #1','3D Context with UNIT and UNCERTAINTY') );
#6974 = ( LENGTH_UNIT() NAMED_UNIT(*) SI_UNIT(.MILLI.,.METRE.) );
#6975 = ( NAMED_UNIT(*) PLANE_ANGLE_UNIT() SI_UNIT($,.RADIAN.) );
#6976 = ( NAMED_UNIT(*) SI_UNIT($,.STERADIAN.) SOLID_ANGLE_UNIT() );
#6977 = UNCERTAINTY_MEASURE_WITH_UNIT(LENGTH_MEASURE(1.E-07),#6974,
  'distance_accuracy_value','confusion accuracy');
#6978 = PRODUCT_RELATED_PRODUCT_CATEGORY('part',$,(#7));
ENDSEC;
END-ISO-10303-21;
