ISO-10303-21;
HEADER;
FILE_DESCRIPTION(('FreeCAD Model'),'2;1');
FILE_NAME('Open CASCADE Shape Model','2026-10-03T21:52:16',('FreeCAD'),(
    'FreeCAD'),'Open CASCADE STEP processor 7.8','FreeCAD','Unknown');
FILE_SCHEMA(('AUTOMOTIVE_DESIGN { 1 0 10303 214 1 1 1 1 }'));
ENDSEC;
DATA;
#1 = APPLICATION_PROTOCOL_DEFINITION('international standard',
  'automotive_design',2000,#2);
#2 = APPLICATION_CONTEXT(
  'core data for automotive mechanical design processes');
#3 = SHAPE_DEFINITION_REPRESENTATION(#4,#10);
#4 = PRODUCT_DEFINITION_SHAPE('','',#5);
#5 = PRODUCT_DEFINITION('design','',#6,#9);
#6 = PRODUCT_DEFINITION_FORMATION('','',#7);
#7 = PRODUCT('Open CASCADE STEP translator 7.8 5',
  'Open CASCADE STEP translator 7.8 5','',(#8));
#8 = PRODUCT_CONTEXT('',#2,'mechanical');
#9 = PRODUCT_DEFINITION_CONTEXT('part definition',#2,'design');
#10 = SHAPE_REPRESENTATION('',(#11,#15,#1689,#3363,#4593,#5823,#7051,
    #8270),#9502);
#11 = AXIS2_PLACEMENT_3D('',#12,#13,#14);
#12 = CARTESIAN_POINT('',(0.,0.,0.));
#13 = DIRECTION('',(0.,0.,1.));
#14 = DIRECTION('',(1.,0.,-0.));
#15 = MANIFOLD_SOLID_BREP('',#16);
#16 = CLOSED_SHELL('',(#17,#57,#88,#183,#369,#532,#549,#675,#699,#889,
    #936,#976,#993,#1010,#1022,#1034,#1056,#1073,#1090,#1102,#1124,#1141
    ,#1158,#1170,#1192,#1209,#1226,#1238,#1263,#1288,#1313,#1338,#1360,
    #1377,#1394,#1406,#1428,#1445,#1462,#1474,#1496,#1513,#1530,#1542,
    #1566,#1590,#1607,#1624,#1641,#1653,#1665,#1677));
#17 = ADVANCED_FACE('',(#18),#52,.T.);
#18 = FACE_BOUND('',#19,.T.);
#19 = EDGE_LOOP('',(#20,#30,#38,#46));
#20 = ORIENTED_EDGE('',*,*,#21,.T.);
#21 = EDGE_CURVE('',#22,#24,#26,.T.);
#22 = VERTEX_POINT('',#23);
#23 = CARTESIAN_POINT('',(-94.,4.934941344459E-14,44.45));
#24 = VERTEX_POINT('',#25);
#25 = CARTESIAN_POINT('',(-94.,-6.5,44.45));
#26 = LINE('',#27,#28);
#27 = CARTESIAN_POINT('',(-94.,1.084132783546E-14,44.45));
#28 = VECTOR('',#29,1.);
#29 = DIRECTION('',(-1.665334536938E-15,-1.,-5.551115123126E-16));
#30 = ORIENTED_EDGE('',*,*,#31,.T.);
#31 = EDGE_CURVE('',#24,#32,#34,.T.);
#32 = VERTEX_POINT('',#33);
#33 = CARTESIAN_POINT('',(-94.,-6.5,1.42108547152E-14));
#34 = LINE('',#35,#36);
#35 = CARTESIAN_POINT('',(-94.,-6.5,44.45));
#36 = VECTOR('',#37,1.);
#37 = DIRECTION('',(-8.881784197001E-16,-1.998401444325E-15,-1.));
#38 = ORIENTED_EDGE('',*,*,#39,.F.);
#39 = EDGE_CURVE('',#40,#32,#42,.T.);
#40 = VERTEX_POINT('',#41);
#41 = CARTESIAN_POINT('',(-94.,4.486646398444E-30,1.42108547152E-14));
#42 = LINE('',#43,#44);
#43 = CARTESIAN_POINT('',(-94.,-7.305267502034E-14,-6.150635556423E-14)
  );
#44 = VECTOR('',#45,1.);
#45 = DIRECTION('',(-1.665334536938E-15,-1.,-5.551115123126E-16));
#46 = ORIENTED_EDGE('',*,*,#47,.F.);
#47 = EDGE_CURVE('',#22,#40,#48,.T.);
#48 = LINE('',#49,#50);
#49 = CARTESIAN_POINT('',(-94.,-8.969491815947E-14,44.45));
#50 = VECTOR('',#51,1.);
#51 = DIRECTION('',(-8.881784197001E-16,-1.998401444325E-15,-1.));
#52 = PLANE('',#53);
#53 = AXIS2_PLACEMENT_3D('',#54,#55,#56);
#54 = CARTESIAN_POINT('',(-94.,1.084132783546E-14,44.45));
#55 = DIRECTION('',(1.,6.661338147751E-16,1.554312234475E-15));
#56 = DIRECTION('',(-7.771561172376E-16,-1.887379141863E-15,-1.));
#57 = ADVANCED_FACE('',(#58),#83,.T.);
#58 = FACE_BOUND('',#59,.T.);
#59 = EDGE_LOOP('',(#60,#70,#76,#77));
#60 = ORIENTED_EDGE('',*,*,#61,.T.);
#61 = EDGE_CURVE('',#62,#64,#66,.T.);
#62 = VERTEX_POINT('',#63);
#63 = CARTESIAN_POINT('',(-123.,4.934941344459E-14,44.45));
#64 = VERTEX_POINT('',#65);
#65 = CARTESIAN_POINT('',(-123.,-6.5,44.45));
#66 = LINE('',#67,#68);
#67 = CARTESIAN_POINT('',(-123.,-1.169619956443E-14,44.45));
#68 = VECTOR('',#69,1.);
#69 = DIRECTION('',(-1.665334536938E-15,-1.,-5.551115123126E-16));
#70 = ORIENTED_EDGE('',*,*,#71,.T.);
#71 = EDGE_CURVE('',#64,#24,#72,.T.);
#72 = LINE('',#73,#74);
#73 = CARTESIAN_POINT('',(-123.,-6.5,44.45));
#74 = VECTOR('',#75,1.);
#75 = DIRECTION('',(1.,8.881784197001E-16,1.7763568394E-15));
#76 = ORIENTED_EDGE('',*,*,#21,.F.);
#77 = ORIENTED_EDGE('',*,*,#78,.F.);
#78 = EDGE_CURVE('',#62,#22,#79,.T.);
#79 = LINE('',#80,#81);
#80 = CARTESIAN_POINT('',(-123.,-1.154520923308E-13,44.45));
#81 = VECTOR('',#82,1.);
#82 = DIRECTION('',(1.,8.881784197001E-16,1.7763568394E-15));
#83 = PLANE('',#84);
#84 = AXIS2_PLACEMENT_3D('',#85,#86,#87);
#85 = CARTESIAN_POINT('',(-123.,-1.169619956443E-14,44.45));
#86 = DIRECTION('',(6.661338147751E-16,1.7763568394E-15,1.));
#87 = DIRECTION('',(1.,7.771561172376E-16,1.665334536938E-15));
#88 = ADVANCED_FACE('',(#89),#178,.T.);
#89 = FACE_BOUND('',#90,.T.);
#90 = EDGE_LOOP('',(#91,#101,#109,#117,#125,#133,#141,#149,#157,#163,
    #164,#172));
#91 = ORIENTED_EDGE('',*,*,#92,.F.);
#92 = EDGE_CURVE('',#93,#95,#97,.T.);
#93 = VERTEX_POINT('',#94);
#94 = CARTESIAN_POINT('',(-110.2,-1.419949629398E-30,0.));
#95 = VERTEX_POINT('',#96);
#96 = CARTESIAN_POINT('',(-123.,-5.522026336547E-30,-1.42108547152E-14)
  );
#97 = LINE('',#98,#99);
#98 = CARTESIAN_POINT('',(-94.,-1.785238623597E-13,1.278976924368E-13));
#99 = VECTOR('',#100,1.);
#100 = DIRECTION('',(-1.,-8.881784197001E-16,-1.7763568394E-15));
#101 = ORIENTED_EDGE('',*,*,#102,.T.);
#102 = EDGE_CURVE('',#93,#103,#105,.T.);
#103 = VERTEX_POINT('',#104);
#104 = CARTESIAN_POINT('',(-110.2,206.,0.));
#105 = LINE('',#106,#107);
#106 = CARTESIAN_POINT('',(-110.2,-6.117328865685E-14,
    -6.437073096777E-14));
#107 = VECTOR('',#108,1.);
#108 = DIRECTION('',(1.554312234475E-15,1.,5.551115123126E-16));
#109 = ORIENTED_EDGE('',*,*,#110,.F.);
#110 = EDGE_CURVE('',#111,#103,#113,.T.);
#111 = VERTEX_POINT('',#112);
#112 = CARTESIAN_POINT('',(-107.,206.,0.));
#113 = LINE('',#114,#115);
#114 = CARTESIAN_POINT('',(-106.9999999999,205.99999999999,
    8.792966355031E-14));
#115 = VECTOR('',#116,1.);
#116 = DIRECTION('',(-1.,-8.881784197001E-16,-1.887379141863E-15));
#117 = ORIENTED_EDGE('',*,*,#118,.F.);
#118 = EDGE_CURVE('',#119,#111,#121,.T.);
#119 = VERTEX_POINT('',#120);
#120 = CARTESIAN_POINT('',(-107.,144.,0.));
#121 = LINE('',#122,#123);
#122 = CARTESIAN_POINT('',(-107.,-1.069144772714E-13,-1.069144772714E-13
    ));
#123 = VECTOR('',#124,1.);
#124 = DIRECTION('',(1.998401444325E-15,1.,9.992007221626E-16));
#125 = ORIENTED_EDGE('',*,*,#126,.F.);
#126 = EDGE_CURVE('',#127,#119,#129,.T.);
#127 = VERTEX_POINT('',#128);
#128 = CARTESIAN_POINT('',(-99.,144.,0.));
#129 = LINE('',#130,#131);
#130 = CARTESIAN_POINT('',(-99.,143.99999999999,8.526512829121E-14));
#131 = VECTOR('',#132,1.);
#132 = DIRECTION('',(-1.,-6.661338147751E-16,-1.33226762955E-15));
#133 = ORIENTED_EDGE('',*,*,#134,.F.);
#134 = EDGE_CURVE('',#135,#127,#137,.T.);
#135 = VERTEX_POINT('',#136);
#136 = CARTESIAN_POINT('',(-99.,8.3,0.));
#137 = LINE('',#138,#139);
#138 = CARTESIAN_POINT('',(-99.,137.,2.642330798608E-14));
#139 = VECTOR('',#140,1.);
#140 = DIRECTION('',(1.221245327088E-15,1.,3.330669073875E-16));
#141 = ORIENTED_EDGE('',*,*,#142,.T.);
#142 = EDGE_CURVE('',#135,#143,#145,.T.);
#143 = VERTEX_POINT('',#144);
#144 = CARTESIAN_POINT('',(-107.,8.3,0.));
#145 = LINE('',#146,#147);
#146 = CARTESIAN_POINT('',(-99.,8.3,-5.42010880622E-14));
#147 = VECTOR('',#148,1.);
#148 = DIRECTION('',(-1.,-6.661338147751E-16,-1.443289932013E-15));
#149 = ORIENTED_EDGE('',*,*,#150,.F.);
#150 = EDGE_CURVE('',#151,#143,#153,.T.);
#151 = VERTEX_POINT('',#152);
#152 = CARTESIAN_POINT('',(-107.,-5.605193857299E-45,0.));
#153 = LINE('',#154,#155);
#154 = CARTESIAN_POINT('',(-107.,-1.069144772714E-13,-1.069144772714E-13
    ));
#155 = VECTOR('',#156,1.);
#156 = DIRECTION('',(1.998401444325E-15,1.,9.992007221626E-16));
#157 = ORIENTED_EDGE('',*,*,#158,.F.);
#158 = EDGE_CURVE('',#40,#151,#159,.T.);
#159 = LINE('',#160,#161);
#160 = CARTESIAN_POINT('',(-94.,-1.785238623597E-13,1.278976924368E-13)
  );
#161 = VECTOR('',#162,1.);
#162 = DIRECTION('',(-1.,-8.881784197001E-16,-1.7763568394E-15));
#163 = ORIENTED_EDGE('',*,*,#39,.T.);
#164 = ORIENTED_EDGE('',*,*,#165,.T.);
#165 = EDGE_CURVE('',#32,#166,#168,.T.);
#166 = VERTEX_POINT('',#167);
#167 = CARTESIAN_POINT('',(-123.,-6.5,-1.42108547152E-14));
#168 = LINE('',#169,#170);
#169 = CARTESIAN_POINT('',(-94.,-6.5,1.278976924368E-13));
#170 = VECTOR('',#171,1.);
#171 = DIRECTION('',(-1.,-8.881784197001E-16,-1.7763568394E-15));
#172 = ORIENTED_EDGE('',*,*,#173,.F.);
#173 = EDGE_CURVE('',#95,#166,#174,.T.);
#174 = LINE('',#175,#176);
#175 = CARTESIAN_POINT('',(-123.,-9.559020242023E-14,-1.098010571354E-13
    ));
#176 = VECTOR('',#177,1.);
#177 = DIRECTION('',(-1.665334536938E-15,-1.,-5.551115123126E-16));
#178 = PLANE('',#179);
#179 = AXIS2_PLACEMENT_3D('',#180,#181,#182);
#180 = CARTESIAN_POINT('',(-106.2306613226,88.342384769539,
    -9.602977509152E-15));
#181 = DIRECTION('',(-2.628391583277E-16,-1.110223024625E-15,-1.));
#182 = DIRECTION('',(-1.,-5.551115123126E-16,-1.40249537861E-15));
#183 = ADVANCED_FACE('',(#184,#234,#270,#306,#342,#353),#364,.T.);
#184 = FACE_BOUND('',#185,.T.);
#185 = EDGE_LOOP('',(#186,#187,#188,#196,#204,#210,#211,#219,#227,#233)
  );
#186 = ORIENTED_EDGE('',*,*,#47,.T.);
#187 = ORIENTED_EDGE('',*,*,#158,.T.);
#188 = ORIENTED_EDGE('',*,*,#189,.F.);
#189 = EDGE_CURVE('',#190,#151,#192,.T.);
#190 = VERTEX_POINT('',#191);
#191 = CARTESIAN_POINT('',(-107.,4.026778910315E-14,40.3));
#192 = LINE('',#193,#194);
#193 = CARTESIAN_POINT('',(-107.,-2.637889906509E-14,40.3));
#194 = VECTOR('',#195,1.);
#195 = DIRECTION('',(-9.992007221626E-16,-1.998401444325E-15,-1.));
#196 = ORIENTED_EDGE('',*,*,#197,.T.);
#197 = EDGE_CURVE('',#190,#198,#200,.T.);
#198 = VERTEX_POINT('',#199);
#199 = CARTESIAN_POINT('',(-110.2,4.026778910315E-14,40.3));
#200 = LINE('',#201,#202);
#201 = CARTESIAN_POINT('',(-107.,-1.897371149084E-14,40.3));
#202 = VECTOR('',#203,1.);
#203 = DIRECTION('',(-1.,-8.881784197001E-16,-1.887379141863E-15));
#204 = ORIENTED_EDGE('',*,*,#205,.T.);
#205 = EDGE_CURVE('',#198,#93,#206,.T.);
#206 = LINE('',#207,#208);
#207 = CARTESIAN_POINT('',(-110.2,-2.637889906509E-14,40.3));
#208 = VECTOR('',#209,1.);
#209 = DIRECTION('',(-9.992007221626E-16,-1.998401444325E-15,-1.));
#210 = ORIENTED_EDGE('',*,*,#92,.T.);
#211 = ORIENTED_EDGE('',*,*,#212,.T.);
#212 = EDGE_CURVE('',#95,#213,#215,.T.);
#213 = VERTEX_POINT('',#214);
#214 = CARTESIAN_POINT('',(-127.,4.440892098501E-15,4.));
#215 = LINE('',#216,#217);
#216 = CARTESIAN_POINT('',(-123.,-2.04281036531E-13,7.105427357601E-14)
  );
#217 = VECTOR('',#218,1.);
#218 = DIRECTION('',(-0.707106781187,7.850462293419E-16,0.707106781187)
  );
#219 = ORIENTED_EDGE('',*,*,#220,.T.);
#220 = EDGE_CURVE('',#213,#221,#223,.T.);
#221 = VERTEX_POINT('',#222);
#222 = CARTESIAN_POINT('',(-127.,4.490852134609E-14,40.45));
#223 = LINE('',#224,#225);
#224 = CARTESIAN_POINT('',(-127.,-1.998401444325E-13,4.));
#225 = VECTOR('',#226,1.);
#226 = DIRECTION('',(8.881784197001E-16,1.998401444325E-15,1.));
#227 = ORIENTED_EDGE('',*,*,#228,.T.);
#228 = EDGE_CURVE('',#221,#62,#229,.T.);
#229 = LINE('',#230,#231);
#230 = CARTESIAN_POINT('',(-127.,-1.269984117869E-13,40.45));
#231 = VECTOR('',#232,1.);
#232 = DIRECTION('',(0.707106781187,2.041120196289E-15,0.707106781187));
#233 = ORIENTED_EDGE('',*,*,#78,.T.);
#234 = FACE_BOUND('',#235,.T.);
#235 = EDGE_LOOP('',(#236,#247,#255,#264));
#236 = ORIENTED_EDGE('',*,*,#237,.T.);
#237 = EDGE_CURVE('',#238,#240,#242,.T.);
#238 = VERTEX_POINT('',#239);
#239 = CARTESIAN_POINT('',(-120.4625,6.42819131258E-15,9.65));
#240 = VERTEX_POINT('',#241);
#241 = CARTESIAN_POINT('',(-120.4625,2.031708135064E-15,3.05));
#242 = CIRCLE('',#243,3.3);
#243 = AXIS2_PLACEMENT_3D('',#244,#245,#246);
#244 = CARTESIAN_POINT('',(-120.4625,-9.396372568915E-14,6.35));
#245 = DIRECTION('',(4.440892098501E-16,-1.,1.110223024625E-15));
#246 = DIRECTION('',(1.,4.440892098501E-16,8.881784197001E-16));
#247 = ORIENTED_EDGE('',*,*,#248,.T.);
#248 = EDGE_CURVE('',#240,#249,#251,.T.);
#249 = VERTEX_POINT('',#250);
#250 = CARTESIAN_POINT('',(-116.0625,2.031708135064E-15,3.05));
#251 = LINE('',#252,#253);
#252 = CARTESIAN_POINT('',(-120.4625,-9.762746167041E-14,3.05));
#253 = VECTOR('',#254,1.);
#254 = DIRECTION('',(1.,4.440892098501E-16,8.881784197001E-16));
#255 = ORIENTED_EDGE('',*,*,#256,.T.);
#256 = EDGE_CURVE('',#249,#257,#259,.T.);
#257 = VERTEX_POINT('',#258);
#258 = CARTESIAN_POINT('',(-116.0625,6.42819131258E-15,9.65));
#259 = CIRCLE('',#260,3.3);
#260 = AXIS2_PLACEMENT_3D('',#261,#262,#263);
#261 = CARTESIAN_POINT('',(-116.0625,-9.200973316581E-14,6.35));
#262 = DIRECTION('',(4.440892098501E-16,-1.,1.110223024625E-15));
#263 = DIRECTION('',(1.,4.440892098501E-16,8.881784197001E-16));
#264 = ORIENTED_EDGE('',*,*,#265,.T.);
#265 = EDGE_CURVE('',#257,#238,#266,.T.);
#266 = LINE('',#267,#268);
#267 = CARTESIAN_POINT('',(-116.0625,-8.834599718455E-14,9.65));
#268 = VECTOR('',#269,1.);
#269 = DIRECTION('',(-1.,-4.440892098501E-16,-8.881784197001E-16));
#270 = FACE_BOUND('',#271,.T.);
#271 = EDGE_LOOP('',(#272,#283,#291,#300));
#272 = ORIENTED_EDGE('',*,*,#273,.T.);
#273 = EDGE_CURVE('',#274,#276,#278,.T.);
#274 = VERTEX_POINT('',#275);
#275 = CARTESIAN_POINT('',(-120.4625,1.700306562213E-14,25.525));
#276 = VERTEX_POINT('',#277);
#277 = CARTESIAN_POINT('',(-120.4625,1.260658244462E-14,18.925));
#278 = CIRCLE('',#279,3.3);
#279 = AXIS2_PLACEMENT_3D('',#280,#281,#282);
#280 = CARTESIAN_POINT('',(-120.4625,-7.633893517323E-14,22.225));
#281 = DIRECTION('',(4.440892098501E-16,-1.,1.110223024625E-15));
#282 = DIRECTION('',(1.,4.440892098501E-16,8.881784197001E-16));
#283 = ORIENTED_EDGE('',*,*,#284,.T.);
#284 = EDGE_CURVE('',#276,#285,#287,.T.);
#285 = VERTEX_POINT('',#286);
#286 = CARTESIAN_POINT('',(-116.0625,1.260658244462E-14,18.925));
#287 = LINE('',#288,#289);
#288 = CARTESIAN_POINT('',(-120.4625,-8.000267115449E-14,18.925));
#289 = VECTOR('',#290,1.);
#290 = DIRECTION('',(1.,4.440892098501E-16,8.881784197001E-16));
#291 = ORIENTED_EDGE('',*,*,#292,.T.);
#292 = EDGE_CURVE('',#285,#293,#295,.T.);
#293 = VERTEX_POINT('',#294);
#294 = CARTESIAN_POINT('',(-116.0625,1.700306562213E-14,25.525));
#295 = CIRCLE('',#296,3.3);
#296 = AXIS2_PLACEMENT_3D('',#297,#298,#299);
#297 = CARTESIAN_POINT('',(-116.0625,-7.438494264989E-14,22.225));
#298 = DIRECTION('',(4.440892098501E-16,-1.,1.110223024625E-15));
#299 = DIRECTION('',(1.,4.440892098501E-16,8.881784197001E-16));
#300 = ORIENTED_EDGE('',*,*,#301,.T.);
#301 = EDGE_CURVE('',#293,#274,#302,.T.);
#302 = LINE('',#303,#304);
#303 = CARTESIAN_POINT('',(-116.0625,-7.072120666862E-14,25.525));
#304 = VECTOR('',#305,1.);
#305 = DIRECTION('',(-1.,-4.440892098501E-16,-8.881784197001E-16));
#306 = FACE_BOUND('',#307,.T.);
#307 = EDGE_LOOP('',(#308,#319,#327,#336));
#308 = ORIENTED_EDGE('',*,*,#309,.T.);
#309 = EDGE_CURVE('',#310,#312,#314,.T.);
#310 = VERTEX_POINT('',#311);
#311 = CARTESIAN_POINT('',(-120.4625,2.757793993169E-14,41.4));
#312 = VERTEX_POINT('',#313);
#313 = CARTESIAN_POINT('',(-120.4625,2.318145675417E-14,34.8));
#314 = CIRCLE('',#315,3.3);
#315 = AXIS2_PLACEMENT_3D('',#316,#317,#318);
#316 = CARTESIAN_POINT('',(-120.4625,-5.87141446573E-14,38.1));
#317 = DIRECTION('',(4.440892098501E-16,-1.,1.110223024625E-15));
#318 = DIRECTION('',(1.,4.440892098501E-16,8.881784197001E-16));
#319 = ORIENTED_EDGE('',*,*,#320,.T.);
#320 = EDGE_CURVE('',#312,#321,#323,.T.);
#321 = VERTEX_POINT('',#322);
#322 = CARTESIAN_POINT('',(-116.0625,2.318145675417E-14,34.8));
#323 = LINE('',#324,#325);
#324 = CARTESIAN_POINT('',(-120.4625,-6.237788063856E-14,34.8));
#325 = VECTOR('',#326,1.);
#326 = DIRECTION('',(1.,4.440892098501E-16,8.881784197001E-16));
#327 = ORIENTED_EDGE('',*,*,#328,.T.);
#328 = EDGE_CURVE('',#321,#329,#331,.T.);
#329 = VERTEX_POINT('',#330);
#330 = CARTESIAN_POINT('',(-116.0625,2.757793993169E-14,41.4));
#331 = CIRCLE('',#332,3.3);
#332 = AXIS2_PLACEMENT_3D('',#333,#334,#335);
#333 = CARTESIAN_POINT('',(-116.0625,-5.676015213396E-14,38.1));
#334 = DIRECTION('',(4.440892098501E-16,-1.,1.110223024625E-15));
#335 = DIRECTION('',(1.,4.440892098501E-16,8.881784197001E-16));
#336 = ORIENTED_EDGE('',*,*,#337,.T.);
#337 = EDGE_CURVE('',#329,#310,#338,.T.);
#338 = LINE('',#339,#340);
#339 = CARTESIAN_POINT('',(-116.0625,-5.30964161527E-14,41.4));
#340 = VECTOR('',#341,1.);
#341 = DIRECTION('',(-1.,-4.440892098501E-16,-8.881784197001E-16));
#342 = FACE_BOUND('',#343,.T.);
#343 = EDGE_LOOP('',(#344));
#344 = ORIENTED_EDGE('',*,*,#345,.T.);
#345 = EDGE_CURVE('',#346,#346,#348,.T.);
#346 = VERTEX_POINT('',#347);
#347 = CARTESIAN_POINT('',(-96.8,7.932543510947E-15,14.29));
#348 = CIRCLE('',#349,3.2);
#349 = AXIS2_PLACEMENT_3D('',#350,#351,#352);
#350 = CARTESIAN_POINT('',(-100.,-5.625278021171E-14,14.29));
#351 = DIRECTION('',(3.330669073875E-16,-1.,8.881784197001E-16));
#352 = DIRECTION('',(1.,3.330669073875E-16,6.661338147751E-16));
#353 = FACE_BOUND('',#354,.T.);
#354 = EDGE_LOOP('',(#355));
#355 = ORIENTED_EDGE('',*,*,#356,.T.);
#356 = EDGE_CURVE('',#357,#357,#359,.T.);
#357 = VERTEX_POINT('',#358);
#358 = CARTESIAN_POINT('',(-96.8,1.674216321135E-14,30.16));
#359 = CIRCLE('',#360,3.2);
#360 = AXIS2_PLACEMENT_3D('',#361,#362,#363);
#361 = CARTESIAN_POINT('',(-100.,-4.215738869107E-14,30.16));
#362 = DIRECTION('',(3.330669073875E-16,-1.,8.881784197001E-16));
#363 = DIRECTION('',(1.,3.330669073875E-16,6.661338147751E-16));
#364 = PLANE('',#365);
#365 = AXIS2_PLACEMENT_3D('',#366,#367,#368);
#366 = CARTESIAN_POINT('',(-109.9411214022,-1.482679502749E-13,22.225));
#367 = DIRECTION('',(1.7763568394E-15,1.,8.881784197001E-16));
#368 = DIRECTION('',(8.881784197001E-16,1.7763568394E-15,1.));
#369 = ADVANCED_FACE('',(#370,#397,#433,#469,#505,#516),#527,.F.);
#370 = FACE_BOUND('',#371,.F.);
#371 = EDGE_LOOP('',(#372,#373,#381,#389,#395,#396));
#372 = ORIENTED_EDGE('',*,*,#165,.T.);
#373 = ORIENTED_EDGE('',*,*,#374,.T.);
#374 = EDGE_CURVE('',#166,#375,#377,.T.);
#375 = VERTEX_POINT('',#376);
#376 = CARTESIAN_POINT('',(-127.,-6.5,4.));
#377 = LINE('',#378,#379);
#378 = CARTESIAN_POINT('',(-123.,-6.5,7.105427357601E-14));
#379 = VECTOR('',#380,1.);
#380 = DIRECTION('',(-0.707106781187,7.850462293419E-16,0.707106781187)
  );
#381 = ORIENTED_EDGE('',*,*,#382,.T.);
#382 = EDGE_CURVE('',#375,#383,#385,.T.);
#383 = VERTEX_POINT('',#384);
#384 = CARTESIAN_POINT('',(-127.,-6.5,40.45));
#385 = LINE('',#386,#387);
#386 = CARTESIAN_POINT('',(-127.,-6.5,4.));
#387 = VECTOR('',#388,1.);
#388 = DIRECTION('',(8.881784197001E-16,1.998401444325E-15,1.));
#389 = ORIENTED_EDGE('',*,*,#390,.T.);
#390 = EDGE_CURVE('',#383,#64,#391,.T.);
#391 = LINE('',#392,#393);
#392 = CARTESIAN_POINT('',(-127.,-6.5,40.45));
#393 = VECTOR('',#394,1.);
#394 = DIRECTION('',(0.707106781187,2.041120196289E-15,0.707106781187));
#395 = ORIENTED_EDGE('',*,*,#71,.T.);
#396 = ORIENTED_EDGE('',*,*,#31,.T.);
#397 = FACE_BOUND('',#398,.F.);
#398 = EDGE_LOOP('',(#399,#410,#418,#427));
#399 = ORIENTED_EDGE('',*,*,#400,.T.);
#400 = EDGE_CURVE('',#401,#403,#405,.T.);
#401 = VERTEX_POINT('',#402);
#402 = CARTESIAN_POINT('',(-120.4625,-6.5,9.65));
#403 = VERTEX_POINT('',#404);
#404 = CARTESIAN_POINT('',(-120.4625,-6.5,3.05));
#405 = CIRCLE('',#406,3.3);
#406 = AXIS2_PLACEMENT_3D('',#407,#408,#409);
#407 = CARTESIAN_POINT('',(-120.4625,-6.5,6.35));
#408 = DIRECTION('',(4.440892098501E-16,-1.,1.110223024625E-15));
#409 = DIRECTION('',(1.,4.440892098501E-16,8.881784197001E-16));
#410 = ORIENTED_EDGE('',*,*,#411,.T.);
#411 = EDGE_CURVE('',#403,#412,#414,.T.);
#412 = VERTEX_POINT('',#413);
#413 = CARTESIAN_POINT('',(-116.0625,-6.5,3.05));
#414 = LINE('',#415,#416);
#415 = CARTESIAN_POINT('',(-120.4625,-6.5,3.05));
#416 = VECTOR('',#417,1.);
#417 = DIRECTION('',(1.,4.440892098501E-16,8.881784197001E-16));
#418 = ORIENTED_EDGE('',*,*,#419,.T.);
#419 = EDGE_CURVE('',#412,#420,#422,.T.);
#420 = VERTEX_POINT('',#421);
#421 = CARTESIAN_POINT('',(-116.0625,-6.5,9.65));
#422 = CIRCLE('',#423,3.3);
#423 = AXIS2_PLACEMENT_3D('',#424,#425,#426);
#424 = CARTESIAN_POINT('',(-116.0625,-6.5,6.35));
#425 = DIRECTION('',(4.440892098501E-16,-1.,1.110223024625E-15));
#426 = DIRECTION('',(1.,4.440892098501E-16,8.881784197001E-16));
#427 = ORIENTED_EDGE('',*,*,#428,.T.);
#428 = EDGE_CURVE('',#420,#401,#429,.T.);
#429 = LINE('',#430,#431);
#430 = CARTESIAN_POINT('',(-116.0625,-6.5,9.65));
#431 = VECTOR('',#432,1.);
#432 = DIRECTION('',(-1.,-4.440892098501E-16,-8.881784197001E-16));
#433 = FACE_BOUND('',#434,.F.);
#434 = EDGE_LOOP('',(#435,#446,#454,#463));
#435 = ORIENTED_EDGE('',*,*,#436,.T.);
#436 = EDGE_CURVE('',#437,#439,#441,.T.);
#437 = VERTEX_POINT('',#438);
#438 = CARTESIAN_POINT('',(-120.4625,-6.5,25.525));
#439 = VERTEX_POINT('',#440);
#440 = CARTESIAN_POINT('',(-120.4625,-6.5,18.925));
#441 = CIRCLE('',#442,3.3);
#442 = AXIS2_PLACEMENT_3D('',#443,#444,#445);
#443 = CARTESIAN_POINT('',(-120.4625,-6.5,22.225));
#444 = DIRECTION('',(4.440892098501E-16,-1.,1.110223024625E-15));
#445 = DIRECTION('',(1.,4.440892098501E-16,8.881784197001E-16));
#446 = ORIENTED_EDGE('',*,*,#447,.T.);
#447 = EDGE_CURVE('',#439,#448,#450,.T.);
#448 = VERTEX_POINT('',#449);
#449 = CARTESIAN_POINT('',(-116.0625,-6.5,18.925));
#450 = LINE('',#451,#452);
#451 = CARTESIAN_POINT('',(-120.4625,-6.5,18.925));
#452 = VECTOR('',#453,1.);
#453 = DIRECTION('',(1.,4.440892098501E-16,8.881784197001E-16));
#454 = ORIENTED_EDGE('',*,*,#455,.T.);
#455 = EDGE_CURVE('',#448,#456,#458,.T.);
#456 = VERTEX_POINT('',#457);
#457 = CARTESIAN_POINT('',(-116.0625,-6.5,25.525));
#458 = CIRCLE('',#459,3.3);
#459 = AXIS2_PLACEMENT_3D('',#460,#461,#462);
#460 = CARTESIAN_POINT('',(-116.0625,-6.5,22.225));
#461 = DIRECTION('',(4.440892098501E-16,-1.,1.110223024625E-15));
#462 = DIRECTION('',(1.,4.440892098501E-16,8.881784197001E-16));
#463 = ORIENTED_EDGE('',*,*,#464,.T.);
#464 = EDGE_CURVE('',#456,#437,#465,.T.);
#465 = LINE('',#466,#467);
#466 = CARTESIAN_POINT('',(-116.0625,-6.5,25.525));
#467 = VECTOR('',#468,1.);
#468 = DIRECTION('',(-1.,-4.440892098501E-16,-8.881784197001E-16));
#469 = FACE_BOUND('',#470,.F.);
#470 = EDGE_LOOP('',(#471,#482,#490,#499));
#471 = ORIENTED_EDGE('',*,*,#472,.T.);
#472 = EDGE_CURVE('',#473,#475,#477,.T.);
#473 = VERTEX_POINT('',#474);
#474 = CARTESIAN_POINT('',(-120.4625,-6.5,41.4));
#475 = VERTEX_POINT('',#476);
#476 = CARTESIAN_POINT('',(-120.4625,-6.5,34.8));
#477 = CIRCLE('',#478,3.3);
#478 = AXIS2_PLACEMENT_3D('',#479,#480,#481);
#479 = CARTESIAN_POINT('',(-120.4625,-6.5,38.1));
#480 = DIRECTION('',(4.440892098501E-16,-1.,1.110223024625E-15));
#481 = DIRECTION('',(1.,4.440892098501E-16,8.881784197001E-16));
#482 = ORIENTED_EDGE('',*,*,#483,.T.);
#483 = EDGE_CURVE('',#475,#484,#486,.T.);
#484 = VERTEX_POINT('',#485);
#485 = CARTESIAN_POINT('',(-116.0625,-6.5,34.8));
#486 = LINE('',#487,#488);
#487 = CARTESIAN_POINT('',(-120.4625,-6.5,34.8));
#488 = VECTOR('',#489,1.);
#489 = DIRECTION('',(1.,4.440892098501E-16,8.881784197001E-16));
#490 = ORIENTED_EDGE('',*,*,#491,.T.);
#491 = EDGE_CURVE('',#484,#492,#494,.T.);
#492 = VERTEX_POINT('',#493);
#493 = CARTESIAN_POINT('',(-116.0625,-6.5,41.4));
#494 = CIRCLE('',#495,3.3);
#495 = AXIS2_PLACEMENT_3D('',#496,#497,#498);
#496 = CARTESIAN_POINT('',(-116.0625,-6.5,38.1));
#497 = DIRECTION('',(4.440892098501E-16,-1.,1.110223024625E-15));
#498 = DIRECTION('',(1.,4.440892098501E-16,8.881784197001E-16));
#499 = ORIENTED_EDGE('',*,*,#500,.T.);
#500 = EDGE_CURVE('',#492,#473,#501,.T.);
#501 = LINE('',#502,#503);
#502 = CARTESIAN_POINT('',(-116.0625,-6.5,41.4));
#503 = VECTOR('',#504,1.);
#504 = DIRECTION('',(-1.,-4.440892098501E-16,-8.881784197001E-16));
#505 = FACE_BOUND('',#506,.F.);
#506 = EDGE_LOOP('',(#507));
#507 = ORIENTED_EDGE('',*,*,#508,.T.);
#508 = EDGE_CURVE('',#509,#509,#511,.T.);
#509 = VERTEX_POINT('',#510);
#510 = CARTESIAN_POINT('',(-94.5,-6.5,14.29));
#511 = CIRCLE('',#512,5.5);
#512 = AXIS2_PLACEMENT_3D('',#513,#514,#515);
#513 = CARTESIAN_POINT('',(-100.,-6.5,14.29));
#514 = DIRECTION('',(2.22044604925E-16,-1.,6.661338147751E-16));
#515 = DIRECTION('',(1.,2.22044604925E-16,4.440892098501E-16));
#516 = FACE_BOUND('',#517,.F.);
#517 = EDGE_LOOP('',(#518));
#518 = ORIENTED_EDGE('',*,*,#519,.T.);
#519 = EDGE_CURVE('',#520,#520,#522,.T.);
#520 = VERTEX_POINT('',#521);
#521 = CARTESIAN_POINT('',(-94.5,-6.5,30.16));
#522 = CIRCLE('',#523,5.5);
#523 = AXIS2_PLACEMENT_3D('',#524,#525,#526);
#524 = CARTESIAN_POINT('',(-100.,-6.5,30.16));
#525 = DIRECTION('',(2.22044604925E-16,-1.,6.661338147751E-16));
#526 = DIRECTION('',(1.,2.22044604925E-16,4.440892098501E-16));
#527 = PLANE('',#528);
#528 = AXIS2_PLACEMENT_3D('',#529,#530,#531);
#529 = CARTESIAN_POINT('',(-109.9411214022,-6.5,22.225));
#530 = DIRECTION('',(1.7763568394E-15,1.,8.881784197001E-16));
#531 = DIRECTION('',(8.881784197001E-16,1.7763568394E-15,1.));
#532 = ADVANCED_FACE('',(#533),#544,.T.);
#533 = FACE_BOUND('',#534,.T.);
#534 = EDGE_LOOP('',(#535,#541,#542,#543));
#535 = ORIENTED_EDGE('',*,*,#536,.T.);
#536 = EDGE_CURVE('',#221,#383,#537,.T.);
#537 = LINE('',#538,#539);
#538 = CARTESIAN_POINT('',(-127.,-2.235434060083E-14,40.45));
#539 = VECTOR('',#540,1.);
#540 = DIRECTION('',(-1.665334536938E-15,-1.,-5.551115123126E-16));
#541 = ORIENTED_EDGE('',*,*,#390,.T.);
#542 = ORIENTED_EDGE('',*,*,#61,.F.);
#543 = ORIENTED_EDGE('',*,*,#228,.F.);
#544 = PLANE('',#545);
#545 = AXIS2_PLACEMENT_3D('',#546,#547,#548);
#546 = CARTESIAN_POINT('',(-127.,-2.235434060083E-14,40.45));
#547 = DIRECTION('',(-0.707106781187,7.850462293419E-16,0.707106781187)
  );
#548 = DIRECTION('',(0.707106781187,1.884110950421E-15,0.707106781187));
#549 = ADVANCED_FACE('',(#550,#568,#602,#636),#670,.T.);
#550 = FACE_BOUND('',#551,.T.);
#551 = EDGE_LOOP('',(#552,#553,#561,#567));
#552 = ORIENTED_EDGE('',*,*,#205,.F.);
#553 = ORIENTED_EDGE('',*,*,#554,.F.);
#554 = EDGE_CURVE('',#555,#198,#557,.T.);
#555 = VERTEX_POINT('',#556);
#556 = CARTESIAN_POINT('',(-110.2,206.,40.3));
#557 = LINE('',#558,#559);
#558 = CARTESIAN_POINT('',(-110.1999999999,205.99999999999,40.3));
#559 = VECTOR('',#560,1.);
#560 = DIRECTION('',(-1.998401444325E-15,-1.,-9.992007221626E-16));
#561 = ORIENTED_EDGE('',*,*,#562,.F.);
#562 = EDGE_CURVE('',#103,#555,#563,.T.);
#563 = LINE('',#564,#565);
#564 = CARTESIAN_POINT('',(-110.1999999999,205.99999999999,
    8.926193117986E-14));
#565 = VECTOR('',#566,1.);
#566 = DIRECTION('',(9.992007221626E-16,1.998401444325E-15,1.));
#567 = ORIENTED_EDGE('',*,*,#102,.F.);
#568 = FACE_BOUND('',#569,.T.);
#569 = EDGE_LOOP('',(#570,#580,#588,#596));
#570 = ORIENTED_EDGE('',*,*,#571,.T.);
#571 = EDGE_CURVE('',#572,#574,#576,.T.);
#572 = VERTEX_POINT('',#573);
#573 = CARTESIAN_POINT('',(-110.2,60.,30.));
#574 = VERTEX_POINT('',#575);
#575 = CARTESIAN_POINT('',(-110.2,60.,10.));
#576 = LINE('',#577,#578);
#577 = CARTESIAN_POINT('',(-110.2,60.,30.));
#578 = VECTOR('',#579,1.);
#579 = DIRECTION('',(-1.110223024625E-16,-2.22044604925E-16,-1.));
#580 = ORIENTED_EDGE('',*,*,#581,.T.);
#581 = EDGE_CURVE('',#574,#582,#584,.T.);
#582 = VERTEX_POINT('',#583);
#583 = CARTESIAN_POINT('',(-110.2,88.,10.));
#584 = LINE('',#585,#586);
#585 = CARTESIAN_POINT('',(-110.2,60.,10.));
#586 = VECTOR('',#587,1.);
#587 = DIRECTION('',(2.22044604925E-16,1.,1.110223024625E-16));
#588 = ORIENTED_EDGE('',*,*,#589,.T.);
#589 = EDGE_CURVE('',#582,#590,#592,.T.);
#590 = VERTEX_POINT('',#591);
#591 = CARTESIAN_POINT('',(-110.2,88.,30.));
#592 = LINE('',#593,#594);
#593 = CARTESIAN_POINT('',(-110.2,88.,10.));
#594 = VECTOR('',#595,1.);
#595 = DIRECTION('',(1.110223024625E-16,2.22044604925E-16,1.));
#596 = ORIENTED_EDGE('',*,*,#597,.T.);
#597 = EDGE_CURVE('',#590,#572,#598,.T.);
#598 = LINE('',#599,#600);
#599 = CARTESIAN_POINT('',(-110.2,88.,30.));
#600 = VECTOR('',#601,1.);
#601 = DIRECTION('',(-2.22044604925E-16,-1.,-1.110223024625E-16));
#602 = FACE_BOUND('',#603,.T.);
#603 = EDGE_LOOP('',(#604,#614,#622,#630));
#604 = ORIENTED_EDGE('',*,*,#605,.T.);
#605 = EDGE_CURVE('',#606,#608,#610,.T.);
#606 = VERTEX_POINT('',#607);
#607 = CARTESIAN_POINT('',(-110.2,24.,30.));
#608 = VERTEX_POINT('',#609);
#609 = CARTESIAN_POINT('',(-110.2,24.,10.));
#610 = LINE('',#611,#612);
#611 = CARTESIAN_POINT('',(-110.2,24.,30.));
#612 = VECTOR('',#613,1.);
#613 = DIRECTION('',(-1.110223024625E-16,-2.22044604925E-16,-1.));
#614 = ORIENTED_EDGE('',*,*,#615,.T.);
#615 = EDGE_CURVE('',#608,#616,#618,.T.);
#616 = VERTEX_POINT('',#617);
#617 = CARTESIAN_POINT('',(-110.2,52.,10.));
#618 = LINE('',#619,#620);
#619 = CARTESIAN_POINT('',(-110.2,24.,10.));
#620 = VECTOR('',#621,1.);
#621 = DIRECTION('',(2.22044604925E-16,1.,1.110223024625E-16));
#622 = ORIENTED_EDGE('',*,*,#623,.T.);
#623 = EDGE_CURVE('',#616,#624,#626,.T.);
#624 = VERTEX_POINT('',#625);
#625 = CARTESIAN_POINT('',(-110.2,52.,30.));
#626 = LINE('',#627,#628);
#627 = CARTESIAN_POINT('',(-110.2,52.,10.));
#628 = VECTOR('',#629,1.);
#629 = DIRECTION('',(1.110223024625E-16,2.22044604925E-16,1.));
#630 = ORIENTED_EDGE('',*,*,#631,.T.);
#631 = EDGE_CURVE('',#624,#606,#632,.T.);
#632 = LINE('',#633,#634);
#633 = CARTESIAN_POINT('',(-110.2,52.,30.));
#634 = VECTOR('',#635,1.);
#635 = DIRECTION('',(-2.22044604925E-16,-1.,-1.110223024625E-16));
#636 = FACE_BOUND('',#637,.T.);
#637 = EDGE_LOOP('',(#638,#648,#656,#664));
#638 = ORIENTED_EDGE('',*,*,#639,.T.);
#639 = EDGE_CURVE('',#640,#642,#644,.T.);
#640 = VERTEX_POINT('',#641);
#641 = CARTESIAN_POINT('',(-110.2,96.,30.));
#642 = VERTEX_POINT('',#643);
#643 = CARTESIAN_POINT('',(-110.2,96.,10.));
#644 = LINE('',#645,#646);
#645 = CARTESIAN_POINT('',(-110.2,96.,30.));
#646 = VECTOR('',#647,1.);
#647 = DIRECTION('',(-1.110223024625E-16,-2.22044604925E-16,-1.));
#648 = ORIENTED_EDGE('',*,*,#649,.T.);
#649 = EDGE_CURVE('',#642,#650,#652,.T.);
#650 = VERTEX_POINT('',#651);
#651 = CARTESIAN_POINT('',(-110.2,124.,10.));
#652 = LINE('',#653,#654);
#653 = CARTESIAN_POINT('',(-110.2,96.,10.));
#654 = VECTOR('',#655,1.);
#655 = DIRECTION('',(2.22044604925E-16,1.,1.110223024625E-16));
#656 = ORIENTED_EDGE('',*,*,#657,.T.);
#657 = EDGE_CURVE('',#650,#658,#660,.T.);
#658 = VERTEX_POINT('',#659);
#659 = CARTESIAN_POINT('',(-110.2,124.,30.));
#660 = LINE('',#661,#662);
#661 = CARTESIAN_POINT('',(-110.2,124.,10.));
#662 = VECTOR('',#663,1.);
#663 = DIRECTION('',(1.110223024625E-16,2.22044604925E-16,1.));
#664 = ORIENTED_EDGE('',*,*,#665,.T.);
#665 = EDGE_CURVE('',#658,#640,#666,.T.);
#666 = LINE('',#667,#668);
#667 = CARTESIAN_POINT('',(-110.2,124.,30.));
#668 = VECTOR('',#669,1.);
#669 = DIRECTION('',(-2.22044604925E-16,-1.,-1.110223024625E-16));
#670 = PLANE('',#671);
#671 = AXIS2_PLACEMENT_3D('',#672,#673,#674);
#672 = CARTESIAN_POINT('',(-110.2,103.,20.15));
#673 = DIRECTION('',(-1.,-1.113569392124E-16,-1.412981939247E-15));
#674 = DIRECTION('',(-1.553977597725E-15,-1.,-5.551115123126E-16));
#675 = ADVANCED_FACE('',(#676),#694,.T.);
#676 = FACE_BOUND('',#677,.T.);
#677 = EDGE_LOOP('',(#678,#679,#680,#688));
#678 = ORIENTED_EDGE('',*,*,#110,.T.);
#679 = ORIENTED_EDGE('',*,*,#562,.T.);
#680 = ORIENTED_EDGE('',*,*,#681,.F.);
#681 = EDGE_CURVE('',#682,#555,#684,.T.);
#682 = VERTEX_POINT('',#683);
#683 = CARTESIAN_POINT('',(-107.,206.,40.3));
#684 = LINE('',#685,#686);
#685 = CARTESIAN_POINT('',(-106.9999999999,205.99999999999,40.3));
#686 = VECTOR('',#687,1.);
#687 = DIRECTION('',(-1.,-8.881784197001E-16,-1.887379141863E-15));
#688 = ORIENTED_EDGE('',*,*,#689,.F.);
#689 = EDGE_CURVE('',#111,#682,#690,.T.);
#690 = LINE('',#691,#692);
#691 = CARTESIAN_POINT('',(-106.9999999999,205.99999999999,
    9.89208714941E-14));
#692 = VECTOR('',#693,1.);
#693 = DIRECTION('',(9.992007221626E-16,1.998401444325E-15,1.));
#694 = PLANE('',#695);
#695 = AXIS2_PLACEMENT_3D('',#696,#697,#698);
#696 = CARTESIAN_POINT('',(-106.9999999999,205.99999999999,
    8.792966355031E-14));
#697 = DIRECTION('',(1.7763568394E-15,1.,7.771561172376E-16));
#698 = DIRECTION('',(8.881784197001E-16,1.887379141863E-15,1.));
#699 = ADVANCED_FACE('',(#700,#782,#816,#850),#884,.T.);
#700 = FACE_BOUND('',#701,.T.);
#701 = EDGE_LOOP('',(#702,#703,#709,#710,#711,#719,#727,#735,#743,#751,
    #759,#767,#775,#781));
#702 = ORIENTED_EDGE('',*,*,#689,.T.);
#703 = ORIENTED_EDGE('',*,*,#704,.T.);
#704 = EDGE_CURVE('',#682,#190,#705,.T.);
#705 = LINE('',#706,#707);
#706 = CARTESIAN_POINT('',(-106.9999999999,205.99999999999,40.3));
#707 = VECTOR('',#708,1.);
#708 = DIRECTION('',(-1.998401444325E-15,-1.,-9.992007221626E-16));
#709 = ORIENTED_EDGE('',*,*,#189,.T.);
#710 = ORIENTED_EDGE('',*,*,#150,.T.);
#711 = ORIENTED_EDGE('',*,*,#712,.F.);
#712 = EDGE_CURVE('',#713,#143,#715,.T.);
#713 = VERTEX_POINT('',#714);
#714 = CARTESIAN_POINT('',(-107.,8.3,3.));
#715 = LINE('',#716,#717);
#716 = CARTESIAN_POINT('',(-107.,8.3,11.575));
#717 = VECTOR('',#718,1.);
#718 = DIRECTION('',(-3.330669073876E-16,-4.996003610813E-15,-1.));
#719 = ORIENTED_EDGE('',*,*,#720,.F.);
#720 = EDGE_CURVE('',#721,#713,#723,.T.);
#721 = VERTEX_POINT('',#722);
#722 = CARTESIAN_POINT('',(-107.,137.,3.));
#723 = LINE('',#724,#725);
#724 = CARTESIAN_POINT('',(-107.,120.,3.));
#725 = VECTOR('',#726,1.);
#726 = DIRECTION('',(-1.33226762955E-15,-1.,-6.661338147751E-16));
#727 = ORIENTED_EDGE('',*,*,#728,.T.);
#728 = EDGE_CURVE('',#721,#729,#731,.T.);
#729 = VERTEX_POINT('',#730);
#730 = CARTESIAN_POINT('',(-107.,137.,36.));
#731 = LINE('',#732,#733);
#732 = CARTESIAN_POINT('',(-107.,137.,19.075));
#733 = VECTOR('',#734,1.);
#734 = DIRECTION('',(1.110223024625E-16,1.110223024625E-15,1.));
#735 = ORIENTED_EDGE('',*,*,#736,.T.);
#736 = EDGE_CURVE('',#729,#737,#739,.T.);
#737 = VERTEX_POINT('',#738);
#738 = CARTESIAN_POINT('',(-107.,144.,36.));
#739 = LINE('',#740,#741);
#740 = CARTESIAN_POINT('',(-107.,120.,36.));
#741 = VECTOR('',#742,1.);
#742 = DIRECTION('',(1.110223024625E-15,1.,3.330669073875E-16));
#743 = ORIENTED_EDGE('',*,*,#744,.F.);
#744 = EDGE_CURVE('',#745,#737,#747,.T.);
#745 = VERTEX_POINT('',#746);
#746 = CARTESIAN_POINT('',(-107.,144.,25.));
#747 = LINE('',#748,#749);
#748 = CARTESIAN_POINT('',(-107.,144.,19.075));
#749 = VECTOR('',#750,1.);
#750 = DIRECTION('',(1.110223024625E-16,1.110223024625E-15,1.));
#751 = ORIENTED_EDGE('',*,*,#752,.T.);
#752 = EDGE_CURVE('',#745,#753,#755,.T.);
#753 = VERTEX_POINT('',#754);
#754 = CARTESIAN_POINT('',(-107.,202.,25.));
#755 = LINE('',#756,#757);
#756 = CARTESIAN_POINT('',(-107.,144.,25.));
#757 = VECTOR('',#758,1.);
#758 = DIRECTION('',(9.992007221626E-16,1.,2.22044604925E-16));
#759 = ORIENTED_EDGE('',*,*,#760,.F.);
#760 = EDGE_CURVE('',#761,#753,#763,.T.);
#761 = VERTEX_POINT('',#762);
#762 = CARTESIAN_POINT('',(-107.,202.,15.));
#763 = LINE('',#764,#765);
#764 = CARTESIAN_POINT('',(-107.,202.,20.075));
#765 = VECTOR('',#766,1.);
#766 = DIRECTION('',(-1.110223024625E-16,8.881784197001E-16,1.));
#767 = ORIENTED_EDGE('',*,*,#768,.F.);
#768 = EDGE_CURVE('',#769,#761,#771,.T.);
#769 = VERTEX_POINT('',#770);
#770 = CARTESIAN_POINT('',(-107.,144.,15.));
#771 = LINE('',#772,#773);
#772 = CARTESIAN_POINT('',(-107.,144.,15.));
#773 = VECTOR('',#774,1.);
#774 = DIRECTION('',(9.992007221626E-16,1.,2.22044604925E-16));
#775 = ORIENTED_EDGE('',*,*,#776,.F.);
#776 = EDGE_CURVE('',#119,#769,#777,.T.);
#777 = LINE('',#778,#779);
#778 = CARTESIAN_POINT('',(-107.,144.,19.075));
#779 = VECTOR('',#780,1.);
#780 = DIRECTION('',(1.110223024625E-16,1.110223024625E-15,1.));
#781 = ORIENTED_EDGE('',*,*,#118,.T.);
#782 = FACE_BOUND('',#783,.T.);
#783 = EDGE_LOOP('',(#784,#794,#802,#810));
#784 = ORIENTED_EDGE('',*,*,#785,.F.);
#785 = EDGE_CURVE('',#786,#788,#790,.T.);
#786 = VERTEX_POINT('',#787);
#787 = CARTESIAN_POINT('',(-107.,96.,10.));
#788 = VERTEX_POINT('',#789);
#789 = CARTESIAN_POINT('',(-107.,124.,10.));
#790 = LINE('',#791,#792);
#791 = CARTESIAN_POINT('',(-107.,96.,10.));
#792 = VECTOR('',#793,1.);
#793 = DIRECTION('',(2.22044604925E-16,1.,1.110223024625E-16));
#794 = ORIENTED_EDGE('',*,*,#795,.F.);
#795 = EDGE_CURVE('',#796,#786,#798,.T.);
#796 = VERTEX_POINT('',#797);
#797 = CARTESIAN_POINT('',(-107.,96.,30.));
#798 = LINE('',#799,#800);
#799 = CARTESIAN_POINT('',(-107.,96.,30.));
#800 = VECTOR('',#801,1.);
#801 = DIRECTION('',(-1.110223024625E-16,-2.22044604925E-16,-1.));
#802 = ORIENTED_EDGE('',*,*,#803,.F.);
#803 = EDGE_CURVE('',#804,#796,#806,.T.);
#804 = VERTEX_POINT('',#805);
#805 = CARTESIAN_POINT('',(-107.,124.,30.));
#806 = LINE('',#807,#808);
#807 = CARTESIAN_POINT('',(-107.,124.,30.));
#808 = VECTOR('',#809,1.);
#809 = DIRECTION('',(-2.22044604925E-16,-1.,-1.110223024625E-16));
#810 = ORIENTED_EDGE('',*,*,#811,.F.);
#811 = EDGE_CURVE('',#788,#804,#812,.T.);
#812 = LINE('',#813,#814);
#813 = CARTESIAN_POINT('',(-107.,124.,10.));
#814 = VECTOR('',#815,1.);
#815 = DIRECTION('',(1.110223024625E-16,2.22044604925E-16,1.));
#816 = FACE_BOUND('',#817,.T.);
#817 = EDGE_LOOP('',(#818,#828,#836,#844));
#818 = ORIENTED_EDGE('',*,*,#819,.F.);
#819 = EDGE_CURVE('',#820,#822,#824,.T.);
#820 = VERTEX_POINT('',#821);
#821 = CARTESIAN_POINT('',(-107.,24.,10.));
#822 = VERTEX_POINT('',#823);
#823 = CARTESIAN_POINT('',(-107.,52.,10.));
#824 = LINE('',#825,#826);
#825 = CARTESIAN_POINT('',(-107.,24.,10.));
#826 = VECTOR('',#827,1.);
#827 = DIRECTION('',(2.22044604925E-16,1.,1.110223024625E-16));
#828 = ORIENTED_EDGE('',*,*,#829,.F.);
#829 = EDGE_CURVE('',#830,#820,#832,.T.);
#830 = VERTEX_POINT('',#831);
#831 = CARTESIAN_POINT('',(-107.,24.,30.));
#832 = LINE('',#833,#834);
#833 = CARTESIAN_POINT('',(-107.,24.,30.));
#834 = VECTOR('',#835,1.);
#835 = DIRECTION('',(-1.110223024625E-16,-2.22044604925E-16,-1.));
#836 = ORIENTED_EDGE('',*,*,#837,.F.);
#837 = EDGE_CURVE('',#838,#830,#840,.T.);
#838 = VERTEX_POINT('',#839);
#839 = CARTESIAN_POINT('',(-107.,52.,30.));
#840 = LINE('',#841,#842);
#841 = CARTESIAN_POINT('',(-107.,52.,30.));
#842 = VECTOR('',#843,1.);
#843 = DIRECTION('',(-2.22044604925E-16,-1.,-1.110223024625E-16));
#844 = ORIENTED_EDGE('',*,*,#845,.F.);
#845 = EDGE_CURVE('',#822,#838,#846,.T.);
#846 = LINE('',#847,#848);
#847 = CARTESIAN_POINT('',(-107.,52.,10.));
#848 = VECTOR('',#849,1.);
#849 = DIRECTION('',(1.110223024625E-16,2.22044604925E-16,1.));
#850 = FACE_BOUND('',#851,.T.);
#851 = EDGE_LOOP('',(#852,#862,#870,#878));
#852 = ORIENTED_EDGE('',*,*,#853,.F.);
#853 = EDGE_CURVE('',#854,#856,#858,.T.);
#854 = VERTEX_POINT('',#855);
#855 = CARTESIAN_POINT('',(-107.,60.,10.));
#856 = VERTEX_POINT('',#857);
#857 = CARTESIAN_POINT('',(-107.,88.,10.));
#858 = LINE('',#859,#860);
#859 = CARTESIAN_POINT('',(-107.,60.,10.));
#860 = VECTOR('',#861,1.);
#861 = DIRECTION('',(2.22044604925E-16,1.,1.110223024625E-16));
#862 = ORIENTED_EDGE('',*,*,#863,.F.);
#863 = EDGE_CURVE('',#864,#854,#866,.T.);
#864 = VERTEX_POINT('',#865);
#865 = CARTESIAN_POINT('',(-107.,60.,30.));
#866 = LINE('',#867,#868);
#867 = CARTESIAN_POINT('',(-107.,60.,30.));
#868 = VECTOR('',#869,1.);
#869 = DIRECTION('',(-1.110223024625E-16,-2.22044604925E-16,-1.));
#870 = ORIENTED_EDGE('',*,*,#871,.F.);
#871 = EDGE_CURVE('',#872,#864,#874,.T.);
#872 = VERTEX_POINT('',#873);
#873 = CARTESIAN_POINT('',(-107.,88.,30.));
#874 = LINE('',#875,#876);
#875 = CARTESIAN_POINT('',(-107.,88.,30.));
#876 = VECTOR('',#877,1.);
#877 = DIRECTION('',(-2.22044604925E-16,-1.,-1.110223024625E-16));
#878 = ORIENTED_EDGE('',*,*,#879,.F.);
#879 = EDGE_CURVE('',#856,#872,#880,.T.);
#880 = LINE('',#881,#882);
#881 = CARTESIAN_POINT('',(-107.,88.,10.));
#882 = VECTOR('',#883,1.);
#883 = DIRECTION('',(1.110223024625E-16,2.22044604925E-16,1.));
#884 = PLANE('',#885);
#885 = AXIS2_PLACEMENT_3D('',#886,#887,#888);
#886 = CARTESIAN_POINT('',(-107.,103.,20.15));
#887 = DIRECTION('',(1.,9.992007221626E-16,1.998401444325E-15));
#888 = DIRECTION('',(9.992007221626E-16,1.998401444325E-15,1.));
#889 = ADVANCED_FACE('',(#890),#931,.T.);
#890 = FACE_BOUND('',#891,.T.);
#891 = EDGE_LOOP('',(#892,#900,#906,#907,#908,#916,#924,#930));
#892 = ORIENTED_EDGE('',*,*,#893,.T.);
#893 = EDGE_CURVE('',#737,#894,#896,.T.);
#894 = VERTEX_POINT('',#895);
#895 = CARTESIAN_POINT('',(-99.,144.,36.));
#896 = LINE('',#897,#898);
#897 = CARTESIAN_POINT('',(-110.2,144.,36.));
#898 = VECTOR('',#899,1.);
#899 = DIRECTION('',(1.,6.661338147751E-16,1.33226762955E-15));
#900 = ORIENTED_EDGE('',*,*,#901,.T.);
#901 = EDGE_CURVE('',#894,#127,#902,.T.);
#902 = LINE('',#903,#904);
#903 = CARTESIAN_POINT('',(-99.,144.,36.));
#904 = VECTOR('',#905,1.);
#905 = DIRECTION('',(-6.661338147751E-16,-1.554312234475E-15,-1.));
#906 = ORIENTED_EDGE('',*,*,#126,.T.);
#907 = ORIENTED_EDGE('',*,*,#776,.T.);
#908 = ORIENTED_EDGE('',*,*,#909,.T.);
#909 = EDGE_CURVE('',#769,#910,#912,.T.);
#910 = VERTEX_POINT('',#911);
#911 = CARTESIAN_POINT('',(-103.,144.,11.));
#912 = LINE('',#913,#914);
#913 = CARTESIAN_POINT('',(-107.,144.,15.));
#914 = VECTOR('',#915,1.);
#915 = DIRECTION('',(0.707106781187,-5.495323605393E-16,-0.707106781187)
  );
#916 = ORIENTED_EDGE('',*,*,#917,.T.);
#917 = EDGE_CURVE('',#910,#918,#920,.T.);
#918 = VERTEX_POINT('',#919);
#919 = CARTESIAN_POINT('',(-103.,144.,29.));
#920 = LINE('',#921,#922);
#921 = CARTESIAN_POINT('',(-103.,144.,11.));
#922 = VECTOR('',#923,1.);
#923 = DIRECTION('',(5.551115123126E-16,1.33226762955E-15,1.));
#924 = ORIENTED_EDGE('',*,*,#925,.T.);
#925 = EDGE_CURVE('',#918,#745,#926,.T.);
#926 = LINE('',#927,#928);
#927 = CARTESIAN_POINT('',(-103.,144.,29.));
#928 = VECTOR('',#929,1.);
#929 = DIRECTION('',(-0.707106781187,-1.334578589881E-15,-0.707106781187
    ));
#930 = ORIENTED_EDGE('',*,*,#744,.T.);
#931 = PLANE('',#932);
#932 = AXIS2_PLACEMENT_3D('',#933,#934,#935);
#933 = CARTESIAN_POINT('',(-104.6,144.,18.));
#934 = DIRECTION('',(1.33226762955E-15,1.,6.661338147751E-16));
#935 = DIRECTION('',(6.661338147751E-16,1.33226762955E-15,1.));
#936 = ADVANCED_FACE('',(#937),#971,.T.);
#937 = FACE_BOUND('',#938,.T.);
#938 = EDGE_LOOP('',(#939,#940,#941,#949,#957,#965));
#939 = ORIENTED_EDGE('',*,*,#134,.T.);
#940 = ORIENTED_EDGE('',*,*,#901,.F.);
#941 = ORIENTED_EDGE('',*,*,#942,.F.);
#942 = EDGE_CURVE('',#943,#894,#945,.T.);
#943 = VERTEX_POINT('',#944);
#944 = CARTESIAN_POINT('',(-99.,137.,36.));
#945 = LINE('',#946,#947);
#946 = CARTESIAN_POINT('',(-99.,137.,36.));
#947 = VECTOR('',#948,1.);
#948 = DIRECTION('',(1.221245327088E-15,1.,3.330669073875E-16));
#949 = ORIENTED_EDGE('',*,*,#950,.T.);
#950 = EDGE_CURVE('',#943,#951,#953,.T.);
#951 = VERTEX_POINT('',#952);
#952 = CARTESIAN_POINT('',(-99.,137.,3.));
#953 = LINE('',#954,#955);
#954 = CARTESIAN_POINT('',(-99.,137.,36.));
#955 = VECTOR('',#956,1.);
#956 = DIRECTION('',(-6.661338147751E-16,-1.554312234475E-15,-1.));
#957 = ORIENTED_EDGE('',*,*,#958,.T.);
#958 = EDGE_CURVE('',#951,#959,#961,.T.);
#959 = VERTEX_POINT('',#960);
#960 = CARTESIAN_POINT('',(-99.,8.3,3.));
#961 = LINE('',#962,#963);
#962 = CARTESIAN_POINT('',(-99.,137.,3.));
#963 = VECTOR('',#964,1.);
#964 = DIRECTION('',(-1.554312234475E-15,-1.,-7.771561172376E-16));
#965 = ORIENTED_EDGE('',*,*,#966,.T.);
#966 = EDGE_CURVE('',#959,#135,#967,.T.);
#967 = LINE('',#968,#969);
#968 = CARTESIAN_POINT('',(-99.,8.3,3.));
#969 = VECTOR('',#970,1.);
#970 = DIRECTION('',(-7.771561172376E-16,-5.107025913276E-15,-1.));
#971 = PLANE('',#972);
#972 = AXIS2_PLACEMENT_3D('',#973,#974,#975);
#973 = CARTESIAN_POINT('',(-99.,88.517792661619,5.632207338381));
#974 = DIRECTION('',(1.,5.551115123126E-16,1.460998585059E-15));
#975 = DIRECTION('',(2.043359518785E-16,1.110223024625E-15,1.));
#976 = ADVANCED_FACE('',(#977),#988,.T.);
#977 = FACE_BOUND('',#978,.T.);
#978 = EDGE_LOOP('',(#979,#980,#986,#987));
#979 = ORIENTED_EDGE('',*,*,#966,.F.);
#980 = ORIENTED_EDGE('',*,*,#981,.T.);
#981 = EDGE_CURVE('',#959,#713,#982,.T.);
#982 = LINE('',#983,#984);
#983 = CARTESIAN_POINT('',(-99.,8.3,3.));
#984 = VECTOR('',#985,1.);
#985 = DIRECTION('',(-1.,-6.661338147751E-16,-1.443289932013E-15));
#986 = ORIENTED_EDGE('',*,*,#712,.T.);
#987 = ORIENTED_EDGE('',*,*,#142,.F.);
#988 = PLANE('',#989);
#989 = AXIS2_PLACEMENT_3D('',#990,#991,#992);
#990 = CARTESIAN_POINT('',(-99.,8.3,3.));
#991 = DIRECTION('',(-1.33226762955E-15,-1.,2.997602166488E-15));
#992 = DIRECTION('',(-6.661338147751E-16,-4.996003610813E-15,-1.));
#993 = ADVANCED_FACE('',(#994),#1005,.T.);
#994 = FACE_BOUND('',#995,.T.);
#995 = EDGE_LOOP('',(#996,#997,#998,#1004));
#996 = ORIENTED_EDGE('',*,*,#173,.T.);
#997 = ORIENTED_EDGE('',*,*,#374,.T.);
#998 = ORIENTED_EDGE('',*,*,#999,.F.);
#999 = EDGE_CURVE('',#213,#375,#1000,.T.);
#1000 = LINE('',#1001,#1002);
#1001 = CARTESIAN_POINT('',(-127.,-9.114931032173E-14,4.));
#1002 = VECTOR('',#1003,1.);
#1003 = DIRECTION('',(-1.665334536938E-15,-1.,-5.551115123126E-16));
#1004 = ORIENTED_EDGE('',*,*,#212,.F.);
#1005 = PLANE('',#1006);
#1006 = AXIS2_PLACEMENT_3D('',#1007,#1008,#1009);
#1007 = CARTESIAN_POINT('',(-123.,-9.559020242023E-14,
    -1.098010571354E-13));
#1008 = DIRECTION('',(-0.707106781187,-1.727101704552E-15,
    -0.707106781187));
#1009 = DIRECTION('',(-0.707106781187,7.850462293419E-16,0.707106781187)
  );
#1010 = ADVANCED_FACE('',(#1011),#1017,.T.);
#1011 = FACE_BOUND('',#1012,.T.);
#1012 = EDGE_LOOP('',(#1013,#1014,#1015,#1016));
#1013 = ORIENTED_EDGE('',*,*,#999,.T.);
#1014 = ORIENTED_EDGE('',*,*,#382,.T.);
#1015 = ORIENTED_EDGE('',*,*,#536,.F.);
#1016 = ORIENTED_EDGE('',*,*,#220,.F.);
#1017 = PLANE('',#1018);
#1018 = AXIS2_PLACEMENT_3D('',#1019,#1020,#1021);
#1019 = CARTESIAN_POINT('',(-127.,-9.114931032173E-14,4.));
#1020 = DIRECTION('',(-1.,-6.661338147751E-16,-1.554312234475E-15));
#1021 = DIRECTION('',(7.771561172376E-16,1.887379141863E-15,1.));
#1022 = ADVANCED_FACE('',(#1023),#1029,.T.);
#1023 = FACE_BOUND('',#1024,.T.);
#1024 = EDGE_LOOP('',(#1025,#1026,#1027,#1028));
#1025 = ORIENTED_EDGE('',*,*,#681,.T.);
#1026 = ORIENTED_EDGE('',*,*,#554,.T.);
#1027 = ORIENTED_EDGE('',*,*,#197,.F.);
#1028 = ORIENTED_EDGE('',*,*,#704,.F.);
#1029 = PLANE('',#1030);
#1030 = AXIS2_PLACEMENT_3D('',#1031,#1032,#1033);
#1031 = CARTESIAN_POINT('',(-106.9999999999,205.99999999999,40.3));
#1032 = DIRECTION('',(7.771561172376E-16,1.7763568394E-15,1.));
#1033 = DIRECTION('',(-1.887379141863E-15,-1.,-8.881784197001E-16));
#1034 = ADVANCED_FACE('',(#1035),#1051,.F.);
#1035 = FACE_BOUND('',#1036,.T.);
#1036 = EDGE_LOOP('',(#1037,#1043,#1044,#1050));
#1037 = ORIENTED_EDGE('',*,*,#1038,.T.);
#1038 = EDGE_CURVE('',#238,#401,#1039,.T.);
#1039 = LINE('',#1040,#1041);
#1040 = CARTESIAN_POINT('',(-120.4625,-3.04797853623E-14,9.65));
#1041 = VECTOR('',#1042,1.);
#1042 = DIRECTION('',(-7.771561172376E-16,-1.,-1.110223024625E-16));
#1043 = ORIENTED_EDGE('',*,*,#400,.T.);
#1044 = ORIENTED_EDGE('',*,*,#1045,.F.);
#1045 = EDGE_CURVE('',#240,#403,#1046,.T.);
#1046 = LINE('',#1047,#1048);
#1047 = CARTESIAN_POINT('',(-120.4625,-3.707451012858E-14,3.05));
#1048 = VECTOR('',#1049,1.);
#1049 = DIRECTION('',(-7.771561172376E-16,-1.,-1.110223024625E-16));
#1050 = ORIENTED_EDGE('',*,*,#237,.F.);
#1051 = CYLINDRICAL_SURFACE('',#1052,3.3);
#1052 = AXIS2_PLACEMENT_3D('',#1053,#1054,#1055);
#1053 = CARTESIAN_POINT('',(-120.4625,-3.377714774544E-14,6.35));
#1054 = DIRECTION('',(6.661338147751E-16,1.,1.972152263053E-31));
#1055 = DIRECTION('',(1.,3.330669073875E-16,7.771561172376E-16));
#1056 = ADVANCED_FACE('',(#1057),#1068,.T.);
#1057 = FACE_BOUND('',#1058,.T.);
#1058 = EDGE_LOOP('',(#1059,#1065,#1066,#1067));
#1059 = ORIENTED_EDGE('',*,*,#1060,.T.);
#1060 = EDGE_CURVE('',#257,#420,#1061,.T.);
#1061 = LINE('',#1062,#1063);
#1062 = CARTESIAN_POINT('',(-116.0625,-2.90142909698E-14,9.65));
#1063 = VECTOR('',#1064,1.);
#1064 = DIRECTION('',(-7.771561172376E-16,-1.,-1.110223024625E-16));
#1065 = ORIENTED_EDGE('',*,*,#428,.T.);
#1066 = ORIENTED_EDGE('',*,*,#1038,.F.);
#1067 = ORIENTED_EDGE('',*,*,#265,.F.);
#1068 = PLANE('',#1069);
#1069 = AXIS2_PLACEMENT_3D('',#1070,#1071,#1072);
#1070 = CARTESIAN_POINT('',(-116.0625,-2.90142909698E-14,9.65));
#1071 = DIRECTION('',(-2.22044604925E-16,-8.881784197001E-16,-1.));
#1072 = DIRECTION('',(-1.,-3.330669073875E-16,-7.771561172376E-16));
#1073 = ADVANCED_FACE('',(#1074),#1085,.T.);
#1074 = FACE_BOUND('',#1075,.T.);
#1075 = EDGE_LOOP('',(#1076,#1077,#1078,#1084));
#1076 = ORIENTED_EDGE('',*,*,#1045,.T.);
#1077 = ORIENTED_EDGE('',*,*,#411,.T.);
#1078 = ORIENTED_EDGE('',*,*,#1079,.F.);
#1079 = EDGE_CURVE('',#249,#412,#1080,.T.);
#1080 = LINE('',#1081,#1082);
#1081 = CARTESIAN_POINT('',(-116.0625,-3.560901573607E-14,3.05));
#1082 = VECTOR('',#1083,1.);
#1083 = DIRECTION('',(-7.771561172376E-16,-1.,-1.110223024625E-16));
#1084 = ORIENTED_EDGE('',*,*,#248,.F.);
#1085 = PLANE('',#1086);
#1086 = AXIS2_PLACEMENT_3D('',#1087,#1088,#1089);
#1087 = CARTESIAN_POINT('',(-120.4625,-3.707451012858E-14,3.05));
#1088 = DIRECTION('',(2.22044604925E-16,8.881784197001E-16,1.));
#1089 = DIRECTION('',(1.,3.330669073875E-16,7.771561172376E-16));
#1090 = ADVANCED_FACE('',(#1091),#1097,.F.);
#1091 = FACE_BOUND('',#1092,.T.);
#1092 = EDGE_LOOP('',(#1093,#1094,#1095,#1096));
#1093 = ORIENTED_EDGE('',*,*,#1079,.T.);
#1094 = ORIENTED_EDGE('',*,*,#419,.T.);
#1095 = ORIENTED_EDGE('',*,*,#1060,.F.);
#1096 = ORIENTED_EDGE('',*,*,#256,.F.);
#1097 = CYLINDRICAL_SURFACE('',#1098,3.3);
#1098 = AXIS2_PLACEMENT_3D('',#1099,#1100,#1101);
#1099 = CARTESIAN_POINT('',(-116.0625,-3.231165335293E-14,6.35));
#1100 = DIRECTION('',(6.661338147751E-16,1.,1.972152263053E-31));
#1101 = DIRECTION('',(1.,3.330669073875E-16,7.771561172376E-16));
#1102 = ADVANCED_FACE('',(#1103),#1119,.F.);
#1103 = FACE_BOUND('',#1104,.T.);
#1104 = EDGE_LOOP('',(#1105,#1111,#1112,#1118));
#1105 = ORIENTED_EDGE('',*,*,#1106,.T.);
#1106 = EDGE_CURVE('',#274,#437,#1107,.T.);
#1107 = LINE('',#1108,#1109);
#1108 = CARTESIAN_POINT('',(-120.4625,-1.461747389797E-14,25.525));
#1109 = VECTOR('',#1110,1.);
#1110 = DIRECTION('',(-7.771561172376E-16,-1.,-1.110223024625E-16));
#1111 = ORIENTED_EDGE('',*,*,#436,.T.);
#1112 = ORIENTED_EDGE('',*,*,#1113,.F.);
#1113 = EDGE_CURVE('',#276,#439,#1114,.T.);
#1114 = LINE('',#1115,#1116);
#1115 = CARTESIAN_POINT('',(-120.4625,-2.121219866424E-14,18.925));
#1116 = VECTOR('',#1117,1.);
#1117 = DIRECTION('',(-7.771561172376E-16,-1.,-1.110223024625E-16));
#1118 = ORIENTED_EDGE('',*,*,#273,.F.);
#1119 = CYLINDRICAL_SURFACE('',#1120,3.3);
#1120 = AXIS2_PLACEMENT_3D('',#1121,#1122,#1123);
#1121 = CARTESIAN_POINT('',(-120.4625,-1.791483628111E-14,22.225));
#1122 = DIRECTION('',(6.661338147751E-16,1.,1.972152263053E-31));
#1123 = DIRECTION('',(1.,3.330669073875E-16,7.771561172376E-16));
#1124 = ADVANCED_FACE('',(#1125),#1136,.T.);
#1125 = FACE_BOUND('',#1126,.T.);
#1126 = EDGE_LOOP('',(#1127,#1133,#1134,#1135));
#1127 = ORIENTED_EDGE('',*,*,#1128,.T.);
#1128 = EDGE_CURVE('',#293,#456,#1129,.T.);
#1129 = LINE('',#1130,#1131);
#1130 = CARTESIAN_POINT('',(-116.0625,-1.315197950547E-14,25.525));
#1131 = VECTOR('',#1132,1.);
#1132 = DIRECTION('',(-7.771561172376E-16,-1.,-1.110223024625E-16));
#1133 = ORIENTED_EDGE('',*,*,#464,.T.);
#1134 = ORIENTED_EDGE('',*,*,#1106,.F.);
#1135 = ORIENTED_EDGE('',*,*,#301,.F.);
#1136 = PLANE('',#1137);
#1137 = AXIS2_PLACEMENT_3D('',#1138,#1139,#1140);
#1138 = CARTESIAN_POINT('',(-116.0625,-1.315197950547E-14,25.525));
#1139 = DIRECTION('',(-2.22044604925E-16,-8.881784197001E-16,-1.));
#1140 = DIRECTION('',(-1.,-3.330669073875E-16,-7.771561172376E-16));
#1141 = ADVANCED_FACE('',(#1142),#1153,.T.);
#1142 = FACE_BOUND('',#1143,.T.);
#1143 = EDGE_LOOP('',(#1144,#1145,#1146,#1152));
#1144 = ORIENTED_EDGE('',*,*,#1113,.T.);
#1145 = ORIENTED_EDGE('',*,*,#447,.T.);
#1146 = ORIENTED_EDGE('',*,*,#1147,.F.);
#1147 = EDGE_CURVE('',#285,#448,#1148,.T.);
#1148 = LINE('',#1149,#1150);
#1149 = CARTESIAN_POINT('',(-116.0625,-1.974670427174E-14,18.925));
#1150 = VECTOR('',#1151,1.);
#1151 = DIRECTION('',(-7.771561172376E-16,-1.,-1.110223024625E-16));
#1152 = ORIENTED_EDGE('',*,*,#284,.F.);
#1153 = PLANE('',#1154);
#1154 = AXIS2_PLACEMENT_3D('',#1155,#1156,#1157);
#1155 = CARTESIAN_POINT('',(-120.4625,-2.121219866424E-14,18.925));
#1156 = DIRECTION('',(2.22044604925E-16,8.881784197001E-16,1.));
#1157 = DIRECTION('',(1.,3.330669073875E-16,7.771561172376E-16));
#1158 = ADVANCED_FACE('',(#1159),#1165,.F.);
#1159 = FACE_BOUND('',#1160,.T.);
#1160 = EDGE_LOOP('',(#1161,#1162,#1163,#1164));
#1161 = ORIENTED_EDGE('',*,*,#1147,.T.);
#1162 = ORIENTED_EDGE('',*,*,#455,.T.);
#1163 = ORIENTED_EDGE('',*,*,#1128,.F.);
#1164 = ORIENTED_EDGE('',*,*,#292,.F.);
#1165 = CYLINDRICAL_SURFACE('',#1166,3.3);
#1166 = AXIS2_PLACEMENT_3D('',#1167,#1168,#1169);
#1167 = CARTESIAN_POINT('',(-116.0625,-1.64493418886E-14,22.225));
#1168 = DIRECTION('',(6.661338147751E-16,1.,1.972152263053E-31));
#1169 = DIRECTION('',(1.,3.330669073875E-16,7.771561172376E-16));
#1170 = ADVANCED_FACE('',(#1171),#1187,.F.);
#1171 = FACE_BOUND('',#1172,.T.);
#1172 = EDGE_LOOP('',(#1173,#1179,#1180,#1186));
#1173 = ORIENTED_EDGE('',*,*,#1174,.T.);
#1174 = EDGE_CURVE('',#310,#473,#1175,.T.);
#1175 = LINE('',#1176,#1177);
#1176 = CARTESIAN_POINT('',(-120.4625,1.244837566361E-15,41.4));
#1177 = VECTOR('',#1178,1.);
#1178 = DIRECTION('',(-7.771561172376E-16,-1.,-1.110223024625E-16));
#1179 = ORIENTED_EDGE('',*,*,#472,.T.);
#1180 = ORIENTED_EDGE('',*,*,#1181,.F.);
#1181 = EDGE_CURVE('',#312,#475,#1182,.T.);
#1182 = LINE('',#1183,#1184);
#1183 = CARTESIAN_POINT('',(-120.4625,-5.349887199912E-15,34.8));
#1184 = VECTOR('',#1185,1.);
#1185 = DIRECTION('',(-7.771561172376E-16,-1.,-1.110223024625E-16));
#1186 = ORIENTED_EDGE('',*,*,#309,.F.);
#1187 = CYLINDRICAL_SURFACE('',#1188,3.3);
#1188 = AXIS2_PLACEMENT_3D('',#1189,#1190,#1191);
#1189 = CARTESIAN_POINT('',(-120.4625,-2.052524816776E-15,38.1));
#1190 = DIRECTION('',(6.661338147751E-16,1.,1.972152263053E-31));
#1191 = DIRECTION('',(1.,3.330669073875E-16,7.771561172376E-16));
#1192 = ADVANCED_FACE('',(#1193),#1204,.T.);
#1193 = FACE_BOUND('',#1194,.T.);
#1194 = EDGE_LOOP('',(#1195,#1201,#1202,#1203));
#1195 = ORIENTED_EDGE('',*,*,#1196,.T.);
#1196 = EDGE_CURVE('',#329,#492,#1197,.T.);
#1197 = LINE('',#1198,#1199);
#1198 = CARTESIAN_POINT('',(-116.0625,2.710331958866E-15,41.4));
#1199 = VECTOR('',#1200,1.);
#1200 = DIRECTION('',(-7.771561172376E-16,-1.,-1.110223024625E-16));
#1201 = ORIENTED_EDGE('',*,*,#500,.T.);
#1202 = ORIENTED_EDGE('',*,*,#1174,.F.);
#1203 = ORIENTED_EDGE('',*,*,#337,.F.);
#1204 = PLANE('',#1205);
#1205 = AXIS2_PLACEMENT_3D('',#1206,#1207,#1208);
#1206 = CARTESIAN_POINT('',(-116.0625,2.710331958866E-15,41.4));
#1207 = DIRECTION('',(-2.22044604925E-16,-8.881784197001E-16,-1.));
#1208 = DIRECTION('',(-1.,-3.330669073875E-16,-7.771561172376E-16));
#1209 = ADVANCED_FACE('',(#1210),#1221,.T.);
#1210 = FACE_BOUND('',#1211,.T.);
#1211 = EDGE_LOOP('',(#1212,#1213,#1214,#1220));
#1212 = ORIENTED_EDGE('',*,*,#1181,.T.);
#1213 = ORIENTED_EDGE('',*,*,#483,.T.);
#1214 = ORIENTED_EDGE('',*,*,#1215,.F.);
#1215 = EDGE_CURVE('',#321,#484,#1216,.T.);
#1216 = LINE('',#1217,#1218);
#1217 = CARTESIAN_POINT('',(-116.0625,-3.884392807407E-15,34.8));
#1218 = VECTOR('',#1219,1.);
#1219 = DIRECTION('',(-7.771561172376E-16,-1.,-1.110223024625E-16));
#1220 = ORIENTED_EDGE('',*,*,#320,.F.);
#1221 = PLANE('',#1222);
#1222 = AXIS2_PLACEMENT_3D('',#1223,#1224,#1225);
#1223 = CARTESIAN_POINT('',(-120.4625,-5.349887199912E-15,34.8));
#1224 = DIRECTION('',(2.22044604925E-16,8.881784197001E-16,1.));
#1225 = DIRECTION('',(1.,3.330669073875E-16,7.771561172376E-16));
#1226 = ADVANCED_FACE('',(#1227),#1233,.F.);
#1227 = FACE_BOUND('',#1228,.T.);
#1228 = EDGE_LOOP('',(#1229,#1230,#1231,#1232));
#1229 = ORIENTED_EDGE('',*,*,#1215,.T.);
#1230 = ORIENTED_EDGE('',*,*,#491,.T.);
#1231 = ORIENTED_EDGE('',*,*,#1196,.F.);
#1232 = ORIENTED_EDGE('',*,*,#328,.F.);
#1233 = CYLINDRICAL_SURFACE('',#1234,3.3);
#1234 = AXIS2_PLACEMENT_3D('',#1235,#1236,#1237);
#1235 = CARTESIAN_POINT('',(-116.0625,-5.870304242706E-16,38.1));
#1236 = DIRECTION('',(6.661338147751E-16,1.,1.972152263053E-31));
#1237 = DIRECTION('',(1.,3.330669073875E-16,7.771561172376E-16));
#1238 = ADVANCED_FACE('',(#1239),#1258,.F.);
#1239 = FACE_BOUND('',#1240,.T.);
#1240 = EDGE_LOOP('',(#1241,#1242,#1250,#1257));
#1241 = ORIENTED_EDGE('',*,*,#345,.F.);
#1242 = ORIENTED_EDGE('',*,*,#1243,.T.);
#1243 = EDGE_CURVE('',#346,#1244,#1246,.T.);
#1244 = VERTEX_POINT('',#1245);
#1245 = CARTESIAN_POINT('',(-96.8,-5.5,14.29));
#1246 = LINE('',#1247,#1248);
#1247 = CARTESIAN_POINT('',(-96.8,-1.038835684142E-14,14.29));
#1248 = VECTOR('',#1249,1.);
#1249 = DIRECTION('',(-5.551115123126E-16,-1.,-1.355854680849E-31));
#1250 = ORIENTED_EDGE('',*,*,#1251,.F.);
#1251 = EDGE_CURVE('',#1244,#1244,#1252,.T.);
#1252 = CIRCLE('',#1253,3.2);
#1253 = AXIS2_PLACEMENT_3D('',#1254,#1255,#1256);
#1254 = CARTESIAN_POINT('',(-100.,-5.5,14.29));
#1255 = DIRECTION('',(1.725633230171E-31,1.,-5.551115123126E-16));
#1256 = DIRECTION('',(1.,7.395570986447E-32,4.440892098501E-16));
#1257 = ORIENTED_EDGE('',*,*,#1243,.F.);
#1258 = CYLINDRICAL_SURFACE('',#1259,3.2);
#1259 = AXIS2_PLACEMENT_3D('',#1260,#1261,#1262);
#1260 = CARTESIAN_POINT('',(-100.,-1.109889957718E-14,14.29));
#1261 = DIRECTION('',(4.440892098501E-16,1.,-1.110223024625E-16));
#1262 = DIRECTION('',(1.,2.22044604925E-16,5.551115123126E-16));
#1263 = ADVANCED_FACE('',(#1264),#1283,.F.);
#1264 = FACE_BOUND('',#1265,.T.);
#1265 = EDGE_LOOP('',(#1266,#1267,#1275,#1282));
#1266 = ORIENTED_EDGE('',*,*,#356,.F.);
#1267 = ORIENTED_EDGE('',*,*,#1268,.T.);
#1268 = EDGE_CURVE('',#357,#1269,#1271,.T.);
#1269 = VERTEX_POINT('',#1270);
#1270 = CARTESIAN_POINT('',(-96.8,-5.5,30.16));
#1271 = LINE('',#1272,#1273);
#1272 = CARTESIAN_POINT('',(-96.8,1.945110739143E-15,30.16));
#1273 = VECTOR('',#1274,1.);
#1274 = DIRECTION('',(-5.551115123126E-16,-1.,-1.355854680849E-31));
#1275 = ORIENTED_EDGE('',*,*,#1276,.F.);
#1276 = EDGE_CURVE('',#1269,#1269,#1277,.T.);
#1277 = CIRCLE('',#1278,3.2);
#1278 = AXIS2_PLACEMENT_3D('',#1279,#1280,#1281);
#1279 = CARTESIAN_POINT('',(-100.,-5.5,30.16));
#1280 = DIRECTION('',(1.725633230171E-31,1.,-5.551115123126E-16));
#1281 = DIRECTION('',(1.,7.395570986447E-32,4.440892098501E-16));
#1282 = ORIENTED_EDGE('',*,*,#1268,.F.);
#1283 = CYLINDRICAL_SURFACE('',#1284,3.2);
#1284 = AXIS2_PLACEMENT_3D('',#1285,#1286,#1287);
#1285 = CARTESIAN_POINT('',(-100.,1.234568003383E-15,30.16));
#1286 = DIRECTION('',(4.440892098501E-16,1.,-1.110223024625E-16));
#1287 = DIRECTION('',(1.,2.22044604925E-16,5.551115123126E-16));
#1288 = ADVANCED_FACE('',(#1289),#1308,.F.);
#1289 = FACE_BOUND('',#1290,.F.);
#1290 = EDGE_LOOP('',(#1291,#1299,#1306,#1307));
#1291 = ORIENTED_EDGE('',*,*,#1292,.T.);
#1292 = EDGE_CURVE('',#509,#1293,#1295,.T.);
#1293 = VERTEX_POINT('',#1294);
#1294 = CARTESIAN_POINT('',(-94.5,-5.5,14.29));
#1295 = LINE('',#1296,#1297);
#1296 = CARTESIAN_POINT('',(-94.5,-6.5,14.29));
#1297 = VECTOR('',#1298,1.);
#1298 = DIRECTION('',(3.330669073875E-16,1.,-1.110223024625E-16));
#1299 = ORIENTED_EDGE('',*,*,#1300,.T.);
#1300 = EDGE_CURVE('',#1293,#1293,#1301,.T.);
#1301 = CIRCLE('',#1302,5.5);
#1302 = AXIS2_PLACEMENT_3D('',#1303,#1304,#1305);
#1303 = CARTESIAN_POINT('',(-100.,-5.5,14.29));
#1304 = DIRECTION('',(2.22044604925E-16,-1.,6.661338147751E-16));
#1305 = DIRECTION('',(1.,2.22044604925E-16,4.440892098501E-16));
#1306 = ORIENTED_EDGE('',*,*,#1292,.F.);
#1307 = ORIENTED_EDGE('',*,*,#508,.F.);
#1308 = CYLINDRICAL_SURFACE('',#1309,5.5);
#1309 = AXIS2_PLACEMENT_3D('',#1310,#1311,#1312);
#1310 = CARTESIAN_POINT('',(-100.,-6.5,14.29));
#1311 = DIRECTION('',(-2.22044604925E-16,-1.,2.22044604925E-16));
#1312 = DIRECTION('',(1.,1.110223024625E-16,3.330669073875E-16));
#1313 = ADVANCED_FACE('',(#1314),#1333,.F.);
#1314 = FACE_BOUND('',#1315,.F.);
#1315 = EDGE_LOOP('',(#1316,#1324,#1331,#1332));
#1316 = ORIENTED_EDGE('',*,*,#1317,.T.);
#1317 = EDGE_CURVE('',#520,#1318,#1320,.T.);
#1318 = VERTEX_POINT('',#1319);
#1319 = CARTESIAN_POINT('',(-94.5,-5.5,30.16));
#1320 = LINE('',#1321,#1322);
#1321 = CARTESIAN_POINT('',(-94.5,-6.5,30.16));
#1322 = VECTOR('',#1323,1.);
#1323 = DIRECTION('',(3.330669073875E-16,1.,-1.110223024625E-16));
#1324 = ORIENTED_EDGE('',*,*,#1325,.T.);
#1325 = EDGE_CURVE('',#1318,#1318,#1326,.T.);
#1326 = CIRCLE('',#1327,5.5);
#1327 = AXIS2_PLACEMENT_3D('',#1328,#1329,#1330);
#1328 = CARTESIAN_POINT('',(-100.,-5.5,30.16));
#1329 = DIRECTION('',(2.22044604925E-16,-1.,6.661338147751E-16));
#1330 = DIRECTION('',(1.,2.22044604925E-16,4.440892098501E-16));
#1331 = ORIENTED_EDGE('',*,*,#1317,.F.);
#1332 = ORIENTED_EDGE('',*,*,#519,.F.);
#1333 = CYLINDRICAL_SURFACE('',#1334,5.5);
#1334 = AXIS2_PLACEMENT_3D('',#1335,#1336,#1337);
#1335 = CARTESIAN_POINT('',(-100.,-6.5,30.16));
#1336 = DIRECTION('',(-2.22044604925E-16,-1.,2.22044604925E-16));
#1337 = DIRECTION('',(1.,1.110223024625E-16,3.330669073875E-16));
#1338 = ADVANCED_FACE('',(#1339),#1355,.F.);
#1339 = FACE_BOUND('',#1340,.F.);
#1340 = EDGE_LOOP('',(#1341,#1347,#1348,#1354));
#1341 = ORIENTED_EDGE('',*,*,#1342,.T.);
#1342 = EDGE_CURVE('',#864,#572,#1343,.T.);
#1343 = LINE('',#1344,#1345);
#1344 = CARTESIAN_POINT('',(-107.,60.,30.));
#1345 = VECTOR('',#1346,1.);
#1346 = DIRECTION('',(-1.,-0.,-1.110223024625E-16));
#1347 = ORIENTED_EDGE('',*,*,#571,.T.);
#1348 = ORIENTED_EDGE('',*,*,#1349,.F.);
#1349 = EDGE_CURVE('',#854,#574,#1350,.T.);
#1350 = LINE('',#1351,#1352);
#1351 = CARTESIAN_POINT('',(-107.,60.,10.));
#1352 = VECTOR('',#1353,1.);
#1353 = DIRECTION('',(-1.,-0.,-1.110223024625E-16));
#1354 = ORIENTED_EDGE('',*,*,#863,.F.);
#1355 = PLANE('',#1356);
#1356 = AXIS2_PLACEMENT_3D('',#1357,#1358,#1359);
#1357 = CARTESIAN_POINT('',(-107.,60.,30.));
#1358 = DIRECTION('',(-1.232595164408E-32,-1.,1.110223024625E-16));
#1359 = DIRECTION('',(0.,-1.110223024625E-16,-1.));
#1360 = ADVANCED_FACE('',(#1361),#1372,.F.);
#1361 = FACE_BOUND('',#1362,.F.);
#1362 = EDGE_LOOP('',(#1363,#1369,#1370,#1371));
#1363 = ORIENTED_EDGE('',*,*,#1364,.T.);
#1364 = EDGE_CURVE('',#872,#590,#1365,.T.);
#1365 = LINE('',#1366,#1367);
#1366 = CARTESIAN_POINT('',(-107.,88.,30.));
#1367 = VECTOR('',#1368,1.);
#1368 = DIRECTION('',(-1.,-0.,-1.110223024625E-16));
#1369 = ORIENTED_EDGE('',*,*,#597,.T.);
#1370 = ORIENTED_EDGE('',*,*,#1342,.F.);
#1371 = ORIENTED_EDGE('',*,*,#871,.F.);
#1372 = PLANE('',#1373);
#1373 = AXIS2_PLACEMENT_3D('',#1374,#1375,#1376);
#1374 = CARTESIAN_POINT('',(-107.,88.,30.));
#1375 = DIRECTION('',(-1.110223024625E-16,1.232595164408E-32,1.));
#1376 = DIRECTION('',(-1.110223024625E-16,-1.,0.));
#1377 = ADVANCED_FACE('',(#1378),#1389,.F.);
#1378 = FACE_BOUND('',#1379,.F.);
#1379 = EDGE_LOOP('',(#1380,#1386,#1387,#1388));
#1380 = ORIENTED_EDGE('',*,*,#1381,.T.);
#1381 = EDGE_CURVE('',#856,#582,#1382,.T.);
#1382 = LINE('',#1383,#1384);
#1383 = CARTESIAN_POINT('',(-107.,88.,10.));
#1384 = VECTOR('',#1385,1.);
#1385 = DIRECTION('',(-1.,-0.,-1.110223024625E-16));
#1386 = ORIENTED_EDGE('',*,*,#589,.T.);
#1387 = ORIENTED_EDGE('',*,*,#1364,.F.);
#1388 = ORIENTED_EDGE('',*,*,#879,.F.);
#1389 = PLANE('',#1390);
#1390 = AXIS2_PLACEMENT_3D('',#1391,#1392,#1393);
#1391 = CARTESIAN_POINT('',(-107.,88.,10.));
#1392 = DIRECTION('',(1.232595164408E-32,1.,-1.110223024625E-16));
#1393 = DIRECTION('',(0.,1.110223024625E-16,1.));
#1394 = ADVANCED_FACE('',(#1395),#1401,.F.);
#1395 = FACE_BOUND('',#1396,.F.);
#1396 = EDGE_LOOP('',(#1397,#1398,#1399,#1400));
#1397 = ORIENTED_EDGE('',*,*,#1349,.T.);
#1398 = ORIENTED_EDGE('',*,*,#581,.T.);
#1399 = ORIENTED_EDGE('',*,*,#1381,.F.);
#1400 = ORIENTED_EDGE('',*,*,#853,.F.);
#1401 = PLANE('',#1402);
#1402 = AXIS2_PLACEMENT_3D('',#1403,#1404,#1405);
#1403 = CARTESIAN_POINT('',(-107.,60.,10.));
#1404 = DIRECTION('',(1.110223024625E-16,-1.232595164408E-32,-1.));
#1405 = DIRECTION('',(1.110223024625E-16,1.,0.));
#1406 = ADVANCED_FACE('',(#1407),#1423,.F.);
#1407 = FACE_BOUND('',#1408,.F.);
#1408 = EDGE_LOOP('',(#1409,#1415,#1416,#1422));
#1409 = ORIENTED_EDGE('',*,*,#1410,.T.);
#1410 = EDGE_CURVE('',#830,#606,#1411,.T.);
#1411 = LINE('',#1412,#1413);
#1412 = CARTESIAN_POINT('',(-107.,24.,30.));
#1413 = VECTOR('',#1414,1.);
#1414 = DIRECTION('',(-1.,-0.,-1.110223024625E-16));
#1415 = ORIENTED_EDGE('',*,*,#605,.T.);
#1416 = ORIENTED_EDGE('',*,*,#1417,.F.);
#1417 = EDGE_CURVE('',#820,#608,#1418,.T.);
#1418 = LINE('',#1419,#1420);
#1419 = CARTESIAN_POINT('',(-107.,24.,10.));
#1420 = VECTOR('',#1421,1.);
#1421 = DIRECTION('',(-1.,-0.,-1.110223024625E-16));
#1422 = ORIENTED_EDGE('',*,*,#829,.F.);
#1423 = PLANE('',#1424);
#1424 = AXIS2_PLACEMENT_3D('',#1425,#1426,#1427);
#1425 = CARTESIAN_POINT('',(-107.,24.,30.));
#1426 = DIRECTION('',(-1.232595164408E-32,-1.,1.110223024625E-16));
#1427 = DIRECTION('',(0.,-1.110223024625E-16,-1.));
#1428 = ADVANCED_FACE('',(#1429),#1440,.F.);
#1429 = FACE_BOUND('',#1430,.F.);
#1430 = EDGE_LOOP('',(#1431,#1437,#1438,#1439));
#1431 = ORIENTED_EDGE('',*,*,#1432,.T.);
#1432 = EDGE_CURVE('',#838,#624,#1433,.T.);
#1433 = LINE('',#1434,#1435);
#1434 = CARTESIAN_POINT('',(-107.,52.,30.));
#1435 = VECTOR('',#1436,1.);
#1436 = DIRECTION('',(-1.,-0.,-1.110223024625E-16));
#1437 = ORIENTED_EDGE('',*,*,#631,.T.);
#1438 = ORIENTED_EDGE('',*,*,#1410,.F.);
#1439 = ORIENTED_EDGE('',*,*,#837,.F.);
#1440 = PLANE('',#1441);
#1441 = AXIS2_PLACEMENT_3D('',#1442,#1443,#1444);
#1442 = CARTESIAN_POINT('',(-107.,52.,30.));
#1443 = DIRECTION('',(-1.110223024625E-16,1.232595164408E-32,1.));
#1444 = DIRECTION('',(-1.110223024625E-16,-1.,0.));
#1445 = ADVANCED_FACE('',(#1446),#1457,.F.);
#1446 = FACE_BOUND('',#1447,.F.);
#1447 = EDGE_LOOP('',(#1448,#1454,#1455,#1456));
#1448 = ORIENTED_EDGE('',*,*,#1449,.T.);
#1449 = EDGE_CURVE('',#822,#616,#1450,.T.);
#1450 = LINE('',#1451,#1452);
#1451 = CARTESIAN_POINT('',(-107.,52.,10.));
#1452 = VECTOR('',#1453,1.);
#1453 = DIRECTION('',(-1.,-0.,-1.110223024625E-16));
#1454 = ORIENTED_EDGE('',*,*,#623,.T.);
#1455 = ORIENTED_EDGE('',*,*,#1432,.F.);
#1456 = ORIENTED_EDGE('',*,*,#845,.F.);
#1457 = PLANE('',#1458);
#1458 = AXIS2_PLACEMENT_3D('',#1459,#1460,#1461);
#1459 = CARTESIAN_POINT('',(-107.,52.,10.));
#1460 = DIRECTION('',(1.232595164408E-32,1.,-1.110223024625E-16));
#1461 = DIRECTION('',(0.,1.110223024625E-16,1.));
#1462 = ADVANCED_FACE('',(#1463),#1469,.F.);
#1463 = FACE_BOUND('',#1464,.F.);
#1464 = EDGE_LOOP('',(#1465,#1466,#1467,#1468));
#1465 = ORIENTED_EDGE('',*,*,#1417,.T.);
#1466 = ORIENTED_EDGE('',*,*,#615,.T.);
#1467 = ORIENTED_EDGE('',*,*,#1449,.F.);
#1468 = ORIENTED_EDGE('',*,*,#819,.F.);
#1469 = PLANE('',#1470);
#1470 = AXIS2_PLACEMENT_3D('',#1471,#1472,#1473);
#1471 = CARTESIAN_POINT('',(-107.,24.,10.));
#1472 = DIRECTION('',(1.110223024625E-16,-1.232595164408E-32,-1.));
#1473 = DIRECTION('',(1.110223024625E-16,1.,0.));
#1474 = ADVANCED_FACE('',(#1475),#1491,.F.);
#1475 = FACE_BOUND('',#1476,.F.);
#1476 = EDGE_LOOP('',(#1477,#1483,#1484,#1490));
#1477 = ORIENTED_EDGE('',*,*,#1478,.T.);
#1478 = EDGE_CURVE('',#796,#640,#1479,.T.);
#1479 = LINE('',#1480,#1481);
#1480 = CARTESIAN_POINT('',(-107.,96.,30.));
#1481 = VECTOR('',#1482,1.);
#1482 = DIRECTION('',(-1.,-0.,-1.110223024625E-16));
#1483 = ORIENTED_EDGE('',*,*,#639,.T.);
#1484 = ORIENTED_EDGE('',*,*,#1485,.F.);
#1485 = EDGE_CURVE('',#786,#642,#1486,.T.);
#1486 = LINE('',#1487,#1488);
#1487 = CARTESIAN_POINT('',(-107.,96.,10.));
#1488 = VECTOR('',#1489,1.);
#1489 = DIRECTION('',(-1.,-0.,-1.110223024625E-16));
#1490 = ORIENTED_EDGE('',*,*,#795,.F.);
#1491 = PLANE('',#1492);
#1492 = AXIS2_PLACEMENT_3D('',#1493,#1494,#1495);
#1493 = CARTESIAN_POINT('',(-107.,96.,30.));
#1494 = DIRECTION('',(-1.232595164408E-32,-1.,1.110223024625E-16));
#1495 = DIRECTION('',(0.,-1.110223024625E-16,-1.));
#1496 = ADVANCED_FACE('',(#1497),#1508,.F.);
#1497 = FACE_BOUND('',#1498,.F.);
#1498 = EDGE_LOOP('',(#1499,#1505,#1506,#1507));
#1499 = ORIENTED_EDGE('',*,*,#1500,.T.);
#1500 = EDGE_CURVE('',#804,#658,#1501,.T.);
#1501 = LINE('',#1502,#1503);
#1502 = CARTESIAN_POINT('',(-107.,124.,30.));
#1503 = VECTOR('',#1504,1.);
#1504 = DIRECTION('',(-1.,-0.,-1.110223024625E-16));
#1505 = ORIENTED_EDGE('',*,*,#665,.T.);
#1506 = ORIENTED_EDGE('',*,*,#1478,.F.);
#1507 = ORIENTED_EDGE('',*,*,#803,.F.);
#1508 = PLANE('',#1509);
#1509 = AXIS2_PLACEMENT_3D('',#1510,#1511,#1512);
#1510 = CARTESIAN_POINT('',(-107.,124.,30.));
#1511 = DIRECTION('',(-1.110223024625E-16,1.232595164408E-32,1.));
#1512 = DIRECTION('',(-1.110223024625E-16,-1.,0.));
#1513 = ADVANCED_FACE('',(#1514),#1525,.F.);
#1514 = FACE_BOUND('',#1515,.F.);
#1515 = EDGE_LOOP('',(#1516,#1522,#1523,#1524));
#1516 = ORIENTED_EDGE('',*,*,#1517,.T.);
#1517 = EDGE_CURVE('',#788,#650,#1518,.T.);
#1518 = LINE('',#1519,#1520);
#1519 = CARTESIAN_POINT('',(-107.,124.,10.));
#1520 = VECTOR('',#1521,1.);
#1521 = DIRECTION('',(-1.,-0.,-1.110223024625E-16));
#1522 = ORIENTED_EDGE('',*,*,#657,.T.);
#1523 = ORIENTED_EDGE('',*,*,#1500,.F.);
#1524 = ORIENTED_EDGE('',*,*,#811,.F.);
#1525 = PLANE('',#1526);
#1526 = AXIS2_PLACEMENT_3D('',#1527,#1528,#1529);
#1527 = CARTESIAN_POINT('',(-107.,124.,10.));
#1528 = DIRECTION('',(1.232595164408E-32,1.,-1.110223024625E-16));
#1529 = DIRECTION('',(0.,1.110223024625E-16,1.));
#1530 = ADVANCED_FACE('',(#1531),#1537,.F.);
#1531 = FACE_BOUND('',#1532,.F.);
#1532 = EDGE_LOOP('',(#1533,#1534,#1535,#1536));
#1533 = ORIENTED_EDGE('',*,*,#1485,.T.);
#1534 = ORIENTED_EDGE('',*,*,#649,.T.);
#1535 = ORIENTED_EDGE('',*,*,#1517,.F.);
#1536 = ORIENTED_EDGE('',*,*,#785,.F.);
#1537 = PLANE('',#1538);
#1538 = AXIS2_PLACEMENT_3D('',#1539,#1540,#1541);
#1539 = CARTESIAN_POINT('',(-107.,96.,10.));
#1540 = DIRECTION('',(1.110223024625E-16,-1.232595164408E-32,-1.));
#1541 = DIRECTION('',(1.110223024625E-16,1.,0.));
#1542 = ADVANCED_FACE('',(#1543),#1561,.T.);
#1543 = FACE_BOUND('',#1544,.T.);
#1544 = EDGE_LOOP('',(#1545,#1546,#1554,#1560));
#1545 = ORIENTED_EDGE('',*,*,#768,.T.);
#1546 = ORIENTED_EDGE('',*,*,#1547,.T.);
#1547 = EDGE_CURVE('',#761,#1548,#1550,.T.);
#1548 = VERTEX_POINT('',#1549);
#1549 = CARTESIAN_POINT('',(-103.,202.,11.));
#1550 = LINE('',#1551,#1552);
#1551 = CARTESIAN_POINT('',(-106.9999999999,201.99999999999,15.));
#1552 = VECTOR('',#1553,1.);
#1553 = DIRECTION('',(0.707106781187,-5.495323605393E-16,-0.707106781187
    ));
#1554 = ORIENTED_EDGE('',*,*,#1555,.F.);
#1555 = EDGE_CURVE('',#910,#1548,#1556,.T.);
#1556 = LINE('',#1557,#1558);
#1557 = CARTESIAN_POINT('',(-103.,144.,11.));
#1558 = VECTOR('',#1559,1.);
#1559 = DIRECTION('',(9.992007221626E-16,1.,2.22044604925E-16));
#1560 = ORIENTED_EDGE('',*,*,#909,.F.);
#1561 = PLANE('',#1562);
#1562 = AXIS2_PLACEMENT_3D('',#1563,#1564,#1565);
#1563 = CARTESIAN_POINT('',(-107.,144.,15.));
#1564 = DIRECTION('',(-0.707106781187,-1.020560098144E-15,
    -0.707106781187));
#1565 = DIRECTION('',(0.707106781187,-5.495323605393E-16,-0.707106781187
    ));
#1566 = ADVANCED_FACE('',(#1567),#1585,.T.);
#1567 = FACE_BOUND('',#1568,.T.);
#1568 = EDGE_LOOP('',(#1569,#1570,#1571,#1579));
#1569 = ORIENTED_EDGE('',*,*,#1547,.F.);
#1570 = ORIENTED_EDGE('',*,*,#760,.T.);
#1571 = ORIENTED_EDGE('',*,*,#1572,.F.);
#1572 = EDGE_CURVE('',#1573,#753,#1575,.T.);
#1573 = VERTEX_POINT('',#1574);
#1574 = CARTESIAN_POINT('',(-103.,202.,29.));
#1575 = LINE('',#1576,#1577);
#1576 = CARTESIAN_POINT('',(-102.9999999999,201.99999999999,29.));
#1577 = VECTOR('',#1578,1.);
#1578 = DIRECTION('',(-0.707106781187,-1.334578589881E-15,
    -0.707106781187));
#1579 = ORIENTED_EDGE('',*,*,#1580,.F.);
#1580 = EDGE_CURVE('',#1548,#1573,#1581,.T.);
#1581 = LINE('',#1582,#1583);
#1582 = CARTESIAN_POINT('',(-102.9999999999,201.99999999999,11.));
#1583 = VECTOR('',#1584,1.);
#1584 = DIRECTION('',(5.551115123126E-16,1.33226762955E-15,1.));
#1585 = PLANE('',#1586);
#1586 = AXIS2_PLACEMENT_3D('',#1587,#1588,#1589);
#1587 = CARTESIAN_POINT('',(-104.7829522431,202.,20.));
#1588 = DIRECTION('',(1.110223024625E-15,1.,5.551115123126E-16));
#1589 = DIRECTION('',(5.551115123126E-16,1.110223024625E-15,1.));
#1590 = ADVANCED_FACE('',(#1591),#1602,.T.);
#1591 = FACE_BOUND('',#1592,.T.);
#1592 = EDGE_LOOP('',(#1593,#1599,#1600,#1601));
#1593 = ORIENTED_EDGE('',*,*,#1594,.T.);
#1594 = EDGE_CURVE('',#918,#1573,#1595,.T.);
#1595 = LINE('',#1596,#1597);
#1596 = CARTESIAN_POINT('',(-103.,144.,29.));
#1597 = VECTOR('',#1598,1.);
#1598 = DIRECTION('',(9.992007221626E-16,1.,2.22044604925E-16));
#1599 = ORIENTED_EDGE('',*,*,#1572,.T.);
#1600 = ORIENTED_EDGE('',*,*,#752,.F.);
#1601 = ORIENTED_EDGE('',*,*,#925,.F.);
#1602 = PLANE('',#1603);
#1603 = AXIS2_PLACEMENT_3D('',#1604,#1605,#1606);
#1604 = CARTESIAN_POINT('',(-103.,144.,29.));
#1605 = DIRECTION('',(-0.707106781187,5.495323605393E-16,0.707106781187)
  );
#1606 = DIRECTION('',(-0.707106781187,-1.177569344013E-15,
    -0.707106781187));
#1607 = ADVANCED_FACE('',(#1608),#1619,.T.);
#1608 = FACE_BOUND('',#1609,.T.);
#1609 = EDGE_LOOP('',(#1610,#1611,#1617,#1618));
#1610 = ORIENTED_EDGE('',*,*,#958,.F.);
#1611 = ORIENTED_EDGE('',*,*,#1612,.T.);
#1612 = EDGE_CURVE('',#951,#721,#1613,.T.);
#1613 = LINE('',#1614,#1615);
#1614 = CARTESIAN_POINT('',(-99.,137.,3.));
#1615 = VECTOR('',#1616,1.);
#1616 = DIRECTION('',(-1.,-6.661338147751E-16,-1.443289932013E-15));
#1617 = ORIENTED_EDGE('',*,*,#720,.T.);
#1618 = ORIENTED_EDGE('',*,*,#981,.F.);
#1619 = PLANE('',#1620);
#1620 = AXIS2_PLACEMENT_3D('',#1621,#1622,#1623);
#1621 = CARTESIAN_POINT('',(-99.,137.,3.));
#1622 = DIRECTION('',(5.551115123126E-16,1.33226762955E-15,1.));
#1623 = DIRECTION('',(-1.443289932013E-15,-1.,-6.661338147751E-16));
#1624 = ADVANCED_FACE('',(#1625),#1636,.F.);
#1625 = FACE_BOUND('',#1626,.F.);
#1626 = EDGE_LOOP('',(#1627,#1628,#1629,#1630));
#1627 = ORIENTED_EDGE('',*,*,#950,.T.);
#1628 = ORIENTED_EDGE('',*,*,#1612,.T.);
#1629 = ORIENTED_EDGE('',*,*,#728,.T.);
#1630 = ORIENTED_EDGE('',*,*,#1631,.T.);
#1631 = EDGE_CURVE('',#729,#943,#1632,.T.);
#1632 = LINE('',#1633,#1634);
#1633 = CARTESIAN_POINT('',(-110.2,137.,36.));
#1634 = VECTOR('',#1635,1.);
#1635 = DIRECTION('',(1.,6.661338147751E-16,1.33226762955E-15));
#1636 = PLANE('',#1637);
#1637 = AXIS2_PLACEMENT_3D('',#1638,#1639,#1640);
#1638 = CARTESIAN_POINT('',(-104.6,137.,18.));
#1639 = DIRECTION('',(1.33226762955E-15,1.,6.661338147751E-16));
#1640 = DIRECTION('',(6.661338147751E-16,1.33226762955E-15,1.));
#1641 = ADVANCED_FACE('',(#1642),#1648,.F.);
#1642 = FACE_BOUND('',#1643,.F.);
#1643 = EDGE_LOOP('',(#1644,#1645,#1646,#1647));
#1644 = ORIENTED_EDGE('',*,*,#1631,.F.);
#1645 = ORIENTED_EDGE('',*,*,#736,.T.);
#1646 = ORIENTED_EDGE('',*,*,#893,.T.);
#1647 = ORIENTED_EDGE('',*,*,#942,.F.);
#1648 = PLANE('',#1649);
#1649 = AXIS2_PLACEMENT_3D('',#1650,#1651,#1652);
#1650 = CARTESIAN_POINT('',(-110.2,137.,36.));
#1651 = DIRECTION('',(-4.440892098501E-16,-1.33226762955E-15,-1.));
#1652 = DIRECTION('',(1.,5.551115123126E-16,1.221245327088E-15));
#1653 = ADVANCED_FACE('',(#1654),#1660,.T.);
#1654 = FACE_BOUND('',#1655,.T.);
#1655 = EDGE_LOOP('',(#1656,#1657,#1658,#1659));
#1656 = ORIENTED_EDGE('',*,*,#1555,.T.);
#1657 = ORIENTED_EDGE('',*,*,#1580,.T.);
#1658 = ORIENTED_EDGE('',*,*,#1594,.F.);
#1659 = ORIENTED_EDGE('',*,*,#917,.F.);
#1660 = PLANE('',#1661);
#1661 = AXIS2_PLACEMENT_3D('',#1662,#1663,#1664);
#1662 = CARTESIAN_POINT('',(-103.,144.,11.));
#1663 = DIRECTION('',(1.,3.330669073875E-16,8.881784197001E-16));
#1664 = DIRECTION('',(4.440892098501E-16,1.221245327088E-15,1.));
#1665 = ADVANCED_FACE('',(#1666,#1669),#1672,.F.);
#1666 = FACE_BOUND('',#1667,.F.);
#1667 = EDGE_LOOP('',(#1668));
#1668 = ORIENTED_EDGE('',*,*,#1300,.F.);
#1669 = FACE_BOUND('',#1670,.F.);
#1670 = EDGE_LOOP('',(#1671));
#1671 = ORIENTED_EDGE('',*,*,#1251,.F.);
#1672 = PLANE('',#1673);
#1673 = AXIS2_PLACEMENT_3D('',#1674,#1675,#1676);
#1674 = CARTESIAN_POINT('',(-100.,-5.5,22.225));
#1675 = DIRECTION('',(4.440892098501E-16,1.,-1.263450004348E-17));
#1676 = DIRECTION('',(2.22044604925E-16,6.787683148186E-16,1.));
#1677 = ADVANCED_FACE('',(#1678,#1681),#1684,.F.);
#1678 = FACE_BOUND('',#1679,.F.);
#1679 = EDGE_LOOP('',(#1680));
#1680 = ORIENTED_EDGE('',*,*,#1325,.F.);
#1681 = FACE_BOUND('',#1682,.F.);
#1682 = EDGE_LOOP('',(#1683));
#1683 = ORIENTED_EDGE('',*,*,#1276,.F.);
#1684 = PLANE('',#1685);
#1685 = AXIS2_PLACEMENT_3D('',#1686,#1687,#1688);
#1686 = CARTESIAN_POINT('',(-100.,-5.5,22.225));
#1687 = DIRECTION('',(4.440892098501E-16,1.,-1.263450004348E-17));
#1688 = DIRECTION('',(2.22044604925E-16,6.787683148186E-16,1.));
#1689 = MANIFOLD_SOLID_BREP('',#1690);
#1690 = CLOSED_SHELL('',(#1691,#1731,#1826,#1857,#2047,#2166,#2347,#2371
    ,#2541,#2558,#2582,#2622,#2662,#2686,#2710,#2727,#2744,#2761,#2773,
    #2795,#2812,#2829,#2841,#2863,#2880,#2897,#2909,#2931,#2948,#2965,
    #2977,#2994,#3011,#3023,#3048,#3073,#3095,#3112,#3129,#3141,#3163,
    #3180,#3197,#3209,#3231,#3248,#3265,#3277,#3302,#3327,#3339,#3351));
#1691 = ADVANCED_FACE('',(#1692),#1726,.F.);
#1692 = FACE_BOUND('',#1693,.F.);
#1693 = EDGE_LOOP('',(#1694,#1704,#1712,#1720));
#1694 = ORIENTED_EDGE('',*,*,#1695,.T.);
#1695 = EDGE_CURVE('',#1696,#1698,#1700,.T.);
#1696 = VERTEX_POINT('',#1697);
#1697 = CARTESIAN_POINT('',(107.,206.,0.));
#1698 = VERTEX_POINT('',#1699);
#1699 = CARTESIAN_POINT('',(110.2,206.,0.));
#1700 = LINE('',#1701,#1702);
#1701 = CARTESIAN_POINT('',(107.,206.,2.779998453661E-13));
#1702 = VECTOR('',#1703,1.);
#1703 = DIRECTION('',(1.,8.881784197001E-16,1.887379141863E-15));
#1704 = ORIENTED_EDGE('',*,*,#1705,.T.);
#1705 = EDGE_CURVE('',#1698,#1706,#1708,.T.);
#1706 = VERTEX_POINT('',#1707);
#1707 = CARTESIAN_POINT('',(110.2,206.,40.3));
#1708 = LINE('',#1709,#1710);
#1709 = CARTESIAN_POINT('',(110.2,206.,3.219646771413E-13));
#1710 = VECTOR('',#1711,1.);
#1711 = DIRECTION('',(9.992007221626E-16,1.998401444325E-15,1.));
#1712 = ORIENTED_EDGE('',*,*,#1713,.F.);
#1713 = EDGE_CURVE('',#1714,#1706,#1716,.T.);
#1714 = VERTEX_POINT('',#1715);
#1715 = CARTESIAN_POINT('',(107.,206.,40.3));
#1716 = LINE('',#1717,#1718);
#1717 = CARTESIAN_POINT('',(107.,206.,40.3));
#1718 = VECTOR('',#1719,1.);
#1719 = DIRECTION('',(1.,8.881784197001E-16,1.887379141863E-15));
#1720 = ORIENTED_EDGE('',*,*,#1721,.F.);
#1721 = EDGE_CURVE('',#1696,#1714,#1722,.T.);
#1722 = LINE('',#1723,#1724);
#1723 = CARTESIAN_POINT('',(107.,206.,3.127498260369E-13));
#1724 = VECTOR('',#1725,1.);
#1725 = DIRECTION('',(9.992007221626E-16,1.998401444325E-15,1.));
#1726 = PLANE('',#1727);
#1727 = AXIS2_PLACEMENT_3D('',#1728,#1729,#1730);
#1728 = CARTESIAN_POINT('',(107.,206.,2.779998453661E-13));
#1729 = DIRECTION('',(-1.7763568394E-15,-1.,-7.771561172376E-16));
#1730 = DIRECTION('',(8.881784197001E-16,1.887379141863E-15,1.));
#1731 = ADVANCED_FACE('',(#1732),#1821,.T.);
#1732 = FACE_BOUND('',#1733,.T.);
#1733 = EDGE_LOOP('',(#1734,#1742,#1750,#1758,#1766,#1774,#1782,#1790,
    #1798,#1806,#1814,#1820));
#1734 = ORIENTED_EDGE('',*,*,#1735,.F.);
#1735 = EDGE_CURVE('',#1736,#1698,#1738,.T.);
#1736 = VERTEX_POINT('',#1737);
#1737 = CARTESIAN_POINT('',(110.2,1.419949629398E-30,0.));
#1738 = LINE('',#1739,#1740);
#1739 = CARTESIAN_POINT('',(110.2,6.117328865685E-14,6.437073096777E-14)
  );
#1740 = VECTOR('',#1741,1.);
#1741 = DIRECTION('',(1.554312234475E-15,1.,5.551115123126E-16));
#1742 = ORIENTED_EDGE('',*,*,#1743,.T.);
#1743 = EDGE_CURVE('',#1736,#1744,#1746,.T.);
#1744 = VERTEX_POINT('',#1745);
#1745 = CARTESIAN_POINT('',(123.,5.522026336547E-30,1.42108547152E-14));
#1746 = LINE('',#1747,#1748);
#1747 = CARTESIAN_POINT('',(94.,1.785238623597E-13,-1.278976924368E-13)
  );
#1748 = VECTOR('',#1749,1.);
#1749 = DIRECTION('',(1.,8.881784197001E-16,1.7763568394E-15));
#1750 = ORIENTED_EDGE('',*,*,#1751,.T.);
#1751 = EDGE_CURVE('',#1744,#1752,#1754,.T.);
#1752 = VERTEX_POINT('',#1753);
#1753 = CARTESIAN_POINT('',(123.,-6.5,1.42108547152E-14));
#1754 = LINE('',#1755,#1756);
#1755 = CARTESIAN_POINT('',(123.,9.559020242023E-14,1.098010571354E-13)
  );
#1756 = VECTOR('',#1757,1.);
#1757 = DIRECTION('',(-1.665334536938E-15,-1.,-5.551115123126E-16));
#1758 = ORIENTED_EDGE('',*,*,#1759,.F.);
#1759 = EDGE_CURVE('',#1760,#1752,#1762,.T.);
#1760 = VERTEX_POINT('',#1761);
#1761 = CARTESIAN_POINT('',(94.,-6.5,-1.42108547152E-14));
#1762 = LINE('',#1763,#1764);
#1763 = CARTESIAN_POINT('',(94.,-6.5,-1.278976924368E-13));
#1764 = VECTOR('',#1765,1.);
#1765 = DIRECTION('',(1.,8.881784197001E-16,1.7763568394E-15));
#1766 = ORIENTED_EDGE('',*,*,#1767,.F.);
#1767 = EDGE_CURVE('',#1768,#1760,#1770,.T.);
#1768 = VERTEX_POINT('',#1769);
#1769 = CARTESIAN_POINT('',(94.,-4.486646398444E-30,-1.42108547152E-14)
  );
#1770 = LINE('',#1771,#1772);
#1771 = CARTESIAN_POINT('',(94.,7.305267502034E-14,6.150635556423E-14));
#1772 = VECTOR('',#1773,1.);
#1773 = DIRECTION('',(-1.665334536938E-15,-1.,-5.551115123126E-16));
#1774 = ORIENTED_EDGE('',*,*,#1775,.T.);
#1775 = EDGE_CURVE('',#1768,#1776,#1778,.T.);
#1776 = VERTEX_POINT('',#1777);
#1777 = CARTESIAN_POINT('',(107.,5.605193857299E-45,0.));
#1778 = LINE('',#1779,#1780);
#1779 = CARTESIAN_POINT('',(94.,1.785238623597E-13,-1.278976924368E-13)
  );
#1780 = VECTOR('',#1781,1.);
#1781 = DIRECTION('',(1.,8.881784197001E-16,1.7763568394E-15));
#1782 = ORIENTED_EDGE('',*,*,#1783,.T.);
#1783 = EDGE_CURVE('',#1776,#1784,#1786,.T.);
#1784 = VERTEX_POINT('',#1785);
#1785 = CARTESIAN_POINT('',(107.,8.3,0.));
#1786 = LINE('',#1787,#1788);
#1787 = CARTESIAN_POINT('',(107.,1.069144772714E-13,1.069144772714E-13)
  );
#1788 = VECTOR('',#1789,1.);
#1789 = DIRECTION('',(1.998401444325E-15,1.,9.992007221626E-16));
#1790 = ORIENTED_EDGE('',*,*,#1791,.F.);
#1791 = EDGE_CURVE('',#1792,#1784,#1794,.T.);
#1792 = VERTEX_POINT('',#1793);
#1793 = CARTESIAN_POINT('',(99.,8.3,0.));
#1794 = LINE('',#1795,#1796);
#1795 = CARTESIAN_POINT('',(99.,8.3,6.525890938747E-14));
#1796 = VECTOR('',#1797,1.);
#1797 = DIRECTION('',(1.,6.661338147751E-16,1.443289932013E-15));
#1798 = ORIENTED_EDGE('',*,*,#1799,.T.);
#1799 = EDGE_CURVE('',#1792,#1800,#1802,.T.);
#1800 = VERTEX_POINT('',#1801);
#1801 = CARTESIAN_POINT('',(99.,144.,0.));
#1802 = LINE('',#1803,#1804);
#1803 = CARTESIAN_POINT('',(99.,8.3,5.334621633324E-14));
#1804 = VECTOR('',#1805,1.);
#1805 = DIRECTION('',(1.33226762955E-15,1.,5.551115123126E-16));
#1806 = ORIENTED_EDGE('',*,*,#1807,.T.);
#1807 = EDGE_CURVE('',#1800,#1808,#1810,.T.);
#1808 = VERTEX_POINT('',#1809);
#1809 = CARTESIAN_POINT('',(107.,144.,0.));
#1810 = LINE('',#1811,#1812);
#1811 = CARTESIAN_POINT('',(99.,144.,-7.105427357601E-14));
#1812 = VECTOR('',#1813,1.);
#1813 = DIRECTION('',(1.,6.661338147751E-16,1.33226762955E-15));
#1814 = ORIENTED_EDGE('',*,*,#1815,.T.);
#1815 = EDGE_CURVE('',#1808,#1696,#1816,.T.);
#1816 = LINE('',#1817,#1818);
#1817 = CARTESIAN_POINT('',(107.,1.069144772714E-13,1.069144772714E-13)
  );
#1818 = VECTOR('',#1819,1.);
#1819 = DIRECTION('',(1.998401444325E-15,1.,9.992007221626E-16));
#1820 = ORIENTED_EDGE('',*,*,#1695,.T.);
#1821 = PLANE('',#1822);
#1822 = AXIS2_PLACEMENT_3D('',#1823,#1824,#1825);
#1823 = CARTESIAN_POINT('',(106.23066132264,88.342384769539,
    1.078164433706E-13));
#1824 = DIRECTION('',(-2.430827240676E-16,-1.110223024625E-15,-1.));
#1825 = DIRECTION('',(-1.,-5.551115123126E-16,-1.42225181287E-15));
#1826 = ADVANCED_FACE('',(#1827),#1852,.F.);
#1827 = FACE_BOUND('',#1828,.F.);
#1828 = EDGE_LOOP('',(#1829,#1830,#1838,#1846));
#1829 = ORIENTED_EDGE('',*,*,#1713,.T.);
#1830 = ORIENTED_EDGE('',*,*,#1831,.T.);
#1831 = EDGE_CURVE('',#1706,#1832,#1834,.T.);
#1832 = VERTEX_POINT('',#1833);
#1833 = CARTESIAN_POINT('',(110.2,4.026778910315E-14,40.3));
#1834 = LINE('',#1835,#1836);
#1835 = CARTESIAN_POINT('',(110.2,206.,40.3));
#1836 = VECTOR('',#1837,1.);
#1837 = DIRECTION('',(-1.998401444325E-15,-1.,-9.992007221626E-16));
#1838 = ORIENTED_EDGE('',*,*,#1839,.F.);
#1839 = EDGE_CURVE('',#1840,#1832,#1842,.T.);
#1840 = VERTEX_POINT('',#1841);
#1841 = CARTESIAN_POINT('',(107.,4.026778910315E-14,40.3));
#1842 = LINE('',#1843,#1844);
#1843 = CARTESIAN_POINT('',(107.,1.71096470325E-13,40.3));
#1844 = VECTOR('',#1845,1.);
#1845 = DIRECTION('',(1.,8.881784197001E-16,1.887379141863E-15));
#1846 = ORIENTED_EDGE('',*,*,#1847,.F.);
#1847 = EDGE_CURVE('',#1714,#1840,#1848,.T.);
#1848 = LINE('',#1849,#1850);
#1849 = CARTESIAN_POINT('',(107.,206.,40.3));
#1850 = VECTOR('',#1851,1.);
#1851 = DIRECTION('',(-1.998401444325E-15,-1.,-9.992007221626E-16));
#1852 = PLANE('',#1853);
#1853 = AXIS2_PLACEMENT_3D('',#1854,#1855,#1856);
#1854 = CARTESIAN_POINT('',(107.,206.,40.3));
#1855 = DIRECTION('',(-7.771561172376E-16,-1.7763568394E-15,-1.));
#1856 = DIRECTION('',(-1.887379141863E-15,-1.,-8.881784197001E-16));
#1857 = ADVANCED_FACE('',(#1858,#1940,#1974,#2008),#2042,.F.);
#1858 = FACE_BOUND('',#1859,.F.);
#1859 = EDGE_LOOP('',(#1860,#1861,#1862,#1868,#1869,#1877,#1885,#1893,
    #1901,#1909,#1917,#1925,#1933,#1939));
#1860 = ORIENTED_EDGE('',*,*,#1721,.T.);
#1861 = ORIENTED_EDGE('',*,*,#1847,.T.);
#1862 = ORIENTED_EDGE('',*,*,#1863,.T.);
#1863 = EDGE_CURVE('',#1840,#1776,#1864,.T.);
#1864 = LINE('',#1865,#1866);
#1865 = CARTESIAN_POINT('',(107.,1.874500554777E-13,40.3));
#1866 = VECTOR('',#1867,1.);
#1867 = DIRECTION('',(-9.992007221626E-16,-1.998401444325E-15,-1.));
#1868 = ORIENTED_EDGE('',*,*,#1783,.T.);
#1869 = ORIENTED_EDGE('',*,*,#1870,.T.);
#1870 = EDGE_CURVE('',#1784,#1871,#1873,.T.);
#1871 = VERTEX_POINT('',#1872);
#1872 = CARTESIAN_POINT('',(107.,8.3,3.));
#1873 = LINE('',#1874,#1875);
#1874 = CARTESIAN_POINT('',(107.,8.3,11.575));
#1875 = VECTOR('',#1876,1.);
#1876 = DIRECTION('',(3.330669073876E-16,4.996003610813E-15,1.));
#1877 = ORIENTED_EDGE('',*,*,#1878,.T.);
#1878 = EDGE_CURVE('',#1871,#1879,#1881,.T.);
#1879 = VERTEX_POINT('',#1880);
#1880 = CARTESIAN_POINT('',(107.,137.,3.));
#1881 = LINE('',#1882,#1883);
#1882 = CARTESIAN_POINT('',(107.,120.,3.));
#1883 = VECTOR('',#1884,1.);
#1884 = DIRECTION('',(1.33226762955E-15,1.,6.661338147751E-16));
#1885 = ORIENTED_EDGE('',*,*,#1886,.T.);
#1886 = EDGE_CURVE('',#1879,#1887,#1889,.T.);
#1887 = VERTEX_POINT('',#1888);
#1888 = CARTESIAN_POINT('',(107.,137.,36.));
#1889 = LINE('',#1890,#1891);
#1890 = CARTESIAN_POINT('',(107.,137.,19.075));
#1891 = VECTOR('',#1892,1.);
#1892 = DIRECTION('',(1.110223024625E-16,1.110223024625E-15,1.));
#1893 = ORIENTED_EDGE('',*,*,#1894,.F.);
#1894 = EDGE_CURVE('',#1895,#1887,#1897,.T.);
#1895 = VERTEX_POINT('',#1896);
#1896 = CARTESIAN_POINT('',(107.,144.,36.));
#1897 = LINE('',#1898,#1899);
#1898 = CARTESIAN_POINT('',(107.,120.,36.));
#1899 = VECTOR('',#1900,1.);
#1900 = DIRECTION('',(-1.110223024625E-15,-1.,-3.330669073875E-16));
#1901 = ORIENTED_EDGE('',*,*,#1902,.F.);
#1902 = EDGE_CURVE('',#1903,#1895,#1905,.T.);
#1903 = VERTEX_POINT('',#1904);
#1904 = CARTESIAN_POINT('',(107.,144.,25.));
#1905 = LINE('',#1906,#1907);
#1906 = CARTESIAN_POINT('',(107.,144.,19.075));
#1907 = VECTOR('',#1908,1.);
#1908 = DIRECTION('',(1.110223024625E-16,1.110223024625E-15,1.));
#1909 = ORIENTED_EDGE('',*,*,#1910,.T.);
#1910 = EDGE_CURVE('',#1903,#1911,#1913,.T.);
#1911 = VERTEX_POINT('',#1912);
#1912 = CARTESIAN_POINT('',(107.,202.,25.));
#1913 = LINE('',#1914,#1915);
#1914 = CARTESIAN_POINT('',(107.,144.,25.));
#1915 = VECTOR('',#1916,1.);
#1916 = DIRECTION('',(9.992007221626E-16,1.,2.22044604925E-16));
#1917 = ORIENTED_EDGE('',*,*,#1918,.F.);
#1918 = EDGE_CURVE('',#1919,#1911,#1921,.T.);
#1919 = VERTEX_POINT('',#1920);
#1920 = CARTESIAN_POINT('',(107.,202.,15.));
#1921 = LINE('',#1922,#1923);
#1922 = CARTESIAN_POINT('',(107.,202.,20.075));
#1923 = VECTOR('',#1924,1.);
#1924 = DIRECTION('',(-1.110223024625E-16,8.881784197001E-16,1.));
#1925 = ORIENTED_EDGE('',*,*,#1926,.F.);
#1926 = EDGE_CURVE('',#1927,#1919,#1929,.T.);
#1927 = VERTEX_POINT('',#1928);
#1928 = CARTESIAN_POINT('',(107.,144.,15.));
#1929 = LINE('',#1930,#1931);
#1930 = CARTESIAN_POINT('',(107.,144.,15.));
#1931 = VECTOR('',#1932,1.);
#1932 = DIRECTION('',(9.992007221626E-16,1.,2.22044604925E-16));
#1933 = ORIENTED_EDGE('',*,*,#1934,.F.);
#1934 = EDGE_CURVE('',#1808,#1927,#1935,.T.);
#1935 = LINE('',#1936,#1937);
#1936 = CARTESIAN_POINT('',(107.,144.,19.075));
#1937 = VECTOR('',#1938,1.);
#1938 = DIRECTION('',(1.110223024625E-16,1.110223024625E-15,1.));
#1939 = ORIENTED_EDGE('',*,*,#1815,.T.);
#1940 = FACE_BOUND('',#1941,.F.);
#1941 = EDGE_LOOP('',(#1942,#1952,#1960,#1968));
#1942 = ORIENTED_EDGE('',*,*,#1943,.F.);
#1943 = EDGE_CURVE('',#1944,#1946,#1948,.T.);
#1944 = VERTEX_POINT('',#1945);
#1945 = CARTESIAN_POINT('',(107.,96.,10.));
#1946 = VERTEX_POINT('',#1947);
#1947 = CARTESIAN_POINT('',(107.,124.,10.));
#1948 = LINE('',#1949,#1950);
#1949 = CARTESIAN_POINT('',(107.,96.,10.));
#1950 = VECTOR('',#1951,1.);
#1951 = DIRECTION('',(2.22044604925E-16,1.,1.110223024625E-16));
#1952 = ORIENTED_EDGE('',*,*,#1953,.F.);
#1953 = EDGE_CURVE('',#1954,#1944,#1956,.T.);
#1954 = VERTEX_POINT('',#1955);
#1955 = CARTESIAN_POINT('',(107.,96.,30.));
#1956 = LINE('',#1957,#1958);
#1957 = CARTESIAN_POINT('',(107.,96.,30.));
#1958 = VECTOR('',#1959,1.);
#1959 = DIRECTION('',(-1.110223024625E-16,-2.22044604925E-16,-1.));
#1960 = ORIENTED_EDGE('',*,*,#1961,.F.);
#1961 = EDGE_CURVE('',#1962,#1954,#1964,.T.);
#1962 = VERTEX_POINT('',#1963);
#1963 = CARTESIAN_POINT('',(107.,124.,30.));
#1964 = LINE('',#1965,#1966);
#1965 = CARTESIAN_POINT('',(107.,124.,30.));
#1966 = VECTOR('',#1967,1.);
#1967 = DIRECTION('',(-2.22044604925E-16,-1.,-1.110223024625E-16));
#1968 = ORIENTED_EDGE('',*,*,#1969,.F.);
#1969 = EDGE_CURVE('',#1946,#1962,#1970,.T.);
#1970 = LINE('',#1971,#1972);
#1971 = CARTESIAN_POINT('',(107.,124.,10.));
#1972 = VECTOR('',#1973,1.);
#1973 = DIRECTION('',(1.110223024625E-16,2.22044604925E-16,1.));
#1974 = FACE_BOUND('',#1975,.F.);
#1975 = EDGE_LOOP('',(#1976,#1986,#1994,#2002));
#1976 = ORIENTED_EDGE('',*,*,#1977,.F.);
#1977 = EDGE_CURVE('',#1978,#1980,#1982,.T.);
#1978 = VERTEX_POINT('',#1979);
#1979 = CARTESIAN_POINT('',(107.,24.,10.));
#1980 = VERTEX_POINT('',#1981);
#1981 = CARTESIAN_POINT('',(107.,52.,10.));
#1982 = LINE('',#1983,#1984);
#1983 = CARTESIAN_POINT('',(107.,24.,10.));
#1984 = VECTOR('',#1985,1.);
#1985 = DIRECTION('',(2.22044604925E-16,1.,1.110223024625E-16));
#1986 = ORIENTED_EDGE('',*,*,#1987,.F.);
#1987 = EDGE_CURVE('',#1988,#1978,#1990,.T.);
#1988 = VERTEX_POINT('',#1989);
#1989 = CARTESIAN_POINT('',(107.,24.,30.));
#1990 = LINE('',#1991,#1992);
#1991 = CARTESIAN_POINT('',(107.,24.,30.));
#1992 = VECTOR('',#1993,1.);
#1993 = DIRECTION('',(-1.110223024625E-16,-2.22044604925E-16,-1.));
#1994 = ORIENTED_EDGE('',*,*,#1995,.F.);
#1995 = EDGE_CURVE('',#1996,#1988,#1998,.T.);
#1996 = VERTEX_POINT('',#1997);
#1997 = CARTESIAN_POINT('',(107.,52.,30.));
#1998 = LINE('',#1999,#2000);
#1999 = CARTESIAN_POINT('',(107.,52.,30.));
#2000 = VECTOR('',#2001,1.);
#2001 = DIRECTION('',(-2.22044604925E-16,-1.,-1.110223024625E-16));
#2002 = ORIENTED_EDGE('',*,*,#2003,.F.);
#2003 = EDGE_CURVE('',#1980,#1996,#2004,.T.);
#2004 = LINE('',#2005,#2006);
#2005 = CARTESIAN_POINT('',(107.,52.,10.));
#2006 = VECTOR('',#2007,1.);
#2007 = DIRECTION('',(1.110223024625E-16,2.22044604925E-16,1.));
#2008 = FACE_BOUND('',#2009,.F.);
#2009 = EDGE_LOOP('',(#2010,#2020,#2028,#2036));
#2010 = ORIENTED_EDGE('',*,*,#2011,.F.);
#2011 = EDGE_CURVE('',#2012,#2014,#2016,.T.);
#2012 = VERTEX_POINT('',#2013);
#2013 = CARTESIAN_POINT('',(107.,60.,10.));
#2014 = VERTEX_POINT('',#2015);
#2015 = CARTESIAN_POINT('',(107.,88.,10.));
#2016 = LINE('',#2017,#2018);
#2017 = CARTESIAN_POINT('',(107.,60.,10.));
#2018 = VECTOR('',#2019,1.);
#2019 = DIRECTION('',(2.22044604925E-16,1.,1.110223024625E-16));
#2020 = ORIENTED_EDGE('',*,*,#2021,.F.);
#2021 = EDGE_CURVE('',#2022,#2012,#2024,.T.);
#2022 = VERTEX_POINT('',#2023);
#2023 = CARTESIAN_POINT('',(107.,60.,30.));
#2024 = LINE('',#2025,#2026);
#2025 = CARTESIAN_POINT('',(107.,60.,30.));
#2026 = VECTOR('',#2027,1.);
#2027 = DIRECTION('',(-1.110223024625E-16,-2.22044604925E-16,-1.));
#2028 = ORIENTED_EDGE('',*,*,#2029,.F.);
#2029 = EDGE_CURVE('',#2030,#2022,#2032,.T.);
#2030 = VERTEX_POINT('',#2031);
#2031 = CARTESIAN_POINT('',(107.,88.,30.));
#2032 = LINE('',#2033,#2034);
#2033 = CARTESIAN_POINT('',(107.,88.,30.));
#2034 = VECTOR('',#2035,1.);
#2035 = DIRECTION('',(-2.22044604925E-16,-1.,-1.110223024625E-16));
#2036 = ORIENTED_EDGE('',*,*,#2037,.F.);
#2037 = EDGE_CURVE('',#2014,#2030,#2038,.T.);
#2038 = LINE('',#2039,#2040);
#2039 = CARTESIAN_POINT('',(107.,88.,10.));
#2040 = VECTOR('',#2041,1.);
#2041 = DIRECTION('',(1.110223024625E-16,2.22044604925E-16,1.));
#2042 = PLANE('',#2043);
#2043 = AXIS2_PLACEMENT_3D('',#2044,#2045,#2046);
#2044 = CARTESIAN_POINT('',(107.,103.,20.15));
#2045 = DIRECTION('',(1.,9.992007221626E-16,1.998401444325E-15));
#2046 = DIRECTION('',(9.992007221626E-16,1.998401444325E-15,1.));
#2047 = ADVANCED_FACE('',(#2048,#2059,#2093,#2127),#2161,.T.);
#2048 = FACE_BOUND('',#2049,.T.);
#2049 = EDGE_LOOP('',(#2050,#2051,#2057,#2058));
#2050 = ORIENTED_EDGE('',*,*,#1831,.T.);
#2051 = ORIENTED_EDGE('',*,*,#2052,.T.);
#2052 = EDGE_CURVE('',#1832,#1736,#2053,.T.);
#2053 = LINE('',#2054,#2055);
#2054 = CARTESIAN_POINT('',(110.2,1.874500554777E-13,40.3));
#2055 = VECTOR('',#2056,1.);
#2056 = DIRECTION('',(-9.992007221626E-16,-1.998401444325E-15,-1.));
#2057 = ORIENTED_EDGE('',*,*,#1735,.T.);
#2058 = ORIENTED_EDGE('',*,*,#1705,.T.);
#2059 = FACE_BOUND('',#2060,.T.);
#2060 = EDGE_LOOP('',(#2061,#2071,#2079,#2087));
#2061 = ORIENTED_EDGE('',*,*,#2062,.F.);
#2062 = EDGE_CURVE('',#2063,#2065,#2067,.T.);
#2063 = VERTEX_POINT('',#2064);
#2064 = CARTESIAN_POINT('',(110.2,24.,10.));
#2065 = VERTEX_POINT('',#2066);
#2066 = CARTESIAN_POINT('',(110.2,52.,10.));
#2067 = LINE('',#2068,#2069);
#2068 = CARTESIAN_POINT('',(110.2,24.,10.));
#2069 = VECTOR('',#2070,1.);
#2070 = DIRECTION('',(2.22044604925E-16,1.,1.110223024625E-16));
#2071 = ORIENTED_EDGE('',*,*,#2072,.F.);
#2072 = EDGE_CURVE('',#2073,#2063,#2075,.T.);
#2073 = VERTEX_POINT('',#2074);
#2074 = CARTESIAN_POINT('',(110.2,24.,30.));
#2075 = LINE('',#2076,#2077);
#2076 = CARTESIAN_POINT('',(110.2,24.,30.));
#2077 = VECTOR('',#2078,1.);
#2078 = DIRECTION('',(-1.110223024625E-16,-2.22044604925E-16,-1.));
#2079 = ORIENTED_EDGE('',*,*,#2080,.F.);
#2080 = EDGE_CURVE('',#2081,#2073,#2083,.T.);
#2081 = VERTEX_POINT('',#2082);
#2082 = CARTESIAN_POINT('',(110.2,52.,30.));
#2083 = LINE('',#2084,#2085);
#2084 = CARTESIAN_POINT('',(110.2,52.,30.));
#2085 = VECTOR('',#2086,1.);
#2086 = DIRECTION('',(-2.22044604925E-16,-1.,-1.110223024625E-16));
#2087 = ORIENTED_EDGE('',*,*,#2088,.F.);
#2088 = EDGE_CURVE('',#2065,#2081,#2089,.T.);
#2089 = LINE('',#2090,#2091);
#2090 = CARTESIAN_POINT('',(110.2,52.,10.));
#2091 = VECTOR('',#2092,1.);
#2092 = DIRECTION('',(1.110223024625E-16,2.22044604925E-16,1.));
#2093 = FACE_BOUND('',#2094,.T.);
#2094 = EDGE_LOOP('',(#2095,#2105,#2113,#2121));
#2095 = ORIENTED_EDGE('',*,*,#2096,.F.);
#2096 = EDGE_CURVE('',#2097,#2099,#2101,.T.);
#2097 = VERTEX_POINT('',#2098);
#2098 = CARTESIAN_POINT('',(110.2,60.,10.));
#2099 = VERTEX_POINT('',#2100);
#2100 = CARTESIAN_POINT('',(110.2,88.,10.));
#2101 = LINE('',#2102,#2103);
#2102 = CARTESIAN_POINT('',(110.2,60.,10.));
#2103 = VECTOR('',#2104,1.);
#2104 = DIRECTION('',(2.22044604925E-16,1.,1.110223024625E-16));
#2105 = ORIENTED_EDGE('',*,*,#2106,.F.);
#2106 = EDGE_CURVE('',#2107,#2097,#2109,.T.);
#2107 = VERTEX_POINT('',#2108);
#2108 = CARTESIAN_POINT('',(110.2,60.,30.));
#2109 = LINE('',#2110,#2111);
#2110 = CARTESIAN_POINT('',(110.2,60.,30.));
#2111 = VECTOR('',#2112,1.);
#2112 = DIRECTION('',(-1.110223024625E-16,-2.22044604925E-16,-1.));
#2113 = ORIENTED_EDGE('',*,*,#2114,.F.);
#2114 = EDGE_CURVE('',#2115,#2107,#2117,.T.);
#2115 = VERTEX_POINT('',#2116);
#2116 = CARTESIAN_POINT('',(110.2,88.,30.));
#2117 = LINE('',#2118,#2119);
#2118 = CARTESIAN_POINT('',(110.2,88.,30.));
#2119 = VECTOR('',#2120,1.);
#2120 = DIRECTION('',(-2.22044604925E-16,-1.,-1.110223024625E-16));
#2121 = ORIENTED_EDGE('',*,*,#2122,.F.);
#2122 = EDGE_CURVE('',#2099,#2115,#2123,.T.);
#2123 = LINE('',#2124,#2125);
#2124 = CARTESIAN_POINT('',(110.2,88.,10.));
#2125 = VECTOR('',#2126,1.);
#2126 = DIRECTION('',(1.110223024625E-16,2.22044604925E-16,1.));
#2127 = FACE_BOUND('',#2128,.T.);
#2128 = EDGE_LOOP('',(#2129,#2139,#2147,#2155));
#2129 = ORIENTED_EDGE('',*,*,#2130,.F.);
#2130 = EDGE_CURVE('',#2131,#2133,#2135,.T.);
#2131 = VERTEX_POINT('',#2132);
#2132 = CARTESIAN_POINT('',(110.2,96.,10.));
#2133 = VERTEX_POINT('',#2134);
#2134 = CARTESIAN_POINT('',(110.2,124.,10.));
#2135 = LINE('',#2136,#2137);
#2136 = CARTESIAN_POINT('',(110.2,96.,10.));
#2137 = VECTOR('',#2138,1.);
#2138 = DIRECTION('',(2.22044604925E-16,1.,1.110223024625E-16));
#2139 = ORIENTED_EDGE('',*,*,#2140,.F.);
#2140 = EDGE_CURVE('',#2141,#2131,#2143,.T.);
#2141 = VERTEX_POINT('',#2142);
#2142 = CARTESIAN_POINT('',(110.2,96.,30.));
#2143 = LINE('',#2144,#2145);
#2144 = CARTESIAN_POINT('',(110.2,96.,30.));
#2145 = VECTOR('',#2146,1.);
#2146 = DIRECTION('',(-1.110223024625E-16,-2.22044604925E-16,-1.));
#2147 = ORIENTED_EDGE('',*,*,#2148,.F.);
#2148 = EDGE_CURVE('',#2149,#2141,#2151,.T.);
#2149 = VERTEX_POINT('',#2150);
#2150 = CARTESIAN_POINT('',(110.2,124.,30.));
#2151 = LINE('',#2152,#2153);
#2152 = CARTESIAN_POINT('',(110.2,124.,30.));
#2153 = VECTOR('',#2154,1.);
#2154 = DIRECTION('',(-2.22044604925E-16,-1.,-1.110223024625E-16));
#2155 = ORIENTED_EDGE('',*,*,#2156,.F.);
#2156 = EDGE_CURVE('',#2133,#2149,#2157,.T.);
#2157 = LINE('',#2158,#2159);
#2158 = CARTESIAN_POINT('',(110.2,124.,10.));
#2159 = VECTOR('',#2160,1.);
#2160 = DIRECTION('',(1.110223024625E-16,2.22044604925E-16,1.));
#2161 = PLANE('',#2162);
#2162 = AXIS2_PLACEMENT_3D('',#2163,#2164,#2165);
#2163 = CARTESIAN_POINT('',(110.2,103.,20.15));
#2164 = DIRECTION('',(1.,1.113569392124E-16,8.046901994512E-16));
#2165 = DIRECTION('',(1.553977597725E-15,1.,5.551115123126E-16));
#2166 = ADVANCED_FACE('',(#2167,#2212,#2223,#2234,#2270,#2306),#2342,.T.
  );
#2167 = FACE_BOUND('',#2168,.T.);
#2168 = EDGE_LOOP('',(#2169,#2170,#2178,#2186,#2194,#2202,#2208,#2209,
    #2210,#2211));
#2169 = ORIENTED_EDGE('',*,*,#1775,.F.);
#2170 = ORIENTED_EDGE('',*,*,#2171,.F.);
#2171 = EDGE_CURVE('',#2172,#1768,#2174,.T.);
#2172 = VERTEX_POINT('',#2173);
#2173 = CARTESIAN_POINT('',(94.,4.934941344459E-14,44.45));
#2174 = LINE('',#2175,#2176);
#2175 = CARTESIAN_POINT('',(94.,2.6735280656E-13,44.45));
#2176 = VECTOR('',#2177,1.);
#2177 = DIRECTION('',(-8.881784197001E-16,-1.998401444325E-15,-1.));
#2178 = ORIENTED_EDGE('',*,*,#2179,.F.);
#2179 = EDGE_CURVE('',#2180,#2172,#2182,.T.);
#2180 = VERTEX_POINT('',#2181);
#2181 = CARTESIAN_POINT('',(123.,4.934941344459E-14,44.45));
#2182 = LINE('',#2183,#2184);
#2183 = CARTESIAN_POINT('',(123.,2.931099807313E-13,44.45));
#2184 = VECTOR('',#2185,1.);
#2185 = DIRECTION('',(-1.,-8.881784197001E-16,-1.7763568394E-15));
#2186 = ORIENTED_EDGE('',*,*,#2187,.F.);
#2187 = EDGE_CURVE('',#2188,#2180,#2190,.T.);
#2188 = VERTEX_POINT('',#2189);
#2189 = CARTESIAN_POINT('',(127.,4.490852134609E-14,40.45));
#2190 = LINE('',#2191,#2192);
#2191 = CARTESIAN_POINT('',(127.,2.886690886328E-13,40.45));
#2192 = VECTOR('',#2193,1.);
#2193 = DIRECTION('',(-0.707106781187,7.850462293419E-16,0.707106781187)
  );
#2194 = ORIENTED_EDGE('',*,*,#2195,.F.);
#2195 = EDGE_CURVE('',#2196,#2188,#2198,.T.);
#2196 = VERTEX_POINT('',#2197);
#2197 = CARTESIAN_POINT('',(127.,4.440892098501E-15,4.));
#2198 = LINE('',#2199,#2200);
#2199 = CARTESIAN_POINT('',(127.,2.158273559871E-13,4.));
#2200 = VECTOR('',#2201,1.);
#2201 = DIRECTION('',(8.881784197001E-16,1.998401444325E-15,1.));
#2202 = ORIENTED_EDGE('',*,*,#2203,.F.);
#2203 = EDGE_CURVE('',#1744,#2196,#2204,.T.);
#2204 = LINE('',#2205,#2206);
#2205 = CARTESIAN_POINT('',(123.,2.04281036531E-13,-7.105427357601E-14)
  );
#2206 = VECTOR('',#2207,1.);
#2207 = DIRECTION('',(0.707106781187,2.041120196289E-15,0.707106781187)
  );
#2208 = ORIENTED_EDGE('',*,*,#1743,.F.);
#2209 = ORIENTED_EDGE('',*,*,#2052,.F.);
#2210 = ORIENTED_EDGE('',*,*,#1839,.F.);
#2211 = ORIENTED_EDGE('',*,*,#1863,.T.);
#2212 = FACE_BOUND('',#2213,.T.);
#2213 = EDGE_LOOP('',(#2214));
#2214 = ORIENTED_EDGE('',*,*,#2215,.T.);
#2215 = EDGE_CURVE('',#2216,#2216,#2218,.T.);
#2216 = VERTEX_POINT('',#2217);
#2217 = CARTESIAN_POINT('',(103.2,7.932543510947E-15,14.29));
#2218 = CIRCLE('',#2219,3.2);
#2219 = AXIS2_PLACEMENT_3D('',#2220,#2221,#2222);
#2220 = CARTESIAN_POINT('',(100.,8.163691944674E-14,14.29));
#2221 = DIRECTION('',(3.330669073875E-16,-1.,8.881784197001E-16));
#2222 = DIRECTION('',(1.,3.330669073875E-16,6.661338147751E-16));
#2223 = FACE_BOUND('',#2224,.T.);
#2224 = EDGE_LOOP('',(#2225));
#2225 = ORIENTED_EDGE('',*,*,#2226,.T.);
#2226 = EDGE_CURVE('',#2227,#2227,#2229,.T.);
#2227 = VERTEX_POINT('',#2228);
#2228 = CARTESIAN_POINT('',(103.2,1.674216321135E-14,30.16));
#2229 = CIRCLE('',#2230,3.2);
#2230 = AXIS2_PLACEMENT_3D('',#2231,#2232,#2233);
#2231 = CARTESIAN_POINT('',(100.,9.573231096738E-14,30.16));
#2232 = DIRECTION('',(3.330669073875E-16,-1.,8.881784197001E-16));
#2233 = DIRECTION('',(1.,3.330669073875E-16,6.661338147751E-16));
#2234 = FACE_BOUND('',#2235,.T.);
#2235 = EDGE_LOOP('',(#2236,#2247,#2255,#2264));
#2236 = ORIENTED_EDGE('',*,*,#2237,.T.);
#2237 = EDGE_CURVE('',#2238,#2240,#2242,.T.);
#2238 = VERTEX_POINT('',#2239);
#2239 = CARTESIAN_POINT('',(116.0625,6.42819131258E-15,9.65));
#2240 = VERTEX_POINT('',#2241);
#2241 = CARTESIAN_POINT('',(116.0625,2.031708135064E-15,3.05));
#2242 = CIRCLE('',#2243,3.3);
#2243 = AXIS2_PLACEMENT_3D('',#2244,#2245,#2246);
#2244 = CARTESIAN_POINT('',(116.0625,1.061095655785E-13,6.35));
#2245 = DIRECTION('',(4.440892098501E-16,-1.,1.110223024625E-15));
#2246 = DIRECTION('',(1.,4.440892098501E-16,8.881784197001E-16));
#2247 = ORIENTED_EDGE('',*,*,#2248,.T.);
#2248 = EDGE_CURVE('',#2240,#2249,#2251,.T.);
#2249 = VERTEX_POINT('',#2250);
#2250 = CARTESIAN_POINT('',(120.4625,2.031708135064E-15,3.05));
#2251 = LINE('',#2252,#2253);
#2252 = CARTESIAN_POINT('',(116.0625,1.024458295973E-13,3.05));
#2253 = VECTOR('',#2254,1.);
#2254 = DIRECTION('',(1.,4.440892098501E-16,8.881784197001E-16));
#2255 = ORIENTED_EDGE('',*,*,#2256,.T.);
#2256 = EDGE_CURVE('',#2249,#2257,#2259,.T.);
#2257 = VERTEX_POINT('',#2258);
#2258 = CARTESIAN_POINT('',(120.4625,6.42819131258E-15,9.65));
#2259 = CIRCLE('',#2260,3.3);
#2260 = AXIS2_PLACEMENT_3D('',#2261,#2262,#2263);
#2261 = CARTESIAN_POINT('',(120.4625,1.080635581019E-13,6.35));
#2262 = DIRECTION('',(4.440892098501E-16,-1.,1.110223024625E-15));
#2263 = DIRECTION('',(1.,4.440892098501E-16,8.881784197001E-16));
#2264 = ORIENTED_EDGE('',*,*,#2265,.T.);
#2265 = EDGE_CURVE('',#2257,#2238,#2266,.T.);
#2266 = LINE('',#2267,#2268);
#2267 = CARTESIAN_POINT('',(120.4625,1.117272940832E-13,9.65));
#2268 = VECTOR('',#2269,1.);
#2269 = DIRECTION('',(-1.,-4.440892098501E-16,-8.881784197001E-16));
#2270 = FACE_BOUND('',#2271,.T.);
#2271 = EDGE_LOOP('',(#2272,#2283,#2291,#2300));
#2272 = ORIENTED_EDGE('',*,*,#2273,.T.);
#2273 = EDGE_CURVE('',#2274,#2276,#2278,.T.);
#2274 = VERTEX_POINT('',#2275);
#2275 = CARTESIAN_POINT('',(116.0625,1.700306562213E-14,25.525));
#2276 = VERTEX_POINT('',#2277);
#2277 = CARTESIAN_POINT('',(116.0625,1.260658244462E-14,18.925));
#2278 = CIRCLE('',#2279,3.3);
#2279 = AXIS2_PLACEMENT_3D('',#2280,#2281,#2282);
#2280 = CARTESIAN_POINT('',(116.0625,1.237343560945E-13,22.225));
#2281 = DIRECTION('',(4.440892098501E-16,-1.,1.110223024625E-15));
#2282 = DIRECTION('',(1.,4.440892098501E-16,8.881784197001E-16));
#2283 = ORIENTED_EDGE('',*,*,#2284,.T.);
#2284 = EDGE_CURVE('',#2276,#2285,#2287,.T.);
#2285 = VERTEX_POINT('',#2286);
#2286 = CARTESIAN_POINT('',(120.4625,1.260658244462E-14,18.925));
#2287 = LINE('',#2288,#2289);
#2288 = CARTESIAN_POINT('',(116.0625,1.200706201132E-13,18.925));
#2289 = VECTOR('',#2290,1.);
#2290 = DIRECTION('',(1.,4.440892098501E-16,8.881784197001E-16));
#2291 = ORIENTED_EDGE('',*,*,#2292,.T.);
#2292 = EDGE_CURVE('',#2285,#2293,#2295,.T.);
#2293 = VERTEX_POINT('',#2294);
#2294 = CARTESIAN_POINT('',(120.4625,1.700306562213E-14,25.525));
#2295 = CIRCLE('',#2296,3.3);
#2296 = AXIS2_PLACEMENT_3D('',#2297,#2298,#2299);
#2297 = CARTESIAN_POINT('',(120.4625,1.256883486178E-13,22.225));
#2298 = DIRECTION('',(4.440892098501E-16,-1.,1.110223024625E-15));
#2299 = DIRECTION('',(1.,4.440892098501E-16,8.881784197001E-16));
#2300 = ORIENTED_EDGE('',*,*,#2301,.T.);
#2301 = EDGE_CURVE('',#2293,#2274,#2302,.T.);
#2302 = LINE('',#2303,#2304);
#2303 = CARTESIAN_POINT('',(120.4625,1.293520845991E-13,25.525));
#2304 = VECTOR('',#2305,1.);
#2305 = DIRECTION('',(-1.,-4.440892098501E-16,-8.881784197001E-16));
#2306 = FACE_BOUND('',#2307,.T.);
#2307 = EDGE_LOOP('',(#2308,#2319,#2327,#2336));
#2308 = ORIENTED_EDGE('',*,*,#2309,.T.);
#2309 = EDGE_CURVE('',#2310,#2312,#2314,.T.);
#2310 = VERTEX_POINT('',#2311);
#2311 = CARTESIAN_POINT('',(116.0625,2.757793993169E-14,41.4));
#2312 = VERTEX_POINT('',#2313);
#2313 = CARTESIAN_POINT('',(116.0625,2.318145675417E-14,34.8));
#2314 = CIRCLE('',#2315,3.3);
#2315 = AXIS2_PLACEMENT_3D('',#2316,#2317,#2318);
#2316 = CARTESIAN_POINT('',(116.0625,1.413591466104E-13,38.1));
#2317 = DIRECTION('',(4.440892098501E-16,-1.,1.110223024625E-15));
#2318 = DIRECTION('',(1.,4.440892098501E-16,8.881784197001E-16));
#2319 = ORIENTED_EDGE('',*,*,#2320,.T.);
#2320 = EDGE_CURVE('',#2312,#2321,#2323,.T.);
#2321 = VERTEX_POINT('',#2322);
#2322 = CARTESIAN_POINT('',(120.4625,2.318145675417E-14,34.8));
#2323 = LINE('',#2324,#2325);
#2324 = CARTESIAN_POINT('',(116.0625,1.376954106291E-13,34.8));
#2325 = VECTOR('',#2326,1.);
#2326 = DIRECTION('',(1.,4.440892098501E-16,8.881784197001E-16));
#2327 = ORIENTED_EDGE('',*,*,#2328,.T.);
#2328 = EDGE_CURVE('',#2321,#2329,#2331,.T.);
#2329 = VERTEX_POINT('',#2330);
#2330 = CARTESIAN_POINT('',(120.4625,2.757793993169E-14,41.4));
#2331 = CIRCLE('',#2332,3.3);
#2332 = AXIS2_PLACEMENT_3D('',#2333,#2334,#2335);
#2333 = CARTESIAN_POINT('',(120.4625,1.433131391337E-13,38.1));
#2334 = DIRECTION('',(4.440892098501E-16,-1.,1.110223024625E-15));
#2335 = DIRECTION('',(1.,4.440892098501E-16,8.881784197001E-16));
#2336 = ORIENTED_EDGE('',*,*,#2337,.T.);
#2337 = EDGE_CURVE('',#2329,#2310,#2338,.T.);
#2338 = LINE('',#2339,#2340);
#2339 = CARTESIAN_POINT('',(120.4625,1.46976875115E-13,41.4));
#2340 = VECTOR('',#2341,1.);
#2341 = DIRECTION('',(-1.,-4.440892098501E-16,-8.881784197001E-16));
#2342 = PLANE('',#2343);
#2343 = AXIS2_PLACEMENT_3D('',#2344,#2345,#2346);
#2344 = CARTESIAN_POINT('',(109.94112140227,2.370968944752E-13,22.225));
#2345 = DIRECTION('',(1.7763568394E-15,1.,8.881784197001E-16));
#2346 = DIRECTION('',(8.881784197001E-16,1.7763568394E-15,1.));
#2347 = ADVANCED_FACE('',(#2348),#2366,.F.);
#2348 = FACE_BOUND('',#2349,.F.);
#2349 = EDGE_LOOP('',(#2350,#2351,#2359,#2365));
#2350 = ORIENTED_EDGE('',*,*,#1751,.T.);
#2351 = ORIENTED_EDGE('',*,*,#2352,.T.);
#2352 = EDGE_CURVE('',#1752,#2353,#2355,.T.);
#2353 = VERTEX_POINT('',#2354);
#2354 = CARTESIAN_POINT('',(127.,-6.5,4.));
#2355 = LINE('',#2356,#2357);
#2356 = CARTESIAN_POINT('',(123.,-6.5,-7.105427357601E-14));
#2357 = VECTOR('',#2358,1.);
#2358 = DIRECTION('',(0.707106781187,2.041120196289E-15,0.707106781187)
  );
#2359 = ORIENTED_EDGE('',*,*,#2360,.F.);
#2360 = EDGE_CURVE('',#2196,#2353,#2361,.T.);
#2361 = LINE('',#2362,#2363);
#2362 = CARTESIAN_POINT('',(127.,1.062483434566E-13,4.));
#2363 = VECTOR('',#2364,1.);
#2364 = DIRECTION('',(-1.665334536938E-15,-1.,-5.551115123126E-16));
#2365 = ORIENTED_EDGE('',*,*,#2203,.F.);
#2366 = PLANE('',#2367);
#2367 = AXIS2_PLACEMENT_3D('',#2368,#2369,#2370);
#2368 = CARTESIAN_POINT('',(123.,9.559020242023E-14,1.098010571354E-13)
  );
#2369 = DIRECTION('',(-0.707106781187,7.850462293419E-16,0.707106781187)
  );
#2370 = DIRECTION('',(0.707106781187,1.884110950421E-15,0.707106781187)
  );
#2371 = ADVANCED_FACE('',(#2372,#2406,#2417,#2428,#2464,#2500),#2536,.F.
  );
#2372 = FACE_BOUND('',#2373,.F.);
#2373 = EDGE_LOOP('',(#2374,#2375,#2383,#2391,#2399,#2405));
#2374 = ORIENTED_EDGE('',*,*,#1759,.F.);
#2375 = ORIENTED_EDGE('',*,*,#2376,.F.);
#2376 = EDGE_CURVE('',#2377,#1760,#2379,.T.);
#2377 = VERTEX_POINT('',#2378);
#2378 = CARTESIAN_POINT('',(94.,-6.5,44.45));
#2379 = LINE('',#2380,#2381);
#2380 = CARTESIAN_POINT('',(94.,-6.5,44.45));
#2381 = VECTOR('',#2382,1.);
#2382 = DIRECTION('',(-8.881784197001E-16,-1.998401444325E-15,-1.));
#2383 = ORIENTED_EDGE('',*,*,#2384,.F.);
#2384 = EDGE_CURVE('',#2385,#2377,#2387,.T.);
#2385 = VERTEX_POINT('',#2386);
#2386 = CARTESIAN_POINT('',(123.,-6.5,44.45));
#2387 = LINE('',#2388,#2389);
#2388 = CARTESIAN_POINT('',(123.,-6.5,44.45));
#2389 = VECTOR('',#2390,1.);
#2390 = DIRECTION('',(-1.,-8.881784197001E-16,-1.7763568394E-15));
#2391 = ORIENTED_EDGE('',*,*,#2392,.F.);
#2392 = EDGE_CURVE('',#2393,#2385,#2395,.T.);
#2393 = VERTEX_POINT('',#2394);
#2394 = CARTESIAN_POINT('',(127.,-6.5,40.45));
#2395 = LINE('',#2396,#2397);
#2396 = CARTESIAN_POINT('',(127.,-6.5,40.45));
#2397 = VECTOR('',#2398,1.);
#2398 = DIRECTION('',(-0.707106781187,7.850462293419E-16,0.707106781187)
  );
#2399 = ORIENTED_EDGE('',*,*,#2400,.F.);
#2400 = EDGE_CURVE('',#2353,#2393,#2401,.T.);
#2401 = LINE('',#2402,#2403);
#2402 = CARTESIAN_POINT('',(127.,-6.5,4.));
#2403 = VECTOR('',#2404,1.);
#2404 = DIRECTION('',(8.881784197001E-16,1.998401444325E-15,1.));
#2405 = ORIENTED_EDGE('',*,*,#2352,.F.);
#2406 = FACE_BOUND('',#2407,.F.);
#2407 = EDGE_LOOP('',(#2408));
#2408 = ORIENTED_EDGE('',*,*,#2409,.T.);
#2409 = EDGE_CURVE('',#2410,#2410,#2412,.T.);
#2410 = VERTEX_POINT('',#2411);
#2411 = CARTESIAN_POINT('',(105.5,-6.5,14.29));
#2412 = CIRCLE('',#2413,5.5);
#2413 = AXIS2_PLACEMENT_3D('',#2414,#2415,#2416);
#2414 = CARTESIAN_POINT('',(100.,-6.5,14.29));
#2415 = DIRECTION('',(2.22044604925E-16,-1.,6.661338147751E-16));
#2416 = DIRECTION('',(1.,2.22044604925E-16,4.440892098501E-16));
#2417 = FACE_BOUND('',#2418,.F.);
#2418 = EDGE_LOOP('',(#2419));
#2419 = ORIENTED_EDGE('',*,*,#2420,.T.);
#2420 = EDGE_CURVE('',#2421,#2421,#2423,.T.);
#2421 = VERTEX_POINT('',#2422);
#2422 = CARTESIAN_POINT('',(105.5,-6.5,30.16));
#2423 = CIRCLE('',#2424,5.5);
#2424 = AXIS2_PLACEMENT_3D('',#2425,#2426,#2427);
#2425 = CARTESIAN_POINT('',(100.,-6.5,30.16));
#2426 = DIRECTION('',(2.22044604925E-16,-1.,6.661338147751E-16));
#2427 = DIRECTION('',(1.,2.22044604925E-16,4.440892098501E-16));
#2428 = FACE_BOUND('',#2429,.F.);
#2429 = EDGE_LOOP('',(#2430,#2441,#2449,#2458));
#2430 = ORIENTED_EDGE('',*,*,#2431,.T.);
#2431 = EDGE_CURVE('',#2432,#2434,#2436,.T.);
#2432 = VERTEX_POINT('',#2433);
#2433 = CARTESIAN_POINT('',(116.0625,-6.5,9.65));
#2434 = VERTEX_POINT('',#2435);
#2435 = CARTESIAN_POINT('',(116.0625,-6.5,3.05));
#2436 = CIRCLE('',#2437,3.3);
#2437 = AXIS2_PLACEMENT_3D('',#2438,#2439,#2440);
#2438 = CARTESIAN_POINT('',(116.0625,-6.5,6.35));
#2439 = DIRECTION('',(4.440892098501E-16,-1.,1.110223024625E-15));
#2440 = DIRECTION('',(1.,4.440892098501E-16,8.881784197001E-16));
#2441 = ORIENTED_EDGE('',*,*,#2442,.T.);
#2442 = EDGE_CURVE('',#2434,#2443,#2445,.T.);
#2443 = VERTEX_POINT('',#2444);
#2444 = CARTESIAN_POINT('',(120.4625,-6.5,3.05));
#2445 = LINE('',#2446,#2447);
#2446 = CARTESIAN_POINT('',(116.0625,-6.5,3.05));
#2447 = VECTOR('',#2448,1.);
#2448 = DIRECTION('',(1.,4.440892098501E-16,8.881784197001E-16));
#2449 = ORIENTED_EDGE('',*,*,#2450,.T.);
#2450 = EDGE_CURVE('',#2443,#2451,#2453,.T.);
#2451 = VERTEX_POINT('',#2452);
#2452 = CARTESIAN_POINT('',(120.4625,-6.5,9.65));
#2453 = CIRCLE('',#2454,3.3);
#2454 = AXIS2_PLACEMENT_3D('',#2455,#2456,#2457);
#2455 = CARTESIAN_POINT('',(120.4625,-6.5,6.35));
#2456 = DIRECTION('',(4.440892098501E-16,-1.,1.110223024625E-15));
#2457 = DIRECTION('',(1.,4.440892098501E-16,8.881784197001E-16));
#2458 = ORIENTED_EDGE('',*,*,#2459,.T.);
#2459 = EDGE_CURVE('',#2451,#2432,#2460,.T.);
#2460 = LINE('',#2461,#2462);
#2461 = CARTESIAN_POINT('',(120.4625,-6.5,9.65));
#2462 = VECTOR('',#2463,1.);
#2463 = DIRECTION('',(-1.,-4.440892098501E-16,-8.881784197001E-16));
#2464 = FACE_BOUND('',#2465,.F.);
#2465 = EDGE_LOOP('',(#2466,#2477,#2485,#2494));
#2466 = ORIENTED_EDGE('',*,*,#2467,.T.);
#2467 = EDGE_CURVE('',#2468,#2470,#2472,.T.);
#2468 = VERTEX_POINT('',#2469);
#2469 = CARTESIAN_POINT('',(116.0625,-6.5,25.525));
#2470 = VERTEX_POINT('',#2471);
#2471 = CARTESIAN_POINT('',(116.0625,-6.5,18.925));
#2472 = CIRCLE('',#2473,3.3);
#2473 = AXIS2_PLACEMENT_3D('',#2474,#2475,#2476);
#2474 = CARTESIAN_POINT('',(116.0625,-6.5,22.225));
#2475 = DIRECTION('',(4.440892098501E-16,-1.,1.110223024625E-15));
#2476 = DIRECTION('',(1.,4.440892098501E-16,8.881784197001E-16));
#2477 = ORIENTED_EDGE('',*,*,#2478,.T.);
#2478 = EDGE_CURVE('',#2470,#2479,#2481,.T.);
#2479 = VERTEX_POINT('',#2480);
#2480 = CARTESIAN_POINT('',(120.4625,-6.5,18.925));
#2481 = LINE('',#2482,#2483);
#2482 = CARTESIAN_POINT('',(116.0625,-6.5,18.925));
#2483 = VECTOR('',#2484,1.);
#2484 = DIRECTION('',(1.,4.440892098501E-16,8.881784197001E-16));
#2485 = ORIENTED_EDGE('',*,*,#2486,.T.);
#2486 = EDGE_CURVE('',#2479,#2487,#2489,.T.);
#2487 = VERTEX_POINT('',#2488);
#2488 = CARTESIAN_POINT('',(120.4625,-6.5,25.525));
#2489 = CIRCLE('',#2490,3.3);
#2490 = AXIS2_PLACEMENT_3D('',#2491,#2492,#2493);
#2491 = CARTESIAN_POINT('',(120.4625,-6.5,22.225));
#2492 = DIRECTION('',(4.440892098501E-16,-1.,1.110223024625E-15));
#2493 = DIRECTION('',(1.,4.440892098501E-16,8.881784197001E-16));
#2494 = ORIENTED_EDGE('',*,*,#2495,.T.);
#2495 = EDGE_CURVE('',#2487,#2468,#2496,.T.);
#2496 = LINE('',#2497,#2498);
#2497 = CARTESIAN_POINT('',(120.4625,-6.5,25.525));
#2498 = VECTOR('',#2499,1.);
#2499 = DIRECTION('',(-1.,-4.440892098501E-16,-8.881784197001E-16));
#2500 = FACE_BOUND('',#2501,.F.);
#2501 = EDGE_LOOP('',(#2502,#2513,#2521,#2530));
#2502 = ORIENTED_EDGE('',*,*,#2503,.T.);
#2503 = EDGE_CURVE('',#2504,#2506,#2508,.T.);
#2504 = VERTEX_POINT('',#2505);
#2505 = CARTESIAN_POINT('',(116.0625,-6.5,41.4));
#2506 = VERTEX_POINT('',#2507);
#2507 = CARTESIAN_POINT('',(116.0625,-6.5,34.8));
#2508 = CIRCLE('',#2509,3.3);
#2509 = AXIS2_PLACEMENT_3D('',#2510,#2511,#2512);
#2510 = CARTESIAN_POINT('',(116.0625,-6.5,38.1));
#2511 = DIRECTION('',(4.440892098501E-16,-1.,1.110223024625E-15));
#2512 = DIRECTION('',(1.,4.440892098501E-16,8.881784197001E-16));
#2513 = ORIENTED_EDGE('',*,*,#2514,.T.);
#2514 = EDGE_CURVE('',#2506,#2515,#2517,.T.);
#2515 = VERTEX_POINT('',#2516);
#2516 = CARTESIAN_POINT('',(120.4625,-6.5,34.8));
#2517 = LINE('',#2518,#2519);
#2518 = CARTESIAN_POINT('',(116.0625,-6.5,34.8));
#2519 = VECTOR('',#2520,1.);
#2520 = DIRECTION('',(1.,4.440892098501E-16,8.881784197001E-16));
#2521 = ORIENTED_EDGE('',*,*,#2522,.T.);
#2522 = EDGE_CURVE('',#2515,#2523,#2525,.T.);
#2523 = VERTEX_POINT('',#2524);
#2524 = CARTESIAN_POINT('',(120.4625,-6.5,41.4));
#2525 = CIRCLE('',#2526,3.3);
#2526 = AXIS2_PLACEMENT_3D('',#2527,#2528,#2529);
#2527 = CARTESIAN_POINT('',(120.4625,-6.5,38.1));
#2528 = DIRECTION('',(4.440892098501E-16,-1.,1.110223024625E-15));
#2529 = DIRECTION('',(1.,4.440892098501E-16,8.881784197001E-16));
#2530 = ORIENTED_EDGE('',*,*,#2531,.T.);
#2531 = EDGE_CURVE('',#2523,#2504,#2532,.T.);
#2532 = LINE('',#2533,#2534);
#2533 = CARTESIAN_POINT('',(120.4625,-6.5,41.4));
#2534 = VECTOR('',#2535,1.);
#2535 = DIRECTION('',(-1.,-4.440892098501E-16,-8.881784197001E-16));
#2536 = PLANE('',#2537);
#2537 = AXIS2_PLACEMENT_3D('',#2538,#2539,#2540);
#2538 = CARTESIAN_POINT('',(109.94112140227,-6.5,22.225));
#2539 = DIRECTION('',(1.7763568394E-15,1.,8.881784197001E-16));
#2540 = DIRECTION('',(8.881784197001E-16,1.7763568394E-15,1.));
#2541 = ADVANCED_FACE('',(#2542),#2553,.F.);
#2542 = FACE_BOUND('',#2543,.F.);
#2543 = EDGE_LOOP('',(#2544,#2550,#2551,#2552));
#2544 = ORIENTED_EDGE('',*,*,#2545,.T.);
#2545 = EDGE_CURVE('',#2172,#2377,#2546,.T.);
#2546 = LINE('',#2547,#2548);
#2547 = CARTESIAN_POINT('',(94.,1.569466778761E-13,44.45));
#2548 = VECTOR('',#2549,1.);
#2549 = DIRECTION('',(-1.665334536938E-15,-1.,-5.551115123126E-16));
#2550 = ORIENTED_EDGE('',*,*,#2376,.T.);
#2551 = ORIENTED_EDGE('',*,*,#1767,.F.);
#2552 = ORIENTED_EDGE('',*,*,#2171,.F.);
#2553 = PLANE('',#2554);
#2554 = AXIS2_PLACEMENT_3D('',#2555,#2556,#2557);
#2555 = CARTESIAN_POINT('',(94.,1.569466778761E-13,44.45));
#2556 = DIRECTION('',(1.,6.661338147751E-16,1.554312234475E-15));
#2557 = DIRECTION('',(-7.771561172376E-16,-1.887379141863E-15,-1.));
#2558 = ADVANCED_FACE('',(#2559),#2577,.F.);
#2559 = FACE_BOUND('',#2560,.F.);
#2560 = EDGE_LOOP('',(#2561,#2569,#2575,#2576));
#2561 = ORIENTED_EDGE('',*,*,#2562,.F.);
#2562 = EDGE_CURVE('',#2563,#1792,#2565,.T.);
#2563 = VERTEX_POINT('',#2564);
#2564 = CARTESIAN_POINT('',(99.,8.3,3.));
#2565 = LINE('',#2566,#2567);
#2566 = CARTESIAN_POINT('',(99.,8.3,3.));
#2567 = VECTOR('',#2568,1.);
#2568 = DIRECTION('',(-7.771561172376E-16,-5.107025913276E-15,-1.));
#2569 = ORIENTED_EDGE('',*,*,#2570,.T.);
#2570 = EDGE_CURVE('',#2563,#1871,#2571,.T.);
#2571 = LINE('',#2572,#2573);
#2572 = CARTESIAN_POINT('',(99.,8.3,3.));
#2573 = VECTOR('',#2574,1.);
#2574 = DIRECTION('',(1.,6.661338147751E-16,1.443289932013E-15));
#2575 = ORIENTED_EDGE('',*,*,#1870,.F.);
#2576 = ORIENTED_EDGE('',*,*,#1791,.F.);
#2577 = PLANE('',#2578);
#2578 = AXIS2_PLACEMENT_3D('',#2579,#2580,#2581);
#2579 = CARTESIAN_POINT('',(99.,8.3,3.));
#2580 = DIRECTION('',(1.33226762955E-15,1.,-2.997602166488E-15));
#2581 = DIRECTION('',(-6.661338147751E-16,-4.996003610813E-15,-1.));
#2582 = ADVANCED_FACE('',(#2583),#2617,.T.);
#2583 = FACE_BOUND('',#2584,.T.);
#2584 = EDGE_LOOP('',(#2585,#2595,#2601,#2602,#2603,#2611));
#2585 = ORIENTED_EDGE('',*,*,#2586,.T.);
#2586 = EDGE_CURVE('',#2587,#2589,#2591,.T.);
#2587 = VERTEX_POINT('',#2588);
#2588 = CARTESIAN_POINT('',(99.,137.,36.));
#2589 = VERTEX_POINT('',#2590);
#2590 = CARTESIAN_POINT('',(99.,144.,36.));
#2591 = LINE('',#2592,#2593);
#2592 = CARTESIAN_POINT('',(99.,137.,36.));
#2593 = VECTOR('',#2594,1.);
#2594 = DIRECTION('',(1.221245327088E-15,1.,3.330669073875E-16));
#2595 = ORIENTED_EDGE('',*,*,#2596,.T.);
#2596 = EDGE_CURVE('',#2589,#1800,#2597,.T.);
#2597 = LINE('',#2598,#2599);
#2598 = CARTESIAN_POINT('',(99.,144.,36.));
#2599 = VECTOR('',#2600,1.);
#2600 = DIRECTION('',(-6.661338147751E-16,-1.554312234475E-15,-1.));
#2601 = ORIENTED_EDGE('',*,*,#1799,.F.);
#2602 = ORIENTED_EDGE('',*,*,#2562,.F.);
#2603 = ORIENTED_EDGE('',*,*,#2604,.F.);
#2604 = EDGE_CURVE('',#2605,#2563,#2607,.T.);
#2605 = VERTEX_POINT('',#2606);
#2606 = CARTESIAN_POINT('',(99.,137.,3.));
#2607 = LINE('',#2608,#2609);
#2608 = CARTESIAN_POINT('',(99.,137.,3.));
#2609 = VECTOR('',#2610,1.);
#2610 = DIRECTION('',(-1.554312234475E-15,-1.,-7.771561172376E-16));
#2611 = ORIENTED_EDGE('',*,*,#2612,.F.);
#2612 = EDGE_CURVE('',#2587,#2605,#2613,.T.);
#2613 = LINE('',#2614,#2615);
#2614 = CARTESIAN_POINT('',(99.,137.,36.));
#2615 = VECTOR('',#2616,1.);
#2616 = DIRECTION('',(-6.661338147751E-16,-1.554312234475E-15,-1.));
#2617 = PLANE('',#2618);
#2618 = AXIS2_PLACEMENT_3D('',#2619,#2620,#2621);
#2619 = CARTESIAN_POINT('',(99.,88.517792661619,5.632207338381));
#2620 = DIRECTION('',(-1.,-5.551115123126E-16,-1.459547759963E-15));
#2621 = DIRECTION('',(-2.05786776975E-16,-1.110223024625E-15,-1.));
#2622 = ADVANCED_FACE('',(#2623),#2657,.T.);
#2623 = FACE_BOUND('',#2624,.T.);
#2624 = EDGE_LOOP('',(#2625,#2626,#2627,#2633,#2634,#2642,#2650,#2656));
#2625 = ORIENTED_EDGE('',*,*,#1807,.F.);
#2626 = ORIENTED_EDGE('',*,*,#2596,.F.);
#2627 = ORIENTED_EDGE('',*,*,#2628,.F.);
#2628 = EDGE_CURVE('',#1895,#2589,#2629,.T.);
#2629 = LINE('',#2630,#2631);
#2630 = CARTESIAN_POINT('',(110.2,144.,36.));
#2631 = VECTOR('',#2632,1.);
#2632 = DIRECTION('',(-1.,-6.661338147751E-16,-1.33226762955E-15));
#2633 = ORIENTED_EDGE('',*,*,#1902,.F.);
#2634 = ORIENTED_EDGE('',*,*,#2635,.F.);
#2635 = EDGE_CURVE('',#2636,#1903,#2638,.T.);
#2636 = VERTEX_POINT('',#2637);
#2637 = CARTESIAN_POINT('',(103.,144.,29.));
#2638 = LINE('',#2639,#2640);
#2639 = CARTESIAN_POINT('',(103.,144.,29.));
#2640 = VECTOR('',#2641,1.);
#2641 = DIRECTION('',(0.707106781187,-5.495323605393E-16,-0.707106781187
    ));
#2642 = ORIENTED_EDGE('',*,*,#2643,.F.);
#2643 = EDGE_CURVE('',#2644,#2636,#2646,.T.);
#2644 = VERTEX_POINT('',#2645);
#2645 = CARTESIAN_POINT('',(103.,144.,11.));
#2646 = LINE('',#2647,#2648);
#2647 = CARTESIAN_POINT('',(103.,144.,11.));
#2648 = VECTOR('',#2649,1.);
#2649 = DIRECTION('',(5.551115123126E-16,1.33226762955E-15,1.));
#2650 = ORIENTED_EDGE('',*,*,#2651,.F.);
#2651 = EDGE_CURVE('',#1927,#2644,#2652,.T.);
#2652 = LINE('',#2653,#2654);
#2653 = CARTESIAN_POINT('',(107.,144.,15.));
#2654 = VECTOR('',#2655,1.);
#2655 = DIRECTION('',(-0.707106781187,-1.334578589881E-15,
    -0.707106781187));
#2656 = ORIENTED_EDGE('',*,*,#1934,.F.);
#2657 = PLANE('',#2658);
#2658 = AXIS2_PLACEMENT_3D('',#2659,#2660,#2661);
#2659 = CARTESIAN_POINT('',(104.6,144.,18.));
#2660 = DIRECTION('',(1.33226762955E-15,1.,6.661338147751E-16));
#2661 = DIRECTION('',(6.661338147751E-16,1.33226762955E-15,1.));
#2662 = ADVANCED_FACE('',(#2663),#2681,.F.);
#2663 = FACE_BOUND('',#2664,.F.);
#2664 = EDGE_LOOP('',(#2665,#2666,#2674,#2680));
#2665 = ORIENTED_EDGE('',*,*,#1926,.T.);
#2666 = ORIENTED_EDGE('',*,*,#2667,.T.);
#2667 = EDGE_CURVE('',#1919,#2668,#2670,.T.);
#2668 = VERTEX_POINT('',#2669);
#2669 = CARTESIAN_POINT('',(103.,202.,11.));
#2670 = LINE('',#2671,#2672);
#2671 = CARTESIAN_POINT('',(107.,202.,15.));
#2672 = VECTOR('',#2673,1.);
#2673 = DIRECTION('',(-0.707106781187,-1.334578589881E-15,
    -0.707106781187));
#2674 = ORIENTED_EDGE('',*,*,#2675,.F.);
#2675 = EDGE_CURVE('',#2644,#2668,#2676,.T.);
#2676 = LINE('',#2677,#2678);
#2677 = CARTESIAN_POINT('',(103.,144.,11.));
#2678 = VECTOR('',#2679,1.);
#2679 = DIRECTION('',(9.992007221626E-16,1.,2.22044604925E-16));
#2680 = ORIENTED_EDGE('',*,*,#2651,.F.);
#2681 = PLANE('',#2682);
#2682 = AXIS2_PLACEMENT_3D('',#2683,#2684,#2685);
#2683 = CARTESIAN_POINT('',(107.,144.,15.));
#2684 = DIRECTION('',(-0.707106781187,5.495323605393E-16,0.707106781187)
  );
#2685 = DIRECTION('',(-0.707106781187,-1.177569344013E-15,
    -0.707106781187));
#2686 = ADVANCED_FACE('',(#2687),#2705,.T.);
#2687 = FACE_BOUND('',#2688,.T.);
#2688 = EDGE_LOOP('',(#2689,#2690,#2691,#2699));
#2689 = ORIENTED_EDGE('',*,*,#1918,.F.);
#2690 = ORIENTED_EDGE('',*,*,#2667,.T.);
#2691 = ORIENTED_EDGE('',*,*,#2692,.T.);
#2692 = EDGE_CURVE('',#2668,#2693,#2695,.T.);
#2693 = VERTEX_POINT('',#2694);
#2694 = CARTESIAN_POINT('',(103.,202.,29.));
#2695 = LINE('',#2696,#2697);
#2696 = CARTESIAN_POINT('',(103.,202.,11.));
#2697 = VECTOR('',#2698,1.);
#2698 = DIRECTION('',(5.551115123126E-16,1.33226762955E-15,1.));
#2699 = ORIENTED_EDGE('',*,*,#2700,.T.);
#2700 = EDGE_CURVE('',#2693,#1911,#2701,.T.);
#2701 = LINE('',#2702,#2703);
#2702 = CARTESIAN_POINT('',(103.,202.,29.));
#2703 = VECTOR('',#2704,1.);
#2704 = DIRECTION('',(0.707106781187,-5.495323605393E-16,-0.707106781187
    ));
#2705 = PLANE('',#2706);
#2706 = AXIS2_PLACEMENT_3D('',#2707,#2708,#2709);
#2707 = CARTESIAN_POINT('',(104.78295224315,202.,20.));
#2708 = DIRECTION('',(1.110223024625E-15,1.,5.551115123126E-16));
#2709 = DIRECTION('',(5.551115123126E-16,1.110223024625E-15,1.));
#2710 = ADVANCED_FACE('',(#2711),#2722,.F.);
#2711 = FACE_BOUND('',#2712,.F.);
#2712 = EDGE_LOOP('',(#2713,#2719,#2720,#2721));
#2713 = ORIENTED_EDGE('',*,*,#2714,.T.);
#2714 = EDGE_CURVE('',#2636,#2693,#2715,.T.);
#2715 = LINE('',#2716,#2717);
#2716 = CARTESIAN_POINT('',(103.,144.,29.));
#2717 = VECTOR('',#2718,1.);
#2718 = DIRECTION('',(9.992007221626E-16,1.,2.22044604925E-16));
#2719 = ORIENTED_EDGE('',*,*,#2700,.T.);
#2720 = ORIENTED_EDGE('',*,*,#1910,.F.);
#2721 = ORIENTED_EDGE('',*,*,#2635,.F.);
#2722 = PLANE('',#2723);
#2723 = AXIS2_PLACEMENT_3D('',#2724,#2725,#2726);
#2724 = CARTESIAN_POINT('',(103.,144.,29.));
#2725 = DIRECTION('',(-0.707106781187,-1.020560098144E-15,
    -0.707106781187));
#2726 = DIRECTION('',(0.707106781187,-5.495323605393E-16,-0.707106781187
    ));
#2727 = ADVANCED_FACE('',(#2728),#2739,.F.);
#2728 = FACE_BOUND('',#2729,.F.);
#2729 = EDGE_LOOP('',(#2730,#2731,#2737,#2738));
#2730 = ORIENTED_EDGE('',*,*,#2604,.F.);
#2731 = ORIENTED_EDGE('',*,*,#2732,.T.);
#2732 = EDGE_CURVE('',#2605,#1879,#2733,.T.);
#2733 = LINE('',#2734,#2735);
#2734 = CARTESIAN_POINT('',(99.,137.,3.));
#2735 = VECTOR('',#2736,1.);
#2736 = DIRECTION('',(1.,6.661338147751E-16,1.443289932013E-15));
#2737 = ORIENTED_EDGE('',*,*,#1878,.F.);
#2738 = ORIENTED_EDGE('',*,*,#2570,.F.);
#2739 = PLANE('',#2740);
#2740 = AXIS2_PLACEMENT_3D('',#2741,#2742,#2743);
#2741 = CARTESIAN_POINT('',(99.,137.,3.));
#2742 = DIRECTION('',(-5.551115123126E-16,-1.33226762955E-15,-1.));
#2743 = DIRECTION('',(-1.443289932013E-15,-1.,-6.661338147751E-16));
#2744 = ADVANCED_FACE('',(#2745),#2756,.F.);
#2745 = FACE_BOUND('',#2746,.F.);
#2746 = EDGE_LOOP('',(#2747,#2748,#2749,#2755));
#2747 = ORIENTED_EDGE('',*,*,#2732,.F.);
#2748 = ORIENTED_EDGE('',*,*,#2612,.F.);
#2749 = ORIENTED_EDGE('',*,*,#2750,.F.);
#2750 = EDGE_CURVE('',#1887,#2587,#2751,.T.);
#2751 = LINE('',#2752,#2753);
#2752 = CARTESIAN_POINT('',(110.2,137.,36.));
#2753 = VECTOR('',#2754,1.);
#2754 = DIRECTION('',(-1.,-6.661338147751E-16,-1.33226762955E-15));
#2755 = ORIENTED_EDGE('',*,*,#1886,.F.);
#2756 = PLANE('',#2757);
#2757 = AXIS2_PLACEMENT_3D('',#2758,#2759,#2760);
#2758 = CARTESIAN_POINT('',(104.6,137.,18.));
#2759 = DIRECTION('',(1.33226762955E-15,1.,6.661338147751E-16));
#2760 = DIRECTION('',(6.661338147751E-16,1.33226762955E-15,1.));
#2761 = ADVANCED_FACE('',(#2762),#2768,.T.);
#2762 = FACE_BOUND('',#2763,.T.);
#2763 = EDGE_LOOP('',(#2764,#2765,#2766,#2767));
#2764 = ORIENTED_EDGE('',*,*,#2750,.F.);
#2765 = ORIENTED_EDGE('',*,*,#1894,.F.);
#2766 = ORIENTED_EDGE('',*,*,#2628,.T.);
#2767 = ORIENTED_EDGE('',*,*,#2586,.F.);
#2768 = PLANE('',#2769);
#2769 = AXIS2_PLACEMENT_3D('',#2770,#2771,#2772);
#2770 = CARTESIAN_POINT('',(110.2,137.,36.));
#2771 = DIRECTION('',(4.440892098501E-16,1.33226762955E-15,1.));
#2772 = DIRECTION('',(-1.,-5.551115123126E-16,-1.221245327088E-15));
#2773 = ADVANCED_FACE('',(#2774),#2790,.T.);
#2774 = FACE_BOUND('',#2775,.T.);
#2775 = EDGE_LOOP('',(#2776,#2782,#2783,#2789));
#2776 = ORIENTED_EDGE('',*,*,#2777,.T.);
#2777 = EDGE_CURVE('',#1944,#2131,#2778,.T.);
#2778 = LINE('',#2779,#2780);
#2779 = CARTESIAN_POINT('',(107.,96.,10.));
#2780 = VECTOR('',#2781,1.);
#2781 = DIRECTION('',(1.,0.,1.110223024625E-16));
#2782 = ORIENTED_EDGE('',*,*,#2130,.T.);
#2783 = ORIENTED_EDGE('',*,*,#2784,.F.);
#2784 = EDGE_CURVE('',#1946,#2133,#2785,.T.);
#2785 = LINE('',#2786,#2787);
#2786 = CARTESIAN_POINT('',(107.,124.,10.));
#2787 = VECTOR('',#2788,1.);
#2788 = DIRECTION('',(1.,0.,1.110223024625E-16));
#2789 = ORIENTED_EDGE('',*,*,#1943,.F.);
#2790 = PLANE('',#2791);
#2791 = AXIS2_PLACEMENT_3D('',#2792,#2793,#2794);
#2792 = CARTESIAN_POINT('',(107.,96.,10.));
#2793 = DIRECTION('',(-1.110223024625E-16,1.232595164408E-32,1.));
#2794 = DIRECTION('',(1.110223024625E-16,1.,0.));
#2795 = ADVANCED_FACE('',(#2796),#2807,.T.);
#2796 = FACE_BOUND('',#2797,.T.);
#2797 = EDGE_LOOP('',(#2798,#2799,#2800,#2806));
#2798 = ORIENTED_EDGE('',*,*,#2784,.T.);
#2799 = ORIENTED_EDGE('',*,*,#2156,.T.);
#2800 = ORIENTED_EDGE('',*,*,#2801,.F.);
#2801 = EDGE_CURVE('',#1962,#2149,#2802,.T.);
#2802 = LINE('',#2803,#2804);
#2803 = CARTESIAN_POINT('',(107.,124.,30.));
#2804 = VECTOR('',#2805,1.);
#2805 = DIRECTION('',(1.,0.,1.110223024625E-16));
#2806 = ORIENTED_EDGE('',*,*,#1969,.F.);
#2807 = PLANE('',#2808);
#2808 = AXIS2_PLACEMENT_3D('',#2809,#2810,#2811);
#2809 = CARTESIAN_POINT('',(107.,124.,10.));
#2810 = DIRECTION('',(-1.232595164408E-32,-1.,1.110223024625E-16));
#2811 = DIRECTION('',(0.,1.110223024625E-16,1.));
#2812 = ADVANCED_FACE('',(#2813),#2824,.T.);
#2813 = FACE_BOUND('',#2814,.T.);
#2814 = EDGE_LOOP('',(#2815,#2816,#2817,#2823));
#2815 = ORIENTED_EDGE('',*,*,#2801,.T.);
#2816 = ORIENTED_EDGE('',*,*,#2148,.T.);
#2817 = ORIENTED_EDGE('',*,*,#2818,.F.);
#2818 = EDGE_CURVE('',#1954,#2141,#2819,.T.);
#2819 = LINE('',#2820,#2821);
#2820 = CARTESIAN_POINT('',(107.,96.,30.));
#2821 = VECTOR('',#2822,1.);
#2822 = DIRECTION('',(1.,0.,1.110223024625E-16));
#2823 = ORIENTED_EDGE('',*,*,#1961,.F.);
#2824 = PLANE('',#2825);
#2825 = AXIS2_PLACEMENT_3D('',#2826,#2827,#2828);
#2826 = CARTESIAN_POINT('',(107.,124.,30.));
#2827 = DIRECTION('',(1.110223024625E-16,-1.232595164408E-32,-1.));
#2828 = DIRECTION('',(-1.110223024625E-16,-1.,0.));
#2829 = ADVANCED_FACE('',(#2830),#2836,.T.);
#2830 = FACE_BOUND('',#2831,.T.);
#2831 = EDGE_LOOP('',(#2832,#2833,#2834,#2835));
#2832 = ORIENTED_EDGE('',*,*,#2818,.T.);
#2833 = ORIENTED_EDGE('',*,*,#2140,.T.);
#2834 = ORIENTED_EDGE('',*,*,#2777,.F.);
#2835 = ORIENTED_EDGE('',*,*,#1953,.F.);
#2836 = PLANE('',#2837);
#2837 = AXIS2_PLACEMENT_3D('',#2838,#2839,#2840);
#2838 = CARTESIAN_POINT('',(107.,96.,30.));
#2839 = DIRECTION('',(1.232595164408E-32,1.,-1.110223024625E-16));
#2840 = DIRECTION('',(0.,-1.110223024625E-16,-1.));
#2841 = ADVANCED_FACE('',(#2842),#2858,.T.);
#2842 = FACE_BOUND('',#2843,.T.);
#2843 = EDGE_LOOP('',(#2844,#2850,#2851,#2857));
#2844 = ORIENTED_EDGE('',*,*,#2845,.T.);
#2845 = EDGE_CURVE('',#1978,#2063,#2846,.T.);
#2846 = LINE('',#2847,#2848);
#2847 = CARTESIAN_POINT('',(107.,24.,10.));
#2848 = VECTOR('',#2849,1.);
#2849 = DIRECTION('',(1.,0.,1.110223024625E-16));
#2850 = ORIENTED_EDGE('',*,*,#2062,.T.);
#2851 = ORIENTED_EDGE('',*,*,#2852,.F.);
#2852 = EDGE_CURVE('',#1980,#2065,#2853,.T.);
#2853 = LINE('',#2854,#2855);
#2854 = CARTESIAN_POINT('',(107.,52.,10.));
#2855 = VECTOR('',#2856,1.);
#2856 = DIRECTION('',(1.,0.,1.110223024625E-16));
#2857 = ORIENTED_EDGE('',*,*,#1977,.F.);
#2858 = PLANE('',#2859);
#2859 = AXIS2_PLACEMENT_3D('',#2860,#2861,#2862);
#2860 = CARTESIAN_POINT('',(107.,24.,10.));
#2861 = DIRECTION('',(-1.110223024625E-16,1.232595164408E-32,1.));
#2862 = DIRECTION('',(1.110223024625E-16,1.,0.));
#2863 = ADVANCED_FACE('',(#2864),#2875,.T.);
#2864 = FACE_BOUND('',#2865,.T.);
#2865 = EDGE_LOOP('',(#2866,#2867,#2868,#2874));
#2866 = ORIENTED_EDGE('',*,*,#2852,.T.);
#2867 = ORIENTED_EDGE('',*,*,#2088,.T.);
#2868 = ORIENTED_EDGE('',*,*,#2869,.F.);
#2869 = EDGE_CURVE('',#1996,#2081,#2870,.T.);
#2870 = LINE('',#2871,#2872);
#2871 = CARTESIAN_POINT('',(107.,52.,30.));
#2872 = VECTOR('',#2873,1.);
#2873 = DIRECTION('',(1.,0.,1.110223024625E-16));
#2874 = ORIENTED_EDGE('',*,*,#2003,.F.);
#2875 = PLANE('',#2876);
#2876 = AXIS2_PLACEMENT_3D('',#2877,#2878,#2879);
#2877 = CARTESIAN_POINT('',(107.,52.,10.));
#2878 = DIRECTION('',(-1.232595164408E-32,-1.,1.110223024625E-16));
#2879 = DIRECTION('',(0.,1.110223024625E-16,1.));
#2880 = ADVANCED_FACE('',(#2881),#2892,.T.);
#2881 = FACE_BOUND('',#2882,.T.);
#2882 = EDGE_LOOP('',(#2883,#2884,#2885,#2891));
#2883 = ORIENTED_EDGE('',*,*,#2869,.T.);
#2884 = ORIENTED_EDGE('',*,*,#2080,.T.);
#2885 = ORIENTED_EDGE('',*,*,#2886,.F.);
#2886 = EDGE_CURVE('',#1988,#2073,#2887,.T.);
#2887 = LINE('',#2888,#2889);
#2888 = CARTESIAN_POINT('',(107.,24.,30.));
#2889 = VECTOR('',#2890,1.);
#2890 = DIRECTION('',(1.,0.,1.110223024625E-16));
#2891 = ORIENTED_EDGE('',*,*,#1995,.F.);
#2892 = PLANE('',#2893);
#2893 = AXIS2_PLACEMENT_3D('',#2894,#2895,#2896);
#2894 = CARTESIAN_POINT('',(107.,52.,30.));
#2895 = DIRECTION('',(1.110223024625E-16,-1.232595164408E-32,-1.));
#2896 = DIRECTION('',(-1.110223024625E-16,-1.,0.));
#2897 = ADVANCED_FACE('',(#2898),#2904,.T.);
#2898 = FACE_BOUND('',#2899,.T.);
#2899 = EDGE_LOOP('',(#2900,#2901,#2902,#2903));
#2900 = ORIENTED_EDGE('',*,*,#2886,.T.);
#2901 = ORIENTED_EDGE('',*,*,#2072,.T.);
#2902 = ORIENTED_EDGE('',*,*,#2845,.F.);
#2903 = ORIENTED_EDGE('',*,*,#1987,.F.);
#2904 = PLANE('',#2905);
#2905 = AXIS2_PLACEMENT_3D('',#2906,#2907,#2908);
#2906 = CARTESIAN_POINT('',(107.,24.,30.));
#2907 = DIRECTION('',(1.232595164408E-32,1.,-1.110223024625E-16));
#2908 = DIRECTION('',(0.,-1.110223024625E-16,-1.));
#2909 = ADVANCED_FACE('',(#2910),#2926,.T.);
#2910 = FACE_BOUND('',#2911,.T.);
#2911 = EDGE_LOOP('',(#2912,#2918,#2919,#2925));
#2912 = ORIENTED_EDGE('',*,*,#2913,.T.);
#2913 = EDGE_CURVE('',#2012,#2097,#2914,.T.);
#2914 = LINE('',#2915,#2916);
#2915 = CARTESIAN_POINT('',(107.,60.,10.));
#2916 = VECTOR('',#2917,1.);
#2917 = DIRECTION('',(1.,0.,1.110223024625E-16));
#2918 = ORIENTED_EDGE('',*,*,#2096,.T.);
#2919 = ORIENTED_EDGE('',*,*,#2920,.F.);
#2920 = EDGE_CURVE('',#2014,#2099,#2921,.T.);
#2921 = LINE('',#2922,#2923);
#2922 = CARTESIAN_POINT('',(107.,88.,10.));
#2923 = VECTOR('',#2924,1.);
#2924 = DIRECTION('',(1.,0.,1.110223024625E-16));
#2925 = ORIENTED_EDGE('',*,*,#2011,.F.);
#2926 = PLANE('',#2927);
#2927 = AXIS2_PLACEMENT_3D('',#2928,#2929,#2930);
#2928 = CARTESIAN_POINT('',(107.,60.,10.));
#2929 = DIRECTION('',(-1.110223024625E-16,1.232595164408E-32,1.));
#2930 = DIRECTION('',(1.110223024625E-16,1.,0.));
#2931 = ADVANCED_FACE('',(#2932),#2943,.T.);
#2932 = FACE_BOUND('',#2933,.T.);
#2933 = EDGE_LOOP('',(#2934,#2935,#2936,#2942));
#2934 = ORIENTED_EDGE('',*,*,#2920,.T.);
#2935 = ORIENTED_EDGE('',*,*,#2122,.T.);
#2936 = ORIENTED_EDGE('',*,*,#2937,.F.);
#2937 = EDGE_CURVE('',#2030,#2115,#2938,.T.);
#2938 = LINE('',#2939,#2940);
#2939 = CARTESIAN_POINT('',(107.,88.,30.));
#2940 = VECTOR('',#2941,1.);
#2941 = DIRECTION('',(1.,0.,1.110223024625E-16));
#2942 = ORIENTED_EDGE('',*,*,#2037,.F.);
#2943 = PLANE('',#2944);
#2944 = AXIS2_PLACEMENT_3D('',#2945,#2946,#2947);
#2945 = CARTESIAN_POINT('',(107.,88.,10.));
#2946 = DIRECTION('',(-1.232595164408E-32,-1.,1.110223024625E-16));
#2947 = DIRECTION('',(0.,1.110223024625E-16,1.));
#2948 = ADVANCED_FACE('',(#2949),#2960,.T.);
#2949 = FACE_BOUND('',#2950,.T.);
#2950 = EDGE_LOOP('',(#2951,#2952,#2953,#2959));
#2951 = ORIENTED_EDGE('',*,*,#2937,.T.);
#2952 = ORIENTED_EDGE('',*,*,#2114,.T.);
#2953 = ORIENTED_EDGE('',*,*,#2954,.F.);
#2954 = EDGE_CURVE('',#2022,#2107,#2955,.T.);
#2955 = LINE('',#2956,#2957);
#2956 = CARTESIAN_POINT('',(107.,60.,30.));
#2957 = VECTOR('',#2958,1.);
#2958 = DIRECTION('',(1.,0.,1.110223024625E-16));
#2959 = ORIENTED_EDGE('',*,*,#2029,.F.);
#2960 = PLANE('',#2961);
#2961 = AXIS2_PLACEMENT_3D('',#2962,#2963,#2964);
#2962 = CARTESIAN_POINT('',(107.,88.,30.));
#2963 = DIRECTION('',(1.110223024625E-16,-1.232595164408E-32,-1.));
#2964 = DIRECTION('',(-1.110223024625E-16,-1.,0.));
#2965 = ADVANCED_FACE('',(#2966),#2972,.T.);
#2966 = FACE_BOUND('',#2967,.T.);
#2967 = EDGE_LOOP('',(#2968,#2969,#2970,#2971));
#2968 = ORIENTED_EDGE('',*,*,#2954,.T.);
#2969 = ORIENTED_EDGE('',*,*,#2106,.T.);
#2970 = ORIENTED_EDGE('',*,*,#2913,.F.);
#2971 = ORIENTED_EDGE('',*,*,#2021,.F.);
#2972 = PLANE('',#2973);
#2973 = AXIS2_PLACEMENT_3D('',#2974,#2975,#2976);
#2974 = CARTESIAN_POINT('',(107.,60.,30.));
#2975 = DIRECTION('',(1.232595164408E-32,1.,-1.110223024625E-16));
#2976 = DIRECTION('',(0.,-1.110223024625E-16,-1.));
#2977 = ADVANCED_FACE('',(#2978),#2989,.F.);
#2978 = FACE_BOUND('',#2979,.F.);
#2979 = EDGE_LOOP('',(#2980,#2986,#2987,#2988));
#2980 = ORIENTED_EDGE('',*,*,#2981,.T.);
#2981 = EDGE_CURVE('',#2180,#2385,#2982,.T.);
#2982 = LINE('',#2983,#2984);
#2983 = CARTESIAN_POINT('',(123.,1.79484205276E-13,44.45));
#2984 = VECTOR('',#2985,1.);
#2985 = DIRECTION('',(-1.665334536938E-15,-1.,-5.551115123126E-16));
#2986 = ORIENTED_EDGE('',*,*,#2384,.T.);
#2987 = ORIENTED_EDGE('',*,*,#2545,.F.);
#2988 = ORIENTED_EDGE('',*,*,#2179,.F.);
#2989 = PLANE('',#2990);
#2990 = AXIS2_PLACEMENT_3D('',#2991,#2992,#2993);
#2991 = CARTESIAN_POINT('',(123.,1.79484205276E-13,44.45));
#2992 = DIRECTION('',(-6.661338147751E-16,-1.7763568394E-15,-1.));
#2993 = DIRECTION('',(-1.,-7.771561172376E-16,-1.665334536938E-15));
#2994 = ADVANCED_FACE('',(#2995),#3006,.F.);
#2995 = FACE_BOUND('',#2996,.F.);
#2996 = EDGE_LOOP('',(#2997,#3003,#3004,#3005));
#2997 = ORIENTED_EDGE('',*,*,#2998,.T.);
#2998 = EDGE_CURVE('',#2188,#2393,#2999,.T.);
#2999 = LINE('',#3000,#3001);
#3000 = CARTESIAN_POINT('',(127.,1.750433131775E-13,40.45));
#3001 = VECTOR('',#3002,1.);
#3002 = DIRECTION('',(-1.665334536938E-15,-1.,-5.551115123126E-16));
#3003 = ORIENTED_EDGE('',*,*,#2392,.T.);
#3004 = ORIENTED_EDGE('',*,*,#2981,.F.);
#3005 = ORIENTED_EDGE('',*,*,#2187,.F.);
#3006 = PLANE('',#3007);
#3007 = AXIS2_PLACEMENT_3D('',#3008,#3009,#3010);
#3008 = CARTESIAN_POINT('',(127.,1.750433131775E-13,40.45));
#3009 = DIRECTION('',(-0.707106781187,-1.727101704552E-15,
    -0.707106781187));
#3010 = DIRECTION('',(-0.707106781187,7.850462293419E-16,0.707106781187)
  );
#3011 = ADVANCED_FACE('',(#3012),#3018,.F.);
#3012 = FACE_BOUND('',#3013,.F.);
#3013 = EDGE_LOOP('',(#3014,#3015,#3016,#3017));
#3014 = ORIENTED_EDGE('',*,*,#2360,.T.);
#3015 = ORIENTED_EDGE('',*,*,#2400,.T.);
#3016 = ORIENTED_EDGE('',*,*,#2998,.F.);
#3017 = ORIENTED_EDGE('',*,*,#2195,.F.);
#3018 = PLANE('',#3019);
#3019 = AXIS2_PLACEMENT_3D('',#3020,#3021,#3022);
#3020 = CARTESIAN_POINT('',(127.,1.062483434566E-13,4.));
#3021 = DIRECTION('',(-1.,-6.661338147751E-16,-1.554312234475E-15));
#3022 = DIRECTION('',(7.771561172376E-16,1.887379141863E-15,1.));
#3023 = ADVANCED_FACE('',(#3024),#3043,.F.);
#3024 = FACE_BOUND('',#3025,.T.);
#3025 = EDGE_LOOP('',(#3026,#3027,#3035,#3042));
#3026 = ORIENTED_EDGE('',*,*,#2215,.F.);
#3027 = ORIENTED_EDGE('',*,*,#3028,.T.);
#3028 = EDGE_CURVE('',#2216,#3029,#3031,.T.);
#3029 = VERTEX_POINT('',#3030);
#3030 = CARTESIAN_POINT('',(103.2,-5.5,14.29));
#3031 = LINE('',#3032,#3033);
#3032 = CARTESIAN_POINT('',(103.2,3.402056414359E-14,14.29));
#3033 = VECTOR('',#3034,1.);
#3034 = DIRECTION('',(-5.551115123126E-16,-1.,-1.355854680849E-31));
#3035 = ORIENTED_EDGE('',*,*,#3036,.F.);
#3036 = EDGE_CURVE('',#3029,#3029,#3037,.T.);
#3037 = CIRCLE('',#3038,3.2);
#3038 = AXIS2_PLACEMENT_3D('',#3039,#3040,#3041);
#3039 = CARTESIAN_POINT('',(100.,-5.5,14.29));
#3040 = DIRECTION('',(1.725633230171E-31,1.,-5.551115123126E-16));
#3041 = DIRECTION('',(1.,7.395570986447E-32,4.440892098501E-16));
#3042 = ORIENTED_EDGE('',*,*,#3028,.F.);
#3043 = CYLINDRICAL_SURFACE('',#3044,3.2);
#3044 = AXIS2_PLACEMENT_3D('',#3045,#3046,#3047);
#3045 = CARTESIAN_POINT('',(100.,3.331002140783E-14,14.29));
#3046 = DIRECTION('',(4.440892098501E-16,1.,-1.110223024625E-16));
#3047 = DIRECTION('',(1.,2.22044604925E-16,5.551115123126E-16));
#3048 = ADVANCED_FACE('',(#3049),#3068,.F.);
#3049 = FACE_BOUND('',#3050,.T.);
#3050 = EDGE_LOOP('',(#3051,#3052,#3060,#3067));
#3051 = ORIENTED_EDGE('',*,*,#2226,.F.);
#3052 = ORIENTED_EDGE('',*,*,#3053,.T.);
#3053 = EDGE_CURVE('',#2227,#3054,#3056,.T.);
#3054 = VERTEX_POINT('',#3055);
#3055 = CARTESIAN_POINT('',(103.2,-5.5,30.16));
#3056 = LINE('',#3057,#3058);
#3057 = CARTESIAN_POINT('',(103.2,4.635403172415E-14,30.16));
#3058 = VECTOR('',#3059,1.);
#3059 = DIRECTION('',(-5.551115123126E-16,-1.,-1.355854680849E-31));
#3060 = ORIENTED_EDGE('',*,*,#3061,.F.);
#3061 = EDGE_CURVE('',#3054,#3054,#3062,.T.);
#3062 = CIRCLE('',#3063,3.2);
#3063 = AXIS2_PLACEMENT_3D('',#3064,#3065,#3066);
#3064 = CARTESIAN_POINT('',(100.,-5.5,30.16));
#3065 = DIRECTION('',(1.725633230171E-31,1.,-5.551115123126E-16));
#3066 = DIRECTION('',(1.,7.395570986447E-32,4.440892098501E-16));
#3067 = ORIENTED_EDGE('',*,*,#3053,.F.);
#3068 = CYLINDRICAL_SURFACE('',#3069,3.2);
#3069 = AXIS2_PLACEMENT_3D('',#3070,#3071,#3072);
#3070 = CARTESIAN_POINT('',(100.,4.564348898839E-14,30.16));
#3071 = DIRECTION('',(4.440892098501E-16,1.,-1.110223024625E-16));
#3072 = DIRECTION('',(1.,2.22044604925E-16,5.551115123126E-16));
#3073 = ADVANCED_FACE('',(#3074),#3090,.F.);
#3074 = FACE_BOUND('',#3075,.T.);
#3075 = EDGE_LOOP('',(#3076,#3082,#3083,#3089));
#3076 = ORIENTED_EDGE('',*,*,#3077,.T.);
#3077 = EDGE_CURVE('',#2238,#2432,#3078,.T.);
#3078 = LINE('',#3079,#3080);
#3079 = CARTESIAN_POINT('',(116.0625,4.829886490754E-14,9.65));
#3080 = VECTOR('',#3081,1.);
#3081 = DIRECTION('',(-7.771561172376E-16,-1.,-1.110223024625E-16));
#3082 = ORIENTED_EDGE('',*,*,#2431,.T.);
#3083 = ORIENTED_EDGE('',*,*,#3084,.F.);
#3084 = EDGE_CURVE('',#2240,#2434,#3085,.T.);
#3085 = LINE('',#3086,#3087);
#3086 = CARTESIAN_POINT('',(116.0625,4.170414014126E-14,3.05));
#3087 = VECTOR('',#3088,1.);
#3088 = DIRECTION('',(-7.771561172376E-16,-1.,-1.110223024625E-16));
#3089 = ORIENTED_EDGE('',*,*,#2237,.F.);
#3090 = CYLINDRICAL_SURFACE('',#3091,3.3);
#3091 = AXIS2_PLACEMENT_3D('',#3092,#3093,#3094);
#3092 = CARTESIAN_POINT('',(116.0625,4.50015025244E-14,6.35));
#3093 = DIRECTION('',(6.661338147751E-16,1.,1.972152263053E-31));
#3094 = DIRECTION('',(1.,3.330669073875E-16,7.771561172376E-16));
#3095 = ADVANCED_FACE('',(#3096),#3107,.T.);
#3096 = FACE_BOUND('',#3097,.T.);
#3097 = EDGE_LOOP('',(#3098,#3104,#3105,#3106));
#3098 = ORIENTED_EDGE('',*,*,#3099,.T.);
#3099 = EDGE_CURVE('',#2257,#2451,#3100,.T.);
#3100 = LINE('',#3101,#3102);
#3101 = CARTESIAN_POINT('',(120.4625,4.976435930004E-14,9.65));
#3102 = VECTOR('',#3103,1.);
#3103 = DIRECTION('',(-7.771561172376E-16,-1.,-1.110223024625E-16));
#3104 = ORIENTED_EDGE('',*,*,#2459,.T.);
#3105 = ORIENTED_EDGE('',*,*,#3077,.F.);
#3106 = ORIENTED_EDGE('',*,*,#2265,.F.);
#3107 = PLANE('',#3108);
#3108 = AXIS2_PLACEMENT_3D('',#3109,#3110,#3111);
#3109 = CARTESIAN_POINT('',(120.4625,4.976435930004E-14,9.65));
#3110 = DIRECTION('',(-2.22044604925E-16,-8.881784197001E-16,-1.));
#3111 = DIRECTION('',(-1.,-3.330669073875E-16,-7.771561172376E-16));
#3112 = ADVANCED_FACE('',(#3113),#3124,.T.);
#3113 = FACE_BOUND('',#3114,.T.);
#3114 = EDGE_LOOP('',(#3115,#3116,#3117,#3123));
#3115 = ORIENTED_EDGE('',*,*,#3084,.T.);
#3116 = ORIENTED_EDGE('',*,*,#2442,.T.);
#3117 = ORIENTED_EDGE('',*,*,#3118,.F.);
#3118 = EDGE_CURVE('',#2249,#2443,#3119,.T.);
#3119 = LINE('',#3120,#3121);
#3120 = CARTESIAN_POINT('',(120.4625,4.316963453377E-14,3.05));
#3121 = VECTOR('',#3122,1.);
#3122 = DIRECTION('',(-7.771561172376E-16,-1.,-1.110223024625E-16));
#3123 = ORIENTED_EDGE('',*,*,#2248,.F.);
#3124 = PLANE('',#3125);
#3125 = AXIS2_PLACEMENT_3D('',#3126,#3127,#3128);
#3126 = CARTESIAN_POINT('',(116.0625,4.170414014126E-14,3.05));
#3127 = DIRECTION('',(2.22044604925E-16,8.881784197001E-16,1.));
#3128 = DIRECTION('',(1.,3.330669073875E-16,7.771561172376E-16));
#3129 = ADVANCED_FACE('',(#3130),#3136,.F.);
#3130 = FACE_BOUND('',#3131,.T.);
#3131 = EDGE_LOOP('',(#3132,#3133,#3134,#3135));
#3132 = ORIENTED_EDGE('',*,*,#3118,.T.);
#3133 = ORIENTED_EDGE('',*,*,#2450,.T.);
#3134 = ORIENTED_EDGE('',*,*,#3099,.F.);
#3135 = ORIENTED_EDGE('',*,*,#2256,.F.);
#3136 = CYLINDRICAL_SURFACE('',#3137,3.3);
#3137 = AXIS2_PLACEMENT_3D('',#3138,#3139,#3140);
#3138 = CARTESIAN_POINT('',(120.4625,4.646699691691E-14,6.35));
#3139 = DIRECTION('',(6.661338147751E-16,1.,1.972152263053E-31));
#3140 = DIRECTION('',(1.,3.330669073875E-16,7.771561172376E-16));
#3141 = ADVANCED_FACE('',(#3142),#3158,.F.);
#3142 = FACE_BOUND('',#3143,.T.);
#3143 = EDGE_LOOP('',(#3144,#3150,#3151,#3157));
#3144 = ORIENTED_EDGE('',*,*,#3145,.T.);
#3145 = EDGE_CURVE('',#2274,#2468,#3146,.T.);
#3146 = LINE('',#3147,#3148);
#3147 = CARTESIAN_POINT('',(116.0625,6.416117637187E-14,25.525));
#3148 = VECTOR('',#3149,1.);
#3149 = DIRECTION('',(-7.771561172376E-16,-1.,-1.110223024625E-16));
#3150 = ORIENTED_EDGE('',*,*,#2467,.T.);
#3151 = ORIENTED_EDGE('',*,*,#3152,.F.);
#3152 = EDGE_CURVE('',#2276,#2470,#3153,.T.);
#3153 = LINE('',#3154,#3155);
#3154 = CARTESIAN_POINT('',(116.0625,5.75664516056E-14,18.925));
#3155 = VECTOR('',#3156,1.);
#3156 = DIRECTION('',(-7.771561172376E-16,-1.,-1.110223024625E-16));
#3157 = ORIENTED_EDGE('',*,*,#2273,.F.);
#3158 = CYLINDRICAL_SURFACE('',#3159,3.3);
#3159 = AXIS2_PLACEMENT_3D('',#3160,#3161,#3162);
#3160 = CARTESIAN_POINT('',(116.0625,6.086381398873E-14,22.225));
#3161 = DIRECTION('',(6.661338147751E-16,1.,1.972152263053E-31));
#3162 = DIRECTION('',(1.,3.330669073875E-16,7.771561172376E-16));
#3163 = ADVANCED_FACE('',(#3164),#3175,.T.);
#3164 = FACE_BOUND('',#3165,.T.);
#3165 = EDGE_LOOP('',(#3166,#3172,#3173,#3174));
#3166 = ORIENTED_EDGE('',*,*,#3167,.T.);
#3167 = EDGE_CURVE('',#2293,#2487,#3168,.T.);
#3168 = LINE('',#3169,#3170);
#3169 = CARTESIAN_POINT('',(120.4625,6.562667076437E-14,25.525));
#3170 = VECTOR('',#3171,1.);
#3171 = DIRECTION('',(-7.771561172376E-16,-1.,-1.110223024625E-16));
#3172 = ORIENTED_EDGE('',*,*,#2495,.T.);
#3173 = ORIENTED_EDGE('',*,*,#3145,.F.);
#3174 = ORIENTED_EDGE('',*,*,#2301,.F.);
#3175 = PLANE('',#3176);
#3176 = AXIS2_PLACEMENT_3D('',#3177,#3178,#3179);
#3177 = CARTESIAN_POINT('',(120.4625,6.562667076437E-14,25.525));
#3178 = DIRECTION('',(-2.22044604925E-16,-8.881784197001E-16,-1.));
#3179 = DIRECTION('',(-1.,-3.330669073875E-16,-7.771561172376E-16));
#3180 = ADVANCED_FACE('',(#3181),#3192,.T.);
#3181 = FACE_BOUND('',#3182,.T.);
#3182 = EDGE_LOOP('',(#3183,#3184,#3185,#3191));
#3183 = ORIENTED_EDGE('',*,*,#3152,.T.);
#3184 = ORIENTED_EDGE('',*,*,#2478,.T.);
#3185 = ORIENTED_EDGE('',*,*,#3186,.F.);
#3186 = EDGE_CURVE('',#2285,#2479,#3187,.T.);
#3187 = LINE('',#3188,#3189);
#3188 = CARTESIAN_POINT('',(120.4625,5.90319459981E-14,18.925));
#3189 = VECTOR('',#3190,1.);
#3190 = DIRECTION('',(-7.771561172376E-16,-1.,-1.110223024625E-16));
#3191 = ORIENTED_EDGE('',*,*,#2284,.F.);
#3192 = PLANE('',#3193);
#3193 = AXIS2_PLACEMENT_3D('',#3194,#3195,#3196);
#3194 = CARTESIAN_POINT('',(116.0625,5.75664516056E-14,18.925));
#3195 = DIRECTION('',(2.22044604925E-16,8.881784197001E-16,1.));
#3196 = DIRECTION('',(1.,3.330669073875E-16,7.771561172376E-16));
#3197 = ADVANCED_FACE('',(#3198),#3204,.F.);
#3198 = FACE_BOUND('',#3199,.T.);
#3199 = EDGE_LOOP('',(#3200,#3201,#3202,#3203));
#3200 = ORIENTED_EDGE('',*,*,#3186,.T.);
#3201 = ORIENTED_EDGE('',*,*,#2486,.T.);
#3202 = ORIENTED_EDGE('',*,*,#3167,.F.);
#3203 = ORIENTED_EDGE('',*,*,#2292,.F.);
#3204 = CYLINDRICAL_SURFACE('',#3205,3.3);
#3205 = AXIS2_PLACEMENT_3D('',#3206,#3207,#3208);
#3206 = CARTESIAN_POINT('',(120.4625,6.232930838124E-14,22.225));
#3207 = DIRECTION('',(6.661338147751E-16,1.,1.972152263053E-31));
#3208 = DIRECTION('',(1.,3.330669073875E-16,7.771561172376E-16));
#3209 = ADVANCED_FACE('',(#3210),#3226,.F.);
#3210 = FACE_BOUND('',#3211,.T.);
#3211 = EDGE_LOOP('',(#3212,#3218,#3219,#3225));
#3212 = ORIENTED_EDGE('',*,*,#3213,.T.);
#3213 = EDGE_CURVE('',#2310,#2504,#3214,.T.);
#3214 = LINE('',#3215,#3216);
#3215 = CARTESIAN_POINT('',(116.0625,8.00234878362E-14,41.4));
#3216 = VECTOR('',#3217,1.);
#3217 = DIRECTION('',(-7.771561172376E-16,-1.,-1.110223024625E-16));
#3218 = ORIENTED_EDGE('',*,*,#2503,.T.);
#3219 = ORIENTED_EDGE('',*,*,#3220,.F.);
#3220 = EDGE_CURVE('',#2312,#2506,#3221,.T.);
#3221 = LINE('',#3222,#3223);
#3222 = CARTESIAN_POINT('',(116.0625,7.342876306993E-14,34.8));
#3223 = VECTOR('',#3224,1.);
#3224 = DIRECTION('',(-7.771561172376E-16,-1.,-1.110223024625E-16));
#3225 = ORIENTED_EDGE('',*,*,#2309,.F.);
#3226 = CYLINDRICAL_SURFACE('',#3227,3.3);
#3227 = AXIS2_PLACEMENT_3D('',#3228,#3229,#3230);
#3228 = CARTESIAN_POINT('',(116.0625,7.672612545306E-14,38.1));
#3229 = DIRECTION('',(6.661338147751E-16,1.,1.972152263053E-31));
#3230 = DIRECTION('',(1.,3.330669073875E-16,7.771561172376E-16));
#3231 = ADVANCED_FACE('',(#3232),#3243,.T.);
#3232 = FACE_BOUND('',#3233,.T.);
#3233 = EDGE_LOOP('',(#3234,#3240,#3241,#3242));
#3234 = ORIENTED_EDGE('',*,*,#3235,.T.);
#3235 = EDGE_CURVE('',#2329,#2523,#3236,.T.);
#3236 = LINE('',#3237,#3238);
#3237 = CARTESIAN_POINT('',(120.4625,8.148898222871E-14,41.4));
#3238 = VECTOR('',#3239,1.);
#3239 = DIRECTION('',(-7.771561172376E-16,-1.,-1.110223024625E-16));
#3240 = ORIENTED_EDGE('',*,*,#2531,.T.);
#3241 = ORIENTED_EDGE('',*,*,#3213,.F.);
#3242 = ORIENTED_EDGE('',*,*,#2337,.F.);
#3243 = PLANE('',#3244);
#3244 = AXIS2_PLACEMENT_3D('',#3245,#3246,#3247);
#3245 = CARTESIAN_POINT('',(120.4625,8.148898222871E-14,41.4));
#3246 = DIRECTION('',(-2.22044604925E-16,-8.881784197001E-16,-1.));
#3247 = DIRECTION('',(-1.,-3.330669073875E-16,-7.771561172376E-16));
#3248 = ADVANCED_FACE('',(#3249),#3260,.T.);
#3249 = FACE_BOUND('',#3250,.T.);
#3250 = EDGE_LOOP('',(#3251,#3252,#3253,#3259));
#3251 = ORIENTED_EDGE('',*,*,#3220,.T.);
#3252 = ORIENTED_EDGE('',*,*,#2514,.T.);
#3253 = ORIENTED_EDGE('',*,*,#3254,.F.);
#3254 = EDGE_CURVE('',#2321,#2515,#3255,.T.);
#3255 = LINE('',#3256,#3257);
#3256 = CARTESIAN_POINT('',(120.4625,7.489425746243E-14,34.8));
#3257 = VECTOR('',#3258,1.);
#3258 = DIRECTION('',(-7.771561172376E-16,-1.,-1.110223024625E-16));
#3259 = ORIENTED_EDGE('',*,*,#2320,.F.);
#3260 = PLANE('',#3261);
#3261 = AXIS2_PLACEMENT_3D('',#3262,#3263,#3264);
#3262 = CARTESIAN_POINT('',(116.0625,7.342876306993E-14,34.8));
#3263 = DIRECTION('',(2.22044604925E-16,8.881784197001E-16,1.));
#3264 = DIRECTION('',(1.,3.330669073875E-16,7.771561172376E-16));
#3265 = ADVANCED_FACE('',(#3266),#3272,.F.);
#3266 = FACE_BOUND('',#3267,.T.);
#3267 = EDGE_LOOP('',(#3268,#3269,#3270,#3271));
#3268 = ORIENTED_EDGE('',*,*,#3254,.T.);
#3269 = ORIENTED_EDGE('',*,*,#2522,.T.);
#3270 = ORIENTED_EDGE('',*,*,#3235,.F.);
#3271 = ORIENTED_EDGE('',*,*,#2328,.F.);
#3272 = CYLINDRICAL_SURFACE('',#3273,3.3);
#3273 = AXIS2_PLACEMENT_3D('',#3274,#3275,#3276);
#3274 = CARTESIAN_POINT('',(120.4625,7.819161984557E-14,38.1));
#3275 = DIRECTION('',(6.661338147751E-16,1.,1.972152263053E-31));
#3276 = DIRECTION('',(1.,3.330669073875E-16,7.771561172376E-16));
#3277 = ADVANCED_FACE('',(#3278),#3297,.F.);
#3278 = FACE_BOUND('',#3279,.F.);
#3279 = EDGE_LOOP('',(#3280,#3288,#3295,#3296));
#3280 = ORIENTED_EDGE('',*,*,#3281,.T.);
#3281 = EDGE_CURVE('',#2410,#3282,#3284,.T.);
#3282 = VERTEX_POINT('',#3283);
#3283 = CARTESIAN_POINT('',(105.5,-5.5,14.29));
#3284 = LINE('',#3285,#3286);
#3285 = CARTESIAN_POINT('',(105.5,-6.5,14.29));
#3286 = VECTOR('',#3287,1.);
#3287 = DIRECTION('',(3.330669073875E-16,1.,-1.110223024625E-16));
#3288 = ORIENTED_EDGE('',*,*,#3289,.T.);
#3289 = EDGE_CURVE('',#3282,#3282,#3290,.T.);
#3290 = CIRCLE('',#3291,5.5);
#3291 = AXIS2_PLACEMENT_3D('',#3292,#3293,#3294);
#3292 = CARTESIAN_POINT('',(100.,-5.5,14.29));
#3293 = DIRECTION('',(2.22044604925E-16,-1.,6.661338147751E-16));
#3294 = DIRECTION('',(1.,2.22044604925E-16,4.440892098501E-16));
#3295 = ORIENTED_EDGE('',*,*,#3281,.F.);
#3296 = ORIENTED_EDGE('',*,*,#2409,.F.);
#3297 = CYLINDRICAL_SURFACE('',#3298,5.5);
#3298 = AXIS2_PLACEMENT_3D('',#3299,#3300,#3301);
#3299 = CARTESIAN_POINT('',(100.,-6.5,14.29));
#3300 = DIRECTION('',(-2.22044604925E-16,-1.,2.22044604925E-16));
#3301 = DIRECTION('',(1.,1.110223024625E-16,3.330669073875E-16));
#3302 = ADVANCED_FACE('',(#3303),#3322,.F.);
#3303 = FACE_BOUND('',#3304,.F.);
#3304 = EDGE_LOOP('',(#3305,#3313,#3320,#3321));
#3305 = ORIENTED_EDGE('',*,*,#3306,.T.);
#3306 = EDGE_CURVE('',#2421,#3307,#3309,.T.);
#3307 = VERTEX_POINT('',#3308);
#3308 = CARTESIAN_POINT('',(105.5,-5.5,30.16));
#3309 = LINE('',#3310,#3311);
#3310 = CARTESIAN_POINT('',(105.5,-6.5,30.16));
#3311 = VECTOR('',#3312,1.);
#3312 = DIRECTION('',(3.330669073875E-16,1.,-1.110223024625E-16));
#3313 = ORIENTED_EDGE('',*,*,#3314,.T.);
#3314 = EDGE_CURVE('',#3307,#3307,#3315,.T.);
#3315 = CIRCLE('',#3316,5.5);
#3316 = AXIS2_PLACEMENT_3D('',#3317,#3318,#3319);
#3317 = CARTESIAN_POINT('',(100.,-5.5,30.16));
#3318 = DIRECTION('',(2.22044604925E-16,-1.,6.661338147751E-16));
#3319 = DIRECTION('',(1.,2.22044604925E-16,4.440892098501E-16));
#3320 = ORIENTED_EDGE('',*,*,#3306,.F.);
#3321 = ORIENTED_EDGE('',*,*,#2420,.F.);
#3322 = CYLINDRICAL_SURFACE('',#3323,5.5);
#3323 = AXIS2_PLACEMENT_3D('',#3324,#3325,#3326);
#3324 = CARTESIAN_POINT('',(100.,-6.5,30.16));
#3325 = DIRECTION('',(-2.22044604925E-16,-1.,2.22044604925E-16));
#3326 = DIRECTION('',(1.,1.110223024625E-16,3.330669073875E-16));
#3327 = ADVANCED_FACE('',(#3328),#3334,.F.);
#3328 = FACE_BOUND('',#3329,.F.);
#3329 = EDGE_LOOP('',(#3330,#3331,#3332,#3333));
#3330 = ORIENTED_EDGE('',*,*,#2675,.T.);
#3331 = ORIENTED_EDGE('',*,*,#2692,.T.);
#3332 = ORIENTED_EDGE('',*,*,#2714,.F.);
#3333 = ORIENTED_EDGE('',*,*,#2643,.F.);
#3334 = PLANE('',#3335);
#3335 = AXIS2_PLACEMENT_3D('',#3336,#3337,#3338);
#3336 = CARTESIAN_POINT('',(103.,144.,11.));
#3337 = DIRECTION('',(1.,3.330669073875E-16,8.881784197001E-16));
#3338 = DIRECTION('',(4.440892098501E-16,1.221245327088E-15,1.));
#3339 = ADVANCED_FACE('',(#3340,#3343),#3346,.F.);
#3340 = FACE_BOUND('',#3341,.F.);
#3341 = EDGE_LOOP('',(#3342));
#3342 = ORIENTED_EDGE('',*,*,#3289,.F.);
#3343 = FACE_BOUND('',#3344,.F.);
#3344 = EDGE_LOOP('',(#3345));
#3345 = ORIENTED_EDGE('',*,*,#3036,.F.);
#3346 = PLANE('',#3347);
#3347 = AXIS2_PLACEMENT_3D('',#3348,#3349,#3350);
#3348 = CARTESIAN_POINT('',(100.,-5.5,22.225));
#3349 = DIRECTION('',(4.440892098501E-16,1.,-1.263450004348E-17));
#3350 = DIRECTION('',(2.22044604925E-16,6.787683148186E-16,1.));
#3351 = ADVANCED_FACE('',(#3352,#3355),#3358,.F.);
#3352 = FACE_BOUND('',#3353,.F.);
#3353 = EDGE_LOOP('',(#3354));
#3354 = ORIENTED_EDGE('',*,*,#3314,.F.);
#3355 = FACE_BOUND('',#3356,.F.);
#3356 = EDGE_LOOP('',(#3357));
#3357 = ORIENTED_EDGE('',*,*,#3061,.F.);
#3358 = PLANE('',#3359);
#3359 = AXIS2_PLACEMENT_3D('',#3360,#3361,#3362);
#3360 = CARTESIAN_POINT('',(100.,-5.5,22.225));
#3361 = DIRECTION('',(4.440892098501E-16,1.,-1.263450004348E-17));
#3362 = DIRECTION('',(2.22044604925E-16,6.787683148186E-16,1.));
#3363 = MANIFOLD_SOLID_BREP('',#3364);
#3364 = CLOSED_SHELL('',(#3365,#3405,#3500,#3572,#3660,#3677,#3694,#3711
    ,#3728,#3761,#3785,#3809,#3833,#3857,#3874,#3914,#4077,#4101,#4249,
    #4266,#4290,#4314,#4331,#4343,#4360,#4377,#4389,#4411,#4428,#4445,
    #4457,#4479,#4496,#4513,#4525,#4547,#4564,#4581));
#3365 = ADVANCED_FACE('',(#3366),#3400,.T.);
#3366 = FACE_BOUND('',#3367,.T.);
#3367 = EDGE_LOOP('',(#3368,#3378,#3386,#3394));
#3368 = ORIENTED_EDGE('',*,*,#3369,.F.);
#3369 = EDGE_CURVE('',#3370,#3372,#3374,.T.);
#3370 = VERTEX_POINT('',#3371);
#3371 = CARTESIAN_POINT('',(-105.75,152.,12.396446609407));
#3372 = VERTEX_POINT('',#3373);
#3373 = CARTESIAN_POINT('',(-105.75,152.,0.));
#3374 = LINE('',#3375,#3376);
#3375 = CARTESIAN_POINT('',(-105.75,152.,12.396446609407));
#3376 = VECTOR('',#3377,1.);
#3377 = DIRECTION('',(-4.440892098501E-16,-1.110223024625E-15,-1.));
#3378 = ORIENTED_EDGE('',*,*,#3379,.T.);
#3379 = EDGE_CURVE('',#3370,#3380,#3382,.T.);
#3380 = VERTEX_POINT('',#3381);
#3381 = CARTESIAN_POINT('',(-105.75,158.,12.396446609407));
#3382 = LINE('',#3383,#3384);
#3383 = CARTESIAN_POINT('',(-105.75,152.,12.396446609407));
#3384 = VECTOR('',#3385,1.);
#3385 = DIRECTION('',(7.771561172376E-16,1.,1.110223024625E-16));
#3386 = ORIENTED_EDGE('',*,*,#3387,.T.);
#3387 = EDGE_CURVE('',#3380,#3388,#3390,.T.);
#3388 = VERTEX_POINT('',#3389);
#3389 = CARTESIAN_POINT('',(-105.75,158.,0.));
#3390 = LINE('',#3391,#3392);
#3391 = CARTESIAN_POINT('',(-105.75,158.,12.396446609407));
#3392 = VECTOR('',#3393,1.);
#3393 = DIRECTION('',(-4.440892098501E-16,-1.110223024625E-15,-1.));
#3394 = ORIENTED_EDGE('',*,*,#3395,.T.);
#3395 = EDGE_CURVE('',#3388,#3372,#3396,.T.);
#3396 = LINE('',#3397,#3398);
#3397 = CARTESIAN_POINT('',(-105.75,152.,1.579292252529E-14));
#3398 = VECTOR('',#3399,1.);
#3399 = DIRECTION('',(-7.771561172376E-16,-1.,-1.110223024625E-16));
#3400 = PLANE('',#3401);
#3401 = AXIS2_PLACEMENT_3D('',#3402,#3403,#3404);
#3402 = CARTESIAN_POINT('',(-105.75,152.,12.396446609407));
#3403 = DIRECTION('',(-1.,-2.22044604925E-16,-6.661338147751E-16));
#3404 = DIRECTION('',(-3.330669073875E-16,-9.992007221626E-16,-1.));
#3405 = ADVANCED_FACE('',(#3406),#3495,.T.);
#3406 = FACE_BOUND('',#3407,.T.);
#3407 = EDGE_LOOP('',(#3408,#3409,#3417,#3425,#3433,#3441,#3449,#3457,
    #3465,#3473,#3481,#3489));
#3408 = ORIENTED_EDGE('',*,*,#3369,.T.);
#3409 = ORIENTED_EDGE('',*,*,#3410,.T.);
#3410 = EDGE_CURVE('',#3372,#3411,#3413,.T.);
#3411 = VERTEX_POINT('',#3412);
#3412 = CARTESIAN_POINT('',(-103.55,152.,0.));
#3413 = LINE('',#3414,#3415);
#3414 = CARTESIAN_POINT('',(-106.75,152.,2.511879593214E-14));
#3415 = VECTOR('',#3416,1.);
#3416 = DIRECTION('',(1.,5.551115123126E-16,1.221245327088E-15));
#3417 = ORIENTED_EDGE('',*,*,#3418,.F.);
#3418 = EDGE_CURVE('',#3419,#3411,#3421,.T.);
#3419 = VERTEX_POINT('',#3420);
#3420 = CARTESIAN_POINT('',(-103.55,152.,6.));
#3421 = LINE('',#3422,#3423);
#3422 = CARTESIAN_POINT('',(-103.55,152.,40.3));
#3423 = VECTOR('',#3424,1.);
#3424 = DIRECTION('',(-6.661338147751E-16,-1.33226762955E-15,-1.));
#3425 = ORIENTED_EDGE('',*,*,#3426,.T.);
#3426 = EDGE_CURVE('',#3419,#3427,#3429,.T.);
#3427 = VERTEX_POINT('',#3428);
#3428 = CARTESIAN_POINT('',(-99.55,152.,6.));
#3429 = LINE('',#3430,#3431);
#3430 = CARTESIAN_POINT('',(-106.75,152.,6.));
#3431 = VECTOR('',#3432,1.);
#3432 = DIRECTION('',(1.,4.440892098501E-16,9.992007221626E-16));
#3433 = ORIENTED_EDGE('',*,*,#3434,.F.);
#3434 = EDGE_CURVE('',#3435,#3427,#3437,.T.);
#3435 = VERTEX_POINT('',#3436);
#3436 = CARTESIAN_POINT('',(-99.55,152.,34.));
#3437 = LINE('',#3438,#3439);
#3438 = CARTESIAN_POINT('',(-99.55,152.,34.));
#3439 = VECTOR('',#3440,1.);
#3440 = DIRECTION('',(-5.551115123126E-16,-1.110223024625E-15,-1.));
#3441 = ORIENTED_EDGE('',*,*,#3442,.F.);
#3442 = EDGE_CURVE('',#3443,#3435,#3445,.T.);
#3443 = VERTEX_POINT('',#3444);
#3444 = CARTESIAN_POINT('',(-103.55,152.,34.));
#3445 = LINE('',#3446,#3447);
#3446 = CARTESIAN_POINT('',(-106.75,152.,34.));
#3447 = VECTOR('',#3448,1.);
#3448 = DIRECTION('',(1.,4.440892098501E-16,9.992007221626E-16));
#3449 = ORIENTED_EDGE('',*,*,#3450,.F.);
#3450 = EDGE_CURVE('',#3451,#3443,#3453,.T.);
#3451 = VERTEX_POINT('',#3452);
#3452 = CARTESIAN_POINT('',(-103.55,152.,40.3));
#3453 = LINE('',#3454,#3455);
#3454 = CARTESIAN_POINT('',(-103.55,152.,40.3));
#3455 = VECTOR('',#3456,1.);
#3456 = DIRECTION('',(-6.661338147751E-16,-1.33226762955E-15,-1.));
#3457 = ORIENTED_EDGE('',*,*,#3458,.F.);
#3458 = EDGE_CURVE('',#3459,#3451,#3461,.T.);
#3459 = VERTEX_POINT('',#3460);
#3460 = CARTESIAN_POINT('',(-105.75,152.,40.3));
#3461 = LINE('',#3462,#3463);
#3462 = CARTESIAN_POINT('',(-106.75,152.,40.3));
#3463 = VECTOR('',#3464,1.);
#3464 = DIRECTION('',(1.,5.551115123126E-16,1.221245327088E-15));
#3465 = ORIENTED_EDGE('',*,*,#3466,.T.);
#3466 = EDGE_CURVE('',#3459,#3467,#3469,.T.);
#3467 = VERTEX_POINT('',#3468);
#3468 = CARTESIAN_POINT('',(-105.75,152.,27.603553390593));
#3469 = LINE('',#3470,#3471);
#3470 = CARTESIAN_POINT('',(-105.75,152.,41.3));
#3471 = VECTOR('',#3472,1.);
#3472 = DIRECTION('',(-4.440892098501E-16,-1.110223024625E-15,-1.));
#3473 = ORIENTED_EDGE('',*,*,#3474,.T.);
#3474 = EDGE_CURVE('',#3467,#3475,#3477,.T.);
#3475 = VERTEX_POINT('',#3476);
#3476 = CARTESIAN_POINT('',(-101.75,152.,31.603553390593));
#3477 = LINE('',#3478,#3479);
#3478 = CARTESIAN_POINT('',(-105.75,152.,27.603553390593));
#3479 = VECTOR('',#3480,1.);
#3480 = DIRECTION('',(0.707106781187,1.099064721079E-15,0.707106781187)
  );
#3481 = ORIENTED_EDGE('',*,*,#3482,.T.);
#3482 = EDGE_CURVE('',#3475,#3483,#3485,.T.);
#3483 = VERTEX_POINT('',#3484);
#3484 = CARTESIAN_POINT('',(-101.75,152.,8.396446609407));
#3485 = LINE('',#3486,#3487);
#3486 = CARTESIAN_POINT('',(-101.75,152.,31.603553390593));
#3487 = VECTOR('',#3488,1.);
#3488 = DIRECTION('',(-4.440892098501E-16,-1.110223024625E-15,-1.));
#3489 = ORIENTED_EDGE('',*,*,#3490,.T.);
#3490 = EDGE_CURVE('',#3483,#3370,#3491,.T.);
#3491 = LINE('',#3492,#3493);
#3492 = CARTESIAN_POINT('',(-101.75,152.,8.396446609407));
#3493 = VECTOR('',#3494,1.);
#3494 = DIRECTION('',(-0.707106781187,4.710277376051E-16,0.707106781187)
  );
#3495 = PLANE('',#3496);
#3496 = AXIS2_PLACEMENT_3D('',#3497,#3498,#3499);
#3497 = CARTESIAN_POINT('',(-103.6678947368,152.,20.137368421053));
#3498 = DIRECTION('',(-6.062094170508E-16,-1.,-4.440892098501E-16));
#3499 = DIRECTION('',(-1.,-7.260582124993E-16,-8.881784197001E-16));
#3500 = ADVANCED_FACE('',(#3501),#3567,.T.);
#3501 = FACE_BOUND('',#3502,.T.);
#3502 = EDGE_LOOP('',(#3503,#3504,#3512,#3520,#3528,#3536,#3544,#3552,
    #3560,#3566));
#3503 = ORIENTED_EDGE('',*,*,#3395,.F.);
#3504 = ORIENTED_EDGE('',*,*,#3505,.T.);
#3505 = EDGE_CURVE('',#3388,#3506,#3508,.T.);
#3506 = VERTEX_POINT('',#3507);
#3507 = CARTESIAN_POINT('',(-106.75,158.,0.));
#3508 = LINE('',#3509,#3510);
#3509 = CARTESIAN_POINT('',(-106.0173083984,158.,1.511525900105E-14));
#3510 = VECTOR('',#3511,1.);
#3511 = DIRECTION('',(-1.,-2.22044604925E-16,-7.771561172376E-16));
#3512 = ORIENTED_EDGE('',*,*,#3513,.T.);
#3513 = EDGE_CURVE('',#3506,#3514,#3516,.T.);
#3514 = VERTEX_POINT('',#3515);
#3515 = CARTESIAN_POINT('',(-106.75,235.,0.));
#3516 = LINE('',#3517,#3518);
#3517 = CARTESIAN_POINT('',(-106.75,152.,3.014255511857E-14));
#3518 = VECTOR('',#3519,1.);
#3519 = DIRECTION('',(1.33226762955E-15,1.,6.661338147751E-16));
#3520 = ORIENTED_EDGE('',*,*,#3521,.T.);
#3521 = EDGE_CURVE('',#3514,#3522,#3524,.T.);
#3522 = VERTEX_POINT('',#3523);
#3523 = CARTESIAN_POINT('',(-123.,235.,0.));
#3524 = LINE('',#3525,#3526);
#3525 = CARTESIAN_POINT('',(-94.,235.,4.263256414561E-14));
#3526 = VECTOR('',#3527,1.);
#3527 = DIRECTION('',(-1.,-2.22044604925E-16,-4.440892098501E-16));
#3528 = ORIENTED_EDGE('',*,*,#3529,.T.);
#3529 = EDGE_CURVE('',#3522,#3530,#3532,.T.);
#3530 = VERTEX_POINT('',#3531);
#3531 = CARTESIAN_POINT('',(-123.,241.5,0.));
#3532 = LINE('',#3533,#3534);
#3533 = CARTESIAN_POINT('',(-123.,235.,8.82627304577E-15));
#3534 = VECTOR('',#3535,1.);
#3535 = DIRECTION('',(3.330669073875E-16,1.,-1.110223024625E-16));
#3536 = ORIENTED_EDGE('',*,*,#3537,.F.);
#3537 = EDGE_CURVE('',#3538,#3530,#3540,.T.);
#3538 = VERTEX_POINT('',#3539);
#3539 = CARTESIAN_POINT('',(-94.,241.5,0.));
#3540 = LINE('',#3541,#3542);
#3541 = CARTESIAN_POINT('',(-94.,241.5,4.263256414561E-14));
#3542 = VECTOR('',#3543,1.);
#3543 = DIRECTION('',(-1.,-2.22044604925E-16,-4.440892098501E-16));
#3544 = ORIENTED_EDGE('',*,*,#3545,.F.);
#3545 = EDGE_CURVE('',#3546,#3538,#3548,.T.);
#3546 = VERTEX_POINT('',#3547);
#3547 = CARTESIAN_POINT('',(-94.,235.,0.));
#3548 = LINE('',#3549,#3550);
#3549 = CARTESIAN_POINT('',(-94.,235.,1.848521336001E-14));
#3550 = VECTOR('',#3551,1.);
#3551 = DIRECTION('',(3.330669073875E-16,1.,-1.110223024625E-16));
#3552 = ORIENTED_EDGE('',*,*,#3553,.T.);
#3553 = EDGE_CURVE('',#3546,#3554,#3556,.T.);
#3554 = VERTEX_POINT('',#3555);
#3555 = CARTESIAN_POINT('',(-103.55,235.,0.));
#3556 = LINE('',#3557,#3558);
#3557 = CARTESIAN_POINT('',(-94.,235.,4.263256414561E-14));
#3558 = VECTOR('',#3559,1.);
#3559 = DIRECTION('',(-1.,-2.22044604925E-16,-4.440892098501E-16));
#3560 = ORIENTED_EDGE('',*,*,#3561,.F.);
#3561 = EDGE_CURVE('',#3411,#3554,#3562,.T.);
#3562 = LINE('',#3563,#3564);
#3563 = CARTESIAN_POINT('',(-103.55,152.,3.685940441756E-14));
#3564 = VECTOR('',#3565,1.);
#3565 = DIRECTION('',(1.33226762955E-15,1.,6.661338147751E-16));
#3566 = ORIENTED_EDGE('',*,*,#3410,.F.);
#3567 = PLANE('',#3568);
#3568 = AXIS2_PLACEMENT_3D('',#3569,#3570,#3571);
#3569 = CARTESIAN_POINT('',(-106.1282700421,205.81075949367,
    1.147235017177E-14));
#3570 = DIRECTION('',(-1.110223024625E-16,-2.22044604925E-16,-1.));
#3571 = DIRECTION('',(-1.,-1.110223024625E-16,-2.22044604925E-16));
#3572 = ADVANCED_FACE('',(#3573),#3655,.F.);
#3573 = FACE_BOUND('',#3574,.F.);
#3574 = EDGE_LOOP('',(#3575,#3583,#3584,#3585,#3593,#3601,#3609,#3617,
    #3625,#3633,#3641,#3649));
#3575 = ORIENTED_EDGE('',*,*,#3576,.T.);
#3576 = EDGE_CURVE('',#3577,#3380,#3579,.T.);
#3577 = VERTEX_POINT('',#3578);
#3578 = CARTESIAN_POINT('',(-101.75,158.,8.396446609407));
#3579 = LINE('',#3580,#3581);
#3580 = CARTESIAN_POINT('',(-101.75,158.,8.396446609407));
#3581 = VECTOR('',#3582,1.);
#3582 = DIRECTION('',(-0.707106781187,4.710277376051E-16,0.707106781187)
  );
#3583 = ORIENTED_EDGE('',*,*,#3387,.T.);
#3584 = ORIENTED_EDGE('',*,*,#3505,.T.);
#3585 = ORIENTED_EDGE('',*,*,#3586,.F.);
#3586 = EDGE_CURVE('',#3587,#3506,#3589,.T.);
#3587 = VERTEX_POINT('',#3588);
#3588 = CARTESIAN_POINT('',(-106.75,158.,14.396446609407));
#3589 = LINE('',#3590,#3591);
#3590 = CARTESIAN_POINT('',(-106.75,158.,20.136451427438));
#3591 = VECTOR('',#3592,1.);
#3592 = DIRECTION('',(-2.22044604925E-16,-6.661338147751E-16,-1.));
#3593 = ORIENTED_EDGE('',*,*,#3594,.F.);
#3594 = EDGE_CURVE('',#3595,#3587,#3597,.T.);
#3595 = VERTEX_POINT('',#3596);
#3596 = CARTESIAN_POINT('',(-102.75,158.,10.396446609407));
#3597 = LINE('',#3598,#3599);
#3598 = CARTESIAN_POINT('',(-108.0652682605,158.,15.711714869985));
#3599 = VECTOR('',#3600,1.);
#3600 = DIRECTION('',(-0.707106781187,3.140184917368E-16,0.707106781187)
  );
#3601 = ORIENTED_EDGE('',*,*,#3602,.F.);
#3602 = EDGE_CURVE('',#3603,#3595,#3605,.T.);
#3603 = VERTEX_POINT('',#3604);
#3604 = CARTESIAN_POINT('',(-102.75,158.,29.603553390593));
#3605 = LINE('',#3606,#3607);
#3606 = CARTESIAN_POINT('',(-102.75,158.,15.259674732142));
#3607 = VECTOR('',#3608,1.);
#3608 = DIRECTION('',(-2.22044604925E-16,-4.440892098501E-16,-1.));
#3609 = ORIENTED_EDGE('',*,*,#3610,.F.);
#3610 = EDGE_CURVE('',#3611,#3603,#3613,.T.);
#3611 = VERTEX_POINT('',#3612);
#3612 = CARTESIAN_POINT('',(-106.75,158.,25.603553390593));
#3613 = LINE('',#3614,#3615);
#3614 = CARTESIAN_POINT('',(-105.7538168331,158.,26.599736557454));
#3615 = VECTOR('',#3616,1.);
#3616 = DIRECTION('',(0.707106781187,3.140184917368E-16,0.707106781187)
  );
#3617 = ORIENTED_EDGE('',*,*,#3618,.F.);
#3618 = EDGE_CURVE('',#3619,#3611,#3621,.T.);
#3619 = VERTEX_POINT('',#3620);
#3620 = CARTESIAN_POINT('',(-106.75,158.,40.3));
#3621 = LINE('',#3622,#3623);
#3622 = CARTESIAN_POINT('',(-106.75,158.,20.136451427438));
#3623 = VECTOR('',#3624,1.);
#3624 = DIRECTION('',(-2.22044604925E-16,-6.661338147751E-16,-1.));
#3625 = ORIENTED_EDGE('',*,*,#3626,.T.);
#3626 = EDGE_CURVE('',#3619,#3627,#3629,.T.);
#3627 = VERTEX_POINT('',#3628);
#3628 = CARTESIAN_POINT('',(-105.75,158.,40.3));
#3629 = LINE('',#3630,#3631);
#3630 = CARTESIAN_POINT('',(-106.0173083984,158.,40.3));
#3631 = VECTOR('',#3632,1.);
#3632 = DIRECTION('',(1.,2.22044604925E-16,7.771561172376E-16));
#3633 = ORIENTED_EDGE('',*,*,#3634,.T.);
#3634 = EDGE_CURVE('',#3627,#3635,#3637,.T.);
#3635 = VERTEX_POINT('',#3636);
#3636 = CARTESIAN_POINT('',(-105.75,158.,27.603553390593));
#3637 = LINE('',#3638,#3639);
#3638 = CARTESIAN_POINT('',(-105.75,158.,41.3));
#3639 = VECTOR('',#3640,1.);
#3640 = DIRECTION('',(-4.440892098501E-16,-1.110223024625E-15,-1.));
#3641 = ORIENTED_EDGE('',*,*,#3642,.T.);
#3642 = EDGE_CURVE('',#3635,#3643,#3645,.T.);
#3643 = VERTEX_POINT('',#3644);
#3644 = CARTESIAN_POINT('',(-101.75,158.,31.603553390593));
#3645 = LINE('',#3646,#3647);
#3646 = CARTESIAN_POINT('',(-105.75,158.,27.603553390593));
#3647 = VECTOR('',#3648,1.);
#3648 = DIRECTION('',(0.707106781187,1.099064721079E-15,0.707106781187)
  );
#3649 = ORIENTED_EDGE('',*,*,#3650,.T.);
#3650 = EDGE_CURVE('',#3643,#3577,#3651,.T.);
#3651 = LINE('',#3652,#3653);
#3652 = CARTESIAN_POINT('',(-101.75,158.,31.603553390593));
#3653 = VECTOR('',#3654,1.);
#3654 = DIRECTION('',(-4.440892098501E-16,-1.110223024625E-15,-1.));
#3655 = PLANE('',#3656);
#3656 = AXIS2_PLACEMENT_3D('',#3657,#3658,#3659);
#3657 = CARTESIAN_POINT('',(-105.2846167968,158.,20.122902854877));
#3658 = DIRECTION('',(8.881784197001E-16,1.,4.440892098501E-16));
#3659 = DIRECTION('',(4.440892098501E-16,8.881784197001E-16,1.));
#3660 = ADVANCED_FACE('',(#3661),#3672,.T.);
#3661 = FACE_BOUND('',#3662,.T.);
#3662 = EDGE_LOOP('',(#3663,#3669,#3670,#3671));
#3663 = ORIENTED_EDGE('',*,*,#3664,.T.);
#3664 = EDGE_CURVE('',#3483,#3577,#3665,.T.);
#3665 = LINE('',#3666,#3667);
#3666 = CARTESIAN_POINT('',(-101.75,152.,8.396446609407));
#3667 = VECTOR('',#3668,1.);
#3668 = DIRECTION('',(7.771561172376E-16,1.,1.110223024625E-16));
#3669 = ORIENTED_EDGE('',*,*,#3576,.T.);
#3670 = ORIENTED_EDGE('',*,*,#3379,.F.);
#3671 = ORIENTED_EDGE('',*,*,#3490,.F.);
#3672 = PLANE('',#3673);
#3673 = AXIS2_PLACEMENT_3D('',#3674,#3675,#3676);
#3674 = CARTESIAN_POINT('',(-101.75,152.,8.396446609407));
#3675 = DIRECTION('',(0.707106781187,7.850462293419E-16,0.707106781187)
  );
#3676 = DIRECTION('',(-0.707106781187,4.710277376051E-16,0.707106781187)
  );
#3677 = ADVANCED_FACE('',(#3678),#3689,.T.);
#3678 = FACE_BOUND('',#3679,.T.);
#3679 = EDGE_LOOP('',(#3680,#3686,#3687,#3688));
#3680 = ORIENTED_EDGE('',*,*,#3681,.T.);
#3681 = EDGE_CURVE('',#3475,#3643,#3682,.T.);
#3682 = LINE('',#3683,#3684);
#3683 = CARTESIAN_POINT('',(-101.75,152.,31.603553390593));
#3684 = VECTOR('',#3685,1.);
#3685 = DIRECTION('',(7.771561172376E-16,1.,1.110223024625E-16));
#3686 = ORIENTED_EDGE('',*,*,#3650,.T.);
#3687 = ORIENTED_EDGE('',*,*,#3664,.F.);
#3688 = ORIENTED_EDGE('',*,*,#3482,.F.);
#3689 = PLANE('',#3690);
#3690 = AXIS2_PLACEMENT_3D('',#3691,#3692,#3693);
#3691 = CARTESIAN_POINT('',(-101.75,152.,31.603553390593));
#3692 = DIRECTION('',(-1.,-2.22044604925E-16,-6.661338147751E-16));
#3693 = DIRECTION('',(-3.330669073875E-16,-9.992007221626E-16,-1.));
#3694 = ADVANCED_FACE('',(#3695),#3706,.T.);
#3695 = FACE_BOUND('',#3696,.T.);
#3696 = EDGE_LOOP('',(#3697,#3703,#3704,#3705));
#3697 = ORIENTED_EDGE('',*,*,#3698,.T.);
#3698 = EDGE_CURVE('',#3467,#3635,#3699,.T.);
#3699 = LINE('',#3700,#3701);
#3700 = CARTESIAN_POINT('',(-105.75,152.,27.603553390593));
#3701 = VECTOR('',#3702,1.);
#3702 = DIRECTION('',(7.771561172376E-16,1.,1.110223024625E-16));
#3703 = ORIENTED_EDGE('',*,*,#3642,.T.);
#3704 = ORIENTED_EDGE('',*,*,#3681,.F.);
#3705 = ORIENTED_EDGE('',*,*,#3474,.F.);
#3706 = PLANE('',#3707);
#3707 = AXIS2_PLACEMENT_3D('',#3708,#3709,#3710);
#3708 = CARTESIAN_POINT('',(-105.75,152.,27.603553390593));
#3709 = DIRECTION('',(0.707106781187,-4.710277376051E-16,-0.707106781187
    ));
#3710 = DIRECTION('',(0.707106781187,9.420554752103E-16,0.707106781187)
  );
#3711 = ADVANCED_FACE('',(#3712),#3723,.T.);
#3712 = FACE_BOUND('',#3713,.T.);
#3713 = EDGE_LOOP('',(#3714,#3715,#3721,#3722));
#3714 = ORIENTED_EDGE('',*,*,#3466,.F.);
#3715 = ORIENTED_EDGE('',*,*,#3716,.T.);
#3716 = EDGE_CURVE('',#3459,#3627,#3717,.T.);
#3717 = LINE('',#3718,#3719);
#3718 = CARTESIAN_POINT('',(-105.75,193.5,40.3));
#3719 = VECTOR('',#3720,1.);
#3720 = DIRECTION('',(7.771561172376E-16,1.,1.110223024625E-16));
#3721 = ORIENTED_EDGE('',*,*,#3634,.T.);
#3722 = ORIENTED_EDGE('',*,*,#3698,.F.);
#3723 = PLANE('',#3724);
#3724 = AXIS2_PLACEMENT_3D('',#3725,#3726,#3727);
#3725 = CARTESIAN_POINT('',(-105.75,152.,41.3));
#3726 = DIRECTION('',(-1.,-2.22044604925E-16,-6.661338147751E-16));
#3727 = DIRECTION('',(-3.330669073875E-16,-9.992007221626E-16,-1.));
#3728 = ADVANCED_FACE('',(#3729),#3756,.F.);
#3729 = FACE_BOUND('',#3730,.F.);
#3730 = EDGE_LOOP('',(#3731,#3739,#3747,#3753,#3754,#3755));
#3731 = ORIENTED_EDGE('',*,*,#3732,.F.);
#3732 = EDGE_CURVE('',#3733,#3619,#3735,.T.);
#3733 = VERTEX_POINT('',#3734);
#3734 = CARTESIAN_POINT('',(-106.75,235.,40.3));
#3735 = LINE('',#3736,#3737);
#3736 = CARTESIAN_POINT('',(-106.75,234.99999999999,40.3));
#3737 = VECTOR('',#3738,1.);
#3738 = DIRECTION('',(-1.33226762955E-15,-1.,-6.661338147751E-16));
#3739 = ORIENTED_EDGE('',*,*,#3740,.T.);
#3740 = EDGE_CURVE('',#3733,#3741,#3743,.T.);
#3741 = VERTEX_POINT('',#3742);
#3742 = CARTESIAN_POINT('',(-103.55,235.,40.3));
#3743 = LINE('',#3744,#3745);
#3744 = CARTESIAN_POINT('',(-106.75,235.,40.3));
#3745 = VECTOR('',#3746,1.);
#3746 = DIRECTION('',(1.,5.551115123126E-16,1.221245327088E-15));
#3747 = ORIENTED_EDGE('',*,*,#3748,.T.);
#3748 = EDGE_CURVE('',#3741,#3451,#3749,.T.);
#3749 = LINE('',#3750,#3751);
#3750 = CARTESIAN_POINT('',(-103.55,234.99999999999,40.3));
#3751 = VECTOR('',#3752,1.);
#3752 = DIRECTION('',(-1.33226762955E-15,-1.,-6.661338147751E-16));
#3753 = ORIENTED_EDGE('',*,*,#3458,.F.);
#3754 = ORIENTED_EDGE('',*,*,#3716,.T.);
#3755 = ORIENTED_EDGE('',*,*,#3626,.F.);
#3756 = PLANE('',#3757);
#3757 = AXIS2_PLACEMENT_3D('',#3758,#3759,#3760);
#3758 = CARTESIAN_POINT('',(-106.75,235.,40.3));
#3759 = DIRECTION('',(-4.440892098501E-16,-1.110223024625E-15,-1.));
#3760 = DIRECTION('',(-1.221245327088E-15,-1.,-5.551115123126E-16));
#3761 = ADVANCED_FACE('',(#3762),#3780,.T.);
#3762 = FACE_BOUND('',#3763,.T.);
#3763 = EDGE_LOOP('',(#3764,#3765,#3773,#3779));
#3764 = ORIENTED_EDGE('',*,*,#3450,.T.);
#3765 = ORIENTED_EDGE('',*,*,#3766,.T.);
#3766 = EDGE_CURVE('',#3443,#3767,#3769,.T.);
#3767 = VERTEX_POINT('',#3768);
#3768 = CARTESIAN_POINT('',(-103.55,235.,34.));
#3769 = LINE('',#3770,#3771);
#3770 = CARTESIAN_POINT('',(-103.55,214.25,34.));
#3771 = VECTOR('',#3772,1.);
#3772 = DIRECTION('',(8.881784197001E-16,1.,4.440892098501E-16));
#3773 = ORIENTED_EDGE('',*,*,#3774,.T.);
#3774 = EDGE_CURVE('',#3767,#3741,#3775,.T.);
#3775 = LINE('',#3776,#3777);
#3776 = CARTESIAN_POINT('',(-103.55,234.99999999999,9.192646643896E-14)
  );
#3777 = VECTOR('',#3778,1.);
#3778 = DIRECTION('',(6.661338147751E-16,1.33226762955E-15,1.));
#3779 = ORIENTED_EDGE('',*,*,#3748,.T.);
#3780 = PLANE('',#3781);
#3781 = AXIS2_PLACEMENT_3D('',#3782,#3783,#3784);
#3782 = CARTESIAN_POINT('',(-103.55,193.49999999999,20.15));
#3783 = DIRECTION('',(1.,6.661338147751E-16,1.33226762955E-15));
#3784 = DIRECTION('',(6.661338147751E-16,1.33226762955E-15,1.));
#3785 = ADVANCED_FACE('',(#3786),#3804,.F.);
#3786 = FACE_BOUND('',#3787,.F.);
#3787 = EDGE_LOOP('',(#3788,#3789,#3797,#3803));
#3788 = ORIENTED_EDGE('',*,*,#3766,.T.);
#3789 = ORIENTED_EDGE('',*,*,#3790,.T.);
#3790 = EDGE_CURVE('',#3767,#3791,#3793,.T.);
#3791 = VERTEX_POINT('',#3792);
#3792 = CARTESIAN_POINT('',(-99.55,235.,34.));
#3793 = LINE('',#3794,#3795);
#3794 = CARTESIAN_POINT('',(-106.75,235.,34.));
#3795 = VECTOR('',#3796,1.);
#3796 = DIRECTION('',(1.,4.440892098501E-16,9.992007221626E-16));
#3797 = ORIENTED_EDGE('',*,*,#3798,.T.);
#3798 = EDGE_CURVE('',#3791,#3435,#3799,.T.);
#3799 = LINE('',#3800,#3801);
#3800 = CARTESIAN_POINT('',(-99.55,235.,34.));
#3801 = VECTOR('',#3802,1.);
#3802 = DIRECTION('',(-1.110223024625E-15,-1.,-5.551115123126E-16));
#3803 = ORIENTED_EDGE('',*,*,#3442,.F.);
#3804 = PLANE('',#3805);
#3805 = AXIS2_PLACEMENT_3D('',#3806,#3807,#3808);
#3806 = CARTESIAN_POINT('',(-106.75,235.,34.));
#3807 = DIRECTION('',(-3.330669073875E-16,-8.881784197001E-16,-1.));
#3808 = DIRECTION('',(-9.992007221626E-16,-1.,-4.440892098501E-16));
#3809 = ADVANCED_FACE('',(#3810),#3828,.T.);
#3810 = FACE_BOUND('',#3811,.T.);
#3811 = EDGE_LOOP('',(#3812,#3820,#3826,#3827));
#3812 = ORIENTED_EDGE('',*,*,#3813,.T.);
#3813 = EDGE_CURVE('',#3427,#3814,#3816,.T.);
#3814 = VERTEX_POINT('',#3815);
#3815 = CARTESIAN_POINT('',(-99.55,235.,6.));
#3816 = LINE('',#3817,#3818);
#3817 = CARTESIAN_POINT('',(-99.55,152.,6.));
#3818 = VECTOR('',#3819,1.);
#3819 = DIRECTION('',(1.110223024625E-15,1.,5.551115123126E-16));
#3820 = ORIENTED_EDGE('',*,*,#3821,.T.);
#3821 = EDGE_CURVE('',#3814,#3791,#3822,.T.);
#3822 = LINE('',#3823,#3824);
#3823 = CARTESIAN_POINT('',(-99.55,235.,6.));
#3824 = VECTOR('',#3825,1.);
#3825 = DIRECTION('',(5.551115123126E-16,1.110223024625E-15,1.));
#3826 = ORIENTED_EDGE('',*,*,#3798,.T.);
#3827 = ORIENTED_EDGE('',*,*,#3434,.T.);
#3828 = PLANE('',#3829);
#3829 = AXIS2_PLACEMENT_3D('',#3830,#3831,#3832);
#3830 = CARTESIAN_POINT('',(-99.55,193.5,20.));
#3831 = DIRECTION('',(1.,5.551115123126E-16,1.110223024625E-15));
#3832 = DIRECTION('',(5.551115123126E-16,1.110223024625E-15,1.));
#3833 = ADVANCED_FACE('',(#3834),#3852,.F.);
#3834 = FACE_BOUND('',#3835,.F.);
#3835 = EDGE_LOOP('',(#3836,#3844,#3845,#3846));
#3836 = ORIENTED_EDGE('',*,*,#3837,.T.);
#3837 = EDGE_CURVE('',#3838,#3419,#3840,.T.);
#3838 = VERTEX_POINT('',#3839);
#3839 = CARTESIAN_POINT('',(-103.55,235.,6.));
#3840 = LINE('',#3841,#3842);
#3841 = CARTESIAN_POINT('',(-103.55,172.75,6.));
#3842 = VECTOR('',#3843,1.);
#3843 = DIRECTION('',(-8.881784197001E-16,-1.,-4.440892098501E-16));
#3844 = ORIENTED_EDGE('',*,*,#3426,.T.);
#3845 = ORIENTED_EDGE('',*,*,#3813,.T.);
#3846 = ORIENTED_EDGE('',*,*,#3847,.F.);
#3847 = EDGE_CURVE('',#3838,#3814,#3848,.T.);
#3848 = LINE('',#3849,#3850);
#3849 = CARTESIAN_POINT('',(-106.75,235.,6.));
#3850 = VECTOR('',#3851,1.);
#3851 = DIRECTION('',(1.,4.440892098501E-16,9.992007221626E-16));
#3852 = PLANE('',#3853);
#3853 = AXIS2_PLACEMENT_3D('',#3854,#3855,#3856);
#3854 = CARTESIAN_POINT('',(-106.75,152.,6.));
#3855 = DIRECTION('',(3.330669073875E-16,8.881784197001E-16,1.));
#3856 = DIRECTION('',(9.992007221626E-16,1.,4.440892098501E-16));
#3857 = ADVANCED_FACE('',(#3858),#3869,.T.);
#3858 = FACE_BOUND('',#3859,.T.);
#3859 = EDGE_LOOP('',(#3860,#3861,#3862,#3868));
#3860 = ORIENTED_EDGE('',*,*,#3418,.T.);
#3861 = ORIENTED_EDGE('',*,*,#3561,.T.);
#3862 = ORIENTED_EDGE('',*,*,#3863,.T.);
#3863 = EDGE_CURVE('',#3554,#3838,#3864,.T.);
#3864 = LINE('',#3865,#3866);
#3865 = CARTESIAN_POINT('',(-103.55,234.99999999999,9.192646643896E-14)
  );
#3866 = VECTOR('',#3867,1.);
#3867 = DIRECTION('',(6.661338147751E-16,1.33226762955E-15,1.));
#3868 = ORIENTED_EDGE('',*,*,#3837,.T.);
#3869 = PLANE('',#3870);
#3870 = AXIS2_PLACEMENT_3D('',#3871,#3872,#3873);
#3871 = CARTESIAN_POINT('',(-103.55,193.49999999999,20.15));
#3872 = DIRECTION('',(1.,6.661338147751E-16,1.33226762955E-15));
#3873 = DIRECTION('',(6.661338147751E-16,1.33226762955E-15,1.));
#3874 = ADVANCED_FACE('',(#3875),#3909,.T.);
#3875 = FACE_BOUND('',#3876,.T.);
#3876 = EDGE_LOOP('',(#3877,#3878,#3879,#3885,#3886,#3887,#3895,#3903));
#3877 = ORIENTED_EDGE('',*,*,#3618,.F.);
#3878 = ORIENTED_EDGE('',*,*,#3732,.F.);
#3879 = ORIENTED_EDGE('',*,*,#3880,.F.);
#3880 = EDGE_CURVE('',#3514,#3733,#3881,.T.);
#3881 = LINE('',#3882,#3883);
#3882 = CARTESIAN_POINT('',(-106.75,235.,5.695444116327E-14));
#3883 = VECTOR('',#3884,1.);
#3884 = DIRECTION('',(4.440892098501E-16,1.110223024625E-15,1.));
#3885 = ORIENTED_EDGE('',*,*,#3513,.F.);
#3886 = ORIENTED_EDGE('',*,*,#3586,.F.);
#3887 = ORIENTED_EDGE('',*,*,#3888,.F.);
#3888 = EDGE_CURVE('',#3889,#3587,#3891,.T.);
#3889 = VERTEX_POINT('',#3890);
#3890 = CARTESIAN_POINT('',(-106.75,214.,14.396446609407));
#3891 = LINE('',#3892,#3893);
#3892 = CARTESIAN_POINT('',(-106.75,172.75,14.396446609407));
#3893 = VECTOR('',#3894,1.);
#3894 = DIRECTION('',(-6.661338147751E-16,-1.,1.110223024625E-16));
#3895 = ORIENTED_EDGE('',*,*,#3896,.F.);
#3896 = EDGE_CURVE('',#3897,#3889,#3899,.T.);
#3897 = VERTEX_POINT('',#3898);
#3898 = CARTESIAN_POINT('',(-106.75,214.,25.603553390593));
#3899 = LINE('',#3900,#3901);
#3900 = CARTESIAN_POINT('',(-106.75,214.,20.075));
#3901 = VECTOR('',#3902,1.);
#3902 = DIRECTION('',(-6.162975822039E-32,-4.440892098501E-16,-1.));
#3903 = ORIENTED_EDGE('',*,*,#3904,.F.);
#3904 = EDGE_CURVE('',#3611,#3897,#3905,.T.);
#3905 = LINE('',#3906,#3907);
#3906 = CARTESIAN_POINT('',(-106.75,172.75,25.603553390593));
#3907 = VECTOR('',#3908,1.);
#3908 = DIRECTION('',(6.661338147751E-16,1.,1.110223024625E-16));
#3909 = PLANE('',#3910);
#3910 = AXIS2_PLACEMENT_3D('',#3911,#3912,#3913);
#3911 = CARTESIAN_POINT('',(-106.75,193.5,20.15));
#3912 = DIRECTION('',(-1.,-2.22044604925E-16,-8.881784197001E-16));
#3913 = DIRECTION('',(-1.110223024625E-15,-1.,-4.440892098501E-16));
#3914 = ADVANCED_FACE('',(#3915,#3964,#4000,#4036),#4072,.F.);
#3915 = FACE_BOUND('',#3916,.F.);
#3916 = EDGE_LOOP('',(#3917,#3925,#3926,#3927,#3928,#3929,#3930,#3931,
    #3932,#3933,#3934,#3942,#3950,#3958));
#3917 = ORIENTED_EDGE('',*,*,#3918,.T.);
#3918 = EDGE_CURVE('',#3919,#3546,#3921,.T.);
#3919 = VERTEX_POINT('',#3920);
#3920 = CARTESIAN_POINT('',(-94.,235.,44.45));
#3921 = LINE('',#3922,#3923);
#3922 = CARTESIAN_POINT('',(-94.,235.,44.45));
#3923 = VECTOR('',#3924,1.);
#3924 = DIRECTION('',(-2.22044604925E-16,-6.661338147751E-16,-1.));
#3925 = ORIENTED_EDGE('',*,*,#3553,.T.);
#3926 = ORIENTED_EDGE('',*,*,#3863,.T.);
#3927 = ORIENTED_EDGE('',*,*,#3847,.T.);
#3928 = ORIENTED_EDGE('',*,*,#3821,.T.);
#3929 = ORIENTED_EDGE('',*,*,#3790,.F.);
#3930 = ORIENTED_EDGE('',*,*,#3774,.T.);
#3931 = ORIENTED_EDGE('',*,*,#3740,.F.);
#3932 = ORIENTED_EDGE('',*,*,#3880,.F.);
#3933 = ORIENTED_EDGE('',*,*,#3521,.T.);
#3934 = ORIENTED_EDGE('',*,*,#3935,.T.);
#3935 = EDGE_CURVE('',#3522,#3936,#3938,.T.);
#3936 = VERTEX_POINT('',#3937);
#3937 = CARTESIAN_POINT('',(-127.,235.,4.));
#3938 = LINE('',#3939,#3940);
#3939 = CARTESIAN_POINT('',(-123.,235.,1.42108547152E-14));
#3940 = VECTOR('',#3941,1.);
#3941 = DIRECTION('',(-0.707106781187,3.140184917368E-16,0.707106781187)
  );
#3942 = ORIENTED_EDGE('',*,*,#3943,.T.);
#3943 = EDGE_CURVE('',#3936,#3944,#3946,.T.);
#3944 = VERTEX_POINT('',#3945);
#3945 = CARTESIAN_POINT('',(-127.,235.,40.45));
#3946 = LINE('',#3947,#3948);
#3947 = CARTESIAN_POINT('',(-127.,235.,4.));
#3948 = VECTOR('',#3949,1.);
#3949 = DIRECTION('',(2.22044604925E-16,6.661338147751E-16,1.));
#3950 = ORIENTED_EDGE('',*,*,#3951,.T.);
#3951 = EDGE_CURVE('',#3944,#3952,#3954,.T.);
#3952 = VERTEX_POINT('',#3953);
#3953 = CARTESIAN_POINT('',(-123.,235.,44.45));
#3954 = LINE('',#3955,#3956);
#3955 = CARTESIAN_POINT('',(-127.,235.,40.45));
#3956 = VECTOR('',#3957,1.);
#3957 = DIRECTION('',(0.707106781187,6.280369834735E-16,0.707106781187)
  );
#3958 = ORIENTED_EDGE('',*,*,#3959,.T.);
#3959 = EDGE_CURVE('',#3952,#3919,#3960,.T.);
#3960 = LINE('',#3961,#3962);
#3961 = CARTESIAN_POINT('',(-123.,235.,44.45));
#3962 = VECTOR('',#3963,1.);
#3963 = DIRECTION('',(1.,2.22044604925E-16,4.440892098501E-16));
#3964 = FACE_BOUND('',#3965,.F.);
#3965 = EDGE_LOOP('',(#3966,#3977,#3985,#3994));
#3966 = ORIENTED_EDGE('',*,*,#3967,.T.);
#3967 = EDGE_CURVE('',#3968,#3970,#3972,.T.);
#3968 = VERTEX_POINT('',#3969);
#3969 = CARTESIAN_POINT('',(-120.4625,235.,9.65));
#3970 = VERTEX_POINT('',#3971);
#3971 = CARTESIAN_POINT('',(-120.4625,235.,3.05));
#3972 = CIRCLE('',#3973,3.3);
#3973 = AXIS2_PLACEMENT_3D('',#3974,#3975,#3976);
#3974 = CARTESIAN_POINT('',(-120.4625,235.,6.35));
#3975 = DIRECTION('',(1.110223024625E-16,-1.,4.440892098501E-16));
#3976 = DIRECTION('',(1.,1.110223024625E-16,2.22044604925E-16));
#3977 = ORIENTED_EDGE('',*,*,#3978,.T.);
#3978 = EDGE_CURVE('',#3970,#3979,#3981,.T.);
#3979 = VERTEX_POINT('',#3980);
#3980 = CARTESIAN_POINT('',(-116.0625,235.,3.05));
#3981 = LINE('',#3982,#3983);
#3982 = CARTESIAN_POINT('',(-120.4625,235.,3.05));
#3983 = VECTOR('',#3984,1.);
#3984 = DIRECTION('',(1.,1.110223024625E-16,2.22044604925E-16));
#3985 = ORIENTED_EDGE('',*,*,#3986,.T.);
#3986 = EDGE_CURVE('',#3979,#3987,#3989,.T.);
#3987 = VERTEX_POINT('',#3988);
#3988 = CARTESIAN_POINT('',(-116.0625,235.,9.65));
#3989 = CIRCLE('',#3990,3.3);
#3990 = AXIS2_PLACEMENT_3D('',#3991,#3992,#3993);
#3991 = CARTESIAN_POINT('',(-116.0625,235.,6.35));
#3992 = DIRECTION('',(1.110223024625E-16,-1.,4.440892098501E-16));
#3993 = DIRECTION('',(1.,1.110223024625E-16,2.22044604925E-16));
#3994 = ORIENTED_EDGE('',*,*,#3995,.T.);
#3995 = EDGE_CURVE('',#3987,#3968,#3996,.T.);
#3996 = LINE('',#3997,#3998);
#3997 = CARTESIAN_POINT('',(-116.0625,235.,9.65));
#3998 = VECTOR('',#3999,1.);
#3999 = DIRECTION('',(-1.,-1.110223024625E-16,-2.22044604925E-16));
#4000 = FACE_BOUND('',#4001,.F.);
#4001 = EDGE_LOOP('',(#4002,#4013,#4021,#4030));
#4002 = ORIENTED_EDGE('',*,*,#4003,.T.);
#4003 = EDGE_CURVE('',#4004,#4006,#4008,.T.);
#4004 = VERTEX_POINT('',#4005);
#4005 = CARTESIAN_POINT('',(-120.4625,235.,25.525));
#4006 = VERTEX_POINT('',#4007);
#4007 = CARTESIAN_POINT('',(-120.4625,235.,18.925));
#4008 = CIRCLE('',#4009,3.3);
#4009 = AXIS2_PLACEMENT_3D('',#4010,#4011,#4012);
#4010 = CARTESIAN_POINT('',(-120.4625,235.,22.225));
#4011 = DIRECTION('',(1.110223024625E-16,-1.,4.440892098501E-16));
#4012 = DIRECTION('',(1.,1.110223024625E-16,2.22044604925E-16));
#4013 = ORIENTED_EDGE('',*,*,#4014,.T.);
#4014 = EDGE_CURVE('',#4006,#4015,#4017,.T.);
#4015 = VERTEX_POINT('',#4016);
#4016 = CARTESIAN_POINT('',(-116.0625,235.,18.925));
#4017 = LINE('',#4018,#4019);
#4018 = CARTESIAN_POINT('',(-120.4625,235.,18.925));
#4019 = VECTOR('',#4020,1.);
#4020 = DIRECTION('',(1.,1.110223024625E-16,2.22044604925E-16));
#4021 = ORIENTED_EDGE('',*,*,#4022,.T.);
#4022 = EDGE_CURVE('',#4015,#4023,#4025,.T.);
#4023 = VERTEX_POINT('',#4024);
#4024 = CARTESIAN_POINT('',(-116.0625,235.,25.525));
#4025 = CIRCLE('',#4026,3.3);
#4026 = AXIS2_PLACEMENT_3D('',#4027,#4028,#4029);
#4027 = CARTESIAN_POINT('',(-116.0625,235.,22.225));
#4028 = DIRECTION('',(1.110223024625E-16,-1.,4.440892098501E-16));
#4029 = DIRECTION('',(1.,1.110223024625E-16,2.22044604925E-16));
#4030 = ORIENTED_EDGE('',*,*,#4031,.T.);
#4031 = EDGE_CURVE('',#4023,#4004,#4032,.T.);
#4032 = LINE('',#4033,#4034);
#4033 = CARTESIAN_POINT('',(-116.0625,235.,25.525));
#4034 = VECTOR('',#4035,1.);
#4035 = DIRECTION('',(-1.,-1.110223024625E-16,-2.22044604925E-16));
#4036 = FACE_BOUND('',#4037,.F.);
#4037 = EDGE_LOOP('',(#4038,#4049,#4057,#4066));
#4038 = ORIENTED_EDGE('',*,*,#4039,.T.);
#4039 = EDGE_CURVE('',#4040,#4042,#4044,.T.);
#4040 = VERTEX_POINT('',#4041);
#4041 = CARTESIAN_POINT('',(-120.4625,235.,41.4));
#4042 = VERTEX_POINT('',#4043);
#4043 = CARTESIAN_POINT('',(-120.4625,235.,34.8));
#4044 = CIRCLE('',#4045,3.3);
#4045 = AXIS2_PLACEMENT_3D('',#4046,#4047,#4048);
#4046 = CARTESIAN_POINT('',(-120.4625,235.,38.1));
#4047 = DIRECTION('',(1.110223024625E-16,-1.,4.440892098501E-16));
#4048 = DIRECTION('',(1.,1.110223024625E-16,2.22044604925E-16));
#4049 = ORIENTED_EDGE('',*,*,#4050,.T.);
#4050 = EDGE_CURVE('',#4042,#4051,#4053,.T.);
#4051 = VERTEX_POINT('',#4052);
#4052 = CARTESIAN_POINT('',(-116.0625,235.,34.8));
#4053 = LINE('',#4054,#4055);
#4054 = CARTESIAN_POINT('',(-120.4625,235.,34.8));
#4055 = VECTOR('',#4056,1.);
#4056 = DIRECTION('',(1.,1.110223024625E-16,2.22044604925E-16));
#4057 = ORIENTED_EDGE('',*,*,#4058,.T.);
#4058 = EDGE_CURVE('',#4051,#4059,#4061,.T.);
#4059 = VERTEX_POINT('',#4060);
#4060 = CARTESIAN_POINT('',(-116.0625,235.,41.4));
#4061 = CIRCLE('',#4062,3.3);
#4062 = AXIS2_PLACEMENT_3D('',#4063,#4064,#4065);
#4063 = CARTESIAN_POINT('',(-116.0625,235.,38.1));
#4064 = DIRECTION('',(1.110223024625E-16,-1.,4.440892098501E-16));
#4065 = DIRECTION('',(1.,1.110223024625E-16,2.22044604925E-16));
#4066 = ORIENTED_EDGE('',*,*,#4067,.T.);
#4067 = EDGE_CURVE('',#4059,#4040,#4068,.T.);
#4068 = LINE('',#4069,#4070);
#4069 = CARTESIAN_POINT('',(-116.0625,235.,41.4));
#4070 = VECTOR('',#4071,1.);
#4071 = DIRECTION('',(-1.,-1.110223024625E-16,-2.22044604925E-16));
#4072 = PLANE('',#4073);
#4073 = AXIS2_PLACEMENT_3D('',#4074,#4075,#4076);
#4074 = CARTESIAN_POINT('',(-109.9411214022,235.,22.225));
#4075 = DIRECTION('',(4.440892098501E-16,1.,2.22044604925E-16));
#4076 = DIRECTION('',(2.22044604925E-16,4.440892098501E-16,1.));
#4077 = ADVANCED_FACE('',(#4078),#4096,.F.);
#4078 = FACE_BOUND('',#4079,.F.);
#4079 = EDGE_LOOP('',(#4080,#4081,#4089,#4095));
#4080 = ORIENTED_EDGE('',*,*,#3529,.T.);
#4081 = ORIENTED_EDGE('',*,*,#4082,.T.);
#4082 = EDGE_CURVE('',#3530,#4083,#4085,.T.);
#4083 = VERTEX_POINT('',#4084);
#4084 = CARTESIAN_POINT('',(-127.,241.5,4.));
#4085 = LINE('',#4086,#4087);
#4086 = CARTESIAN_POINT('',(-123.,241.5,1.42108547152E-14));
#4087 = VECTOR('',#4088,1.);
#4088 = DIRECTION('',(-0.707106781187,3.140184917368E-16,0.707106781187)
  );
#4089 = ORIENTED_EDGE('',*,*,#4090,.F.);
#4090 = EDGE_CURVE('',#3936,#4083,#4091,.T.);
#4091 = LINE('',#4092,#4093);
#4092 = CARTESIAN_POINT('',(-127.,235.,4.));
#4093 = VECTOR('',#4094,1.);
#4094 = DIRECTION('',(3.330669073875E-16,1.,-1.110223024625E-16));
#4095 = ORIENTED_EDGE('',*,*,#3935,.F.);
#4096 = PLANE('',#4097);
#4097 = AXIS2_PLACEMENT_3D('',#4098,#4099,#4100);
#4098 = CARTESIAN_POINT('',(-123.,235.,8.82627304577E-15));
#4099 = DIRECTION('',(0.707106781187,3.140184917368E-16,0.707106781187)
  );
#4100 = DIRECTION('',(-0.707106781187,3.140184917368E-16,0.707106781187)
  );
#4101 = ADVANCED_FACE('',(#4102,#4136,#4172,#4208),#4244,.T.);
#4102 = FACE_BOUND('',#4103,.T.);
#4103 = EDGE_LOOP('',(#4104,#4105,#4106,#4114,#4122,#4130));
#4104 = ORIENTED_EDGE('',*,*,#3537,.T.);
#4105 = ORIENTED_EDGE('',*,*,#4082,.T.);
#4106 = ORIENTED_EDGE('',*,*,#4107,.T.);
#4107 = EDGE_CURVE('',#4083,#4108,#4110,.T.);
#4108 = VERTEX_POINT('',#4109);
#4109 = CARTESIAN_POINT('',(-127.,241.5,40.45));
#4110 = LINE('',#4111,#4112);
#4111 = CARTESIAN_POINT('',(-127.,241.5,4.));
#4112 = VECTOR('',#4113,1.);
#4113 = DIRECTION('',(2.22044604925E-16,6.661338147751E-16,1.));
#4114 = ORIENTED_EDGE('',*,*,#4115,.T.);
#4115 = EDGE_CURVE('',#4108,#4116,#4118,.T.);
#4116 = VERTEX_POINT('',#4117);
#4117 = CARTESIAN_POINT('',(-123.,241.5,44.45));
#4118 = LINE('',#4119,#4120);
#4119 = CARTESIAN_POINT('',(-127.,241.5,40.45));
#4120 = VECTOR('',#4121,1.);
#4121 = DIRECTION('',(0.707106781187,6.280369834735E-16,0.707106781187)
  );
#4122 = ORIENTED_EDGE('',*,*,#4123,.T.);
#4123 = EDGE_CURVE('',#4116,#4124,#4126,.T.);
#4124 = VERTEX_POINT('',#4125);
#4125 = CARTESIAN_POINT('',(-94.,241.5,44.45));
#4126 = LINE('',#4127,#4128);
#4127 = CARTESIAN_POINT('',(-123.,241.5,44.45));
#4128 = VECTOR('',#4129,1.);
#4129 = DIRECTION('',(1.,2.22044604925E-16,4.440892098501E-16));
#4130 = ORIENTED_EDGE('',*,*,#4131,.T.);
#4131 = EDGE_CURVE('',#4124,#3538,#4132,.T.);
#4132 = LINE('',#4133,#4134);
#4133 = CARTESIAN_POINT('',(-94.,241.5,44.45));
#4134 = VECTOR('',#4135,1.);
#4135 = DIRECTION('',(-2.22044604925E-16,-6.661338147751E-16,-1.));
#4136 = FACE_BOUND('',#4137,.T.);
#4137 = EDGE_LOOP('',(#4138,#4149,#4157,#4166));
#4138 = ORIENTED_EDGE('',*,*,#4139,.T.);
#4139 = EDGE_CURVE('',#4140,#4142,#4144,.T.);
#4140 = VERTEX_POINT('',#4141);
#4141 = CARTESIAN_POINT('',(-120.4625,241.5,9.65));
#4142 = VERTEX_POINT('',#4143);
#4143 = CARTESIAN_POINT('',(-120.4625,241.5,3.05));
#4144 = CIRCLE('',#4145,3.3);
#4145 = AXIS2_PLACEMENT_3D('',#4146,#4147,#4148);
#4146 = CARTESIAN_POINT('',(-120.4625,241.5,6.35));
#4147 = DIRECTION('',(1.110223024625E-16,-1.,4.440892098501E-16));
#4148 = DIRECTION('',(1.,1.110223024625E-16,2.22044604925E-16));
#4149 = ORIENTED_EDGE('',*,*,#4150,.T.);
#4150 = EDGE_CURVE('',#4142,#4151,#4153,.T.);
#4151 = VERTEX_POINT('',#4152);
#4152 = CARTESIAN_POINT('',(-116.0625,241.5,3.05));
#4153 = LINE('',#4154,#4155);
#4154 = CARTESIAN_POINT('',(-120.4625,241.5,3.05));
#4155 = VECTOR('',#4156,1.);
#4156 = DIRECTION('',(1.,1.110223024625E-16,2.22044604925E-16));
#4157 = ORIENTED_EDGE('',*,*,#4158,.T.);
#4158 = EDGE_CURVE('',#4151,#4159,#4161,.T.);
#4159 = VERTEX_POINT('',#4160);
#4160 = CARTESIAN_POINT('',(-116.0625,241.5,9.65));
#4161 = CIRCLE('',#4162,3.3);
#4162 = AXIS2_PLACEMENT_3D('',#4163,#4164,#4165);
#4163 = CARTESIAN_POINT('',(-116.0625,241.5,6.35));
#4164 = DIRECTION('',(1.110223024625E-16,-1.,4.440892098501E-16));
#4165 = DIRECTION('',(1.,1.110223024625E-16,2.22044604925E-16));
#4166 = ORIENTED_EDGE('',*,*,#4167,.T.);
#4167 = EDGE_CURVE('',#4159,#4140,#4168,.T.);
#4168 = LINE('',#4169,#4170);
#4169 = CARTESIAN_POINT('',(-116.0625,241.5,9.65));
#4170 = VECTOR('',#4171,1.);
#4171 = DIRECTION('',(-1.,-1.110223024625E-16,-2.22044604925E-16));
#4172 = FACE_BOUND('',#4173,.T.);
#4173 = EDGE_LOOP('',(#4174,#4185,#4193,#4202));
#4174 = ORIENTED_EDGE('',*,*,#4175,.T.);
#4175 = EDGE_CURVE('',#4176,#4178,#4180,.T.);
#4176 = VERTEX_POINT('',#4177);
#4177 = CARTESIAN_POINT('',(-120.4625,241.5,25.525));
#4178 = VERTEX_POINT('',#4179);
#4179 = CARTESIAN_POINT('',(-120.4625,241.5,18.925));
#4180 = CIRCLE('',#4181,3.3);
#4181 = AXIS2_PLACEMENT_3D('',#4182,#4183,#4184);
#4182 = CARTESIAN_POINT('',(-120.4625,241.5,22.225));
#4183 = DIRECTION('',(1.110223024625E-16,-1.,4.440892098501E-16));
#4184 = DIRECTION('',(1.,1.110223024625E-16,2.22044604925E-16));
#4185 = ORIENTED_EDGE('',*,*,#4186,.T.);
#4186 = EDGE_CURVE('',#4178,#4187,#4189,.T.);
#4187 = VERTEX_POINT('',#4188);
#4188 = CARTESIAN_POINT('',(-116.0625,241.5,18.925));
#4189 = LINE('',#4190,#4191);
#4190 = CARTESIAN_POINT('',(-120.4625,241.5,18.925));
#4191 = VECTOR('',#4192,1.);
#4192 = DIRECTION('',(1.,1.110223024625E-16,2.22044604925E-16));
#4193 = ORIENTED_EDGE('',*,*,#4194,.T.);
#4194 = EDGE_CURVE('',#4187,#4195,#4197,.T.);
#4195 = VERTEX_POINT('',#4196);
#4196 = CARTESIAN_POINT('',(-116.0625,241.5,25.525));
#4197 = CIRCLE('',#4198,3.3);
#4198 = AXIS2_PLACEMENT_3D('',#4199,#4200,#4201);
#4199 = CARTESIAN_POINT('',(-116.0625,241.5,22.225));
#4200 = DIRECTION('',(1.110223024625E-16,-1.,4.440892098501E-16));
#4201 = DIRECTION('',(1.,1.110223024625E-16,2.22044604925E-16));
#4202 = ORIENTED_EDGE('',*,*,#4203,.T.);
#4203 = EDGE_CURVE('',#4195,#4176,#4204,.T.);
#4204 = LINE('',#4205,#4206);
#4205 = CARTESIAN_POINT('',(-116.0625,241.5,25.525));
#4206 = VECTOR('',#4207,1.);
#4207 = DIRECTION('',(-1.,-1.110223024625E-16,-2.22044604925E-16));
#4208 = FACE_BOUND('',#4209,.T.);
#4209 = EDGE_LOOP('',(#4210,#4221,#4229,#4238));
#4210 = ORIENTED_EDGE('',*,*,#4211,.T.);
#4211 = EDGE_CURVE('',#4212,#4214,#4216,.T.);
#4212 = VERTEX_POINT('',#4213);
#4213 = CARTESIAN_POINT('',(-120.4625,241.5,41.4));
#4214 = VERTEX_POINT('',#4215);
#4215 = CARTESIAN_POINT('',(-120.4625,241.5,34.8));
#4216 = CIRCLE('',#4217,3.3);
#4217 = AXIS2_PLACEMENT_3D('',#4218,#4219,#4220);
#4218 = CARTESIAN_POINT('',(-120.4625,241.5,38.1));
#4219 = DIRECTION('',(1.110223024625E-16,-1.,4.440892098501E-16));
#4220 = DIRECTION('',(1.,1.110223024625E-16,2.22044604925E-16));
#4221 = ORIENTED_EDGE('',*,*,#4222,.T.);
#4222 = EDGE_CURVE('',#4214,#4223,#4225,.T.);
#4223 = VERTEX_POINT('',#4224);
#4224 = CARTESIAN_POINT('',(-116.0625,241.5,34.8));
#4225 = LINE('',#4226,#4227);
#4226 = CARTESIAN_POINT('',(-120.4625,241.5,34.8));
#4227 = VECTOR('',#4228,1.);
#4228 = DIRECTION('',(1.,1.110223024625E-16,2.22044604925E-16));
#4229 = ORIENTED_EDGE('',*,*,#4230,.T.);
#4230 = EDGE_CURVE('',#4223,#4231,#4233,.T.);
#4231 = VERTEX_POINT('',#4232);
#4232 = CARTESIAN_POINT('',(-116.0625,241.5,41.4));
#4233 = CIRCLE('',#4234,3.3);
#4234 = AXIS2_PLACEMENT_3D('',#4235,#4236,#4237);
#4235 = CARTESIAN_POINT('',(-116.0625,241.5,38.1));
#4236 = DIRECTION('',(1.110223024625E-16,-1.,4.440892098501E-16));
#4237 = DIRECTION('',(1.,1.110223024625E-16,2.22044604925E-16));
#4238 = ORIENTED_EDGE('',*,*,#4239,.T.);
#4239 = EDGE_CURVE('',#4231,#4212,#4240,.T.);
#4240 = LINE('',#4241,#4242);
#4241 = CARTESIAN_POINT('',(-116.0625,241.5,41.4));
#4242 = VECTOR('',#4243,1.);
#4243 = DIRECTION('',(-1.,-1.110223024625E-16,-2.22044604925E-16));
#4244 = PLANE('',#4245);
#4245 = AXIS2_PLACEMENT_3D('',#4246,#4247,#4248);
#4246 = CARTESIAN_POINT('',(-109.9411214022,241.5,22.225));
#4247 = DIRECTION('',(4.440892098501E-16,1.,2.22044604925E-16));
#4248 = DIRECTION('',(2.22044604925E-16,4.440892098501E-16,1.));
#4249 = ADVANCED_FACE('',(#4250),#4261,.F.);
#4250 = FACE_BOUND('',#4251,.F.);
#4251 = EDGE_LOOP('',(#4252,#4258,#4259,#4260));
#4252 = ORIENTED_EDGE('',*,*,#4253,.T.);
#4253 = EDGE_CURVE('',#3919,#4124,#4254,.T.);
#4254 = LINE('',#4255,#4256);
#4255 = CARTESIAN_POINT('',(-94.,235.,44.45));
#4256 = VECTOR('',#4257,1.);
#4257 = DIRECTION('',(3.330669073875E-16,1.,-1.110223024625E-16));
#4258 = ORIENTED_EDGE('',*,*,#4131,.T.);
#4259 = ORIENTED_EDGE('',*,*,#3545,.F.);
#4260 = ORIENTED_EDGE('',*,*,#3918,.F.);
#4261 = PLANE('',#4262);
#4262 = AXIS2_PLACEMENT_3D('',#4263,#4264,#4265);
#4263 = CARTESIAN_POINT('',(-94.,235.,44.45));
#4264 = DIRECTION('',(-1.,-2.736911063134E-48,-2.22044604925E-16));
#4265 = DIRECTION('',(-1.110223024625E-16,-5.551115123126E-16,-1.));
#4266 = ADVANCED_FACE('',(#4267),#4285,.F.);
#4267 = FACE_BOUND('',#4268,.F.);
#4268 = EDGE_LOOP('',(#4269,#4270,#4278,#4284));
#4269 = ORIENTED_EDGE('',*,*,#3610,.T.);
#4270 = ORIENTED_EDGE('',*,*,#4271,.T.);
#4271 = EDGE_CURVE('',#3603,#4272,#4274,.T.);
#4272 = VERTEX_POINT('',#4273);
#4273 = CARTESIAN_POINT('',(-102.75,214.,29.603553390593));
#4274 = LINE('',#4275,#4276);
#4275 = CARTESIAN_POINT('',(-102.75,152.,29.603553390593));
#4276 = VECTOR('',#4277,1.);
#4277 = DIRECTION('',(5.551115123126E-16,1.,1.355854680849E-31));
#4278 = ORIENTED_EDGE('',*,*,#4279,.T.);
#4279 = EDGE_CURVE('',#4272,#3897,#4280,.T.);
#4280 = LINE('',#4281,#4282);
#4281 = CARTESIAN_POINT('',(-102.75,214.,29.603553390593));
#4282 = VECTOR('',#4283,1.);
#4283 = DIRECTION('',(-0.707106781187,-8.635508522761E-16,
    -0.707106781187));
#4284 = ORIENTED_EDGE('',*,*,#3904,.F.);
#4285 = PLANE('',#4286);
#4286 = AXIS2_PLACEMENT_3D('',#4287,#4288,#4289);
#4287 = CARTESIAN_POINT('',(-102.75,152.,29.603553390593));
#4288 = DIRECTION('',(-0.707106781187,3.925231146709E-16,0.707106781187)
  );
#4289 = DIRECTION('',(-0.707106781187,-7.065416064077E-16,
    -0.707106781187));
#4290 = ADVANCED_FACE('',(#4291),#4309,.F.);
#4291 = FACE_BOUND('',#4292,.F.);
#4292 = EDGE_LOOP('',(#4293,#4294,#4302,#4308));
#4293 = ORIENTED_EDGE('',*,*,#3602,.T.);
#4294 = ORIENTED_EDGE('',*,*,#4295,.T.);
#4295 = EDGE_CURVE('',#3595,#4296,#4298,.T.);
#4296 = VERTEX_POINT('',#4297);
#4297 = CARTESIAN_POINT('',(-102.75,214.,10.396446609407));
#4298 = LINE('',#4299,#4300);
#4299 = CARTESIAN_POINT('',(-102.75,152.,10.396446609407));
#4300 = VECTOR('',#4301,1.);
#4301 = DIRECTION('',(5.551115123126E-16,1.,1.355854680849E-31));
#4302 = ORIENTED_EDGE('',*,*,#4303,.T.);
#4303 = EDGE_CURVE('',#4296,#4272,#4304,.T.);
#4304 = LINE('',#4305,#4306);
#4305 = CARTESIAN_POINT('',(-102.75,214.,10.396446609407));
#4306 = VECTOR('',#4307,1.);
#4307 = DIRECTION('',(3.330669073875E-16,8.881784197001E-16,1.));
#4308 = ORIENTED_EDGE('',*,*,#4271,.F.);
#4309 = PLANE('',#4310);
#4310 = AXIS2_PLACEMENT_3D('',#4311,#4312,#4313);
#4311 = CARTESIAN_POINT('',(-102.75,152.,10.396446609407));
#4312 = DIRECTION('',(1.,1.110223024625E-16,4.440892098501E-16));
#4313 = DIRECTION('',(2.22044604925E-16,7.771561172376E-16,1.));
#4314 = ADVANCED_FACE('',(#4315),#4326,.F.);
#4315 = FACE_BOUND('',#4316,.F.);
#4316 = EDGE_LOOP('',(#4317,#4318,#4324,#4325));
#4317 = ORIENTED_EDGE('',*,*,#3888,.F.);
#4318 = ORIENTED_EDGE('',*,*,#4319,.T.);
#4319 = EDGE_CURVE('',#3889,#4296,#4320,.T.);
#4320 = LINE('',#4321,#4322);
#4321 = CARTESIAN_POINT('',(-107.25,214.,14.896446609407));
#4322 = VECTOR('',#4323,1.);
#4323 = DIRECTION('',(0.707106781187,-3.925231146709E-16,-0.707106781187
    ));
#4324 = ORIENTED_EDGE('',*,*,#4295,.F.);
#4325 = ORIENTED_EDGE('',*,*,#3594,.T.);
#4326 = PLANE('',#4327);
#4327 = AXIS2_PLACEMENT_3D('',#4328,#4329,#4330);
#4328 = CARTESIAN_POINT('',(-107.25,152.,14.896446609407));
#4329 = DIRECTION('',(-0.707106781187,-5.495323605393E-16,
    -0.707106781187));
#4330 = DIRECTION('',(0.707106781187,-3.925231146709E-16,-0.707106781187
    ));
#4331 = ADVANCED_FACE('',(#4332),#4338,.F.);
#4332 = FACE_BOUND('',#4333,.F.);
#4333 = EDGE_LOOP('',(#4334,#4335,#4336,#4337));
#4334 = ORIENTED_EDGE('',*,*,#4319,.F.);
#4335 = ORIENTED_EDGE('',*,*,#3896,.F.);
#4336 = ORIENTED_EDGE('',*,*,#4279,.F.);
#4337 = ORIENTED_EDGE('',*,*,#4303,.F.);
#4338 = PLANE('',#4339);
#4339 = AXIS2_PLACEMENT_3D('',#4340,#4341,#4342);
#4340 = CARTESIAN_POINT('',(-104.5194832985,214.,20.));
#4341 = DIRECTION('',(6.661338147751E-16,1.,3.330669073875E-16));
#4342 = DIRECTION('',(3.330669073875E-16,6.661338147751E-16,1.));
#4343 = ADVANCED_FACE('',(#4344),#4355,.F.);
#4344 = FACE_BOUND('',#4345,.F.);
#4345 = EDGE_LOOP('',(#4346,#4352,#4353,#4354));
#4346 = ORIENTED_EDGE('',*,*,#4347,.T.);
#4347 = EDGE_CURVE('',#3952,#4116,#4348,.T.);
#4348 = LINE('',#4349,#4350);
#4349 = CARTESIAN_POINT('',(-123.,235.,44.45));
#4350 = VECTOR('',#4351,1.);
#4351 = DIRECTION('',(3.330669073875E-16,1.,-1.110223024625E-16));
#4352 = ORIENTED_EDGE('',*,*,#4123,.T.);
#4353 = ORIENTED_EDGE('',*,*,#4253,.F.);
#4354 = ORIENTED_EDGE('',*,*,#3959,.F.);
#4355 = PLANE('',#4356);
#4356 = AXIS2_PLACEMENT_3D('',#4357,#4358,#4359);
#4357 = CARTESIAN_POINT('',(-123.,235.,44.45));
#4358 = DIRECTION('',(-3.697785493223E-32,-4.440892098501E-16,-1.));
#4359 = DIRECTION('',(1.,1.110223024625E-16,3.330669073875E-16));
#4360 = ADVANCED_FACE('',(#4361),#4372,.F.);
#4361 = FACE_BOUND('',#4362,.F.);
#4362 = EDGE_LOOP('',(#4363,#4369,#4370,#4371));
#4363 = ORIENTED_EDGE('',*,*,#4364,.T.);
#4364 = EDGE_CURVE('',#3944,#4108,#4365,.T.);
#4365 = LINE('',#4366,#4367);
#4366 = CARTESIAN_POINT('',(-127.,235.,40.45));
#4367 = VECTOR('',#4368,1.);
#4368 = DIRECTION('',(3.330669073875E-16,1.,-1.110223024625E-16));
#4369 = ORIENTED_EDGE('',*,*,#4115,.T.);
#4370 = ORIENTED_EDGE('',*,*,#4347,.F.);
#4371 = ORIENTED_EDGE('',*,*,#3951,.F.);
#4372 = PLANE('',#4373);
#4373 = AXIS2_PLACEMENT_3D('',#4374,#4375,#4376);
#4374 = CARTESIAN_POINT('',(-127.,235.,40.45));
#4375 = DIRECTION('',(0.707106781187,-3.140184917368E-16,-0.707106781187
    ));
#4376 = DIRECTION('',(0.707106781187,4.710277376051E-16,0.707106781187)
  );
#4377 = ADVANCED_FACE('',(#4378),#4384,.F.);
#4378 = FACE_BOUND('',#4379,.F.);
#4379 = EDGE_LOOP('',(#4380,#4381,#4382,#4383));
#4380 = ORIENTED_EDGE('',*,*,#4090,.T.);
#4381 = ORIENTED_EDGE('',*,*,#4107,.T.);
#4382 = ORIENTED_EDGE('',*,*,#4364,.F.);
#4383 = ORIENTED_EDGE('',*,*,#3943,.F.);
#4384 = PLANE('',#4385);
#4385 = AXIS2_PLACEMENT_3D('',#4386,#4387,#4388);
#4386 = CARTESIAN_POINT('',(-127.,235.,4.));
#4387 = DIRECTION('',(1.,2.736911063134E-48,2.22044604925E-16));
#4388 = DIRECTION('',(1.110223024625E-16,5.551115123126E-16,1.));
#4389 = ADVANCED_FACE('',(#4390),#4406,.F.);
#4390 = FACE_BOUND('',#4391,.T.);
#4391 = EDGE_LOOP('',(#4392,#4398,#4399,#4405));
#4392 = ORIENTED_EDGE('',*,*,#4393,.T.);
#4393 = EDGE_CURVE('',#4140,#3968,#4394,.T.);
#4394 = LINE('',#4395,#4396);
#4395 = CARTESIAN_POINT('',(-120.4625,241.5,9.65));
#4396 = VECTOR('',#4397,1.);
#4397 = DIRECTION('',(-1.110223024625E-16,-1.,2.22044604925E-16));
#4398 = ORIENTED_EDGE('',*,*,#3967,.T.);
#4399 = ORIENTED_EDGE('',*,*,#4400,.F.);
#4400 = EDGE_CURVE('',#4142,#3970,#4401,.T.);
#4401 = LINE('',#4402,#4403);
#4402 = CARTESIAN_POINT('',(-120.4625,241.5,3.05));
#4403 = VECTOR('',#4404,1.);
#4404 = DIRECTION('',(-1.110223024625E-16,-1.,2.22044604925E-16));
#4405 = ORIENTED_EDGE('',*,*,#4139,.F.);
#4406 = CYLINDRICAL_SURFACE('',#4407,3.3);
#4407 = AXIS2_PLACEMENT_3D('',#4408,#4409,#4410);
#4408 = CARTESIAN_POINT('',(-120.4625,241.5,6.35));
#4409 = DIRECTION('',(3.697785493223E-32,1.,-3.330669073875E-16));
#4410 = DIRECTION('',(1.,0.,1.110223024625E-16));
#4411 = ADVANCED_FACE('',(#4412),#4423,.T.);
#4412 = FACE_BOUND('',#4413,.T.);
#4413 = EDGE_LOOP('',(#4414,#4420,#4421,#4422));
#4414 = ORIENTED_EDGE('',*,*,#4415,.T.);
#4415 = EDGE_CURVE('',#4159,#3987,#4416,.T.);
#4416 = LINE('',#4417,#4418);
#4417 = CARTESIAN_POINT('',(-116.0625,241.5,9.65));
#4418 = VECTOR('',#4419,1.);
#4419 = DIRECTION('',(-1.110223024625E-16,-1.,2.22044604925E-16));
#4420 = ORIENTED_EDGE('',*,*,#3995,.T.);
#4421 = ORIENTED_EDGE('',*,*,#4393,.F.);
#4422 = ORIENTED_EDGE('',*,*,#4167,.F.);
#4423 = PLANE('',#4424);
#4424 = AXIS2_PLACEMENT_3D('',#4425,#4426,#4427);
#4425 = CARTESIAN_POINT('',(-116.0625,241.5,9.65));
#4426 = DIRECTION('',(1.110223024625E-16,-2.22044604925E-16,-1.));
#4427 = DIRECTION('',(-1.,0.,-1.110223024625E-16));
#4428 = ADVANCED_FACE('',(#4429),#4440,.F.);
#4429 = FACE_BOUND('',#4430,.T.);
#4430 = EDGE_LOOP('',(#4431,#4437,#4438,#4439));
#4431 = ORIENTED_EDGE('',*,*,#4432,.T.);
#4432 = EDGE_CURVE('',#4151,#3979,#4433,.T.);
#4433 = LINE('',#4434,#4435);
#4434 = CARTESIAN_POINT('',(-116.0625,241.5,3.05));
#4435 = VECTOR('',#4436,1.);
#4436 = DIRECTION('',(-1.110223024625E-16,-1.,2.22044604925E-16));
#4437 = ORIENTED_EDGE('',*,*,#3986,.T.);
#4438 = ORIENTED_EDGE('',*,*,#4415,.F.);
#4439 = ORIENTED_EDGE('',*,*,#4158,.F.);
#4440 = CYLINDRICAL_SURFACE('',#4441,3.3);
#4441 = AXIS2_PLACEMENT_3D('',#4442,#4443,#4444);
#4442 = CARTESIAN_POINT('',(-116.0625,241.5,6.35));
#4443 = DIRECTION('',(3.697785493223E-32,1.,-3.330669073875E-16));
#4444 = DIRECTION('',(1.,0.,1.110223024625E-16));
#4445 = ADVANCED_FACE('',(#4446),#4452,.T.);
#4446 = FACE_BOUND('',#4447,.T.);
#4447 = EDGE_LOOP('',(#4448,#4449,#4450,#4451));
#4448 = ORIENTED_EDGE('',*,*,#4400,.T.);
#4449 = ORIENTED_EDGE('',*,*,#3978,.T.);
#4450 = ORIENTED_EDGE('',*,*,#4432,.F.);
#4451 = ORIENTED_EDGE('',*,*,#4150,.F.);
#4452 = PLANE('',#4453);
#4453 = AXIS2_PLACEMENT_3D('',#4454,#4455,#4456);
#4454 = CARTESIAN_POINT('',(-120.4625,241.5,3.05));
#4455 = DIRECTION('',(-1.110223024625E-16,2.22044604925E-16,1.));
#4456 = DIRECTION('',(1.,0.,1.110223024625E-16));
#4457 = ADVANCED_FACE('',(#4458),#4474,.F.);
#4458 = FACE_BOUND('',#4459,.T.);
#4459 = EDGE_LOOP('',(#4460,#4466,#4467,#4473));
#4460 = ORIENTED_EDGE('',*,*,#4461,.T.);
#4461 = EDGE_CURVE('',#4176,#4004,#4462,.T.);
#4462 = LINE('',#4463,#4464);
#4463 = CARTESIAN_POINT('',(-120.4625,241.5,25.525));
#4464 = VECTOR('',#4465,1.);
#4465 = DIRECTION('',(-1.110223024625E-16,-1.,2.22044604925E-16));
#4466 = ORIENTED_EDGE('',*,*,#4003,.T.);
#4467 = ORIENTED_EDGE('',*,*,#4468,.F.);
#4468 = EDGE_CURVE('',#4178,#4006,#4469,.T.);
#4469 = LINE('',#4470,#4471);
#4470 = CARTESIAN_POINT('',(-120.4625,241.5,18.925));
#4471 = VECTOR('',#4472,1.);
#4472 = DIRECTION('',(-1.110223024625E-16,-1.,2.22044604925E-16));
#4473 = ORIENTED_EDGE('',*,*,#4175,.F.);
#4474 = CYLINDRICAL_SURFACE('',#4475,3.3);
#4475 = AXIS2_PLACEMENT_3D('',#4476,#4477,#4478);
#4476 = CARTESIAN_POINT('',(-120.4625,241.5,22.225));
#4477 = DIRECTION('',(3.697785493223E-32,1.,-3.330669073875E-16));
#4478 = DIRECTION('',(1.,0.,1.110223024625E-16));
#4479 = ADVANCED_FACE('',(#4480),#4491,.T.);
#4480 = FACE_BOUND('',#4481,.T.);
#4481 = EDGE_LOOP('',(#4482,#4488,#4489,#4490));
#4482 = ORIENTED_EDGE('',*,*,#4483,.T.);
#4483 = EDGE_CURVE('',#4195,#4023,#4484,.T.);
#4484 = LINE('',#4485,#4486);
#4485 = CARTESIAN_POINT('',(-116.0625,241.5,25.525));
#4486 = VECTOR('',#4487,1.);
#4487 = DIRECTION('',(-1.110223024625E-16,-1.,2.22044604925E-16));
#4488 = ORIENTED_EDGE('',*,*,#4031,.T.);
#4489 = ORIENTED_EDGE('',*,*,#4461,.F.);
#4490 = ORIENTED_EDGE('',*,*,#4203,.F.);
#4491 = PLANE('',#4492);
#4492 = AXIS2_PLACEMENT_3D('',#4493,#4494,#4495);
#4493 = CARTESIAN_POINT('',(-116.0625,241.5,25.525));
#4494 = DIRECTION('',(1.110223024625E-16,-2.22044604925E-16,-1.));
#4495 = DIRECTION('',(-1.,0.,-1.110223024625E-16));
#4496 = ADVANCED_FACE('',(#4497),#4508,.F.);
#4497 = FACE_BOUND('',#4498,.T.);
#4498 = EDGE_LOOP('',(#4499,#4505,#4506,#4507));
#4499 = ORIENTED_EDGE('',*,*,#4500,.T.);
#4500 = EDGE_CURVE('',#4187,#4015,#4501,.T.);
#4501 = LINE('',#4502,#4503);
#4502 = CARTESIAN_POINT('',(-116.0625,241.5,18.925));
#4503 = VECTOR('',#4504,1.);
#4504 = DIRECTION('',(-1.110223024625E-16,-1.,2.22044604925E-16));
#4505 = ORIENTED_EDGE('',*,*,#4022,.T.);
#4506 = ORIENTED_EDGE('',*,*,#4483,.F.);
#4507 = ORIENTED_EDGE('',*,*,#4194,.F.);
#4508 = CYLINDRICAL_SURFACE('',#4509,3.3);
#4509 = AXIS2_PLACEMENT_3D('',#4510,#4511,#4512);
#4510 = CARTESIAN_POINT('',(-116.0625,241.5,22.225));
#4511 = DIRECTION('',(3.697785493223E-32,1.,-3.330669073875E-16));
#4512 = DIRECTION('',(1.,0.,1.110223024625E-16));
#4513 = ADVANCED_FACE('',(#4514),#4520,.T.);
#4514 = FACE_BOUND('',#4515,.T.);
#4515 = EDGE_LOOP('',(#4516,#4517,#4518,#4519));
#4516 = ORIENTED_EDGE('',*,*,#4468,.T.);
#4517 = ORIENTED_EDGE('',*,*,#4014,.T.);
#4518 = ORIENTED_EDGE('',*,*,#4500,.F.);
#4519 = ORIENTED_EDGE('',*,*,#4186,.F.);
#4520 = PLANE('',#4521);
#4521 = AXIS2_PLACEMENT_3D('',#4522,#4523,#4524);
#4522 = CARTESIAN_POINT('',(-120.4625,241.5,18.925));
#4523 = DIRECTION('',(-1.110223024625E-16,2.22044604925E-16,1.));
#4524 = DIRECTION('',(1.,0.,1.110223024625E-16));
#4525 = ADVANCED_FACE('',(#4526),#4542,.F.);
#4526 = FACE_BOUND('',#4527,.T.);
#4527 = EDGE_LOOP('',(#4528,#4534,#4535,#4541));
#4528 = ORIENTED_EDGE('',*,*,#4529,.T.);
#4529 = EDGE_CURVE('',#4212,#4040,#4530,.T.);
#4530 = LINE('',#4531,#4532);
#4531 = CARTESIAN_POINT('',(-120.4625,241.5,41.4));
#4532 = VECTOR('',#4533,1.);
#4533 = DIRECTION('',(-1.110223024625E-16,-1.,2.22044604925E-16));
#4534 = ORIENTED_EDGE('',*,*,#4039,.T.);
#4535 = ORIENTED_EDGE('',*,*,#4536,.F.);
#4536 = EDGE_CURVE('',#4214,#4042,#4537,.T.);
#4537 = LINE('',#4538,#4539);
#4538 = CARTESIAN_POINT('',(-120.4625,241.5,34.8));
#4539 = VECTOR('',#4540,1.);
#4540 = DIRECTION('',(-1.110223024625E-16,-1.,2.22044604925E-16));
#4541 = ORIENTED_EDGE('',*,*,#4211,.F.);
#4542 = CYLINDRICAL_SURFACE('',#4543,3.3);
#4543 = AXIS2_PLACEMENT_3D('',#4544,#4545,#4546);
#4544 = CARTESIAN_POINT('',(-120.4625,241.5,38.1));
#4545 = DIRECTION('',(3.697785493223E-32,1.,-3.330669073875E-16));
#4546 = DIRECTION('',(1.,0.,1.110223024625E-16));
#4547 = ADVANCED_FACE('',(#4548),#4559,.T.);
#4548 = FACE_BOUND('',#4549,.T.);
#4549 = EDGE_LOOP('',(#4550,#4556,#4557,#4558));
#4550 = ORIENTED_EDGE('',*,*,#4551,.T.);
#4551 = EDGE_CURVE('',#4231,#4059,#4552,.T.);
#4552 = LINE('',#4553,#4554);
#4553 = CARTESIAN_POINT('',(-116.0625,241.5,41.4));
#4554 = VECTOR('',#4555,1.);
#4555 = DIRECTION('',(-1.110223024625E-16,-1.,2.22044604925E-16));
#4556 = ORIENTED_EDGE('',*,*,#4067,.T.);
#4557 = ORIENTED_EDGE('',*,*,#4529,.F.);
#4558 = ORIENTED_EDGE('',*,*,#4239,.F.);
#4559 = PLANE('',#4560);
#4560 = AXIS2_PLACEMENT_3D('',#4561,#4562,#4563);
#4561 = CARTESIAN_POINT('',(-116.0625,241.5,41.4));
#4562 = DIRECTION('',(1.110223024625E-16,-2.22044604925E-16,-1.));
#4563 = DIRECTION('',(-1.,0.,-1.110223024625E-16));
#4564 = ADVANCED_FACE('',(#4565),#4576,.F.);
#4565 = FACE_BOUND('',#4566,.T.);
#4566 = EDGE_LOOP('',(#4567,#4573,#4574,#4575));
#4567 = ORIENTED_EDGE('',*,*,#4568,.T.);
#4568 = EDGE_CURVE('',#4223,#4051,#4569,.T.);
#4569 = LINE('',#4570,#4571);
#4570 = CARTESIAN_POINT('',(-116.0625,241.5,34.8));
#4571 = VECTOR('',#4572,1.);
#4572 = DIRECTION('',(-1.110223024625E-16,-1.,2.22044604925E-16));
#4573 = ORIENTED_EDGE('',*,*,#4058,.T.);
#4574 = ORIENTED_EDGE('',*,*,#4551,.F.);
#4575 = ORIENTED_EDGE('',*,*,#4230,.F.);
#4576 = CYLINDRICAL_SURFACE('',#4577,3.3);
#4577 = AXIS2_PLACEMENT_3D('',#4578,#4579,#4580);
#4578 = CARTESIAN_POINT('',(-116.0625,241.5,38.1));
#4579 = DIRECTION('',(3.697785493223E-32,1.,-3.330669073875E-16));
#4580 = DIRECTION('',(1.,0.,1.110223024625E-16));
#4581 = ADVANCED_FACE('',(#4582),#4588,.T.);
#4582 = FACE_BOUND('',#4583,.T.);
#4583 = EDGE_LOOP('',(#4584,#4585,#4586,#4587));
#4584 = ORIENTED_EDGE('',*,*,#4536,.T.);
#4585 = ORIENTED_EDGE('',*,*,#4050,.T.);
#4586 = ORIENTED_EDGE('',*,*,#4568,.F.);
#4587 = ORIENTED_EDGE('',*,*,#4222,.F.);
#4588 = PLANE('',#4589);
#4589 = AXIS2_PLACEMENT_3D('',#4590,#4591,#4592);
#4590 = CARTESIAN_POINT('',(-120.4625,241.5,34.8));
#4591 = DIRECTION('',(-1.110223024625E-16,2.22044604925E-16,1.));
#4592 = DIRECTION('',(1.,0.,1.110223024625E-16));
#4593 = MANIFOLD_SOLID_BREP('',#4594);
#4594 = CLOSED_SHELL('',(#4595,#4635,#4730,#4802,#4890,#4907,#4929,#4946
    ,#4958,#4982,#5006,#5030,#5054,#5078,#5104,#5272,#5296,#5444,#5461,
    #5496,#5520,#5544,#5561,#5578,#5595,#5607,#5629,#5646,#5663,#5675,
    #5697,#5714,#5731,#5743,#5765,#5782,#5799,#5811));
#4595 = ADVANCED_FACE('',(#4596),#4630,.F.);
#4596 = FACE_BOUND('',#4597,.F.);
#4597 = EDGE_LOOP('',(#4598,#4608,#4616,#4624));
#4598 = ORIENTED_EDGE('',*,*,#4599,.F.);
#4599 = EDGE_CURVE('',#4600,#4602,#4604,.T.);
#4600 = VERTEX_POINT('',#4601);
#4601 = CARTESIAN_POINT('',(105.75,152.,12.396446609407));
#4602 = VERTEX_POINT('',#4603);
#4603 = CARTESIAN_POINT('',(105.75,152.,0.));
#4604 = LINE('',#4605,#4606);
#4605 = CARTESIAN_POINT('',(105.75,152.,12.396446609407));
#4606 = VECTOR('',#4607,1.);
#4607 = DIRECTION('',(-4.440892098501E-16,-1.110223024625E-15,-1.));
#4608 = ORIENTED_EDGE('',*,*,#4609,.T.);
#4609 = EDGE_CURVE('',#4600,#4610,#4612,.T.);
#4610 = VERTEX_POINT('',#4611);
#4611 = CARTESIAN_POINT('',(105.75,158.,12.396446609407));
#4612 = LINE('',#4613,#4614);
#4613 = CARTESIAN_POINT('',(105.75,152.,12.396446609407));
#4614 = VECTOR('',#4615,1.);
#4615 = DIRECTION('',(7.771561172376E-16,1.,1.110223024625E-16));
#4616 = ORIENTED_EDGE('',*,*,#4617,.T.);
#4617 = EDGE_CURVE('',#4610,#4618,#4620,.T.);
#4618 = VERTEX_POINT('',#4619);
#4619 = CARTESIAN_POINT('',(105.75,158.,0.));
#4620 = LINE('',#4621,#4622);
#4621 = CARTESIAN_POINT('',(105.75,158.,12.396446609407));
#4622 = VECTOR('',#4623,1.);
#4623 = DIRECTION('',(-4.440892098501E-16,-1.110223024625E-15,-1.));
#4624 = ORIENTED_EDGE('',*,*,#4625,.F.);
#4625 = EDGE_CURVE('',#4602,#4618,#4626,.T.);
#4626 = LINE('',#4627,#4628);
#4627 = CARTESIAN_POINT('',(105.75,152.,8.545941732052E-14));
#4628 = VECTOR('',#4629,1.);
#4629 = DIRECTION('',(7.771561172376E-16,1.,1.110223024625E-16));
#4630 = PLANE('',#4631);
#4631 = AXIS2_PLACEMENT_3D('',#4632,#4633,#4634);
#4632 = CARTESIAN_POINT('',(105.75,152.,12.396446609407));
#4633 = DIRECTION('',(-1.,-2.22044604925E-16,-6.661338147751E-16));
#4634 = DIRECTION('',(-3.330669073875E-16,-9.992007221626E-16,-1.));
#4635 = ADVANCED_FACE('',(#4636),#4725,.T.);
#4636 = FACE_BOUND('',#4637,.T.);
#4637 = EDGE_LOOP('',(#4638,#4648,#4656,#4664,#4672,#4680,#4688,#4696,
    #4702,#4703,#4711,#4719));
#4638 = ORIENTED_EDGE('',*,*,#4639,.F.);
#4639 = EDGE_CURVE('',#4640,#4642,#4644,.T.);
#4640 = VERTEX_POINT('',#4641);
#4641 = CARTESIAN_POINT('',(105.75,152.,40.3));
#4642 = VERTEX_POINT('',#4643);
#4643 = CARTESIAN_POINT('',(105.75,152.,27.603553390593));
#4644 = LINE('',#4645,#4646);
#4645 = CARTESIAN_POINT('',(105.75,152.,41.3));
#4646 = VECTOR('',#4647,1.);
#4647 = DIRECTION('',(-4.440892098501E-16,-1.110223024625E-15,-1.));
#4648 = ORIENTED_EDGE('',*,*,#4649,.T.);
#4649 = EDGE_CURVE('',#4640,#4650,#4652,.T.);
#4650 = VERTEX_POINT('',#4651);
#4651 = CARTESIAN_POINT('',(103.55,152.,40.3));
#4652 = LINE('',#4653,#4654);
#4653 = CARTESIAN_POINT('',(106.75,152.,40.3));
#4654 = VECTOR('',#4655,1.);
#4655 = DIRECTION('',(-1.,-5.551115123126E-16,-1.221245327088E-15));
#4656 = ORIENTED_EDGE('',*,*,#4657,.T.);
#4657 = EDGE_CURVE('',#4650,#4658,#4660,.T.);
#4658 = VERTEX_POINT('',#4659);
#4659 = CARTESIAN_POINT('',(103.55,152.,34.));
#4660 = LINE('',#4661,#4662);
#4661 = CARTESIAN_POINT('',(103.55,152.,40.3));
#4662 = VECTOR('',#4663,1.);
#4663 = DIRECTION('',(-6.661338147751E-16,-1.33226762955E-15,-1.));
#4664 = ORIENTED_EDGE('',*,*,#4665,.T.);
#4665 = EDGE_CURVE('',#4658,#4666,#4668,.T.);
#4666 = VERTEX_POINT('',#4667);
#4667 = CARTESIAN_POINT('',(99.55,152.,34.));
#4668 = LINE('',#4669,#4670);
#4669 = CARTESIAN_POINT('',(106.75,152.,34.));
#4670 = VECTOR('',#4671,1.);
#4671 = DIRECTION('',(-1.,-4.440892098501E-16,-9.992007221626E-16));
#4672 = ORIENTED_EDGE('',*,*,#4673,.T.);
#4673 = EDGE_CURVE('',#4666,#4674,#4676,.T.);
#4674 = VERTEX_POINT('',#4675);
#4675 = CARTESIAN_POINT('',(99.55,152.,6.));
#4676 = LINE('',#4677,#4678);
#4677 = CARTESIAN_POINT('',(99.55,152.,34.));
#4678 = VECTOR('',#4679,1.);
#4679 = DIRECTION('',(-5.551115123126E-16,-1.110223024625E-15,-1.));
#4680 = ORIENTED_EDGE('',*,*,#4681,.F.);
#4681 = EDGE_CURVE('',#4682,#4674,#4684,.T.);
#4682 = VERTEX_POINT('',#4683);
#4683 = CARTESIAN_POINT('',(103.55,152.,6.));
#4684 = LINE('',#4685,#4686);
#4685 = CARTESIAN_POINT('',(106.75,152.,6.));
#4686 = VECTOR('',#4687,1.);
#4687 = DIRECTION('',(-1.,-4.440892098501E-16,-9.992007221626E-16));
#4688 = ORIENTED_EDGE('',*,*,#4689,.T.);
#4689 = EDGE_CURVE('',#4682,#4690,#4692,.T.);
#4690 = VERTEX_POINT('',#4691);
#4691 = CARTESIAN_POINT('',(103.55,152.,0.));
#4692 = LINE('',#4693,#4694);
#4693 = CARTESIAN_POINT('',(103.55,152.,40.3));
#4694 = VECTOR('',#4695,1.);
#4695 = DIRECTION('',(-6.661338147751E-16,-1.33226762955E-15,-1.));
#4696 = ORIENTED_EDGE('',*,*,#4697,.F.);
#4697 = EDGE_CURVE('',#4602,#4690,#4698,.T.);
#4698 = LINE('',#4699,#4700);
#4699 = CARTESIAN_POINT('',(106.75,152.,1.436351038109E-13));
#4700 = VECTOR('',#4701,1.);
#4701 = DIRECTION('',(-1.,-5.551115123126E-16,-1.221245327088E-15));
#4702 = ORIENTED_EDGE('',*,*,#4599,.F.);
#4703 = ORIENTED_EDGE('',*,*,#4704,.F.);
#4704 = EDGE_CURVE('',#4705,#4600,#4707,.T.);
#4705 = VERTEX_POINT('',#4706);
#4706 = CARTESIAN_POINT('',(101.75,152.,8.396446609407));
#4707 = LINE('',#4708,#4709);
#4708 = CARTESIAN_POINT('',(101.75,152.,8.396446609407));
#4709 = VECTOR('',#4710,1.);
#4710 = DIRECTION('',(0.707106781187,1.099064721079E-15,0.707106781187)
  );
#4711 = ORIENTED_EDGE('',*,*,#4712,.F.);
#4712 = EDGE_CURVE('',#4713,#4705,#4715,.T.);
#4713 = VERTEX_POINT('',#4714);
#4714 = CARTESIAN_POINT('',(101.75,152.,31.603553390593));
#4715 = LINE('',#4716,#4717);
#4716 = CARTESIAN_POINT('',(101.75,152.,31.603553390593));
#4717 = VECTOR('',#4718,1.);
#4718 = DIRECTION('',(-4.440892098501E-16,-1.110223024625E-15,-1.));
#4719 = ORIENTED_EDGE('',*,*,#4720,.F.);
#4720 = EDGE_CURVE('',#4642,#4713,#4721,.T.);
#4721 = LINE('',#4722,#4723);
#4722 = CARTESIAN_POINT('',(105.75,152.,27.603553390593));
#4723 = VECTOR('',#4724,1.);
#4724 = DIRECTION('',(-0.707106781187,4.710277376051E-16,0.707106781187)
  );
#4725 = PLANE('',#4726);
#4726 = AXIS2_PLACEMENT_3D('',#4727,#4728,#4729);
#4727 = CARTESIAN_POINT('',(103.66789473684,152.,20.137368421053));
#4728 = DIRECTION('',(-1.170147422349E-15,-1.,-4.440892098501E-16));
#4729 = DIRECTION('',(-1.,-1.621202072008E-16,-8.881784197001E-16));
#4730 = ADVANCED_FACE('',(#4731),#4797,.T.);
#4731 = FACE_BOUND('',#4732,.T.);
#4732 = EDGE_LOOP('',(#4733,#4734,#4735,#4743,#4751,#4759,#4767,#4775,
    #4783,#4791));
#4733 = ORIENTED_EDGE('',*,*,#4625,.F.);
#4734 = ORIENTED_EDGE('',*,*,#4697,.T.);
#4735 = ORIENTED_EDGE('',*,*,#4736,.T.);
#4736 = EDGE_CURVE('',#4690,#4737,#4739,.T.);
#4737 = VERTEX_POINT('',#4738);
#4738 = CARTESIAN_POINT('',(103.55,235.,0.));
#4739 = LINE('',#4740,#4741);
#4740 = CARTESIAN_POINT('',(103.55,152.,1.656452752741E-13));
#4741 = VECTOR('',#4742,1.);
#4742 = DIRECTION('',(1.33226762955E-15,1.,6.661338147751E-16));
#4743 = ORIENTED_EDGE('',*,*,#4744,.F.);
#4744 = EDGE_CURVE('',#4745,#4737,#4747,.T.);
#4745 = VERTEX_POINT('',#4746);
#4746 = CARTESIAN_POINT('',(94.,235.,0.));
#4747 = LINE('',#4748,#4749);
#4748 = CARTESIAN_POINT('',(94.,235.,-4.263256414561E-14));
#4749 = VECTOR('',#4750,1.);
#4750 = DIRECTION('',(1.,2.22044604925E-16,4.440892098501E-16));
#4751 = ORIENTED_EDGE('',*,*,#4752,.T.);
#4752 = EDGE_CURVE('',#4745,#4753,#4755,.T.);
#4753 = VERTEX_POINT('',#4754);
#4754 = CARTESIAN_POINT('',(94.,241.5,0.));
#4755 = LINE('',#4756,#4757);
#4756 = CARTESIAN_POINT('',(94.,235.,3.369526879737E-14));
#4757 = VECTOR('',#4758,1.);
#4758 = DIRECTION('',(3.330669073875E-16,1.,-1.110223024625E-16));
#4759 = ORIENTED_EDGE('',*,*,#4760,.T.);
#4760 = EDGE_CURVE('',#4753,#4761,#4763,.T.);
#4761 = VERTEX_POINT('',#4762);
#4762 = CARTESIAN_POINT('',(123.,241.5,0.));
#4763 = LINE('',#4764,#4765);
#4764 = CARTESIAN_POINT('',(94.,241.5,-4.263256414561E-14));
#4765 = VECTOR('',#4766,1.);
#4766 = DIRECTION('',(1.,2.22044604925E-16,4.440892098501E-16));
#4767 = ORIENTED_EDGE('',*,*,#4768,.F.);
#4768 = EDGE_CURVE('',#4769,#4761,#4771,.T.);
#4769 = VERTEX_POINT('',#4770);
#4770 = CARTESIAN_POINT('',(123.,235.,0.));
#4771 = LINE('',#4772,#4773);
#4772 = CARTESIAN_POINT('',(123.,235.,4.335420911161E-14));
#4773 = VECTOR('',#4774,1.);
#4774 = DIRECTION('',(3.330669073875E-16,1.,-1.110223024625E-16));
#4775 = ORIENTED_EDGE('',*,*,#4776,.F.);
#4776 = EDGE_CURVE('',#4777,#4769,#4779,.T.);
#4777 = VERTEX_POINT('',#4778);
#4778 = CARTESIAN_POINT('',(106.75,235.,0.));
#4779 = LINE('',#4780,#4781);
#4780 = CARTESIAN_POINT('',(94.,235.,-4.263256414561E-14));
#4781 = VECTOR('',#4782,1.);
#4782 = DIRECTION('',(1.,2.22044604925E-16,4.440892098501E-16));
#4783 = ORIENTED_EDGE('',*,*,#4784,.F.);
#4784 = EDGE_CURVE('',#4785,#4777,#4787,.T.);
#4785 = VERTEX_POINT('',#4786);
#4786 = CARTESIAN_POINT('',(106.75,158.,0.));
#4787 = LINE('',#4788,#4789);
#4788 = CARTESIAN_POINT('',(106.75,152.,1.723621245731E-13));
#4789 = VECTOR('',#4790,1.);
#4790 = DIRECTION('',(1.33226762955E-15,1.,6.661338147751E-16));
#4791 = ORIENTED_EDGE('',*,*,#4792,.F.);
#4792 = EDGE_CURVE('',#4618,#4785,#4793,.T.);
#4793 = LINE('',#4794,#4795);
#4794 = CARTESIAN_POINT('',(106.01730839842,158.,8.524890242506E-14));
#4795 = VECTOR('',#4796,1.);
#4796 = DIRECTION('',(1.,2.22044604925E-16,7.771561172376E-16));
#4797 = PLANE('',#4798);
#4798 = AXIS2_PLACEMENT_3D('',#4799,#4800,#4801);
#4799 = CARTESIAN_POINT('',(106.12827004219,205.81075949367,
    3.374010058292E-14));
#4800 = DIRECTION('',(-1.110223024625E-16,-2.22044604925E-16,-1.));
#4801 = DIRECTION('',(-1.,-1.110223024625E-16,-2.22044604925E-16));
#4802 = ADVANCED_FACE('',(#4803),#4885,.F.);
#4803 = FACE_BOUND('',#4804,.F.);
#4804 = EDGE_LOOP('',(#4805,#4806,#4807,#4815,#4823,#4831,#4839,#4847,
    #4855,#4863,#4871,#4879));
#4805 = ORIENTED_EDGE('',*,*,#4792,.F.);
#4806 = ORIENTED_EDGE('',*,*,#4617,.F.);
#4807 = ORIENTED_EDGE('',*,*,#4808,.F.);
#4808 = EDGE_CURVE('',#4809,#4610,#4811,.T.);
#4809 = VERTEX_POINT('',#4810);
#4810 = CARTESIAN_POINT('',(101.75,158.,8.396446609407));
#4811 = LINE('',#4812,#4813);
#4812 = CARTESIAN_POINT('',(101.75,158.,8.396446609407));
#4813 = VECTOR('',#4814,1.);
#4814 = DIRECTION('',(0.707106781187,1.099064721079E-15,0.707106781187)
  );
#4815 = ORIENTED_EDGE('',*,*,#4816,.F.);
#4816 = EDGE_CURVE('',#4817,#4809,#4819,.T.);
#4817 = VERTEX_POINT('',#4818);
#4818 = CARTESIAN_POINT('',(101.75,158.,31.603553390593));
#4819 = LINE('',#4820,#4821);
#4820 = CARTESIAN_POINT('',(101.75,158.,31.603553390593));
#4821 = VECTOR('',#4822,1.);
#4822 = DIRECTION('',(-4.440892098501E-16,-1.110223024625E-15,-1.));
#4823 = ORIENTED_EDGE('',*,*,#4824,.F.);
#4824 = EDGE_CURVE('',#4825,#4817,#4827,.T.);
#4825 = VERTEX_POINT('',#4826);
#4826 = CARTESIAN_POINT('',(105.75,158.,27.603553390593));
#4827 = LINE('',#4828,#4829);
#4828 = CARTESIAN_POINT('',(105.75,158.,27.603553390593));
#4829 = VECTOR('',#4830,1.);
#4830 = DIRECTION('',(-0.707106781187,4.710277376051E-16,0.707106781187)
  );
#4831 = ORIENTED_EDGE('',*,*,#4832,.F.);
#4832 = EDGE_CURVE('',#4833,#4825,#4835,.T.);
#4833 = VERTEX_POINT('',#4834);
#4834 = CARTESIAN_POINT('',(105.75,158.,40.3));
#4835 = LINE('',#4836,#4837);
#4836 = CARTESIAN_POINT('',(105.75,158.,41.3));
#4837 = VECTOR('',#4838,1.);
#4838 = DIRECTION('',(-4.440892098501E-16,-1.110223024625E-15,-1.));
#4839 = ORIENTED_EDGE('',*,*,#4840,.F.);
#4840 = EDGE_CURVE('',#4841,#4833,#4843,.T.);
#4841 = VERTEX_POINT('',#4842);
#4842 = CARTESIAN_POINT('',(106.75,158.,40.3));
#4843 = LINE('',#4844,#4845);
#4844 = CARTESIAN_POINT('',(106.01730839842,158.,40.3));
#4845 = VECTOR('',#4846,1.);
#4846 = DIRECTION('',(-1.,-2.22044604925E-16,-7.771561172376E-16));
#4847 = ORIENTED_EDGE('',*,*,#4848,.F.);
#4848 = EDGE_CURVE('',#4849,#4841,#4851,.T.);
#4849 = VERTEX_POINT('',#4850);
#4850 = CARTESIAN_POINT('',(106.75,158.,25.603553390593));
#4851 = LINE('',#4852,#4853);
#4852 = CARTESIAN_POINT('',(106.75,158.,20.136451427439));
#4853 = VECTOR('',#4854,1.);
#4854 = DIRECTION('',(2.22044604925E-16,6.661338147751E-16,1.));
#4855 = ORIENTED_EDGE('',*,*,#4856,.T.);
#4856 = EDGE_CURVE('',#4849,#4857,#4859,.T.);
#4857 = VERTEX_POINT('',#4858);
#4858 = CARTESIAN_POINT('',(102.75,158.,29.603553390593));
#4859 = LINE('',#4860,#4861);
#4860 = CARTESIAN_POINT('',(105.75381683314,158.,26.599736557454));
#4861 = VECTOR('',#4862,1.);
#4862 = DIRECTION('',(-0.707106781187,3.140184917368E-16,0.707106781187)
  );
#4863 = ORIENTED_EDGE('',*,*,#4864,.T.);
#4864 = EDGE_CURVE('',#4857,#4865,#4867,.T.);
#4865 = VERTEX_POINT('',#4866);
#4866 = CARTESIAN_POINT('',(102.75,158.,10.396446609407));
#4867 = LINE('',#4868,#4869);
#4868 = CARTESIAN_POINT('',(102.75,158.,15.259674732142));
#4869 = VECTOR('',#4870,1.);
#4870 = DIRECTION('',(-2.22044604925E-16,-4.440892098501E-16,-1.));
#4871 = ORIENTED_EDGE('',*,*,#4872,.T.);
#4872 = EDGE_CURVE('',#4865,#4873,#4875,.T.);
#4873 = VERTEX_POINT('',#4874);
#4874 = CARTESIAN_POINT('',(106.75,158.,14.396446609407));
#4875 = LINE('',#4876,#4877);
#4876 = CARTESIAN_POINT('',(108.06526826057,158.,15.711714869985));
#4877 = VECTOR('',#4878,1.);
#4878 = DIRECTION('',(0.707106781187,3.140184917368E-16,0.707106781187)
  );
#4879 = ORIENTED_EDGE('',*,*,#4880,.F.);
#4880 = EDGE_CURVE('',#4785,#4873,#4881,.T.);
#4881 = LINE('',#4882,#4883);
#4882 = CARTESIAN_POINT('',(106.75,158.,20.136451427439));
#4883 = VECTOR('',#4884,1.);
#4884 = DIRECTION('',(2.22044604925E-16,6.661338147751E-16,1.));
#4885 = PLANE('',#4886);
#4886 = AXIS2_PLACEMENT_3D('',#4887,#4888,#4889);
#4887 = CARTESIAN_POINT('',(105.28461679684,158.,20.122902854877));
#4888 = DIRECTION('',(8.881784197001E-16,1.,4.440892098501E-16));
#4889 = DIRECTION('',(4.440892098501E-16,8.881784197001E-16,1.));
#4890 = ADVANCED_FACE('',(#4891),#4902,.F.);
#4891 = FACE_BOUND('',#4892,.F.);
#4892 = EDGE_LOOP('',(#4893,#4899,#4900,#4901));
#4893 = ORIENTED_EDGE('',*,*,#4894,.T.);
#4894 = EDGE_CURVE('',#4705,#4809,#4895,.T.);
#4895 = LINE('',#4896,#4897);
#4896 = CARTESIAN_POINT('',(101.75,152.,8.396446609407));
#4897 = VECTOR('',#4898,1.);
#4898 = DIRECTION('',(7.771561172376E-16,1.,1.110223024625E-16));
#4899 = ORIENTED_EDGE('',*,*,#4808,.T.);
#4900 = ORIENTED_EDGE('',*,*,#4609,.F.);
#4901 = ORIENTED_EDGE('',*,*,#4704,.F.);
#4902 = PLANE('',#4903);
#4903 = AXIS2_PLACEMENT_3D('',#4904,#4905,#4906);
#4904 = CARTESIAN_POINT('',(101.75,152.,8.396446609407));
#4905 = DIRECTION('',(0.707106781187,-4.710277376051E-16,-0.707106781187
    ));
#4906 = DIRECTION('',(0.707106781187,9.420554752103E-16,0.707106781187)
  );
#4907 = ADVANCED_FACE('',(#4908),#4924,.F.);
#4908 = FACE_BOUND('',#4909,.F.);
#4909 = EDGE_LOOP('',(#4910,#4911,#4917,#4918));
#4910 = ORIENTED_EDGE('',*,*,#4639,.F.);
#4911 = ORIENTED_EDGE('',*,*,#4912,.F.);
#4912 = EDGE_CURVE('',#4833,#4640,#4913,.T.);
#4913 = LINE('',#4914,#4915);
#4914 = CARTESIAN_POINT('',(105.75,193.5,40.3));
#4915 = VECTOR('',#4916,1.);
#4916 = DIRECTION('',(-7.771561172376E-16,-1.,-1.110223024625E-16));
#4917 = ORIENTED_EDGE('',*,*,#4832,.T.);
#4918 = ORIENTED_EDGE('',*,*,#4919,.F.);
#4919 = EDGE_CURVE('',#4642,#4825,#4920,.T.);
#4920 = LINE('',#4921,#4922);
#4921 = CARTESIAN_POINT('',(105.75,152.,27.603553390593));
#4922 = VECTOR('',#4923,1.);
#4923 = DIRECTION('',(7.771561172376E-16,1.,1.110223024625E-16));
#4924 = PLANE('',#4925);
#4925 = AXIS2_PLACEMENT_3D('',#4926,#4927,#4928);
#4926 = CARTESIAN_POINT('',(105.75,152.,41.3));
#4927 = DIRECTION('',(-1.,-2.22044604925E-16,-6.661338147751E-16));
#4928 = DIRECTION('',(-3.330669073875E-16,-9.992007221626E-16,-1.));
#4929 = ADVANCED_FACE('',(#4930),#4941,.F.);
#4930 = FACE_BOUND('',#4931,.F.);
#4931 = EDGE_LOOP('',(#4932,#4933,#4934,#4940));
#4932 = ORIENTED_EDGE('',*,*,#4919,.T.);
#4933 = ORIENTED_EDGE('',*,*,#4824,.T.);
#4934 = ORIENTED_EDGE('',*,*,#4935,.F.);
#4935 = EDGE_CURVE('',#4713,#4817,#4936,.T.);
#4936 = LINE('',#4937,#4938);
#4937 = CARTESIAN_POINT('',(101.75,152.,31.603553390593));
#4938 = VECTOR('',#4939,1.);
#4939 = DIRECTION('',(7.771561172376E-16,1.,1.110223024625E-16));
#4940 = ORIENTED_EDGE('',*,*,#4720,.F.);
#4941 = PLANE('',#4942);
#4942 = AXIS2_PLACEMENT_3D('',#4943,#4944,#4945);
#4943 = CARTESIAN_POINT('',(105.75,152.,27.603553390593));
#4944 = DIRECTION('',(0.707106781187,7.850462293419E-16,0.707106781187)
  );
#4945 = DIRECTION('',(-0.707106781187,4.710277376051E-16,0.707106781187)
  );
#4946 = ADVANCED_FACE('',(#4947),#4953,.F.);
#4947 = FACE_BOUND('',#4948,.F.);
#4948 = EDGE_LOOP('',(#4949,#4950,#4951,#4952));
#4949 = ORIENTED_EDGE('',*,*,#4935,.T.);
#4950 = ORIENTED_EDGE('',*,*,#4816,.T.);
#4951 = ORIENTED_EDGE('',*,*,#4894,.F.);
#4952 = ORIENTED_EDGE('',*,*,#4712,.F.);
#4953 = PLANE('',#4954);
#4954 = AXIS2_PLACEMENT_3D('',#4955,#4956,#4957);
#4955 = CARTESIAN_POINT('',(101.75,152.,31.603553390593));
#4956 = DIRECTION('',(-1.,-2.22044604925E-16,-6.661338147751E-16));
#4957 = DIRECTION('',(-3.330669073875E-16,-9.992007221626E-16,-1.));
#4958 = ADVANCED_FACE('',(#4959),#4977,.F.);
#4959 = FACE_BOUND('',#4960,.F.);
#4960 = EDGE_LOOP('',(#4961,#4962,#4963,#4971));
#4961 = ORIENTED_EDGE('',*,*,#4689,.T.);
#4962 = ORIENTED_EDGE('',*,*,#4736,.T.);
#4963 = ORIENTED_EDGE('',*,*,#4964,.T.);
#4964 = EDGE_CURVE('',#4737,#4965,#4967,.T.);
#4965 = VERTEX_POINT('',#4966);
#4966 = CARTESIAN_POINT('',(103.55,235.,6.));
#4967 = LINE('',#4968,#4969);
#4968 = CARTESIAN_POINT('',(103.55,235.,2.207123372955E-13));
#4969 = VECTOR('',#4970,1.);
#4970 = DIRECTION('',(6.661338147751E-16,1.33226762955E-15,1.));
#4971 = ORIENTED_EDGE('',*,*,#4972,.F.);
#4972 = EDGE_CURVE('',#4682,#4965,#4973,.T.);
#4973 = LINE('',#4974,#4975);
#4974 = CARTESIAN_POINT('',(103.55,172.75,6.));
#4975 = VECTOR('',#4976,1.);
#4976 = DIRECTION('',(8.881784197001E-16,1.,4.440892098501E-16));
#4977 = PLANE('',#4978);
#4978 = AXIS2_PLACEMENT_3D('',#4979,#4980,#4981);
#4979 = CARTESIAN_POINT('',(103.55,193.5,20.15));
#4980 = DIRECTION('',(1.,6.661338147751E-16,1.33226762955E-15));
#4981 = DIRECTION('',(6.661338147751E-16,1.33226762955E-15,1.));
#4982 = ADVANCED_FACE('',(#4983),#5001,.T.);
#4983 = FACE_BOUND('',#4984,.T.);
#4984 = EDGE_LOOP('',(#4985,#4986,#4987,#4995));
#4985 = ORIENTED_EDGE('',*,*,#4972,.F.);
#4986 = ORIENTED_EDGE('',*,*,#4681,.T.);
#4987 = ORIENTED_EDGE('',*,*,#4988,.T.);
#4988 = EDGE_CURVE('',#4674,#4989,#4991,.T.);
#4989 = VERTEX_POINT('',#4990);
#4990 = CARTESIAN_POINT('',(99.55,235.,6.));
#4991 = LINE('',#4992,#4993);
#4992 = CARTESIAN_POINT('',(99.55,152.,6.));
#4993 = VECTOR('',#4994,1.);
#4994 = DIRECTION('',(1.110223024625E-15,1.,5.551115123126E-16));
#4995 = ORIENTED_EDGE('',*,*,#4996,.F.);
#4996 = EDGE_CURVE('',#4965,#4989,#4997,.T.);
#4997 = LINE('',#4998,#4999);
#4998 = CARTESIAN_POINT('',(106.75,235.,6.));
#4999 = VECTOR('',#5000,1.);
#5000 = DIRECTION('',(-1.,-4.440892098501E-16,-9.992007221626E-16));
#5001 = PLANE('',#5002);
#5002 = AXIS2_PLACEMENT_3D('',#5003,#5004,#5005);
#5003 = CARTESIAN_POINT('',(106.75,152.,6.));
#5004 = DIRECTION('',(-3.330669073875E-16,-8.881784197001E-16,-1.));
#5005 = DIRECTION('',(9.992007221626E-16,1.,4.440892098501E-16));
#5006 = ADVANCED_FACE('',(#5007),#5025,.F.);
#5007 = FACE_BOUND('',#5008,.F.);
#5008 = EDGE_LOOP('',(#5009,#5010,#5018,#5024));
#5009 = ORIENTED_EDGE('',*,*,#4988,.T.);
#5010 = ORIENTED_EDGE('',*,*,#5011,.T.);
#5011 = EDGE_CURVE('',#4989,#5012,#5014,.T.);
#5012 = VERTEX_POINT('',#5013);
#5013 = CARTESIAN_POINT('',(99.55,235.,34.));
#5014 = LINE('',#5015,#5016);
#5015 = CARTESIAN_POINT('',(99.55,235.,6.));
#5016 = VECTOR('',#5017,1.);
#5017 = DIRECTION('',(5.551115123126E-16,1.110223024625E-15,1.));
#5018 = ORIENTED_EDGE('',*,*,#5019,.T.);
#5019 = EDGE_CURVE('',#5012,#4666,#5020,.T.);
#5020 = LINE('',#5021,#5022);
#5021 = CARTESIAN_POINT('',(99.55,235.,34.));
#5022 = VECTOR('',#5023,1.);
#5023 = DIRECTION('',(-1.110223024625E-15,-1.,-5.551115123126E-16));
#5024 = ORIENTED_EDGE('',*,*,#4673,.T.);
#5025 = PLANE('',#5026);
#5026 = AXIS2_PLACEMENT_3D('',#5027,#5028,#5029);
#5027 = CARTESIAN_POINT('',(99.55,193.5,20.));
#5028 = DIRECTION('',(1.,5.551115123126E-16,1.110223024625E-15));
#5029 = DIRECTION('',(5.551115123126E-16,1.110223024625E-15,1.));
#5030 = ADVANCED_FACE('',(#5031),#5049,.T.);
#5031 = FACE_BOUND('',#5032,.T.);
#5032 = EDGE_LOOP('',(#5033,#5041,#5047,#5048));
#5033 = ORIENTED_EDGE('',*,*,#5034,.F.);
#5034 = EDGE_CURVE('',#5035,#4658,#5037,.T.);
#5035 = VERTEX_POINT('',#5036);
#5036 = CARTESIAN_POINT('',(103.55,235.,34.));
#5037 = LINE('',#5038,#5039);
#5038 = CARTESIAN_POINT('',(103.55,214.25,34.));
#5039 = VECTOR('',#5040,1.);
#5040 = DIRECTION('',(-8.881784197001E-16,-1.,-4.440892098501E-16));
#5041 = ORIENTED_EDGE('',*,*,#5042,.T.);
#5042 = EDGE_CURVE('',#5035,#5012,#5043,.T.);
#5043 = LINE('',#5044,#5045);
#5044 = CARTESIAN_POINT('',(106.75,235.,34.));
#5045 = VECTOR('',#5046,1.);
#5046 = DIRECTION('',(-1.,-4.440892098501E-16,-9.992007221626E-16));
#5047 = ORIENTED_EDGE('',*,*,#5019,.T.);
#5048 = ORIENTED_EDGE('',*,*,#4665,.F.);
#5049 = PLANE('',#5050);
#5050 = AXIS2_PLACEMENT_3D('',#5051,#5052,#5053);
#5051 = CARTESIAN_POINT('',(106.75,235.,34.));
#5052 = DIRECTION('',(3.330669073875E-16,8.881784197001E-16,1.));
#5053 = DIRECTION('',(-9.992007221626E-16,-1.,-4.440892098501E-16));
#5054 = ADVANCED_FACE('',(#5055),#5073,.F.);
#5055 = FACE_BOUND('',#5056,.F.);
#5056 = EDGE_LOOP('',(#5057,#5058,#5059,#5067));
#5057 = ORIENTED_EDGE('',*,*,#4657,.T.);
#5058 = ORIENTED_EDGE('',*,*,#5034,.F.);
#5059 = ORIENTED_EDGE('',*,*,#5060,.T.);
#5060 = EDGE_CURVE('',#5035,#5061,#5063,.T.);
#5061 = VERTEX_POINT('',#5062);
#5062 = CARTESIAN_POINT('',(103.55,235.,40.3));
#5063 = LINE('',#5064,#5065);
#5064 = CARTESIAN_POINT('',(103.55,235.,2.207123372955E-13));
#5065 = VECTOR('',#5066,1.);
#5066 = DIRECTION('',(6.661338147751E-16,1.33226762955E-15,1.));
#5067 = ORIENTED_EDGE('',*,*,#5068,.T.);
#5068 = EDGE_CURVE('',#5061,#4650,#5069,.T.);
#5069 = LINE('',#5070,#5071);
#5070 = CARTESIAN_POINT('',(103.55,235.,40.3));
#5071 = VECTOR('',#5072,1.);
#5072 = DIRECTION('',(-1.33226762955E-15,-1.,-6.661338147751E-16));
#5073 = PLANE('',#5074);
#5074 = AXIS2_PLACEMENT_3D('',#5075,#5076,#5077);
#5075 = CARTESIAN_POINT('',(103.55,193.5,20.15));
#5076 = DIRECTION('',(1.,6.661338147751E-16,1.33226762955E-15));
#5077 = DIRECTION('',(6.661338147751E-16,1.33226762955E-15,1.));
#5078 = ADVANCED_FACE('',(#5079),#5099,.T.);
#5079 = FACE_BOUND('',#5080,.T.);
#5080 = EDGE_LOOP('',(#5081,#5089,#5095,#5096,#5097,#5098));
#5081 = ORIENTED_EDGE('',*,*,#5082,.F.);
#5082 = EDGE_CURVE('',#5083,#4841,#5085,.T.);
#5083 = VERTEX_POINT('',#5084);
#5084 = CARTESIAN_POINT('',(106.75,235.,40.3));
#5085 = LINE('',#5086,#5087);
#5086 = CARTESIAN_POINT('',(106.75,235.,40.3));
#5087 = VECTOR('',#5088,1.);
#5088 = DIRECTION('',(-1.33226762955E-15,-1.,-6.661338147751E-16));
#5089 = ORIENTED_EDGE('',*,*,#5090,.T.);
#5090 = EDGE_CURVE('',#5083,#5061,#5091,.T.);
#5091 = LINE('',#5092,#5093);
#5092 = CARTESIAN_POINT('',(106.75,235.,40.3));
#5093 = VECTOR('',#5094,1.);
#5094 = DIRECTION('',(-1.,-5.551115123126E-16,-1.221245327088E-15));
#5095 = ORIENTED_EDGE('',*,*,#5068,.T.);
#5096 = ORIENTED_EDGE('',*,*,#4649,.F.);
#5097 = ORIENTED_EDGE('',*,*,#4912,.F.);
#5098 = ORIENTED_EDGE('',*,*,#4840,.F.);
#5099 = PLANE('',#5100);
#5100 = AXIS2_PLACEMENT_3D('',#5101,#5102,#5103);
#5101 = CARTESIAN_POINT('',(106.75,235.,40.3));
#5102 = DIRECTION('',(4.440892098501E-16,1.110223024625E-15,1.));
#5103 = DIRECTION('',(-1.221245327088E-15,-1.,-5.551115123126E-16));
#5104 = ADVANCED_FACE('',(#5105,#5159,#5195,#5231),#5267,.F.);
#5105 = FACE_BOUND('',#5106,.F.);
#5106 = EDGE_LOOP('',(#5107,#5108,#5116,#5124,#5132,#5140,#5146,#5147,
    #5153,#5154,#5155,#5156,#5157,#5158));
#5107 = ORIENTED_EDGE('',*,*,#4744,.F.);
#5108 = ORIENTED_EDGE('',*,*,#5109,.F.);
#5109 = EDGE_CURVE('',#5110,#4745,#5112,.T.);
#5110 = VERTEX_POINT('',#5111);
#5111 = CARTESIAN_POINT('',(94.,235.,44.45));
#5112 = LINE('',#5113,#5114);
#5113 = CARTESIAN_POINT('',(94.,235.,44.45));
#5114 = VECTOR('',#5115,1.);
#5115 = DIRECTION('',(-2.22044604925E-16,-6.661338147751E-16,-1.));
#5116 = ORIENTED_EDGE('',*,*,#5117,.F.);
#5117 = EDGE_CURVE('',#5118,#5110,#5120,.T.);
#5118 = VERTEX_POINT('',#5119);
#5119 = CARTESIAN_POINT('',(123.,235.,44.45));
#5120 = LINE('',#5121,#5122);
#5121 = CARTESIAN_POINT('',(123.,235.,44.45));
#5122 = VECTOR('',#5123,1.);
#5123 = DIRECTION('',(-1.,-2.22044604925E-16,-4.440892098501E-16));
#5124 = ORIENTED_EDGE('',*,*,#5125,.F.);
#5125 = EDGE_CURVE('',#5126,#5118,#5128,.T.);
#5126 = VERTEX_POINT('',#5127);
#5127 = CARTESIAN_POINT('',(127.,235.,40.45));
#5128 = LINE('',#5129,#5130);
#5129 = CARTESIAN_POINT('',(127.,235.,40.45));
#5130 = VECTOR('',#5131,1.);
#5131 = DIRECTION('',(-0.707106781187,3.140184917368E-16,0.707106781187)
  );
#5132 = ORIENTED_EDGE('',*,*,#5133,.F.);
#5133 = EDGE_CURVE('',#5134,#5126,#5136,.T.);
#5134 = VERTEX_POINT('',#5135);
#5135 = CARTESIAN_POINT('',(127.,235.,4.));
#5136 = LINE('',#5137,#5138);
#5137 = CARTESIAN_POINT('',(127.,235.,4.));
#5138 = VECTOR('',#5139,1.);
#5139 = DIRECTION('',(2.22044604925E-16,6.661338147751E-16,1.));
#5140 = ORIENTED_EDGE('',*,*,#5141,.F.);
#5141 = EDGE_CURVE('',#4769,#5134,#5142,.T.);
#5142 = LINE('',#5143,#5144);
#5143 = CARTESIAN_POINT('',(123.,235.,-2.84217094304E-14));
#5144 = VECTOR('',#5145,1.);
#5145 = DIRECTION('',(0.707106781187,6.280369834735E-16,0.707106781187)
  );
#5146 = ORIENTED_EDGE('',*,*,#4776,.F.);
#5147 = ORIENTED_EDGE('',*,*,#5148,.T.);
#5148 = EDGE_CURVE('',#4777,#5083,#5149,.T.);
#5149 = LINE('',#5150,#5151);
#5150 = CARTESIAN_POINT('',(106.75,235.,1.517674874663E-13));
#5151 = VECTOR('',#5152,1.);
#5152 = DIRECTION('',(4.440892098501E-16,1.110223024625E-15,1.));
#5153 = ORIENTED_EDGE('',*,*,#5090,.T.);
#5154 = ORIENTED_EDGE('',*,*,#5060,.F.);
#5155 = ORIENTED_EDGE('',*,*,#5042,.T.);
#5156 = ORIENTED_EDGE('',*,*,#5011,.F.);
#5157 = ORIENTED_EDGE('',*,*,#4996,.F.);
#5158 = ORIENTED_EDGE('',*,*,#4964,.F.);
#5159 = FACE_BOUND('',#5160,.F.);
#5160 = EDGE_LOOP('',(#5161,#5172,#5180,#5189));
#5161 = ORIENTED_EDGE('',*,*,#5162,.T.);
#5162 = EDGE_CURVE('',#5163,#5165,#5167,.T.);
#5163 = VERTEX_POINT('',#5164);
#5164 = CARTESIAN_POINT('',(116.0625,235.,9.65));
#5165 = VERTEX_POINT('',#5166);
#5166 = CARTESIAN_POINT('',(116.0625,235.,3.05));
#5167 = CIRCLE('',#5168,3.3);
#5168 = AXIS2_PLACEMENT_3D('',#5169,#5170,#5171);
#5169 = CARTESIAN_POINT('',(116.0625,235.,6.35));
#5170 = DIRECTION('',(1.110223024625E-16,-1.,4.440892098501E-16));
#5171 = DIRECTION('',(1.,1.110223024625E-16,2.22044604925E-16));
#5172 = ORIENTED_EDGE('',*,*,#5173,.T.);
#5173 = EDGE_CURVE('',#5165,#5174,#5176,.T.);
#5174 = VERTEX_POINT('',#5175);
#5175 = CARTESIAN_POINT('',(120.4625,235.,3.05));
#5176 = LINE('',#5177,#5178);
#5177 = CARTESIAN_POINT('',(116.0625,235.,3.05));
#5178 = VECTOR('',#5179,1.);
#5179 = DIRECTION('',(1.,1.110223024625E-16,2.22044604925E-16));
#5180 = ORIENTED_EDGE('',*,*,#5181,.T.);
#5181 = EDGE_CURVE('',#5174,#5182,#5184,.T.);
#5182 = VERTEX_POINT('',#5183);
#5183 = CARTESIAN_POINT('',(120.4625,235.,9.65));
#5184 = CIRCLE('',#5185,3.3);
#5185 = AXIS2_PLACEMENT_3D('',#5186,#5187,#5188);
#5186 = CARTESIAN_POINT('',(120.4625,235.,6.35));
#5187 = DIRECTION('',(1.110223024625E-16,-1.,4.440892098501E-16));
#5188 = DIRECTION('',(1.,1.110223024625E-16,2.22044604925E-16));
#5189 = ORIENTED_EDGE('',*,*,#5190,.T.);
#5190 = EDGE_CURVE('',#5182,#5163,#5191,.T.);
#5191 = LINE('',#5192,#5193);
#5192 = CARTESIAN_POINT('',(120.4625,235.,9.65));
#5193 = VECTOR('',#5194,1.);
#5194 = DIRECTION('',(-1.,-1.110223024625E-16,-2.22044604925E-16));
#5195 = FACE_BOUND('',#5196,.F.);
#5196 = EDGE_LOOP('',(#5197,#5208,#5216,#5225));
#5197 = ORIENTED_EDGE('',*,*,#5198,.T.);
#5198 = EDGE_CURVE('',#5199,#5201,#5203,.T.);
#5199 = VERTEX_POINT('',#5200);
#5200 = CARTESIAN_POINT('',(116.0625,235.,25.525));
#5201 = VERTEX_POINT('',#5202);
#5202 = CARTESIAN_POINT('',(116.0625,235.,18.925));
#5203 = CIRCLE('',#5204,3.3);
#5204 = AXIS2_PLACEMENT_3D('',#5205,#5206,#5207);
#5205 = CARTESIAN_POINT('',(116.0625,235.,22.225));
#5206 = DIRECTION('',(1.110223024625E-16,-1.,4.440892098501E-16));
#5207 = DIRECTION('',(1.,1.110223024625E-16,2.22044604925E-16));
#5208 = ORIENTED_EDGE('',*,*,#5209,.T.);
#5209 = EDGE_CURVE('',#5201,#5210,#5212,.T.);
#5210 = VERTEX_POINT('',#5211);
#5211 = CARTESIAN_POINT('',(120.4625,235.,18.925));
#5212 = LINE('',#5213,#5214);
#5213 = CARTESIAN_POINT('',(116.0625,235.,18.925));
#5214 = VECTOR('',#5215,1.);
#5215 = DIRECTION('',(1.,1.110223024625E-16,2.22044604925E-16));
#5216 = ORIENTED_EDGE('',*,*,#5217,.T.);
#5217 = EDGE_CURVE('',#5210,#5218,#5220,.T.);
#5218 = VERTEX_POINT('',#5219);
#5219 = CARTESIAN_POINT('',(120.4625,235.,25.525));
#5220 = CIRCLE('',#5221,3.3);
#5221 = AXIS2_PLACEMENT_3D('',#5222,#5223,#5224);
#5222 = CARTESIAN_POINT('',(120.4625,235.,22.225));
#5223 = DIRECTION('',(1.110223024625E-16,-1.,4.440892098501E-16));
#5224 = DIRECTION('',(1.,1.110223024625E-16,2.22044604925E-16));
#5225 = ORIENTED_EDGE('',*,*,#5226,.T.);
#5226 = EDGE_CURVE('',#5218,#5199,#5227,.T.);
#5227 = LINE('',#5228,#5229);
#5228 = CARTESIAN_POINT('',(120.4625,235.,25.525));
#5229 = VECTOR('',#5230,1.);
#5230 = DIRECTION('',(-1.,-1.110223024625E-16,-2.22044604925E-16));
#5231 = FACE_BOUND('',#5232,.F.);
#5232 = EDGE_LOOP('',(#5233,#5244,#5252,#5261));
#5233 = ORIENTED_EDGE('',*,*,#5234,.T.);
#5234 = EDGE_CURVE('',#5235,#5237,#5239,.T.);
#5235 = VERTEX_POINT('',#5236);
#5236 = CARTESIAN_POINT('',(116.0625,235.,41.4));
#5237 = VERTEX_POINT('',#5238);
#5238 = CARTESIAN_POINT('',(116.0625,235.,34.8));
#5239 = CIRCLE('',#5240,3.3);
#5240 = AXIS2_PLACEMENT_3D('',#5241,#5242,#5243);
#5241 = CARTESIAN_POINT('',(116.0625,235.,38.1));
#5242 = DIRECTION('',(1.110223024625E-16,-1.,4.440892098501E-16));
#5243 = DIRECTION('',(1.,1.110223024625E-16,2.22044604925E-16));
#5244 = ORIENTED_EDGE('',*,*,#5245,.T.);
#5245 = EDGE_CURVE('',#5237,#5246,#5248,.T.);
#5246 = VERTEX_POINT('',#5247);
#5247 = CARTESIAN_POINT('',(120.4625,235.,34.8));
#5248 = LINE('',#5249,#5250);
#5249 = CARTESIAN_POINT('',(116.0625,235.,34.8));
#5250 = VECTOR('',#5251,1.);
#5251 = DIRECTION('',(1.,1.110223024625E-16,2.22044604925E-16));
#5252 = ORIENTED_EDGE('',*,*,#5253,.T.);
#5253 = EDGE_CURVE('',#5246,#5254,#5256,.T.);
#5254 = VERTEX_POINT('',#5255);
#5255 = CARTESIAN_POINT('',(120.4625,235.,41.4));
#5256 = CIRCLE('',#5257,3.3);
#5257 = AXIS2_PLACEMENT_3D('',#5258,#5259,#5260);
#5258 = CARTESIAN_POINT('',(120.4625,235.,38.1));
#5259 = DIRECTION('',(1.110223024625E-16,-1.,4.440892098501E-16));
#5260 = DIRECTION('',(1.,1.110223024625E-16,2.22044604925E-16));
#5261 = ORIENTED_EDGE('',*,*,#5262,.T.);
#5262 = EDGE_CURVE('',#5254,#5235,#5263,.T.);
#5263 = LINE('',#5264,#5265);
#5264 = CARTESIAN_POINT('',(120.4625,235.,41.4));
#5265 = VECTOR('',#5266,1.);
#5266 = DIRECTION('',(-1.,-1.110223024625E-16,-2.22044604925E-16));
#5267 = PLANE('',#5268);
#5268 = AXIS2_PLACEMENT_3D('',#5269,#5270,#5271);
#5269 = CARTESIAN_POINT('',(109.94112140227,235.,22.225));
#5270 = DIRECTION('',(4.440892098501E-16,1.,2.22044604925E-16));
#5271 = DIRECTION('',(2.22044604925E-16,4.440892098501E-16,1.));
#5272 = ADVANCED_FACE('',(#5273),#5291,.T.);
#5273 = FACE_BOUND('',#5274,.T.);
#5274 = EDGE_LOOP('',(#5275,#5283,#5289,#5290));
#5275 = ORIENTED_EDGE('',*,*,#5276,.T.);
#5276 = EDGE_CURVE('',#5110,#5277,#5279,.T.);
#5277 = VERTEX_POINT('',#5278);
#5278 = CARTESIAN_POINT('',(94.,241.5,44.45));
#5279 = LINE('',#5280,#5281);
#5280 = CARTESIAN_POINT('',(94.,235.,44.45));
#5281 = VECTOR('',#5282,1.);
#5282 = DIRECTION('',(3.330669073875E-16,1.,-1.110223024625E-16));
#5283 = ORIENTED_EDGE('',*,*,#5284,.T.);
#5284 = EDGE_CURVE('',#5277,#4753,#5285,.T.);
#5285 = LINE('',#5286,#5287);
#5286 = CARTESIAN_POINT('',(94.,241.5,44.45));
#5287 = VECTOR('',#5288,1.);
#5288 = DIRECTION('',(-2.22044604925E-16,-6.661338147751E-16,-1.));
#5289 = ORIENTED_EDGE('',*,*,#4752,.F.);
#5290 = ORIENTED_EDGE('',*,*,#5109,.F.);
#5291 = PLANE('',#5292);
#5292 = AXIS2_PLACEMENT_3D('',#5293,#5294,#5295);
#5293 = CARTESIAN_POINT('',(94.,235.,44.45));
#5294 = DIRECTION('',(-1.,-2.736911063134E-48,-2.22044604925E-16));
#5295 = DIRECTION('',(-1.110223024625E-16,-5.551115123126E-16,-1.));
#5296 = ADVANCED_FACE('',(#5297,#5331,#5367,#5403),#5439,.T.);
#5297 = FACE_BOUND('',#5298,.T.);
#5298 = EDGE_LOOP('',(#5299,#5300,#5301,#5309,#5317,#5325));
#5299 = ORIENTED_EDGE('',*,*,#4760,.F.);
#5300 = ORIENTED_EDGE('',*,*,#5284,.F.);
#5301 = ORIENTED_EDGE('',*,*,#5302,.F.);
#5302 = EDGE_CURVE('',#5303,#5277,#5305,.T.);
#5303 = VERTEX_POINT('',#5304);
#5304 = CARTESIAN_POINT('',(123.,241.5,44.45));
#5305 = LINE('',#5306,#5307);
#5306 = CARTESIAN_POINT('',(123.,241.5,44.45));
#5307 = VECTOR('',#5308,1.);
#5308 = DIRECTION('',(-1.,-2.22044604925E-16,-4.440892098501E-16));
#5309 = ORIENTED_EDGE('',*,*,#5310,.F.);
#5310 = EDGE_CURVE('',#5311,#5303,#5313,.T.);
#5311 = VERTEX_POINT('',#5312);
#5312 = CARTESIAN_POINT('',(127.,241.5,40.45));
#5313 = LINE('',#5314,#5315);
#5314 = CARTESIAN_POINT('',(127.,241.5,40.45));
#5315 = VECTOR('',#5316,1.);
#5316 = DIRECTION('',(-0.707106781187,3.140184917368E-16,0.707106781187)
  );
#5317 = ORIENTED_EDGE('',*,*,#5318,.F.);
#5318 = EDGE_CURVE('',#5319,#5311,#5321,.T.);
#5319 = VERTEX_POINT('',#5320);
#5320 = CARTESIAN_POINT('',(127.,241.5,4.));
#5321 = LINE('',#5322,#5323);
#5322 = CARTESIAN_POINT('',(127.,241.5,4.));
#5323 = VECTOR('',#5324,1.);
#5324 = DIRECTION('',(2.22044604925E-16,6.661338147751E-16,1.));
#5325 = ORIENTED_EDGE('',*,*,#5326,.F.);
#5326 = EDGE_CURVE('',#4761,#5319,#5327,.T.);
#5327 = LINE('',#5328,#5329);
#5328 = CARTESIAN_POINT('',(123.,241.5,-2.84217094304E-14));
#5329 = VECTOR('',#5330,1.);
#5330 = DIRECTION('',(0.707106781187,6.280369834735E-16,0.707106781187)
  );
#5331 = FACE_BOUND('',#5332,.T.);
#5332 = EDGE_LOOP('',(#5333,#5344,#5352,#5361));
#5333 = ORIENTED_EDGE('',*,*,#5334,.T.);
#5334 = EDGE_CURVE('',#5335,#5337,#5339,.T.);
#5335 = VERTEX_POINT('',#5336);
#5336 = CARTESIAN_POINT('',(116.0625,241.5,9.65));
#5337 = VERTEX_POINT('',#5338);
#5338 = CARTESIAN_POINT('',(116.0625,241.5,3.05));
#5339 = CIRCLE('',#5340,3.3);
#5340 = AXIS2_PLACEMENT_3D('',#5341,#5342,#5343);
#5341 = CARTESIAN_POINT('',(116.0625,241.5,6.35));
#5342 = DIRECTION('',(1.110223024625E-16,-1.,4.440892098501E-16));
#5343 = DIRECTION('',(1.,1.110223024625E-16,2.22044604925E-16));
#5344 = ORIENTED_EDGE('',*,*,#5345,.T.);
#5345 = EDGE_CURVE('',#5337,#5346,#5348,.T.);
#5346 = VERTEX_POINT('',#5347);
#5347 = CARTESIAN_POINT('',(120.4625,241.5,3.05));
#5348 = LINE('',#5349,#5350);
#5349 = CARTESIAN_POINT('',(116.0625,241.5,3.05));
#5350 = VECTOR('',#5351,1.);
#5351 = DIRECTION('',(1.,1.110223024625E-16,2.22044604925E-16));
#5352 = ORIENTED_EDGE('',*,*,#5353,.T.);
#5353 = EDGE_CURVE('',#5346,#5354,#5356,.T.);
#5354 = VERTEX_POINT('',#5355);
#5355 = CARTESIAN_POINT('',(120.4625,241.5,9.65));
#5356 = CIRCLE('',#5357,3.3);
#5357 = AXIS2_PLACEMENT_3D('',#5358,#5359,#5360);
#5358 = CARTESIAN_POINT('',(120.4625,241.5,6.35));
#5359 = DIRECTION('',(1.110223024625E-16,-1.,4.440892098501E-16));
#5360 = DIRECTION('',(1.,1.110223024625E-16,2.22044604925E-16));
#5361 = ORIENTED_EDGE('',*,*,#5362,.T.);
#5362 = EDGE_CURVE('',#5354,#5335,#5363,.T.);
#5363 = LINE('',#5364,#5365);
#5364 = CARTESIAN_POINT('',(120.4625,241.5,9.65));
#5365 = VECTOR('',#5366,1.);
#5366 = DIRECTION('',(-1.,-1.110223024625E-16,-2.22044604925E-16));
#5367 = FACE_BOUND('',#5368,.T.);
#5368 = EDGE_LOOP('',(#5369,#5380,#5388,#5397));
#5369 = ORIENTED_EDGE('',*,*,#5370,.T.);
#5370 = EDGE_CURVE('',#5371,#5373,#5375,.T.);
#5371 = VERTEX_POINT('',#5372);
#5372 = CARTESIAN_POINT('',(116.0625,241.5,25.525));
#5373 = VERTEX_POINT('',#5374);
#5374 = CARTESIAN_POINT('',(116.0625,241.5,18.925));
#5375 = CIRCLE('',#5376,3.3);
#5376 = AXIS2_PLACEMENT_3D('',#5377,#5378,#5379);
#5377 = CARTESIAN_POINT('',(116.0625,241.5,22.225));
#5378 = DIRECTION('',(1.110223024625E-16,-1.,4.440892098501E-16));
#5379 = DIRECTION('',(1.,1.110223024625E-16,2.22044604925E-16));
#5380 = ORIENTED_EDGE('',*,*,#5381,.T.);
#5381 = EDGE_CURVE('',#5373,#5382,#5384,.T.);
#5382 = VERTEX_POINT('',#5383);
#5383 = CARTESIAN_POINT('',(120.4625,241.5,18.925));
#5384 = LINE('',#5385,#5386);
#5385 = CARTESIAN_POINT('',(116.0625,241.5,18.925));
#5386 = VECTOR('',#5387,1.);
#5387 = DIRECTION('',(1.,1.110223024625E-16,2.22044604925E-16));
#5388 = ORIENTED_EDGE('',*,*,#5389,.T.);
#5389 = EDGE_CURVE('',#5382,#5390,#5392,.T.);
#5390 = VERTEX_POINT('',#5391);
#5391 = CARTESIAN_POINT('',(120.4625,241.5,25.525));
#5392 = CIRCLE('',#5393,3.3);
#5393 = AXIS2_PLACEMENT_3D('',#5394,#5395,#5396);
#5394 = CARTESIAN_POINT('',(120.4625,241.5,22.225));
#5395 = DIRECTION('',(1.110223024625E-16,-1.,4.440892098501E-16));
#5396 = DIRECTION('',(1.,1.110223024625E-16,2.22044604925E-16));
#5397 = ORIENTED_EDGE('',*,*,#5398,.T.);
#5398 = EDGE_CURVE('',#5390,#5371,#5399,.T.);
#5399 = LINE('',#5400,#5401);
#5400 = CARTESIAN_POINT('',(120.4625,241.5,25.525));
#5401 = VECTOR('',#5402,1.);
#5402 = DIRECTION('',(-1.,-1.110223024625E-16,-2.22044604925E-16));
#5403 = FACE_BOUND('',#5404,.T.);
#5404 = EDGE_LOOP('',(#5405,#5416,#5424,#5433));
#5405 = ORIENTED_EDGE('',*,*,#5406,.T.);
#5406 = EDGE_CURVE('',#5407,#5409,#5411,.T.);
#5407 = VERTEX_POINT('',#5408);
#5408 = CARTESIAN_POINT('',(116.0625,241.5,41.4));
#5409 = VERTEX_POINT('',#5410);
#5410 = CARTESIAN_POINT('',(116.0625,241.5,34.8));
#5411 = CIRCLE('',#5412,3.3);
#5412 = AXIS2_PLACEMENT_3D('',#5413,#5414,#5415);
#5413 = CARTESIAN_POINT('',(116.0625,241.5,38.1));
#5414 = DIRECTION('',(1.110223024625E-16,-1.,4.440892098501E-16));
#5415 = DIRECTION('',(1.,1.110223024625E-16,2.22044604925E-16));
#5416 = ORIENTED_EDGE('',*,*,#5417,.T.);
#5417 = EDGE_CURVE('',#5409,#5418,#5420,.T.);
#5418 = VERTEX_POINT('',#5419);
#5419 = CARTESIAN_POINT('',(120.4625,241.5,34.8));
#5420 = LINE('',#5421,#5422);
#5421 = CARTESIAN_POINT('',(116.0625,241.5,34.8));
#5422 = VECTOR('',#5423,1.);
#5423 = DIRECTION('',(1.,1.110223024625E-16,2.22044604925E-16));
#5424 = ORIENTED_EDGE('',*,*,#5425,.T.);
#5425 = EDGE_CURVE('',#5418,#5426,#5428,.T.);
#5426 = VERTEX_POINT('',#5427);
#5427 = CARTESIAN_POINT('',(120.4625,241.5,41.4));
#5428 = CIRCLE('',#5429,3.3);
#5429 = AXIS2_PLACEMENT_3D('',#5430,#5431,#5432);
#5430 = CARTESIAN_POINT('',(120.4625,241.5,38.1));
#5431 = DIRECTION('',(1.110223024625E-16,-1.,4.440892098501E-16));
#5432 = DIRECTION('',(1.,1.110223024625E-16,2.22044604925E-16));
#5433 = ORIENTED_EDGE('',*,*,#5434,.T.);
#5434 = EDGE_CURVE('',#5426,#5407,#5435,.T.);
#5435 = LINE('',#5436,#5437);
#5436 = CARTESIAN_POINT('',(120.4625,241.5,41.4));
#5437 = VECTOR('',#5438,1.);
#5438 = DIRECTION('',(-1.,-1.110223024625E-16,-2.22044604925E-16));
#5439 = PLANE('',#5440);
#5440 = AXIS2_PLACEMENT_3D('',#5441,#5442,#5443);
#5441 = CARTESIAN_POINT('',(109.94112140227,241.5,22.225));
#5442 = DIRECTION('',(4.440892098501E-16,1.,2.22044604925E-16));
#5443 = DIRECTION('',(2.22044604925E-16,4.440892098501E-16,1.));
#5444 = ADVANCED_FACE('',(#5445),#5456,.T.);
#5445 = FACE_BOUND('',#5446,.T.);
#5446 = EDGE_LOOP('',(#5447,#5448,#5449,#5455));
#5447 = ORIENTED_EDGE('',*,*,#4768,.T.);
#5448 = ORIENTED_EDGE('',*,*,#5326,.T.);
#5449 = ORIENTED_EDGE('',*,*,#5450,.F.);
#5450 = EDGE_CURVE('',#5134,#5319,#5451,.T.);
#5451 = LINE('',#5452,#5453);
#5452 = CARTESIAN_POINT('',(127.,235.,4.));
#5453 = VECTOR('',#5454,1.);
#5454 = DIRECTION('',(3.330669073875E-16,1.,-1.110223024625E-16));
#5455 = ORIENTED_EDGE('',*,*,#5141,.F.);
#5456 = PLANE('',#5457);
#5457 = AXIS2_PLACEMENT_3D('',#5458,#5459,#5460);
#5458 = CARTESIAN_POINT('',(123.,235.,4.335420911161E-14));
#5459 = DIRECTION('',(0.707106781187,-3.140184917368E-16,-0.707106781187
    ));
#5460 = DIRECTION('',(0.707106781187,4.710277376051E-16,0.707106781187)
  );
#5461 = ADVANCED_FACE('',(#5462),#5491,.T.);
#5462 = FACE_BOUND('',#5463,.T.);
#5463 = EDGE_LOOP('',(#5464,#5465,#5466,#5467,#5475,#5483,#5489,#5490));
#5464 = ORIENTED_EDGE('',*,*,#5148,.T.);
#5465 = ORIENTED_EDGE('',*,*,#5082,.T.);
#5466 = ORIENTED_EDGE('',*,*,#4848,.F.);
#5467 = ORIENTED_EDGE('',*,*,#5468,.T.);
#5468 = EDGE_CURVE('',#4849,#5469,#5471,.T.);
#5469 = VERTEX_POINT('',#5470);
#5470 = CARTESIAN_POINT('',(106.75,214.,25.603553390593));
#5471 = LINE('',#5472,#5473);
#5472 = CARTESIAN_POINT('',(106.75,172.75,25.603553390593));
#5473 = VECTOR('',#5474,1.);
#5474 = DIRECTION('',(6.661338147751E-16,1.,-1.110223024625E-16));
#5475 = ORIENTED_EDGE('',*,*,#5476,.F.);
#5476 = EDGE_CURVE('',#5477,#5469,#5479,.T.);
#5477 = VERTEX_POINT('',#5478);
#5478 = CARTESIAN_POINT('',(106.75,214.,14.396446609407));
#5479 = LINE('',#5480,#5481);
#5480 = CARTESIAN_POINT('',(106.75,214.,20.075));
#5481 = VECTOR('',#5482,1.);
#5482 = DIRECTION('',(6.162975822039E-32,4.440892098501E-16,1.));
#5483 = ORIENTED_EDGE('',*,*,#5484,.T.);
#5484 = EDGE_CURVE('',#5477,#4873,#5485,.T.);
#5485 = LINE('',#5486,#5487);
#5486 = CARTESIAN_POINT('',(106.75,172.75,14.396446609407));
#5487 = VECTOR('',#5488,1.);
#5488 = DIRECTION('',(-6.661338147751E-16,-1.,-1.110223024625E-16));
#5489 = ORIENTED_EDGE('',*,*,#4880,.F.);
#5490 = ORIENTED_EDGE('',*,*,#4784,.T.);
#5491 = PLANE('',#5492);
#5492 = AXIS2_PLACEMENT_3D('',#5493,#5494,#5495);
#5493 = CARTESIAN_POINT('',(106.75,193.5,20.15));
#5494 = DIRECTION('',(1.,2.22044604925E-16,8.881784197001E-16));
#5495 = DIRECTION('',(1.110223024625E-15,1.,4.440892098501E-16));
#5496 = ADVANCED_FACE('',(#5497),#5515,.T.);
#5497 = FACE_BOUND('',#5498,.T.);
#5498 = EDGE_LOOP('',(#5499,#5500,#5508,#5514));
#5499 = ORIENTED_EDGE('',*,*,#5484,.F.);
#5500 = ORIENTED_EDGE('',*,*,#5501,.T.);
#5501 = EDGE_CURVE('',#5477,#5502,#5504,.T.);
#5502 = VERTEX_POINT('',#5503);
#5503 = CARTESIAN_POINT('',(102.75,214.,10.396446609407));
#5504 = LINE('',#5505,#5506);
#5505 = CARTESIAN_POINT('',(107.25,214.,14.896446609407));
#5506 = VECTOR('',#5507,1.);
#5507 = DIRECTION('',(-0.707106781187,-8.635508522761E-16,
    -0.707106781187));
#5508 = ORIENTED_EDGE('',*,*,#5509,.F.);
#5509 = EDGE_CURVE('',#4865,#5502,#5510,.T.);
#5510 = LINE('',#5511,#5512);
#5511 = CARTESIAN_POINT('',(102.75,152.,10.396446609407));
#5512 = VECTOR('',#5513,1.);
#5513 = DIRECTION('',(5.551115123126E-16,1.,1.355854680849E-31));
#5514 = ORIENTED_EDGE('',*,*,#4872,.T.);
#5515 = PLANE('',#5516);
#5516 = AXIS2_PLACEMENT_3D('',#5517,#5518,#5519);
#5517 = CARTESIAN_POINT('',(107.25,152.,14.896446609407));
#5518 = DIRECTION('',(-0.707106781187,3.925231146709E-16,0.707106781187)
  );
#5519 = DIRECTION('',(-0.707106781187,-7.065416064077E-16,
    -0.707106781187));
#5520 = ADVANCED_FACE('',(#5521),#5539,.T.);
#5521 = FACE_BOUND('',#5522,.T.);
#5522 = EDGE_LOOP('',(#5523,#5524,#5525,#5533));
#5523 = ORIENTED_EDGE('',*,*,#4864,.T.);
#5524 = ORIENTED_EDGE('',*,*,#5509,.T.);
#5525 = ORIENTED_EDGE('',*,*,#5526,.T.);
#5526 = EDGE_CURVE('',#5502,#5527,#5529,.T.);
#5527 = VERTEX_POINT('',#5528);
#5528 = CARTESIAN_POINT('',(102.75,214.,29.603553390593));
#5529 = LINE('',#5530,#5531);
#5530 = CARTESIAN_POINT('',(102.75,214.,10.396446609407));
#5531 = VECTOR('',#5532,1.);
#5532 = DIRECTION('',(3.330669073875E-16,8.881784197001E-16,1.));
#5533 = ORIENTED_EDGE('',*,*,#5534,.F.);
#5534 = EDGE_CURVE('',#4857,#5527,#5535,.T.);
#5535 = LINE('',#5536,#5537);
#5536 = CARTESIAN_POINT('',(102.75,152.,29.603553390593));
#5537 = VECTOR('',#5538,1.);
#5538 = DIRECTION('',(5.551115123126E-16,1.,1.355854680849E-31));
#5539 = PLANE('',#5540);
#5540 = AXIS2_PLACEMENT_3D('',#5541,#5542,#5543);
#5541 = CARTESIAN_POINT('',(102.75,152.,10.396446609407));
#5542 = DIRECTION('',(1.,1.110223024625E-16,4.440892098501E-16));
#5543 = DIRECTION('',(2.22044604925E-16,7.771561172376E-16,1.));
#5544 = ADVANCED_FACE('',(#5545),#5556,.T.);
#5545 = FACE_BOUND('',#5546,.T.);
#5546 = EDGE_LOOP('',(#5547,#5548,#5549,#5555));
#5547 = ORIENTED_EDGE('',*,*,#4856,.T.);
#5548 = ORIENTED_EDGE('',*,*,#5534,.T.);
#5549 = ORIENTED_EDGE('',*,*,#5550,.T.);
#5550 = EDGE_CURVE('',#5527,#5469,#5551,.T.);
#5551 = LINE('',#5552,#5553);
#5552 = CARTESIAN_POINT('',(102.75,214.,29.603553390593));
#5553 = VECTOR('',#5554,1.);
#5554 = DIRECTION('',(0.707106781187,-3.925231146709E-16,-0.707106781187
    ));
#5555 = ORIENTED_EDGE('',*,*,#5468,.F.);
#5556 = PLANE('',#5557);
#5557 = AXIS2_PLACEMENT_3D('',#5558,#5559,#5560);
#5558 = CARTESIAN_POINT('',(102.75,152.,29.603553390593));
#5559 = DIRECTION('',(-0.707106781187,-5.495323605393E-16,
    -0.707106781187));
#5560 = DIRECTION('',(0.707106781187,-3.925231146709E-16,-0.707106781187
    ));
#5561 = ADVANCED_FACE('',(#5562),#5573,.T.);
#5562 = FACE_BOUND('',#5563,.T.);
#5563 = EDGE_LOOP('',(#5564,#5570,#5571,#5572));
#5564 = ORIENTED_EDGE('',*,*,#5565,.T.);
#5565 = EDGE_CURVE('',#5118,#5303,#5566,.T.);
#5566 = LINE('',#5567,#5568);
#5567 = CARTESIAN_POINT('',(123.,235.,44.45));
#5568 = VECTOR('',#5569,1.);
#5569 = DIRECTION('',(3.330669073875E-16,1.,-1.110223024625E-16));
#5570 = ORIENTED_EDGE('',*,*,#5302,.T.);
#5571 = ORIENTED_EDGE('',*,*,#5276,.F.);
#5572 = ORIENTED_EDGE('',*,*,#5117,.F.);
#5573 = PLANE('',#5574);
#5574 = AXIS2_PLACEMENT_3D('',#5575,#5576,#5577);
#5575 = CARTESIAN_POINT('',(123.,235.,44.45));
#5576 = DIRECTION('',(3.697785493223E-32,4.440892098501E-16,1.));
#5577 = DIRECTION('',(-1.,-1.110223024625E-16,-3.330669073875E-16));
#5578 = ADVANCED_FACE('',(#5579),#5590,.T.);
#5579 = FACE_BOUND('',#5580,.T.);
#5580 = EDGE_LOOP('',(#5581,#5587,#5588,#5589));
#5581 = ORIENTED_EDGE('',*,*,#5582,.T.);
#5582 = EDGE_CURVE('',#5126,#5311,#5583,.T.);
#5583 = LINE('',#5584,#5585);
#5584 = CARTESIAN_POINT('',(127.,235.,40.45));
#5585 = VECTOR('',#5586,1.);
#5586 = DIRECTION('',(3.330669073875E-16,1.,-1.110223024625E-16));
#5587 = ORIENTED_EDGE('',*,*,#5310,.T.);
#5588 = ORIENTED_EDGE('',*,*,#5565,.F.);
#5589 = ORIENTED_EDGE('',*,*,#5125,.F.);
#5590 = PLANE('',#5591);
#5591 = AXIS2_PLACEMENT_3D('',#5592,#5593,#5594);
#5592 = CARTESIAN_POINT('',(127.,235.,40.45));
#5593 = DIRECTION('',(0.707106781187,3.140184917368E-16,0.707106781187)
  );
#5594 = DIRECTION('',(-0.707106781187,3.140184917368E-16,0.707106781187)
  );
#5595 = ADVANCED_FACE('',(#5596),#5602,.T.);
#5596 = FACE_BOUND('',#5597,.T.);
#5597 = EDGE_LOOP('',(#5598,#5599,#5600,#5601));
#5598 = ORIENTED_EDGE('',*,*,#5450,.T.);
#5599 = ORIENTED_EDGE('',*,*,#5318,.T.);
#5600 = ORIENTED_EDGE('',*,*,#5582,.F.);
#5601 = ORIENTED_EDGE('',*,*,#5133,.F.);
#5602 = PLANE('',#5603);
#5603 = AXIS2_PLACEMENT_3D('',#5604,#5605,#5606);
#5604 = CARTESIAN_POINT('',(127.,235.,4.));
#5605 = DIRECTION('',(1.,2.736911063134E-48,2.22044604925E-16));
#5606 = DIRECTION('',(1.110223024625E-16,5.551115123126E-16,1.));
#5607 = ADVANCED_FACE('',(#5608),#5624,.F.);
#5608 = FACE_BOUND('',#5609,.T.);
#5609 = EDGE_LOOP('',(#5610,#5616,#5617,#5623));
#5610 = ORIENTED_EDGE('',*,*,#5611,.T.);
#5611 = EDGE_CURVE('',#5335,#5163,#5612,.T.);
#5612 = LINE('',#5613,#5614);
#5613 = CARTESIAN_POINT('',(116.0625,241.5,9.65));
#5614 = VECTOR('',#5615,1.);
#5615 = DIRECTION('',(-1.110223024625E-16,-1.,2.22044604925E-16));
#5616 = ORIENTED_EDGE('',*,*,#5162,.T.);
#5617 = ORIENTED_EDGE('',*,*,#5618,.F.);
#5618 = EDGE_CURVE('',#5337,#5165,#5619,.T.);
#5619 = LINE('',#5620,#5621);
#5620 = CARTESIAN_POINT('',(116.0625,241.5,3.05));
#5621 = VECTOR('',#5622,1.);
#5622 = DIRECTION('',(-1.110223024625E-16,-1.,2.22044604925E-16));
#5623 = ORIENTED_EDGE('',*,*,#5334,.F.);
#5624 = CYLINDRICAL_SURFACE('',#5625,3.3);
#5625 = AXIS2_PLACEMENT_3D('',#5626,#5627,#5628);
#5626 = CARTESIAN_POINT('',(116.0625,241.5,6.35));
#5627 = DIRECTION('',(3.697785493223E-32,1.,-3.330669073875E-16));
#5628 = DIRECTION('',(1.,0.,1.110223024625E-16));
#5629 = ADVANCED_FACE('',(#5630),#5641,.T.);
#5630 = FACE_BOUND('',#5631,.T.);
#5631 = EDGE_LOOP('',(#5632,#5638,#5639,#5640));
#5632 = ORIENTED_EDGE('',*,*,#5633,.T.);
#5633 = EDGE_CURVE('',#5354,#5182,#5634,.T.);
#5634 = LINE('',#5635,#5636);
#5635 = CARTESIAN_POINT('',(120.4625,241.5,9.65));
#5636 = VECTOR('',#5637,1.);
#5637 = DIRECTION('',(-1.110223024625E-16,-1.,2.22044604925E-16));
#5638 = ORIENTED_EDGE('',*,*,#5190,.T.);
#5639 = ORIENTED_EDGE('',*,*,#5611,.F.);
#5640 = ORIENTED_EDGE('',*,*,#5362,.F.);
#5641 = PLANE('',#5642);
#5642 = AXIS2_PLACEMENT_3D('',#5643,#5644,#5645);
#5643 = CARTESIAN_POINT('',(120.4625,241.5,9.65));
#5644 = DIRECTION('',(1.110223024625E-16,-2.22044604925E-16,-1.));
#5645 = DIRECTION('',(-1.,0.,-1.110223024625E-16));
#5646 = ADVANCED_FACE('',(#5647),#5658,.F.);
#5647 = FACE_BOUND('',#5648,.T.);
#5648 = EDGE_LOOP('',(#5649,#5655,#5656,#5657));
#5649 = ORIENTED_EDGE('',*,*,#5650,.T.);
#5650 = EDGE_CURVE('',#5346,#5174,#5651,.T.);
#5651 = LINE('',#5652,#5653);
#5652 = CARTESIAN_POINT('',(120.4625,241.5,3.05));
#5653 = VECTOR('',#5654,1.);
#5654 = DIRECTION('',(-1.110223024625E-16,-1.,2.22044604925E-16));
#5655 = ORIENTED_EDGE('',*,*,#5181,.T.);
#5656 = ORIENTED_EDGE('',*,*,#5633,.F.);
#5657 = ORIENTED_EDGE('',*,*,#5353,.F.);
#5658 = CYLINDRICAL_SURFACE('',#5659,3.3);
#5659 = AXIS2_PLACEMENT_3D('',#5660,#5661,#5662);
#5660 = CARTESIAN_POINT('',(120.4625,241.5,6.35));
#5661 = DIRECTION('',(3.697785493223E-32,1.,-3.330669073875E-16));
#5662 = DIRECTION('',(1.,0.,1.110223024625E-16));
#5663 = ADVANCED_FACE('',(#5664),#5670,.T.);
#5664 = FACE_BOUND('',#5665,.T.);
#5665 = EDGE_LOOP('',(#5666,#5667,#5668,#5669));
#5666 = ORIENTED_EDGE('',*,*,#5618,.T.);
#5667 = ORIENTED_EDGE('',*,*,#5173,.T.);
#5668 = ORIENTED_EDGE('',*,*,#5650,.F.);
#5669 = ORIENTED_EDGE('',*,*,#5345,.F.);
#5670 = PLANE('',#5671);
#5671 = AXIS2_PLACEMENT_3D('',#5672,#5673,#5674);
#5672 = CARTESIAN_POINT('',(116.0625,241.5,3.05));
#5673 = DIRECTION('',(-1.110223024625E-16,2.22044604925E-16,1.));
#5674 = DIRECTION('',(1.,0.,1.110223024625E-16));
#5675 = ADVANCED_FACE('',(#5676),#5692,.F.);
#5676 = FACE_BOUND('',#5677,.T.);
#5677 = EDGE_LOOP('',(#5678,#5684,#5685,#5691));
#5678 = ORIENTED_EDGE('',*,*,#5679,.T.);
#5679 = EDGE_CURVE('',#5371,#5199,#5680,.T.);
#5680 = LINE('',#5681,#5682);
#5681 = CARTESIAN_POINT('',(116.0625,241.5,25.525));
#5682 = VECTOR('',#5683,1.);
#5683 = DIRECTION('',(-1.110223024625E-16,-1.,2.22044604925E-16));
#5684 = ORIENTED_EDGE('',*,*,#5198,.T.);
#5685 = ORIENTED_EDGE('',*,*,#5686,.F.);
#5686 = EDGE_CURVE('',#5373,#5201,#5687,.T.);
#5687 = LINE('',#5688,#5689);
#5688 = CARTESIAN_POINT('',(116.0625,241.5,18.925));
#5689 = VECTOR('',#5690,1.);
#5690 = DIRECTION('',(-1.110223024625E-16,-1.,2.22044604925E-16));
#5691 = ORIENTED_EDGE('',*,*,#5370,.F.);
#5692 = CYLINDRICAL_SURFACE('',#5693,3.3);
#5693 = AXIS2_PLACEMENT_3D('',#5694,#5695,#5696);
#5694 = CARTESIAN_POINT('',(116.0625,241.5,22.225));
#5695 = DIRECTION('',(3.697785493223E-32,1.,-3.330669073875E-16));
#5696 = DIRECTION('',(1.,0.,1.110223024625E-16));
#5697 = ADVANCED_FACE('',(#5698),#5709,.T.);
#5698 = FACE_BOUND('',#5699,.T.);
#5699 = EDGE_LOOP('',(#5700,#5706,#5707,#5708));
#5700 = ORIENTED_EDGE('',*,*,#5701,.T.);
#5701 = EDGE_CURVE('',#5390,#5218,#5702,.T.);
#5702 = LINE('',#5703,#5704);
#5703 = CARTESIAN_POINT('',(120.4625,241.5,25.525));
#5704 = VECTOR('',#5705,1.);
#5705 = DIRECTION('',(-1.110223024625E-16,-1.,2.22044604925E-16));
#5706 = ORIENTED_EDGE('',*,*,#5226,.T.);
#5707 = ORIENTED_EDGE('',*,*,#5679,.F.);
#5708 = ORIENTED_EDGE('',*,*,#5398,.F.);
#5709 = PLANE('',#5710);
#5710 = AXIS2_PLACEMENT_3D('',#5711,#5712,#5713);
#5711 = CARTESIAN_POINT('',(120.4625,241.5,25.525));
#5712 = DIRECTION('',(1.110223024625E-16,-2.22044604925E-16,-1.));
#5713 = DIRECTION('',(-1.,0.,-1.110223024625E-16));
#5714 = ADVANCED_FACE('',(#5715),#5726,.F.);
#5715 = FACE_BOUND('',#5716,.T.);
#5716 = EDGE_LOOP('',(#5717,#5723,#5724,#5725));
#5717 = ORIENTED_EDGE('',*,*,#5718,.T.);
#5718 = EDGE_CURVE('',#5382,#5210,#5719,.T.);
#5719 = LINE('',#5720,#5721);
#5720 = CARTESIAN_POINT('',(120.4625,241.5,18.925));
#5721 = VECTOR('',#5722,1.);
#5722 = DIRECTION('',(-1.110223024625E-16,-1.,2.22044604925E-16));
#5723 = ORIENTED_EDGE('',*,*,#5217,.T.);
#5724 = ORIENTED_EDGE('',*,*,#5701,.F.);
#5725 = ORIENTED_EDGE('',*,*,#5389,.F.);
#5726 = CYLINDRICAL_SURFACE('',#5727,3.3);
#5727 = AXIS2_PLACEMENT_3D('',#5728,#5729,#5730);
#5728 = CARTESIAN_POINT('',(120.4625,241.5,22.225));
#5729 = DIRECTION('',(3.697785493223E-32,1.,-3.330669073875E-16));
#5730 = DIRECTION('',(1.,0.,1.110223024625E-16));
#5731 = ADVANCED_FACE('',(#5732),#5738,.T.);
#5732 = FACE_BOUND('',#5733,.T.);
#5733 = EDGE_LOOP('',(#5734,#5735,#5736,#5737));
#5734 = ORIENTED_EDGE('',*,*,#5686,.T.);
#5735 = ORIENTED_EDGE('',*,*,#5209,.T.);
#5736 = ORIENTED_EDGE('',*,*,#5718,.F.);
#5737 = ORIENTED_EDGE('',*,*,#5381,.F.);
#5738 = PLANE('',#5739);
#5739 = AXIS2_PLACEMENT_3D('',#5740,#5741,#5742);
#5740 = CARTESIAN_POINT('',(116.0625,241.5,18.925));
#5741 = DIRECTION('',(-1.110223024625E-16,2.22044604925E-16,1.));
#5742 = DIRECTION('',(1.,0.,1.110223024625E-16));
#5743 = ADVANCED_FACE('',(#5744),#5760,.F.);
#5744 = FACE_BOUND('',#5745,.T.);
#5745 = EDGE_LOOP('',(#5746,#5752,#5753,#5759));
#5746 = ORIENTED_EDGE('',*,*,#5747,.T.);
#5747 = EDGE_CURVE('',#5407,#5235,#5748,.T.);
#5748 = LINE('',#5749,#5750);
#5749 = CARTESIAN_POINT('',(116.0625,241.5,41.4));
#5750 = VECTOR('',#5751,1.);
#5751 = DIRECTION('',(-1.110223024625E-16,-1.,2.22044604925E-16));
#5752 = ORIENTED_EDGE('',*,*,#5234,.T.);
#5753 = ORIENTED_EDGE('',*,*,#5754,.F.);
#5754 = EDGE_CURVE('',#5409,#5237,#5755,.T.);
#5755 = LINE('',#5756,#5757);
#5756 = CARTESIAN_POINT('',(116.0625,241.5,34.8));
#5757 = VECTOR('',#5758,1.);
#5758 = DIRECTION('',(-1.110223024625E-16,-1.,2.22044604925E-16));
#5759 = ORIENTED_EDGE('',*,*,#5406,.F.);
#5760 = CYLINDRICAL_SURFACE('',#5761,3.3);
#5761 = AXIS2_PLACEMENT_3D('',#5762,#5763,#5764);
#5762 = CARTESIAN_POINT('',(116.0625,241.5,38.1));
#5763 = DIRECTION('',(3.697785493223E-32,1.,-3.330669073875E-16));
#5764 = DIRECTION('',(1.,0.,1.110223024625E-16));
#5765 = ADVANCED_FACE('',(#5766),#5777,.T.);
#5766 = FACE_BOUND('',#5767,.T.);
#5767 = EDGE_LOOP('',(#5768,#5774,#5775,#5776));
#5768 = ORIENTED_EDGE('',*,*,#5769,.T.);
#5769 = EDGE_CURVE('',#5426,#5254,#5770,.T.);
#5770 = LINE('',#5771,#5772);
#5771 = CARTESIAN_POINT('',(120.4625,241.5,41.4));
#5772 = VECTOR('',#5773,1.);
#5773 = DIRECTION('',(-1.110223024625E-16,-1.,2.22044604925E-16));
#5774 = ORIENTED_EDGE('',*,*,#5262,.T.);
#5775 = ORIENTED_EDGE('',*,*,#5747,.F.);
#5776 = ORIENTED_EDGE('',*,*,#5434,.F.);
#5777 = PLANE('',#5778);
#5778 = AXIS2_PLACEMENT_3D('',#5779,#5780,#5781);
#5779 = CARTESIAN_POINT('',(120.4625,241.5,41.4));
#5780 = DIRECTION('',(1.110223024625E-16,-2.22044604925E-16,-1.));
#5781 = DIRECTION('',(-1.,0.,-1.110223024625E-16));
#5782 = ADVANCED_FACE('',(#5783),#5794,.F.);
#5783 = FACE_BOUND('',#5784,.T.);
#5784 = EDGE_LOOP('',(#5785,#5791,#5792,#5793));
#5785 = ORIENTED_EDGE('',*,*,#5786,.T.);
#5786 = EDGE_CURVE('',#5418,#5246,#5787,.T.);
#5787 = LINE('',#5788,#5789);
#5788 = CARTESIAN_POINT('',(120.4625,241.5,34.8));
#5789 = VECTOR('',#5790,1.);
#5790 = DIRECTION('',(-1.110223024625E-16,-1.,2.22044604925E-16));
#5791 = ORIENTED_EDGE('',*,*,#5253,.T.);
#5792 = ORIENTED_EDGE('',*,*,#5769,.F.);
#5793 = ORIENTED_EDGE('',*,*,#5425,.F.);
#5794 = CYLINDRICAL_SURFACE('',#5795,3.3);
#5795 = AXIS2_PLACEMENT_3D('',#5796,#5797,#5798);
#5796 = CARTESIAN_POINT('',(120.4625,241.5,38.1));
#5797 = DIRECTION('',(3.697785493223E-32,1.,-3.330669073875E-16));
#5798 = DIRECTION('',(1.,0.,1.110223024625E-16));
#5799 = ADVANCED_FACE('',(#5800),#5806,.T.);
#5800 = FACE_BOUND('',#5801,.T.);
#5801 = EDGE_LOOP('',(#5802,#5803,#5804,#5805));
#5802 = ORIENTED_EDGE('',*,*,#5754,.T.);
#5803 = ORIENTED_EDGE('',*,*,#5245,.T.);
#5804 = ORIENTED_EDGE('',*,*,#5786,.F.);
#5805 = ORIENTED_EDGE('',*,*,#5417,.F.);
#5806 = PLANE('',#5807);
#5807 = AXIS2_PLACEMENT_3D('',#5808,#5809,#5810);
#5808 = CARTESIAN_POINT('',(116.0625,241.5,34.8));
#5809 = DIRECTION('',(-1.110223024625E-16,2.22044604925E-16,1.));
#5810 = DIRECTION('',(1.,0.,1.110223024625E-16));
#5811 = ADVANCED_FACE('',(#5812),#5818,.F.);
#5812 = FACE_BOUND('',#5813,.F.);
#5813 = EDGE_LOOP('',(#5814,#5815,#5816,#5817));
#5814 = ORIENTED_EDGE('',*,*,#5476,.F.);
#5815 = ORIENTED_EDGE('',*,*,#5501,.T.);
#5816 = ORIENTED_EDGE('',*,*,#5526,.T.);
#5817 = ORIENTED_EDGE('',*,*,#5550,.T.);
#5818 = PLANE('',#5819);
#5819 = AXIS2_PLACEMENT_3D('',#5820,#5821,#5822);
#5820 = CARTESIAN_POINT('',(104.51948329859,214.,20.));
#5821 = DIRECTION('',(6.661338147751E-16,1.,3.330669073875E-16));
#5822 = DIRECTION('',(3.330669073875E-16,6.661338147751E-16,1.));
#5823 = MANIFOLD_SOLID_BREP('',#5824);
#5824 = CLOSED_SHELL('',(#5825,#5865,#5904,#5960,#6015,#6046,#6070,#6087
    ,#6118,#6149,#6210,#6235,#6260,#6285,#6310,#6471,#6502,#6526,#6550,
    #6567,#6598,#6622,#6646,#6663,#6694,#6718,#6742,#6759,#6790,#6814,
    #6838,#6855,#6894,#6906,#6937,#6961,#6978,#7035));
#5825 = ADVANCED_FACE('',(#5826),#5860,.T.);
#5826 = FACE_BOUND('',#5827,.T.);
#5827 = EDGE_LOOP('',(#5828,#5838,#5846,#5854));
#5828 = ORIENTED_EDGE('',*,*,#5829,.T.);
#5829 = EDGE_CURVE('',#5830,#5832,#5834,.T.);
#5830 = VERTEX_POINT('',#5831);
#5831 = CARTESIAN_POINT('',(-98.8,8.,3.));
#5832 = VERTEX_POINT('',#5833);
#5833 = CARTESIAN_POINT('',(-98.8,124.8,3.));
#5834 = LINE('',#5835,#5836);
#5835 = CARTESIAN_POINT('',(-98.8,8.,3.));
#5836 = VECTOR('',#5837,1.);
#5837 = DIRECTION('',(0.,1.,-8.881784197001E-16));
#5838 = ORIENTED_EDGE('',*,*,#5839,.T.);
#5839 = EDGE_CURVE('',#5832,#5840,#5842,.T.);
#5840 = VERTEX_POINT('',#5841);
#5841 = CARTESIAN_POINT('',(-98.8,124.8,-1.030286966852E-13));
#5842 = LINE('',#5843,#5844);
#5843 = CARTESIAN_POINT('',(-98.8,124.8,3.));
#5844 = VECTOR('',#5845,1.);
#5845 = DIRECTION('',(0.,-8.881784197001E-16,-1.));
#5846 = ORIENTED_EDGE('',*,*,#5847,.F.);
#5847 = EDGE_CURVE('',#5848,#5840,#5850,.T.);
#5848 = VERTEX_POINT('',#5849);
#5849 = CARTESIAN_POINT('',(-98.8,8.,0.));
#5850 = LINE('',#5851,#5852);
#5851 = CARTESIAN_POINT('',(-98.8,8.,0.));
#5852 = VECTOR('',#5853,1.);
#5853 = DIRECTION('',(0.,1.,-8.881784197001E-16));
#5854 = ORIENTED_EDGE('',*,*,#5855,.F.);
#5855 = EDGE_CURVE('',#5830,#5848,#5856,.T.);
#5856 = LINE('',#5857,#5858);
#5857 = CARTESIAN_POINT('',(-98.8,8.,3.));
#5858 = VECTOR('',#5859,1.);
#5859 = DIRECTION('',(0.,-8.881784197001E-16,-1.));
#5860 = PLANE('',#5861);
#5861 = AXIS2_PLACEMENT_3D('',#5862,#5863,#5864);
#5862 = CARTESIAN_POINT('',(-98.8,8.,3.));
#5863 = DIRECTION('',(-1.,0.,0.));
#5864 = DIRECTION('',(0.,-8.881784197001E-16,-1.));
#5865 = ADVANCED_FACE('',(#5866),#5899,.T.);
#5866 = FACE_BOUND('',#5867,.T.);
#5867 = EDGE_LOOP('',(#5868,#5878,#5886,#5892,#5893));
#5868 = ORIENTED_EDGE('',*,*,#5869,.T.);
#5869 = EDGE_CURVE('',#5870,#5872,#5874,.T.);
#5870 = VERTEX_POINT('',#5871);
#5871 = CARTESIAN_POINT('',(-106.8,8.,3.));
#5872 = VERTEX_POINT('',#5873);
#5873 = CARTESIAN_POINT('',(-106.8,136.4,3.));
#5874 = LINE('',#5875,#5876);
#5875 = CARTESIAN_POINT('',(-106.8,8.,3.));
#5876 = VECTOR('',#5877,1.);
#5877 = DIRECTION('',(0.,1.,-8.881784197001E-16));
#5878 = ORIENTED_EDGE('',*,*,#5879,.F.);
#5879 = EDGE_CURVE('',#5880,#5872,#5882,.T.);
#5880 = VERTEX_POINT('',#5881);
#5881 = CARTESIAN_POINT('',(-98.8,136.4,3.));
#5882 = LINE('',#5883,#5884);
#5883 = CARTESIAN_POINT('',(-98.8,136.4,3.));
#5884 = VECTOR('',#5885,1.);
#5885 = DIRECTION('',(-1.,0.,0.));
#5886 = ORIENTED_EDGE('',*,*,#5887,.F.);
#5887 = EDGE_CURVE('',#5832,#5880,#5888,.T.);
#5888 = LINE('',#5889,#5890);
#5889 = CARTESIAN_POINT('',(-98.8,124.8,3.));
#5890 = VECTOR('',#5891,1.);
#5891 = DIRECTION('',(0.,1.,-7.771561172376E-16));
#5892 = ORIENTED_EDGE('',*,*,#5829,.F.);
#5893 = ORIENTED_EDGE('',*,*,#5894,.F.);
#5894 = EDGE_CURVE('',#5870,#5830,#5895,.T.);
#5895 = LINE('',#5896,#5897);
#5896 = CARTESIAN_POINT('',(-106.8,8.,3.));
#5897 = VECTOR('',#5898,1.);
#5898 = DIRECTION('',(1.,0.,0.));
#5899 = PLANE('',#5900);
#5900 = AXIS2_PLACEMENT_3D('',#5901,#5902,#5903);
#5901 = CARTESIAN_POINT('',(-102.8,72.2,3.));
#5902 = DIRECTION('',(-0.,-6.661338147751E-16,-1.));
#5903 = DIRECTION('',(0.,1.,-6.661338147751E-16));
#5904 = ADVANCED_FACE('',(#5905),#5955,.T.);
#5905 = FACE_BOUND('',#5906,.T.);
#5906 = EDGE_LOOP('',(#5907,#5908,#5909,#5917,#5925,#5933,#5941,#5949));
#5907 = ORIENTED_EDGE('',*,*,#5894,.T.);
#5908 = ORIENTED_EDGE('',*,*,#5855,.T.);
#5909 = ORIENTED_EDGE('',*,*,#5910,.T.);
#5910 = EDGE_CURVE('',#5848,#5911,#5913,.T.);
#5911 = VERTEX_POINT('',#5912);
#5912 = CARTESIAN_POINT('',(29.7,8.,0.));
#5913 = LINE('',#5914,#5915);
#5914 = CARTESIAN_POINT('',(-98.8,8.,0.));
#5915 = VECTOR('',#5916,1.);
#5916 = DIRECTION('',(1.,0.,0.));
#5917 = ORIENTED_EDGE('',*,*,#5918,.T.);
#5918 = EDGE_CURVE('',#5911,#5919,#5921,.T.);
#5919 = VERTEX_POINT('',#5920);
#5920 = CARTESIAN_POINT('',(29.7,8.,3.));
#5921 = LINE('',#5922,#5923);
#5922 = CARTESIAN_POINT('',(29.7,8.,0.));
#5923 = VECTOR('',#5924,1.);
#5924 = DIRECTION('',(-1.184237892934E-15,8.881784197001E-16,1.));
#5925 = ORIENTED_EDGE('',*,*,#5926,.T.);
#5926 = EDGE_CURVE('',#5919,#5927,#5929,.T.);
#5927 = VERTEX_POINT('',#5928);
#5928 = CARTESIAN_POINT('',(-30.,8.,3.));
#5929 = LINE('',#5930,#5931);
#5930 = CARTESIAN_POINT('',(29.7,8.,3.));
#5931 = VECTOR('',#5932,1.);
#5932 = DIRECTION('',(-1.,0.,0.));
#5933 = ORIENTED_EDGE('',*,*,#5934,.T.);
#5934 = EDGE_CURVE('',#5927,#5935,#5937,.T.);
#5935 = VERTEX_POINT('',#5936);
#5936 = CARTESIAN_POINT('',(-30.,8.,8.225));
#5937 = LINE('',#5938,#5939);
#5938 = CARTESIAN_POINT('',(-30.,8.,3.));
#5939 = VECTOR('',#5940,1.);
#5940 = DIRECTION('',(1.184237892934E-15,8.881784197001E-16,1.));
#5941 = ORIENTED_EDGE('',*,*,#5942,.F.);
#5942 = EDGE_CURVE('',#5943,#5935,#5945,.T.);
#5943 = VERTEX_POINT('',#5944);
#5944 = CARTESIAN_POINT('',(-106.8,8.,8.225));
#5945 = LINE('',#5946,#5947);
#5946 = CARTESIAN_POINT('',(-106.8,8.,8.225));
#5947 = VECTOR('',#5948,1.);
#5948 = DIRECTION('',(1.,0.,0.));
#5949 = ORIENTED_EDGE('',*,*,#5950,.F.);
#5950 = EDGE_CURVE('',#5870,#5943,#5951,.T.);
#5951 = LINE('',#5952,#5953);
#5952 = CARTESIAN_POINT('',(-106.8,8.,6.));
#5953 = VECTOR('',#5954,1.);
#5954 = DIRECTION('',(0.,3.330669073875E-16,1.));
#5955 = PLANE('',#5956);
#5956 = AXIS2_PLACEMENT_3D('',#5957,#5958,#5959);
#5957 = CARTESIAN_POINT('',(-39.54475729832,8.,3.117742701676));
#5958 = DIRECTION('',(0.,-1.,4.440892098501E-16));
#5959 = DIRECTION('',(1.,0.,0.));
#5960 = ADVANCED_FACE('',(#5961),#6010,.T.);
#5961 = FACE_BOUND('',#5962,.T.);
#5962 = EDGE_LOOP('',(#5963,#5964,#5972,#5980,#5988,#5996,#6004));
#5963 = ORIENTED_EDGE('',*,*,#5839,.F.);
#5964 = ORIENTED_EDGE('',*,*,#5965,.F.);
#5965 = EDGE_CURVE('',#5966,#5832,#5968,.T.);
#5966 = VERTEX_POINT('',#5967);
#5967 = CARTESIAN_POINT('',(-98.8,124.8,6.));
#5968 = LINE('',#5969,#5970);
#5969 = CARTESIAN_POINT('',(-98.8,124.8,6.));
#5970 = VECTOR('',#5971,1.);
#5971 = DIRECTION('',(0.,-7.771561172376E-16,-1.));
#5972 = ORIENTED_EDGE('',*,*,#5973,.T.);
#5973 = EDGE_CURVE('',#5966,#5974,#5976,.T.);
#5974 = VERTEX_POINT('',#5975);
#5975 = CARTESIAN_POINT('',(-106.8,124.8,6.));
#5976 = LINE('',#5977,#5978);
#5977 = CARTESIAN_POINT('',(-30.,124.8,6.));
#5978 = VECTOR('',#5979,1.);
#5979 = DIRECTION('',(-1.,0.,-0.));
#5980 = ORIENTED_EDGE('',*,*,#5981,.T.);
#5981 = EDGE_CURVE('',#5974,#5982,#5984,.T.);
#5982 = VERTEX_POINT('',#5983);
#5983 = CARTESIAN_POINT('',(-106.8,124.8,8.225));
#5984 = LINE('',#5985,#5986);
#5985 = CARTESIAN_POINT('',(-106.8,124.8,6.));
#5986 = VECTOR('',#5987,1.);
#5987 = DIRECTION('',(0.,3.330669073875E-16,1.));
#5988 = ORIENTED_EDGE('',*,*,#5989,.F.);
#5989 = EDGE_CURVE('',#5990,#5982,#5992,.T.);
#5990 = VERTEX_POINT('',#5991);
#5991 = CARTESIAN_POINT('',(-98.7,124.8,8.225));
#5992 = LINE('',#5993,#5994);
#5993 = CARTESIAN_POINT('',(-30.,124.8,8.225));
#5994 = VECTOR('',#5995,1.);
#5995 = DIRECTION('',(-1.,0.,-0.));
#5996 = ORIENTED_EDGE('',*,*,#5997,.T.);
#5997 = EDGE_CURVE('',#5990,#5998,#6000,.T.);
#5998 = VERTEX_POINT('',#5999);
#5999 = CARTESIAN_POINT('',(-98.7,124.8,-1.24344978758E-14));
#6000 = LINE('',#6001,#6002);
#6001 = CARTESIAN_POINT('',(-98.7,124.8,11.225));
#6002 = VECTOR('',#6003,1.);
#6003 = DIRECTION('',(0.,-3.330669073875E-16,-1.));
#6004 = ORIENTED_EDGE('',*,*,#6005,.F.);
#6005 = EDGE_CURVE('',#5840,#5998,#6006,.T.);
#6006 = LINE('',#6007,#6008);
#6007 = CARTESIAN_POINT('',(-98.8,124.8,-9.947598300641E-14));
#6008 = VECTOR('',#6009,1.);
#6009 = DIRECTION('',(1.,0.,0.));
#6010 = PLANE('',#6011);
#6011 = AXIS2_PLACEMENT_3D('',#6012,#6013,#6014);
#6012 = CARTESIAN_POINT('',(-39.46184142338,124.8,3.200658576611));
#6013 = DIRECTION('',(0.,1.,-4.440892098501E-16));
#6014 = DIRECTION('',(-1.,0.,0.));
#6015 = ADVANCED_FACE('',(#6016),#6041,.T.);
#6016 = FACE_BOUND('',#6017,.T.);
#6017 = EDGE_LOOP('',(#6018,#6026,#6032,#6033,#6034,#6040));
#6018 = ORIENTED_EDGE('',*,*,#6019,.T.);
#6019 = EDGE_CURVE('',#5974,#6020,#6022,.T.);
#6020 = VERTEX_POINT('',#6021);
#6021 = CARTESIAN_POINT('',(-106.8,136.4,6.));
#6022 = LINE('',#6023,#6024);
#6023 = CARTESIAN_POINT('',(-106.8,8.,6.));
#6024 = VECTOR('',#6025,1.);
#6025 = DIRECTION('',(0.,1.,-8.881784197001E-16));
#6026 = ORIENTED_EDGE('',*,*,#6027,.F.);
#6027 = EDGE_CURVE('',#5872,#6020,#6028,.T.);
#6028 = LINE('',#6029,#6030);
#6029 = CARTESIAN_POINT('',(-106.8,136.4,3.));
#6030 = VECTOR('',#6031,1.);
#6031 = DIRECTION('',(0.,7.771561172376E-16,1.));
#6032 = ORIENTED_EDGE('',*,*,#5869,.F.);
#6033 = ORIENTED_EDGE('',*,*,#5950,.T.);
#6034 = ORIENTED_EDGE('',*,*,#6035,.F.);
#6035 = EDGE_CURVE('',#5982,#5943,#6036,.T.);
#6036 = LINE('',#6037,#6038);
#6037 = CARTESIAN_POINT('',(-106.8,124.8,8.225));
#6038 = VECTOR('',#6039,1.);
#6039 = DIRECTION('',(0.,-1.,3.330669073875E-16));
#6040 = ORIENTED_EDGE('',*,*,#5981,.F.);
#6041 = PLANE('',#6042);
#6042 = AXIS2_PLACEMENT_3D('',#6043,#6044,#6045);
#6043 = CARTESIAN_POINT('',(-106.8,72.103423760524,5.515923760524));
#6044 = DIRECTION('',(-1.,0.,-0.));
#6045 = DIRECTION('',(0.,1.,-4.440892098501E-16));
#6046 = ADVANCED_FACE('',(#6047),#6065,.T.);
#6047 = FACE_BOUND('',#6048,.T.);
#6048 = EDGE_LOOP('',(#6049,#6050,#6051,#6059));
#6049 = ORIENTED_EDGE('',*,*,#5879,.T.);
#6050 = ORIENTED_EDGE('',*,*,#6027,.T.);
#6051 = ORIENTED_EDGE('',*,*,#6052,.T.);
#6052 = EDGE_CURVE('',#6020,#6053,#6055,.T.);
#6053 = VERTEX_POINT('',#6054);
#6054 = CARTESIAN_POINT('',(-98.8,136.4,6.));
#6055 = LINE('',#6056,#6057);
#6056 = CARTESIAN_POINT('',(-106.8,136.4,6.));
#6057 = VECTOR('',#6058,1.);
#6058 = DIRECTION('',(1.,0.,0.));
#6059 = ORIENTED_EDGE('',*,*,#6060,.T.);
#6060 = EDGE_CURVE('',#6053,#5880,#6061,.T.);
#6061 = LINE('',#6062,#6063);
#6062 = CARTESIAN_POINT('',(-98.8,136.4,6.));
#6063 = VECTOR('',#6064,1.);
#6064 = DIRECTION('',(0.,-7.771561172376E-16,-1.));
#6065 = PLANE('',#6066);
#6066 = AXIS2_PLACEMENT_3D('',#6067,#6068,#6069);
#6067 = CARTESIAN_POINT('',(-102.8,136.4,4.5));
#6068 = DIRECTION('',(0.,1.,-5.551115123126E-16));
#6069 = DIRECTION('',(0.,5.551115123126E-16,1.));
#6070 = ADVANCED_FACE('',(#6071),#6082,.F.);
#6071 = FACE_BOUND('',#6072,.F.);
#6072 = EDGE_LOOP('',(#6073,#6079,#6080,#6081));
#6073 = ORIENTED_EDGE('',*,*,#6074,.T.);
#6074 = EDGE_CURVE('',#5966,#6053,#6075,.T.);
#6075 = LINE('',#6076,#6077);
#6076 = CARTESIAN_POINT('',(-98.8,124.8,6.));
#6077 = VECTOR('',#6078,1.);
#6078 = DIRECTION('',(0.,1.,-7.771561172376E-16));
#6079 = ORIENTED_EDGE('',*,*,#6060,.T.);
#6080 = ORIENTED_EDGE('',*,*,#5887,.F.);
#6081 = ORIENTED_EDGE('',*,*,#5965,.F.);
#6082 = PLANE('',#6083);
#6083 = AXIS2_PLACEMENT_3D('',#6084,#6085,#6086);
#6084 = CARTESIAN_POINT('',(-98.8,124.8,6.));
#6085 = DIRECTION('',(-1.,0.,0.));
#6086 = DIRECTION('',(0.,-7.771561172376E-16,-1.));
#6087 = ADVANCED_FACE('',(#6088),#6113,.T.);
#6088 = FACE_BOUND('',#6089,.T.);
#6089 = EDGE_LOOP('',(#6090,#6098,#6106,#6112));
#6090 = ORIENTED_EDGE('',*,*,#6091,.T.);
#6091 = EDGE_CURVE('',#5911,#6092,#6094,.T.);
#6092 = VERTEX_POINT('',#6093);
#6093 = CARTESIAN_POINT('',(29.7,124.8,-1.030286966852E-13));
#6094 = LINE('',#6095,#6096);
#6095 = CARTESIAN_POINT('',(29.7,8.,0.));
#6096 = VECTOR('',#6097,1.);
#6097 = DIRECTION('',(0.,1.,-8.881784197001E-16));
#6098 = ORIENTED_EDGE('',*,*,#6099,.T.);
#6099 = EDGE_CURVE('',#6092,#6100,#6102,.T.);
#6100 = VERTEX_POINT('',#6101);
#6101 = CARTESIAN_POINT('',(29.7,124.8,3.));
#6102 = LINE('',#6103,#6104);
#6103 = CARTESIAN_POINT('',(29.7,124.8,-9.947598300641E-14));
#6104 = VECTOR('',#6105,1.);
#6105 = DIRECTION('',(-1.184237892934E-15,8.881784197001E-16,1.));
#6106 = ORIENTED_EDGE('',*,*,#6107,.F.);
#6107 = EDGE_CURVE('',#5919,#6100,#6108,.T.);
#6108 = LINE('',#6109,#6110);
#6109 = CARTESIAN_POINT('',(29.7,8.,3.));
#6110 = VECTOR('',#6111,1.);
#6111 = DIRECTION('',(0.,1.,-8.881784197001E-16));
#6112 = ORIENTED_EDGE('',*,*,#5918,.F.);
#6113 = PLANE('',#6114);
#6114 = AXIS2_PLACEMENT_3D('',#6115,#6116,#6117);
#6115 = CARTESIAN_POINT('',(29.7,8.,0.));
#6116 = DIRECTION('',(1.,1.051814540295E-30,1.184237892934E-15));
#6117 = DIRECTION('',(-1.184237892934E-15,8.881784197001E-16,1.));
#6118 = ADVANCED_FACE('',(#6119),#6144,.T.);
#6119 = FACE_BOUND('',#6120,.T.);
#6120 = EDGE_LOOP('',(#6121,#6129,#6137,#6143));
#6121 = ORIENTED_EDGE('',*,*,#6122,.F.);
#6122 = EDGE_CURVE('',#6123,#6092,#6125,.T.);
#6123 = VERTEX_POINT('',#6124);
#6124 = CARTESIAN_POINT('',(-30.,124.8,-1.24344978758E-14));
#6125 = LINE('',#6126,#6127);
#6126 = CARTESIAN_POINT('',(-98.8,124.8,-9.947598300641E-14));
#6127 = VECTOR('',#6128,1.);
#6128 = DIRECTION('',(1.,0.,0.));
#6129 = ORIENTED_EDGE('',*,*,#6130,.T.);
#6130 = EDGE_CURVE('',#6123,#6131,#6133,.T.);
#6131 = VERTEX_POINT('',#6132);
#6132 = CARTESIAN_POINT('',(-30.,124.8,3.));
#6133 = LINE('',#6134,#6135);
#6134 = CARTESIAN_POINT('',(-30.,124.8,-1.42108547152E-14));
#6135 = VECTOR('',#6136,1.);
#6136 = DIRECTION('',(0.,3.330669073875E-16,1.));
#6137 = ORIENTED_EDGE('',*,*,#6138,.F.);
#6138 = EDGE_CURVE('',#6100,#6131,#6139,.T.);
#6139 = LINE('',#6140,#6141);
#6140 = CARTESIAN_POINT('',(29.7,124.8,3.));
#6141 = VECTOR('',#6142,1.);
#6142 = DIRECTION('',(-1.,0.,0.));
#6143 = ORIENTED_EDGE('',*,*,#6099,.F.);
#6144 = PLANE('',#6145);
#6145 = AXIS2_PLACEMENT_3D('',#6146,#6147,#6148);
#6146 = CARTESIAN_POINT('',(-39.46184142338,124.8,3.200658576611));
#6147 = DIRECTION('',(0.,1.,-4.440892098501E-16));
#6148 = DIRECTION('',(-1.,0.,0.));
#6149 = ADVANCED_FACE('',(#6150,#6161,#6172,#6183,#6194),#6205,.T.);
#6150 = FACE_BOUND('',#6151,.T.);
#6151 = EDGE_LOOP('',(#6152,#6153,#6154,#6160));
#6152 = ORIENTED_EDGE('',*,*,#6107,.T.);
#6153 = ORIENTED_EDGE('',*,*,#6138,.T.);
#6154 = ORIENTED_EDGE('',*,*,#6155,.F.);
#6155 = EDGE_CURVE('',#5927,#6131,#6156,.T.);
#6156 = LINE('',#6157,#6158);
#6157 = CARTESIAN_POINT('',(-30.,8.,3.));
#6158 = VECTOR('',#6159,1.);
#6159 = DIRECTION('',(0.,1.,-8.881784197001E-16));
#6160 = ORIENTED_EDGE('',*,*,#5926,.F.);
#6161 = FACE_BOUND('',#6162,.T.);
#6162 = EDGE_LOOP('',(#6163));
#6163 = ORIENTED_EDGE('',*,*,#6164,.F.);
#6164 = EDGE_CURVE('',#6165,#6165,#6167,.T.);
#6165 = VERTEX_POINT('',#6166);
#6166 = CARTESIAN_POINT('',(24.75,110.,3.));
#6167 = CIRCLE('',#6168,2.75);
#6168 = AXIS2_PLACEMENT_3D('',#6169,#6170,#6171);
#6169 = CARTESIAN_POINT('',(22.,110.,3.));
#6170 = DIRECTION('',(-0.,4.440892098501E-16,1.));
#6171 = DIRECTION('',(1.,0.,0.));
#6172 = FACE_BOUND('',#6173,.T.);
#6173 = EDGE_LOOP('',(#6174));
#6174 = ORIENTED_EDGE('',*,*,#6175,.F.);
#6175 = EDGE_CURVE('',#6176,#6176,#6178,.T.);
#6176 = VERTEX_POINT('',#6177);
#6177 = CARTESIAN_POINT('',(-19.25,110.,3.));
#6178 = CIRCLE('',#6179,2.75);
#6179 = AXIS2_PLACEMENT_3D('',#6180,#6181,#6182);
#6180 = CARTESIAN_POINT('',(-22.,110.,3.));
#6181 = DIRECTION('',(-0.,4.440892098501E-16,1.));
#6182 = DIRECTION('',(1.,0.,0.));
#6183 = FACE_BOUND('',#6184,.T.);
#6184 = EDGE_LOOP('',(#6185));
#6185 = ORIENTED_EDGE('',*,*,#6186,.F.);
#6186 = EDGE_CURVE('',#6187,#6187,#6189,.T.);
#6187 = VERTEX_POINT('',#6188);
#6188 = CARTESIAN_POINT('',(24.75,20.,3.));
#6189 = CIRCLE('',#6190,2.75);
#6190 = AXIS2_PLACEMENT_3D('',#6191,#6192,#6193);
#6191 = CARTESIAN_POINT('',(22.,20.,3.));
#6192 = DIRECTION('',(-0.,4.440892098501E-16,1.));
#6193 = DIRECTION('',(1.,0.,0.));
#6194 = FACE_BOUND('',#6195,.T.);
#6195 = EDGE_LOOP('',(#6196));
#6196 = ORIENTED_EDGE('',*,*,#6197,.F.);
#6197 = EDGE_CURVE('',#6198,#6198,#6200,.T.);
#6198 = VERTEX_POINT('',#6199);
#6199 = CARTESIAN_POINT('',(-19.25,20.,3.));
#6200 = CIRCLE('',#6201,2.75);
#6201 = AXIS2_PLACEMENT_3D('',#6202,#6203,#6204);
#6202 = CARTESIAN_POINT('',(-22.,20.,3.));
#6203 = DIRECTION('',(-0.,4.440892098501E-16,1.));
#6204 = DIRECTION('',(1.,0.,0.));
#6205 = PLANE('',#6206);
#6206 = AXIS2_PLACEMENT_3D('',#6207,#6208,#6209);
#6207 = CARTESIAN_POINT('',(29.7,8.,3.));
#6208 = DIRECTION('',(0.,8.881784197001E-16,1.));
#6209 = DIRECTION('',(-1.,0.,0.));
#6210 = ADVANCED_FACE('',(#6211),#6230,.F.);
#6211 = FACE_BOUND('',#6212,.F.);
#6212 = EDGE_LOOP('',(#6213,#6221,#6228,#6229));
#6213 = ORIENTED_EDGE('',*,*,#6214,.T.);
#6214 = EDGE_CURVE('',#6165,#6215,#6217,.T.);
#6215 = VERTEX_POINT('',#6216);
#6216 = CARTESIAN_POINT('',(24.75,110.,-4.440892098501E-14));
#6217 = LINE('',#6218,#6219);
#6218 = CARTESIAN_POINT('',(24.75,110.,3.));
#6219 = VECTOR('',#6220,1.);
#6220 = DIRECTION('',(-0.,-4.440892098501E-16,-1.));
#6221 = ORIENTED_EDGE('',*,*,#6222,.T.);
#6222 = EDGE_CURVE('',#6215,#6215,#6223,.T.);
#6223 = CIRCLE('',#6224,2.75);
#6224 = AXIS2_PLACEMENT_3D('',#6225,#6226,#6227);
#6225 = CARTESIAN_POINT('',(22.,110.,-4.707345624411E-14));
#6226 = DIRECTION('',(-0.,4.440892098501E-16,1.));
#6227 = DIRECTION('',(1.,0.,0.));
#6228 = ORIENTED_EDGE('',*,*,#6214,.F.);
#6229 = ORIENTED_EDGE('',*,*,#6164,.F.);
#6230 = CYLINDRICAL_SURFACE('',#6231,2.75);
#6231 = AXIS2_PLACEMENT_3D('',#6232,#6233,#6234);
#6232 = CARTESIAN_POINT('',(22.,110.,3.));
#6233 = DIRECTION('',(0.,4.440892098501E-16,1.));
#6234 = DIRECTION('',(1.,0.,0.));
#6235 = ADVANCED_FACE('',(#6236),#6255,.F.);
#6236 = FACE_BOUND('',#6237,.F.);
#6237 = EDGE_LOOP('',(#6238,#6246,#6253,#6254));
#6238 = ORIENTED_EDGE('',*,*,#6239,.T.);
#6239 = EDGE_CURVE('',#6176,#6240,#6242,.T.);
#6240 = VERTEX_POINT('',#6241);
#6241 = CARTESIAN_POINT('',(-19.25,110.,-4.440892098501E-14));
#6242 = LINE('',#6243,#6244);
#6243 = CARTESIAN_POINT('',(-19.25,110.,3.));
#6244 = VECTOR('',#6245,1.);
#6245 = DIRECTION('',(-0.,-4.440892098501E-16,-1.));
#6246 = ORIENTED_EDGE('',*,*,#6247,.T.);
#6247 = EDGE_CURVE('',#6240,#6240,#6248,.T.);
#6248 = CIRCLE('',#6249,2.75);
#6249 = AXIS2_PLACEMENT_3D('',#6250,#6251,#6252);
#6250 = CARTESIAN_POINT('',(-22.,110.,-4.707345624411E-14));
#6251 = DIRECTION('',(-0.,4.440892098501E-16,1.));
#6252 = DIRECTION('',(1.,0.,0.));
#6253 = ORIENTED_EDGE('',*,*,#6239,.F.);
#6254 = ORIENTED_EDGE('',*,*,#6175,.F.);
#6255 = CYLINDRICAL_SURFACE('',#6256,2.75);
#6256 = AXIS2_PLACEMENT_3D('',#6257,#6258,#6259);
#6257 = CARTESIAN_POINT('',(-22.,110.,3.));
#6258 = DIRECTION('',(0.,4.440892098501E-16,1.));
#6259 = DIRECTION('',(1.,0.,0.));
#6260 = ADVANCED_FACE('',(#6261),#6280,.F.);
#6261 = FACE_BOUND('',#6262,.F.);
#6262 = EDGE_LOOP('',(#6263,#6271,#6278,#6279));
#6263 = ORIENTED_EDGE('',*,*,#6264,.T.);
#6264 = EDGE_CURVE('',#6187,#6265,#6267,.T.);
#6265 = VERTEX_POINT('',#6266);
#6266 = CARTESIAN_POINT('',(24.75,20.,-7.105427357601E-15));
#6267 = LINE('',#6268,#6269);
#6268 = CARTESIAN_POINT('',(24.75,20.,3.));
#6269 = VECTOR('',#6270,1.);
#6270 = DIRECTION('',(-0.,-4.440892098501E-16,-1.));
#6271 = ORIENTED_EDGE('',*,*,#6272,.T.);
#6272 = EDGE_CURVE('',#6265,#6265,#6273,.T.);
#6273 = CIRCLE('',#6274,2.75);
#6274 = AXIS2_PLACEMENT_3D('',#6275,#6276,#6277);
#6275 = CARTESIAN_POINT('',(22.,20.,-4.440892098501E-15));
#6276 = DIRECTION('',(-0.,4.440892098501E-16,1.));
#6277 = DIRECTION('',(1.,0.,0.));
#6278 = ORIENTED_EDGE('',*,*,#6264,.F.);
#6279 = ORIENTED_EDGE('',*,*,#6186,.F.);
#6280 = CYLINDRICAL_SURFACE('',#6281,2.75);
#6281 = AXIS2_PLACEMENT_3D('',#6282,#6283,#6284);
#6282 = CARTESIAN_POINT('',(22.,20.,3.));
#6283 = DIRECTION('',(0.,4.440892098501E-16,1.));
#6284 = DIRECTION('',(1.,0.,0.));
#6285 = ADVANCED_FACE('',(#6286),#6305,.F.);
#6286 = FACE_BOUND('',#6287,.F.);
#6287 = EDGE_LOOP('',(#6288,#6296,#6303,#6304));
#6288 = ORIENTED_EDGE('',*,*,#6289,.T.);
#6289 = EDGE_CURVE('',#6198,#6290,#6292,.T.);
#6290 = VERTEX_POINT('',#6291);
#6291 = CARTESIAN_POINT('',(-19.25,20.,-7.105427357601E-15));
#6292 = LINE('',#6293,#6294);
#6293 = CARTESIAN_POINT('',(-19.25,20.,3.));
#6294 = VECTOR('',#6295,1.);
#6295 = DIRECTION('',(-0.,-4.440892098501E-16,-1.));
#6296 = ORIENTED_EDGE('',*,*,#6297,.T.);
#6297 = EDGE_CURVE('',#6290,#6290,#6298,.T.);
#6298 = CIRCLE('',#6299,2.75);
#6299 = AXIS2_PLACEMENT_3D('',#6300,#6301,#6302);
#6300 = CARTESIAN_POINT('',(-22.,20.,-4.440892098501E-15));
#6301 = DIRECTION('',(-0.,4.440892098501E-16,1.));
#6302 = DIRECTION('',(1.,0.,0.));
#6303 = ORIENTED_EDGE('',*,*,#6289,.F.);
#6304 = ORIENTED_EDGE('',*,*,#6197,.F.);
#6305 = CYLINDRICAL_SURFACE('',#6306,2.75);
#6306 = AXIS2_PLACEMENT_3D('',#6307,#6308,#6309);
#6307 = CARTESIAN_POINT('',(-22.,20.,3.));
#6308 = DIRECTION('',(0.,4.440892098501E-16,1.));
#6309 = DIRECTION('',(1.,0.,0.));
#6310 = ADVANCED_FACE('',(#6311,#6330,#6364,#6398,#6432),#6466,.T.);
#6311 = FACE_BOUND('',#6312,.T.);
#6312 = EDGE_LOOP('',(#6313,#6314,#6322,#6328,#6329));
#6313 = ORIENTED_EDGE('',*,*,#5942,.T.);
#6314 = ORIENTED_EDGE('',*,*,#6315,.T.);
#6315 = EDGE_CURVE('',#5935,#6316,#6318,.T.);
#6316 = VERTEX_POINT('',#6317);
#6317 = CARTESIAN_POINT('',(-30.,124.8,8.225));
#6318 = LINE('',#6319,#6320);
#6319 = CARTESIAN_POINT('',(-30.,8.,8.225));
#6320 = VECTOR('',#6321,1.);
#6321 = DIRECTION('',(0.,1.,-3.330669073875E-16));
#6322 = ORIENTED_EDGE('',*,*,#6323,.T.);
#6323 = EDGE_CURVE('',#6316,#5990,#6324,.T.);
#6324 = LINE('',#6325,#6326);
#6325 = CARTESIAN_POINT('',(-30.,124.8,8.225));
#6326 = VECTOR('',#6327,1.);
#6327 = DIRECTION('',(-1.,0.,-0.));
#6328 = ORIENTED_EDGE('',*,*,#5989,.T.);
#6329 = ORIENTED_EDGE('',*,*,#6035,.T.);
#6330 = FACE_BOUND('',#6331,.T.);
#6331 = EDGE_LOOP('',(#6332,#6342,#6350,#6358));
#6332 = ORIENTED_EDGE('',*,*,#6333,.F.);
#6333 = EDGE_CURVE('',#6334,#6336,#6338,.T.);
#6334 = VERTEX_POINT('',#6335);
#6335 = CARTESIAN_POINT('',(-88.,14.,8.225));
#6336 = VERTEX_POINT('',#6337);
#6337 = CARTESIAN_POINT('',(-80.,14.,8.225));
#6338 = LINE('',#6339,#6340);
#6339 = CARTESIAN_POINT('',(-88.,14.,8.225));
#6340 = VECTOR('',#6341,1.);
#6341 = DIRECTION('',(1.,0.,0.));
#6342 = ORIENTED_EDGE('',*,*,#6343,.F.);
#6343 = EDGE_CURVE('',#6344,#6334,#6346,.T.);
#6344 = VERTEX_POINT('',#6345);
#6345 = CARTESIAN_POINT('',(-88.,118.8,8.225));
#6346 = LINE('',#6347,#6348);
#6347 = CARTESIAN_POINT('',(-88.,118.8,8.225));
#6348 = VECTOR('',#6349,1.);
#6349 = DIRECTION('',(0.,-1.,2.22044604925E-16));
#6350 = ORIENTED_EDGE('',*,*,#6351,.F.);
#6351 = EDGE_CURVE('',#6352,#6344,#6354,.T.);
#6352 = VERTEX_POINT('',#6353);
#6353 = CARTESIAN_POINT('',(-80.,118.8,8.225));
#6354 = LINE('',#6355,#6356);
#6355 = CARTESIAN_POINT('',(-80.,118.8,8.225));
#6356 = VECTOR('',#6357,1.);
#6357 = DIRECTION('',(-1.,0.,0.));
#6358 = ORIENTED_EDGE('',*,*,#6359,.F.);
#6359 = EDGE_CURVE('',#6336,#6352,#6360,.T.);
#6360 = LINE('',#6361,#6362);
#6361 = CARTESIAN_POINT('',(-80.,14.,8.225));
#6362 = VECTOR('',#6363,1.);
#6363 = DIRECTION('',(0.,1.,-2.22044604925E-16));
#6364 = FACE_BOUND('',#6365,.T.);
#6365 = EDGE_LOOP('',(#6366,#6376,#6384,#6392));
#6366 = ORIENTED_EDGE('',*,*,#6367,.F.);
#6367 = EDGE_CURVE('',#6368,#6370,#6372,.T.);
#6368 = VERTEX_POINT('',#6369);
#6369 = CARTESIAN_POINT('',(-75.,14.,8.225));
#6370 = VERTEX_POINT('',#6371);
#6371 = CARTESIAN_POINT('',(-67.,14.,8.225));
#6372 = LINE('',#6373,#6374);
#6373 = CARTESIAN_POINT('',(-75.,14.,8.225));
#6374 = VECTOR('',#6375,1.);
#6375 = DIRECTION('',(1.,0.,0.));
#6376 = ORIENTED_EDGE('',*,*,#6377,.F.);
#6377 = EDGE_CURVE('',#6378,#6368,#6380,.T.);
#6378 = VERTEX_POINT('',#6379);
#6379 = CARTESIAN_POINT('',(-75.,118.8,8.225));
#6380 = LINE('',#6381,#6382);
#6381 = CARTESIAN_POINT('',(-75.,118.8,8.225));
#6382 = VECTOR('',#6383,1.);
#6383 = DIRECTION('',(0.,-1.,2.22044604925E-16));
#6384 = ORIENTED_EDGE('',*,*,#6385,.F.);
#6385 = EDGE_CURVE('',#6386,#6378,#6388,.T.);
#6386 = VERTEX_POINT('',#6387);
#6387 = CARTESIAN_POINT('',(-67.,118.8,8.225));
#6388 = LINE('',#6389,#6390);
#6389 = CARTESIAN_POINT('',(-67.,118.8,8.225));
#6390 = VECTOR('',#6391,1.);
#6391 = DIRECTION('',(-1.,0.,0.));
#6392 = ORIENTED_EDGE('',*,*,#6393,.F.);
#6393 = EDGE_CURVE('',#6370,#6386,#6394,.T.);
#6394 = LINE('',#6395,#6396);
#6395 = CARTESIAN_POINT('',(-67.,14.,8.225));
#6396 = VECTOR('',#6397,1.);
#6397 = DIRECTION('',(0.,1.,-2.22044604925E-16));
#6398 = FACE_BOUND('',#6399,.T.);
#6399 = EDGE_LOOP('',(#6400,#6410,#6418,#6426));
#6400 = ORIENTED_EDGE('',*,*,#6401,.F.);
#6401 = EDGE_CURVE('',#6402,#6404,#6406,.T.);
#6402 = VERTEX_POINT('',#6403);
#6403 = CARTESIAN_POINT('',(-62.,14.,8.225));
#6404 = VERTEX_POINT('',#6405);
#6405 = CARTESIAN_POINT('',(-54.,14.,8.225));
#6406 = LINE('',#6407,#6408);
#6407 = CARTESIAN_POINT('',(-62.,14.,8.225));
#6408 = VECTOR('',#6409,1.);
#6409 = DIRECTION('',(1.,0.,0.));
#6410 = ORIENTED_EDGE('',*,*,#6411,.F.);
#6411 = EDGE_CURVE('',#6412,#6402,#6414,.T.);
#6412 = VERTEX_POINT('',#6413);
#6413 = CARTESIAN_POINT('',(-62.,118.8,8.225));
#6414 = LINE('',#6415,#6416);
#6415 = CARTESIAN_POINT('',(-62.,118.8,8.225));
#6416 = VECTOR('',#6417,1.);
#6417 = DIRECTION('',(0.,-1.,2.22044604925E-16));
#6418 = ORIENTED_EDGE('',*,*,#6419,.F.);
#6419 = EDGE_CURVE('',#6420,#6412,#6422,.T.);
#6420 = VERTEX_POINT('',#6421);
#6421 = CARTESIAN_POINT('',(-54.,118.8,8.225));
#6422 = LINE('',#6423,#6424);
#6423 = CARTESIAN_POINT('',(-54.,118.8,8.225));
#6424 = VECTOR('',#6425,1.);
#6425 = DIRECTION('',(-1.,0.,0.));
#6426 = ORIENTED_EDGE('',*,*,#6427,.F.);
#6427 = EDGE_CURVE('',#6404,#6420,#6428,.T.);
#6428 = LINE('',#6429,#6430);
#6429 = CARTESIAN_POINT('',(-54.,14.,8.225));
#6430 = VECTOR('',#6431,1.);
#6431 = DIRECTION('',(0.,1.,-2.22044604925E-16));
#6432 = FACE_BOUND('',#6433,.T.);
#6433 = EDGE_LOOP('',(#6434,#6444,#6452,#6460));
#6434 = ORIENTED_EDGE('',*,*,#6435,.F.);
#6435 = EDGE_CURVE('',#6436,#6438,#6440,.T.);
#6436 = VERTEX_POINT('',#6437);
#6437 = CARTESIAN_POINT('',(-49.,14.,8.225));
#6438 = VERTEX_POINT('',#6439);
#6439 = CARTESIAN_POINT('',(-41.,14.,8.225));
#6440 = LINE('',#6441,#6442);
#6441 = CARTESIAN_POINT('',(-49.,14.,8.225));
#6442 = VECTOR('',#6443,1.);
#6443 = DIRECTION('',(1.,0.,0.));
#6444 = ORIENTED_EDGE('',*,*,#6445,.F.);
#6445 = EDGE_CURVE('',#6446,#6436,#6448,.T.);
#6446 = VERTEX_POINT('',#6447);
#6447 = CARTESIAN_POINT('',(-49.,118.8,8.225));
#6448 = LINE('',#6449,#6450);
#6449 = CARTESIAN_POINT('',(-49.,118.8,8.225));
#6450 = VECTOR('',#6451,1.);
#6451 = DIRECTION('',(0.,-1.,2.22044604925E-16));
#6452 = ORIENTED_EDGE('',*,*,#6453,.F.);
#6453 = EDGE_CURVE('',#6454,#6446,#6456,.T.);
#6454 = VERTEX_POINT('',#6455);
#6455 = CARTESIAN_POINT('',(-41.,118.8,8.225));
#6456 = LINE('',#6457,#6458);
#6457 = CARTESIAN_POINT('',(-41.,118.8,8.225));
#6458 = VECTOR('',#6459,1.);
#6459 = DIRECTION('',(-1.,0.,0.));
#6460 = ORIENTED_EDGE('',*,*,#6461,.F.);
#6461 = EDGE_CURVE('',#6438,#6454,#6462,.T.);
#6462 = LINE('',#6463,#6464);
#6463 = CARTESIAN_POINT('',(-41.,14.,8.225));
#6464 = VECTOR('',#6465,1.);
#6465 = DIRECTION('',(0.,1.,-2.22044604925E-16));
#6466 = PLANE('',#6467);
#6467 = AXIS2_PLACEMENT_3D('',#6468,#6469,#6470);
#6468 = CARTESIAN_POINT('',(-68.4,66.4,8.225));
#6469 = DIRECTION('',(0.,3.330669073875E-16,1.));
#6470 = DIRECTION('',(1.,0.,0.));
#6471 = ADVANCED_FACE('',(#6472),#6497,.T.);
#6472 = FACE_BOUND('',#6473,.T.);
#6473 = EDGE_LOOP('',(#6474,#6482,#6483,#6491));
#6474 = ORIENTED_EDGE('',*,*,#6475,.T.);
#6475 = EDGE_CURVE('',#6476,#6344,#6478,.T.);
#6476 = VERTEX_POINT('',#6477);
#6477 = CARTESIAN_POINT('',(-88.,118.8,-2.48689957516E-14));
#6478 = LINE('',#6479,#6480);
#6479 = CARTESIAN_POINT('',(-88.,118.8,-2.460254222569E-14));
#6480 = VECTOR('',#6481,1.);
#6481 = DIRECTION('',(0.,2.22044604925E-16,1.));
#6482 = ORIENTED_EDGE('',*,*,#6343,.T.);
#6483 = ORIENTED_EDGE('',*,*,#6484,.F.);
#6484 = EDGE_CURVE('',#6485,#6334,#6487,.T.);
#6485 = VERTEX_POINT('',#6486);
#6486 = CARTESIAN_POINT('',(-88.,14.,0.));
#6487 = LINE('',#6488,#6489);
#6488 = CARTESIAN_POINT('',(-88.,14.,-1.33226762955E-15));
#6489 = VECTOR('',#6490,1.);
#6490 = DIRECTION('',(0.,2.22044604925E-16,1.));
#6491 = ORIENTED_EDGE('',*,*,#6492,.F.);
#6492 = EDGE_CURVE('',#6476,#6485,#6493,.T.);
#6493 = LINE('',#6494,#6495);
#6494 = CARTESIAN_POINT('',(-88.,118.8,-2.48689957516E-14));
#6495 = VECTOR('',#6496,1.);
#6496 = DIRECTION('',(0.,-1.,2.22044604925E-16));
#6497 = PLANE('',#6498);
#6498 = AXIS2_PLACEMENT_3D('',#6499,#6500,#6501);
#6499 = CARTESIAN_POINT('',(-88.,118.8,-2.460254222569E-14));
#6500 = DIRECTION('',(1.,0.,0.));
#6501 = DIRECTION('',(0.,-1.,2.22044604925E-16));
#6502 = ADVANCED_FACE('',(#6503),#6521,.T.);
#6503 = FACE_BOUND('',#6504,.T.);
#6504 = EDGE_LOOP('',(#6505,#6513,#6514,#6515));
#6505 = ORIENTED_EDGE('',*,*,#6506,.T.);
#6506 = EDGE_CURVE('',#6507,#6352,#6509,.T.);
#6507 = VERTEX_POINT('',#6508);
#6508 = CARTESIAN_POINT('',(-80.,118.8,-2.48689957516E-14));
#6509 = LINE('',#6510,#6511);
#6510 = CARTESIAN_POINT('',(-80.,118.8,-2.460254222569E-14));
#6511 = VECTOR('',#6512,1.);
#6512 = DIRECTION('',(0.,2.22044604925E-16,1.));
#6513 = ORIENTED_EDGE('',*,*,#6351,.T.);
#6514 = ORIENTED_EDGE('',*,*,#6475,.F.);
#6515 = ORIENTED_EDGE('',*,*,#6516,.F.);
#6516 = EDGE_CURVE('',#6507,#6476,#6517,.T.);
#6517 = LINE('',#6518,#6519);
#6518 = CARTESIAN_POINT('',(-80.,118.8,-2.48689957516E-14));
#6519 = VECTOR('',#6520,1.);
#6520 = DIRECTION('',(-1.,0.,0.));
#6521 = PLANE('',#6522);
#6522 = AXIS2_PLACEMENT_3D('',#6523,#6524,#6525);
#6523 = CARTESIAN_POINT('',(-80.,118.8,-2.460254222569E-14));
#6524 = DIRECTION('',(0.,-1.,2.22044604925E-16));
#6525 = DIRECTION('',(-1.,0.,0.));
#6526 = ADVANCED_FACE('',(#6527),#6545,.T.);
#6527 = FACE_BOUND('',#6528,.T.);
#6528 = EDGE_LOOP('',(#6529,#6537,#6538,#6539));
#6529 = ORIENTED_EDGE('',*,*,#6530,.T.);
#6530 = EDGE_CURVE('',#6531,#6336,#6533,.T.);
#6531 = VERTEX_POINT('',#6532);
#6532 = CARTESIAN_POINT('',(-80.,14.,0.));
#6533 = LINE('',#6534,#6535);
#6534 = CARTESIAN_POINT('',(-80.,14.,-1.33226762955E-15));
#6535 = VECTOR('',#6536,1.);
#6536 = DIRECTION('',(0.,2.22044604925E-16,1.));
#6537 = ORIENTED_EDGE('',*,*,#6359,.T.);
#6538 = ORIENTED_EDGE('',*,*,#6506,.F.);
#6539 = ORIENTED_EDGE('',*,*,#6540,.F.);
#6540 = EDGE_CURVE('',#6531,#6507,#6541,.T.);
#6541 = LINE('',#6542,#6543);
#6542 = CARTESIAN_POINT('',(-80.,14.,-1.7763568394E-15));
#6543 = VECTOR('',#6544,1.);
#6544 = DIRECTION('',(0.,1.,-2.22044604925E-16));
#6545 = PLANE('',#6546);
#6546 = AXIS2_PLACEMENT_3D('',#6547,#6548,#6549);
#6547 = CARTESIAN_POINT('',(-80.,14.,-1.33226762955E-15));
#6548 = DIRECTION('',(-1.,0.,0.));
#6549 = DIRECTION('',(0.,1.,-2.22044604925E-16));
#6550 = ADVANCED_FACE('',(#6551),#6562,.T.);
#6551 = FACE_BOUND('',#6552,.T.);
#6552 = EDGE_LOOP('',(#6553,#6554,#6555,#6556));
#6553 = ORIENTED_EDGE('',*,*,#6484,.T.);
#6554 = ORIENTED_EDGE('',*,*,#6333,.T.);
#6555 = ORIENTED_EDGE('',*,*,#6530,.F.);
#6556 = ORIENTED_EDGE('',*,*,#6557,.F.);
#6557 = EDGE_CURVE('',#6485,#6531,#6558,.T.);
#6558 = LINE('',#6559,#6560);
#6559 = CARTESIAN_POINT('',(-88.,14.,-1.7763568394E-15));
#6560 = VECTOR('',#6561,1.);
#6561 = DIRECTION('',(1.,0.,0.));
#6562 = PLANE('',#6563);
#6563 = AXIS2_PLACEMENT_3D('',#6564,#6565,#6566);
#6564 = CARTESIAN_POINT('',(-88.,14.,-1.33226762955E-15));
#6565 = DIRECTION('',(0.,1.,-2.22044604925E-16));
#6566 = DIRECTION('',(1.,0.,0.));
#6567 = ADVANCED_FACE('',(#6568),#6593,.T.);
#6568 = FACE_BOUND('',#6569,.T.);
#6569 = EDGE_LOOP('',(#6570,#6578,#6579,#6587));
#6570 = ORIENTED_EDGE('',*,*,#6571,.T.);
#6571 = EDGE_CURVE('',#6572,#6378,#6574,.T.);
#6572 = VERTEX_POINT('',#6573);
#6573 = CARTESIAN_POINT('',(-75.,118.8,-2.48689957516E-14));
#6574 = LINE('',#6575,#6576);
#6575 = CARTESIAN_POINT('',(-75.,118.8,-2.460254222569E-14));
#6576 = VECTOR('',#6577,1.);
#6577 = DIRECTION('',(0.,2.22044604925E-16,1.));
#6578 = ORIENTED_EDGE('',*,*,#6377,.T.);
#6579 = ORIENTED_EDGE('',*,*,#6580,.F.);
#6580 = EDGE_CURVE('',#6581,#6368,#6583,.T.);
#6581 = VERTEX_POINT('',#6582);
#6582 = CARTESIAN_POINT('',(-75.,14.,0.));
#6583 = LINE('',#6584,#6585);
#6584 = CARTESIAN_POINT('',(-75.,14.,-1.33226762955E-15));
#6585 = VECTOR('',#6586,1.);
#6586 = DIRECTION('',(0.,2.22044604925E-16,1.));
#6587 = ORIENTED_EDGE('',*,*,#6588,.F.);
#6588 = EDGE_CURVE('',#6572,#6581,#6589,.T.);
#6589 = LINE('',#6590,#6591);
#6590 = CARTESIAN_POINT('',(-75.,118.8,-2.48689957516E-14));
#6591 = VECTOR('',#6592,1.);
#6592 = DIRECTION('',(0.,-1.,2.22044604925E-16));
#6593 = PLANE('',#6594);
#6594 = AXIS2_PLACEMENT_3D('',#6595,#6596,#6597);
#6595 = CARTESIAN_POINT('',(-75.,118.8,-2.460254222569E-14));
#6596 = DIRECTION('',(1.,0.,0.));
#6597 = DIRECTION('',(0.,-1.,2.22044604925E-16));
#6598 = ADVANCED_FACE('',(#6599),#6617,.T.);
#6599 = FACE_BOUND('',#6600,.T.);
#6600 = EDGE_LOOP('',(#6601,#6609,#6610,#6611));
#6601 = ORIENTED_EDGE('',*,*,#6602,.T.);
#6602 = EDGE_CURVE('',#6603,#6386,#6605,.T.);
#6603 = VERTEX_POINT('',#6604);
#6604 = CARTESIAN_POINT('',(-67.,118.8,-2.48689957516E-14));
#6605 = LINE('',#6606,#6607);
#6606 = CARTESIAN_POINT('',(-67.,118.8,-2.460254222569E-14));
#6607 = VECTOR('',#6608,1.);
#6608 = DIRECTION('',(0.,2.22044604925E-16,1.));
#6609 = ORIENTED_EDGE('',*,*,#6385,.T.);
#6610 = ORIENTED_EDGE('',*,*,#6571,.F.);
#6611 = ORIENTED_EDGE('',*,*,#6612,.F.);
#6612 = EDGE_CURVE('',#6603,#6572,#6613,.T.);
#6613 = LINE('',#6614,#6615);
#6614 = CARTESIAN_POINT('',(-67.,118.8,-2.48689957516E-14));
#6615 = VECTOR('',#6616,1.);
#6616 = DIRECTION('',(-1.,0.,0.));
#6617 = PLANE('',#6618);
#6618 = AXIS2_PLACEMENT_3D('',#6619,#6620,#6621);
#6619 = CARTESIAN_POINT('',(-67.,118.8,-2.460254222569E-14));
#6620 = DIRECTION('',(0.,-1.,2.22044604925E-16));
#6621 = DIRECTION('',(-1.,0.,0.));
#6622 = ADVANCED_FACE('',(#6623),#6641,.T.);
#6623 = FACE_BOUND('',#6624,.T.);
#6624 = EDGE_LOOP('',(#6625,#6633,#6634,#6635));
#6625 = ORIENTED_EDGE('',*,*,#6626,.T.);
#6626 = EDGE_CURVE('',#6627,#6370,#6629,.T.);
#6627 = VERTEX_POINT('',#6628);
#6628 = CARTESIAN_POINT('',(-67.,14.,0.));
#6629 = LINE('',#6630,#6631);
#6630 = CARTESIAN_POINT('',(-67.,14.,-1.33226762955E-15));
#6631 = VECTOR('',#6632,1.);
#6632 = DIRECTION('',(0.,2.22044604925E-16,1.));
#6633 = ORIENTED_EDGE('',*,*,#6393,.T.);
#6634 = ORIENTED_EDGE('',*,*,#6602,.F.);
#6635 = ORIENTED_EDGE('',*,*,#6636,.F.);
#6636 = EDGE_CURVE('',#6627,#6603,#6637,.T.);
#6637 = LINE('',#6638,#6639);
#6638 = CARTESIAN_POINT('',(-67.,14.,-1.7763568394E-15));
#6639 = VECTOR('',#6640,1.);
#6640 = DIRECTION('',(0.,1.,-2.22044604925E-16));
#6641 = PLANE('',#6642);
#6642 = AXIS2_PLACEMENT_3D('',#6643,#6644,#6645);
#6643 = CARTESIAN_POINT('',(-67.,14.,-1.33226762955E-15));
#6644 = DIRECTION('',(-1.,0.,0.));
#6645 = DIRECTION('',(0.,1.,-2.22044604925E-16));
#6646 = ADVANCED_FACE('',(#6647),#6658,.T.);
#6647 = FACE_BOUND('',#6648,.T.);
#6648 = EDGE_LOOP('',(#6649,#6650,#6651,#6652));
#6649 = ORIENTED_EDGE('',*,*,#6580,.T.);
#6650 = ORIENTED_EDGE('',*,*,#6367,.T.);
#6651 = ORIENTED_EDGE('',*,*,#6626,.F.);
#6652 = ORIENTED_EDGE('',*,*,#6653,.F.);
#6653 = EDGE_CURVE('',#6581,#6627,#6654,.T.);
#6654 = LINE('',#6655,#6656);
#6655 = CARTESIAN_POINT('',(-75.,14.,-1.7763568394E-15));
#6656 = VECTOR('',#6657,1.);
#6657 = DIRECTION('',(1.,0.,0.));
#6658 = PLANE('',#6659);
#6659 = AXIS2_PLACEMENT_3D('',#6660,#6661,#6662);
#6660 = CARTESIAN_POINT('',(-75.,14.,-1.33226762955E-15));
#6661 = DIRECTION('',(0.,1.,-2.22044604925E-16));
#6662 = DIRECTION('',(1.,0.,0.));
#6663 = ADVANCED_FACE('',(#6664),#6689,.T.);
#6664 = FACE_BOUND('',#6665,.T.);
#6665 = EDGE_LOOP('',(#6666,#6674,#6675,#6683));
#6666 = ORIENTED_EDGE('',*,*,#6667,.T.);
#6667 = EDGE_CURVE('',#6668,#6412,#6670,.T.);
#6668 = VERTEX_POINT('',#6669);
#6669 = CARTESIAN_POINT('',(-62.,118.8,-2.48689957516E-14));
#6670 = LINE('',#6671,#6672);
#6671 = CARTESIAN_POINT('',(-62.,118.8,-2.460254222569E-14));
#6672 = VECTOR('',#6673,1.);
#6673 = DIRECTION('',(0.,2.22044604925E-16,1.));
#6674 = ORIENTED_EDGE('',*,*,#6411,.T.);
#6675 = ORIENTED_EDGE('',*,*,#6676,.F.);
#6676 = EDGE_CURVE('',#6677,#6402,#6679,.T.);
#6677 = VERTEX_POINT('',#6678);
#6678 = CARTESIAN_POINT('',(-62.,14.,0.));
#6679 = LINE('',#6680,#6681);
#6680 = CARTESIAN_POINT('',(-62.,14.,-1.33226762955E-15));
#6681 = VECTOR('',#6682,1.);
#6682 = DIRECTION('',(0.,2.22044604925E-16,1.));
#6683 = ORIENTED_EDGE('',*,*,#6684,.F.);
#6684 = EDGE_CURVE('',#6668,#6677,#6685,.T.);
#6685 = LINE('',#6686,#6687);
#6686 = CARTESIAN_POINT('',(-62.,118.8,-2.48689957516E-14));
#6687 = VECTOR('',#6688,1.);
#6688 = DIRECTION('',(0.,-1.,2.22044604925E-16));
#6689 = PLANE('',#6690);
#6690 = AXIS2_PLACEMENT_3D('',#6691,#6692,#6693);
#6691 = CARTESIAN_POINT('',(-62.,118.8,-2.460254222569E-14));
#6692 = DIRECTION('',(1.,0.,0.));
#6693 = DIRECTION('',(0.,-1.,2.22044604925E-16));
#6694 = ADVANCED_FACE('',(#6695),#6713,.T.);
#6695 = FACE_BOUND('',#6696,.T.);
#6696 = EDGE_LOOP('',(#6697,#6705,#6706,#6707));
#6697 = ORIENTED_EDGE('',*,*,#6698,.T.);
#6698 = EDGE_CURVE('',#6699,#6420,#6701,.T.);
#6699 = VERTEX_POINT('',#6700);
#6700 = CARTESIAN_POINT('',(-54.,118.8,-2.48689957516E-14));
#6701 = LINE('',#6702,#6703);
#6702 = CARTESIAN_POINT('',(-54.,118.8,-2.460254222569E-14));
#6703 = VECTOR('',#6704,1.);
#6704 = DIRECTION('',(0.,2.22044604925E-16,1.));
#6705 = ORIENTED_EDGE('',*,*,#6419,.T.);
#6706 = ORIENTED_EDGE('',*,*,#6667,.F.);
#6707 = ORIENTED_EDGE('',*,*,#6708,.F.);
#6708 = EDGE_CURVE('',#6699,#6668,#6709,.T.);
#6709 = LINE('',#6710,#6711);
#6710 = CARTESIAN_POINT('',(-54.,118.8,-2.48689957516E-14));
#6711 = VECTOR('',#6712,1.);
#6712 = DIRECTION('',(-1.,0.,0.));
#6713 = PLANE('',#6714);
#6714 = AXIS2_PLACEMENT_3D('',#6715,#6716,#6717);
#6715 = CARTESIAN_POINT('',(-54.,118.8,-2.460254222569E-14));
#6716 = DIRECTION('',(0.,-1.,2.22044604925E-16));
#6717 = DIRECTION('',(-1.,0.,0.));
#6718 = ADVANCED_FACE('',(#6719),#6737,.T.);
#6719 = FACE_BOUND('',#6720,.T.);
#6720 = EDGE_LOOP('',(#6721,#6729,#6730,#6731));
#6721 = ORIENTED_EDGE('',*,*,#6722,.T.);
#6722 = EDGE_CURVE('',#6723,#6404,#6725,.T.);
#6723 = VERTEX_POINT('',#6724);
#6724 = CARTESIAN_POINT('',(-54.,14.,0.));
#6725 = LINE('',#6726,#6727);
#6726 = CARTESIAN_POINT('',(-54.,14.,-1.33226762955E-15));
#6727 = VECTOR('',#6728,1.);
#6728 = DIRECTION('',(0.,2.22044604925E-16,1.));
#6729 = ORIENTED_EDGE('',*,*,#6427,.T.);
#6730 = ORIENTED_EDGE('',*,*,#6698,.F.);
#6731 = ORIENTED_EDGE('',*,*,#6732,.F.);
#6732 = EDGE_CURVE('',#6723,#6699,#6733,.T.);
#6733 = LINE('',#6734,#6735);
#6734 = CARTESIAN_POINT('',(-54.,14.,-1.7763568394E-15));
#6735 = VECTOR('',#6736,1.);
#6736 = DIRECTION('',(0.,1.,-2.22044604925E-16));
#6737 = PLANE('',#6738);
#6738 = AXIS2_PLACEMENT_3D('',#6739,#6740,#6741);
#6739 = CARTESIAN_POINT('',(-54.,14.,-1.33226762955E-15));
#6740 = DIRECTION('',(-1.,0.,0.));
#6741 = DIRECTION('',(0.,1.,-2.22044604925E-16));
#6742 = ADVANCED_FACE('',(#6743),#6754,.T.);
#6743 = FACE_BOUND('',#6744,.T.);
#6744 = EDGE_LOOP('',(#6745,#6746,#6747,#6748));
#6745 = ORIENTED_EDGE('',*,*,#6676,.T.);
#6746 = ORIENTED_EDGE('',*,*,#6401,.T.);
#6747 = ORIENTED_EDGE('',*,*,#6722,.F.);
#6748 = ORIENTED_EDGE('',*,*,#6749,.F.);
#6749 = EDGE_CURVE('',#6677,#6723,#6750,.T.);
#6750 = LINE('',#6751,#6752);
#6751 = CARTESIAN_POINT('',(-62.,14.,-1.7763568394E-15));
#6752 = VECTOR('',#6753,1.);
#6753 = DIRECTION('',(1.,0.,0.));
#6754 = PLANE('',#6755);
#6755 = AXIS2_PLACEMENT_3D('',#6756,#6757,#6758);
#6756 = CARTESIAN_POINT('',(-62.,14.,-1.33226762955E-15));
#6757 = DIRECTION('',(0.,1.,-2.22044604925E-16));
#6758 = DIRECTION('',(1.,0.,0.));
#6759 = ADVANCED_FACE('',(#6760),#6785,.T.);
#6760 = FACE_BOUND('',#6761,.T.);
#6761 = EDGE_LOOP('',(#6762,#6770,#6771,#6779));
#6762 = ORIENTED_EDGE('',*,*,#6763,.T.);
#6763 = EDGE_CURVE('',#6764,#6446,#6766,.T.);
#6764 = VERTEX_POINT('',#6765);
#6765 = CARTESIAN_POINT('',(-49.,118.8,-2.48689957516E-14));
#6766 = LINE('',#6767,#6768);
#6767 = CARTESIAN_POINT('',(-49.,118.8,-2.460254222569E-14));
#6768 = VECTOR('',#6769,1.);
#6769 = DIRECTION('',(0.,2.22044604925E-16,1.));
#6770 = ORIENTED_EDGE('',*,*,#6445,.T.);
#6771 = ORIENTED_EDGE('',*,*,#6772,.F.);
#6772 = EDGE_CURVE('',#6773,#6436,#6775,.T.);
#6773 = VERTEX_POINT('',#6774);
#6774 = CARTESIAN_POINT('',(-49.,14.,0.));
#6775 = LINE('',#6776,#6777);
#6776 = CARTESIAN_POINT('',(-49.,14.,-1.33226762955E-15));
#6777 = VECTOR('',#6778,1.);
#6778 = DIRECTION('',(0.,2.22044604925E-16,1.));
#6779 = ORIENTED_EDGE('',*,*,#6780,.F.);
#6780 = EDGE_CURVE('',#6764,#6773,#6781,.T.);
#6781 = LINE('',#6782,#6783);
#6782 = CARTESIAN_POINT('',(-49.,118.8,-2.48689957516E-14));
#6783 = VECTOR('',#6784,1.);
#6784 = DIRECTION('',(0.,-1.,2.22044604925E-16));
#6785 = PLANE('',#6786);
#6786 = AXIS2_PLACEMENT_3D('',#6787,#6788,#6789);
#6787 = CARTESIAN_POINT('',(-49.,118.8,-2.460254222569E-14));
#6788 = DIRECTION('',(1.,0.,0.));
#6789 = DIRECTION('',(0.,-1.,2.22044604925E-16));
#6790 = ADVANCED_FACE('',(#6791),#6809,.T.);
#6791 = FACE_BOUND('',#6792,.T.);
#6792 = EDGE_LOOP('',(#6793,#6801,#6802,#6803));
#6793 = ORIENTED_EDGE('',*,*,#6794,.T.);
#6794 = EDGE_CURVE('',#6795,#6454,#6797,.T.);
#6795 = VERTEX_POINT('',#6796);
#6796 = CARTESIAN_POINT('',(-41.,118.8,-2.48689957516E-14));
#6797 = LINE('',#6798,#6799);
#6798 = CARTESIAN_POINT('',(-41.,118.8,-2.460254222569E-14));
#6799 = VECTOR('',#6800,1.);
#6800 = DIRECTION('',(0.,2.22044604925E-16,1.));
#6801 = ORIENTED_EDGE('',*,*,#6453,.T.);
#6802 = ORIENTED_EDGE('',*,*,#6763,.F.);
#6803 = ORIENTED_EDGE('',*,*,#6804,.F.);
#6804 = EDGE_CURVE('',#6795,#6764,#6805,.T.);
#6805 = LINE('',#6806,#6807);
#6806 = CARTESIAN_POINT('',(-41.,118.8,-2.48689957516E-14));
#6807 = VECTOR('',#6808,1.);
#6808 = DIRECTION('',(-1.,0.,0.));
#6809 = PLANE('',#6810);
#6810 = AXIS2_PLACEMENT_3D('',#6811,#6812,#6813);
#6811 = CARTESIAN_POINT('',(-41.,118.8,-2.460254222569E-14));
#6812 = DIRECTION('',(0.,-1.,2.22044604925E-16));
#6813 = DIRECTION('',(-1.,0.,0.));
#6814 = ADVANCED_FACE('',(#6815),#6833,.T.);
#6815 = FACE_BOUND('',#6816,.T.);
#6816 = EDGE_LOOP('',(#6817,#6825,#6826,#6827));
#6817 = ORIENTED_EDGE('',*,*,#6818,.T.);
#6818 = EDGE_CURVE('',#6819,#6438,#6821,.T.);
#6819 = VERTEX_POINT('',#6820);
#6820 = CARTESIAN_POINT('',(-41.,14.,0.));
#6821 = LINE('',#6822,#6823);
#6822 = CARTESIAN_POINT('',(-41.,14.,-1.33226762955E-15));
#6823 = VECTOR('',#6824,1.);
#6824 = DIRECTION('',(0.,2.22044604925E-16,1.));
#6825 = ORIENTED_EDGE('',*,*,#6461,.T.);
#6826 = ORIENTED_EDGE('',*,*,#6794,.F.);
#6827 = ORIENTED_EDGE('',*,*,#6828,.F.);
#6828 = EDGE_CURVE('',#6819,#6795,#6829,.T.);
#6829 = LINE('',#6830,#6831);
#6830 = CARTESIAN_POINT('',(-41.,14.,-1.7763568394E-15));
#6831 = VECTOR('',#6832,1.);
#6832 = DIRECTION('',(0.,1.,-2.22044604925E-16));
#6833 = PLANE('',#6834);
#6834 = AXIS2_PLACEMENT_3D('',#6835,#6836,#6837);
#6835 = CARTESIAN_POINT('',(-41.,14.,-1.33226762955E-15));
#6836 = DIRECTION('',(-1.,0.,0.));
#6837 = DIRECTION('',(0.,1.,-2.22044604925E-16));
#6838 = ADVANCED_FACE('',(#6839),#6850,.T.);
#6839 = FACE_BOUND('',#6840,.T.);
#6840 = EDGE_LOOP('',(#6841,#6842,#6843,#6844));
#6841 = ORIENTED_EDGE('',*,*,#6772,.T.);
#6842 = ORIENTED_EDGE('',*,*,#6435,.T.);
#6843 = ORIENTED_EDGE('',*,*,#6818,.F.);
#6844 = ORIENTED_EDGE('',*,*,#6845,.F.);
#6845 = EDGE_CURVE('',#6773,#6819,#6846,.T.);
#6846 = LINE('',#6847,#6848);
#6847 = CARTESIAN_POINT('',(-49.,14.,-1.7763568394E-15));
#6848 = VECTOR('',#6849,1.);
#6849 = DIRECTION('',(1.,0.,0.));
#6850 = PLANE('',#6851);
#6851 = AXIS2_PLACEMENT_3D('',#6852,#6853,#6854);
#6852 = CARTESIAN_POINT('',(-49.,14.,-1.33226762955E-15));
#6853 = DIRECTION('',(0.,1.,-2.22044604925E-16));
#6854 = DIRECTION('',(1.,0.,0.));
#6855 = ADVANCED_FACE('',(#6856),#6889,.T.);
#6856 = FACE_BOUND('',#6857,.T.);
#6857 = EDGE_LOOP('',(#6858,#6868,#6876,#6882,#6883));
#6858 = ORIENTED_EDGE('',*,*,#6859,.T.);
#6859 = EDGE_CURVE('',#6860,#6862,#6864,.T.);
#6860 = VERTEX_POINT('',#6861);
#6861 = CARTESIAN_POINT('',(-98.7,124.8,11.225));
#6862 = VERTEX_POINT('',#6863);
#6863 = CARTESIAN_POINT('',(-98.7,127.8,11.225));
#6864 = LINE('',#6865,#6866);
#6865 = CARTESIAN_POINT('',(-98.7,124.8,11.225));
#6866 = VECTOR('',#6867,1.);
#6867 = DIRECTION('',(0.,1.,-3.330669073875E-16));
#6868 = ORIENTED_EDGE('',*,*,#6869,.T.);
#6869 = EDGE_CURVE('',#6862,#6870,#6872,.T.);
#6870 = VERTEX_POINT('',#6871);
#6871 = CARTESIAN_POINT('',(-98.7,127.8,-1.42108547152E-14));
#6872 = LINE('',#6873,#6874);
#6873 = CARTESIAN_POINT('',(-98.7,127.8,11.225));
#6874 = VECTOR('',#6875,1.);
#6875 = DIRECTION('',(0.,-3.330669073875E-16,-1.));
#6876 = ORIENTED_EDGE('',*,*,#6877,.F.);
#6877 = EDGE_CURVE('',#5998,#6870,#6878,.T.);
#6878 = LINE('',#6879,#6880);
#6879 = CARTESIAN_POINT('',(-98.7,124.8,-1.296740492762E-14));
#6880 = VECTOR('',#6881,1.);
#6881 = DIRECTION('',(0.,1.,-3.330669073875E-16));
#6882 = ORIENTED_EDGE('',*,*,#5997,.F.);
#6883 = ORIENTED_EDGE('',*,*,#6884,.F.);
#6884 = EDGE_CURVE('',#6860,#5990,#6885,.T.);
#6885 = LINE('',#6886,#6887);
#6886 = CARTESIAN_POINT('',(-98.7,124.8,11.225));
#6887 = VECTOR('',#6888,1.);
#6888 = DIRECTION('',(0.,-3.330669073875E-16,-1.));
#6889 = PLANE('',#6890);
#6890 = AXIS2_PLACEMENT_3D('',#6891,#6892,#6893);
#6891 = CARTESIAN_POINT('',(-98.7,124.8,11.225));
#6892 = DIRECTION('',(-1.,0.,0.));
#6893 = DIRECTION('',(0.,-3.330669073875E-16,-1.));
#6894 = ADVANCED_FACE('',(#6895),#6901,.T.);
#6895 = FACE_BOUND('',#6896,.T.);
#6896 = EDGE_LOOP('',(#6897,#6898,#6899,#6900));
#6897 = ORIENTED_EDGE('',*,*,#5973,.F.);
#6898 = ORIENTED_EDGE('',*,*,#6074,.T.);
#6899 = ORIENTED_EDGE('',*,*,#6052,.F.);
#6900 = ORIENTED_EDGE('',*,*,#6019,.F.);
#6901 = PLANE('',#6902);
#6902 = AXIS2_PLACEMENT_3D('',#6903,#6904,#6905);
#6903 = CARTESIAN_POINT('',(-70.34463937621,70.255360623782,6.));
#6904 = DIRECTION('',(0.,6.661338147751E-16,1.));
#6905 = DIRECTION('',(0.,-1.,6.661338147751E-16));
#6906 = ADVANCED_FACE('',(#6907),#6932,.T.);
#6907 = FACE_BOUND('',#6908,.F.);
#6908 = EDGE_LOOP('',(#6909,#6917,#6925,#6931));
#6909 = ORIENTED_EDGE('',*,*,#6910,.T.);
#6910 = EDGE_CURVE('',#6870,#6911,#6913,.T.);
#6911 = VERTEX_POINT('',#6912);
#6912 = CARTESIAN_POINT('',(-30.,127.8,-1.42108547152E-14));
#6913 = LINE('',#6914,#6915);
#6914 = CARTESIAN_POINT('',(-98.7,127.8,-1.42108547152E-14));
#6915 = VECTOR('',#6916,1.);
#6916 = DIRECTION('',(1.,0.,0.));
#6917 = ORIENTED_EDGE('',*,*,#6918,.T.);
#6918 = EDGE_CURVE('',#6911,#6919,#6921,.T.);
#6919 = VERTEX_POINT('',#6920);
#6920 = CARTESIAN_POINT('',(-30.,127.8,11.225));
#6921 = LINE('',#6922,#6923);
#6922 = CARTESIAN_POINT('',(-30.,127.8,-1.42108547152E-14));
#6923 = VECTOR('',#6924,1.);
#6924 = DIRECTION('',(0.,3.330669073875E-16,1.));
#6925 = ORIENTED_EDGE('',*,*,#6926,.T.);
#6926 = EDGE_CURVE('',#6919,#6862,#6927,.T.);
#6927 = LINE('',#6928,#6929);
#6928 = CARTESIAN_POINT('',(-30.,127.8,11.225));
#6929 = VECTOR('',#6930,1.);
#6930 = DIRECTION('',(-1.,0.,0.));
#6931 = ORIENTED_EDGE('',*,*,#6869,.T.);
#6932 = PLANE('',#6933);
#6933 = AXIS2_PLACEMENT_3D('',#6934,#6935,#6936);
#6934 = CARTESIAN_POINT('',(-64.35,127.8,5.6125));
#6935 = DIRECTION('',(0.,1.,-1.110223024625E-16));
#6936 = DIRECTION('',(0.,1.110223024625E-16,1.));
#6937 = ADVANCED_FACE('',(#6938),#6956,.F.);
#6938 = FACE_BOUND('',#6939,.F.);
#6939 = EDGE_LOOP('',(#6940,#6941,#6942,#6950));
#6940 = ORIENTED_EDGE('',*,*,#6323,.T.);
#6941 = ORIENTED_EDGE('',*,*,#6884,.F.);
#6942 = ORIENTED_EDGE('',*,*,#6943,.F.);
#6943 = EDGE_CURVE('',#6944,#6860,#6946,.T.);
#6944 = VERTEX_POINT('',#6945);
#6945 = CARTESIAN_POINT('',(-30.,124.8,11.225));
#6946 = LINE('',#6947,#6948);
#6947 = CARTESIAN_POINT('',(-30.,124.8,11.225));
#6948 = VECTOR('',#6949,1.);
#6949 = DIRECTION('',(-1.,0.,0.));
#6950 = ORIENTED_EDGE('',*,*,#6951,.F.);
#6951 = EDGE_CURVE('',#6316,#6944,#6952,.T.);
#6952 = LINE('',#6953,#6954);
#6953 = CARTESIAN_POINT('',(-30.,124.8,-1.42108547152E-14));
#6954 = VECTOR('',#6955,1.);
#6955 = DIRECTION('',(0.,3.330669073875E-16,1.));
#6956 = PLANE('',#6957);
#6957 = AXIS2_PLACEMENT_3D('',#6958,#6959,#6960);
#6958 = CARTESIAN_POINT('',(-64.35,124.8,5.6125));
#6959 = DIRECTION('',(0.,1.,-1.110223024625E-16));
#6960 = DIRECTION('',(0.,1.110223024625E-16,1.));
#6961 = ADVANCED_FACE('',(#6962),#6973,.T.);
#6962 = FACE_BOUND('',#6963,.T.);
#6963 = EDGE_LOOP('',(#6964,#6970,#6971,#6972));
#6964 = ORIENTED_EDGE('',*,*,#6965,.T.);
#6965 = EDGE_CURVE('',#6944,#6919,#6966,.T.);
#6966 = LINE('',#6967,#6968);
#6967 = CARTESIAN_POINT('',(-30.,124.8,11.225));
#6968 = VECTOR('',#6969,1.);
#6969 = DIRECTION('',(0.,1.,-3.330669073875E-16));
#6970 = ORIENTED_EDGE('',*,*,#6926,.T.);
#6971 = ORIENTED_EDGE('',*,*,#6859,.F.);
#6972 = ORIENTED_EDGE('',*,*,#6943,.F.);
#6973 = PLANE('',#6974);
#6974 = AXIS2_PLACEMENT_3D('',#6975,#6976,#6977);
#6975 = CARTESIAN_POINT('',(-30.,124.8,11.225));
#6976 = DIRECTION('',(0.,3.330669073875E-16,1.));
#6977 = DIRECTION('',(-1.,0.,0.));
#6978 = ADVANCED_FACE('',(#6979,#6994,#7000,#7006,#7012,#7018,#7021,
    #7024,#7027),#7030,.T.);
#6979 = FACE_BOUND('',#6980,.T.);
#6980 = EDGE_LOOP('',(#6981,#6982,#6983,#6984,#6985,#6991,#6992,#6993));
#6981 = ORIENTED_EDGE('',*,*,#5847,.T.);
#6982 = ORIENTED_EDGE('',*,*,#6005,.T.);
#6983 = ORIENTED_EDGE('',*,*,#6877,.T.);
#6984 = ORIENTED_EDGE('',*,*,#6910,.T.);
#6985 = ORIENTED_EDGE('',*,*,#6986,.F.);
#6986 = EDGE_CURVE('',#6123,#6911,#6987,.T.);
#6987 = LINE('',#6988,#6989);
#6988 = CARTESIAN_POINT('',(-30.,124.8,-1.296740492762E-14));
#6989 = VECTOR('',#6990,1.);
#6990 = DIRECTION('',(0.,1.,-3.330669073875E-16));
#6991 = ORIENTED_EDGE('',*,*,#6122,.T.);
#6992 = ORIENTED_EDGE('',*,*,#6091,.F.);
#6993 = ORIENTED_EDGE('',*,*,#5910,.F.);
#6994 = FACE_BOUND('',#6995,.T.);
#6995 = EDGE_LOOP('',(#6996,#6997,#6998,#6999));
#6996 = ORIENTED_EDGE('',*,*,#6492,.T.);
#6997 = ORIENTED_EDGE('',*,*,#6557,.T.);
#6998 = ORIENTED_EDGE('',*,*,#6540,.T.);
#6999 = ORIENTED_EDGE('',*,*,#6516,.T.);
#7000 = FACE_BOUND('',#7001,.T.);
#7001 = EDGE_LOOP('',(#7002,#7003,#7004,#7005));
#7002 = ORIENTED_EDGE('',*,*,#6588,.T.);
#7003 = ORIENTED_EDGE('',*,*,#6653,.T.);
#7004 = ORIENTED_EDGE('',*,*,#6636,.T.);
#7005 = ORIENTED_EDGE('',*,*,#6612,.T.);
#7006 = FACE_BOUND('',#7007,.T.);
#7007 = EDGE_LOOP('',(#7008,#7009,#7010,#7011));
#7008 = ORIENTED_EDGE('',*,*,#6684,.T.);
#7009 = ORIENTED_EDGE('',*,*,#6749,.T.);
#7010 = ORIENTED_EDGE('',*,*,#6732,.T.);
#7011 = ORIENTED_EDGE('',*,*,#6708,.T.);
#7012 = FACE_BOUND('',#7013,.T.);
#7013 = EDGE_LOOP('',(#7014,#7015,#7016,#7017));
#7014 = ORIENTED_EDGE('',*,*,#6780,.T.);
#7015 = ORIENTED_EDGE('',*,*,#6845,.T.);
#7016 = ORIENTED_EDGE('',*,*,#6828,.T.);
#7017 = ORIENTED_EDGE('',*,*,#6804,.T.);
#7018 = FACE_BOUND('',#7019,.T.);
#7019 = EDGE_LOOP('',(#7020));
#7020 = ORIENTED_EDGE('',*,*,#6247,.T.);
#7021 = FACE_BOUND('',#7022,.T.);
#7022 = EDGE_LOOP('',(#7023));
#7023 = ORIENTED_EDGE('',*,*,#6222,.T.);
#7024 = FACE_BOUND('',#7025,.T.);
#7025 = EDGE_LOOP('',(#7026));
#7026 = ORIENTED_EDGE('',*,*,#6297,.T.);
#7027 = FACE_BOUND('',#7028,.T.);
#7028 = EDGE_LOOP('',(#7029));
#7029 = ORIENTED_EDGE('',*,*,#6272,.T.);
#7030 = PLANE('',#7031);
#7031 = AXIS2_PLACEMENT_3D('',#7032,#7033,#7034);
#7032 = CARTESIAN_POINT('',(-34.91004832863,67.538743455497,
    -3.898642271771E-14));
#7033 = DIRECTION('',(0.,-6.478259802041E-16,-1.));
#7034 = DIRECTION('',(0.,1.,-6.478259802041E-16));
#7035 = ADVANCED_FACE('',(#7036),#7046,.T.);
#7036 = FACE_BOUND('',#7037,.T.);
#7037 = EDGE_LOOP('',(#7038,#7039,#7040,#7041,#7042,#7043,#7044,#7045));
#7038 = ORIENTED_EDGE('',*,*,#6155,.T.);
#7039 = ORIENTED_EDGE('',*,*,#6130,.F.);
#7040 = ORIENTED_EDGE('',*,*,#6986,.T.);
#7041 = ORIENTED_EDGE('',*,*,#6918,.T.);
#7042 = ORIENTED_EDGE('',*,*,#6965,.F.);
#7043 = ORIENTED_EDGE('',*,*,#6951,.F.);
#7044 = ORIENTED_EDGE('',*,*,#6315,.F.);
#7045 = ORIENTED_EDGE('',*,*,#5934,.F.);
#7046 = PLANE('',#7047);
#7047 = AXIS2_PLACEMENT_3D('',#7048,#7049,#7050);
#7048 = CARTESIAN_POINT('',(-30.,70.574298797939,5.6125));
#7049 = DIRECTION('',(1.,-1.099331026816E-31,-4.950946802725E-16));
#7050 = DIRECTION('',(4.950946802725E-16,2.22044604925E-16,1.));
#7051 = MANIFOLD_SOLID_BREP('',#7052);
#7052 = CLOSED_SHELL('',(#7053,#7125,#7300,#7331,#7363,#7396,#7435,#7466
    ,#7497,#7521,#7545,#7562,#7593,#7617,#7641,#7658,#7689,#7713,#7737,
    #7754,#7785,#7809,#7833,#7850,#7881,#7928,#7952,#7969,#7981,#7999,
    #8065,#8090,#8099,#8124,#8133,#8158,#8167,#8192,#8201,#8215,#8232));
#7053 = ADVANCED_FACE('',(#7054),#7120,.T.);
#7054 = FACE_BOUND('',#7055,.T.);
#7055 = EDGE_LOOP('',(#7056,#7066,#7074,#7082,#7090,#7098,#7106,#7114));
#7056 = ORIENTED_EDGE('',*,*,#7057,.T.);
#7057 = EDGE_CURVE('',#7058,#7060,#7062,.T.);
#7058 = VERTEX_POINT('',#7059);
#7059 = CARTESIAN_POINT('',(-29.7,8.,3.));
#7060 = VERTEX_POINT('',#7061);
#7061 = CARTESIAN_POINT('',(30.,8.,3.));
#7062 = LINE('',#7063,#7064);
#7063 = CARTESIAN_POINT('',(-29.7,8.,3.));
#7064 = VECTOR('',#7065,1.);
#7065 = DIRECTION('',(1.,0.,0.));
#7066 = ORIENTED_EDGE('',*,*,#7067,.T.);
#7067 = EDGE_CURVE('',#7060,#7068,#7070,.T.);
#7068 = VERTEX_POINT('',#7069);
#7069 = CARTESIAN_POINT('',(30.,8.,0.));
#7070 = LINE('',#7071,#7072);
#7071 = CARTESIAN_POINT('',(30.,8.,3.));
#7072 = VECTOR('',#7073,1.);
#7073 = DIRECTION('',(-1.184237892934E-15,-8.881784197001E-16,-1.));
#7074 = ORIENTED_EDGE('',*,*,#7075,.T.);
#7075 = EDGE_CURVE('',#7068,#7076,#7078,.T.);
#7076 = VERTEX_POINT('',#7077);
#7077 = CARTESIAN_POINT('',(98.8,8.,0.));
#7078 = LINE('',#7079,#7080);
#7079 = CARTESIAN_POINT('',(30.,8.,0.));
#7080 = VECTOR('',#7081,1.);
#7081 = DIRECTION('',(1.,0.,0.));
#7082 = ORIENTED_EDGE('',*,*,#7083,.T.);
#7083 = EDGE_CURVE('',#7076,#7084,#7086,.T.);
#7084 = VERTEX_POINT('',#7085);
#7085 = CARTESIAN_POINT('',(98.8,8.,3.));
#7086 = LINE('',#7087,#7088);
#7087 = CARTESIAN_POINT('',(98.8,8.,0.));
#7088 = VECTOR('',#7089,1.);
#7089 = DIRECTION('',(0.,8.881784197001E-16,1.));
#7090 = ORIENTED_EDGE('',*,*,#7091,.T.);
#7091 = EDGE_CURVE('',#7084,#7092,#7094,.T.);
#7092 = VERTEX_POINT('',#7093);
#7093 = CARTESIAN_POINT('',(106.8,8.,3.));
#7094 = LINE('',#7095,#7096);
#7095 = CARTESIAN_POINT('',(98.8,8.,3.));
#7096 = VECTOR('',#7097,1.);
#7097 = DIRECTION('',(1.,0.,0.));
#7098 = ORIENTED_EDGE('',*,*,#7099,.T.);
#7099 = EDGE_CURVE('',#7092,#7100,#7102,.T.);
#7100 = VERTEX_POINT('',#7101);
#7101 = CARTESIAN_POINT('',(106.8,8.,8.225));
#7102 = LINE('',#7103,#7104);
#7103 = CARTESIAN_POINT('',(106.8,8.,3.));
#7104 = VECTOR('',#7105,1.);
#7105 = DIRECTION('',(0.,8.881784197001E-16,1.));
#7106 = ORIENTED_EDGE('',*,*,#7107,.F.);
#7107 = EDGE_CURVE('',#7108,#7100,#7110,.T.);
#7108 = VERTEX_POINT('',#7109);
#7109 = CARTESIAN_POINT('',(-29.7,8.,8.225));
#7110 = LINE('',#7111,#7112);
#7111 = CARTESIAN_POINT('',(-29.7,8.,8.225));
#7112 = VECTOR('',#7113,1.);
#7113 = DIRECTION('',(1.,0.,0.));
#7114 = ORIENTED_EDGE('',*,*,#7115,.T.);
#7115 = EDGE_CURVE('',#7108,#7058,#7116,.T.);
#7116 = LINE('',#7117,#7118);
#7117 = CARTESIAN_POINT('',(-29.7,8.,6.));
#7118 = VECTOR('',#7119,1.);
#7119 = DIRECTION('',(1.184237892934E-15,-8.881784197001E-16,-1.));
#7120 = PLANE('',#7121);
#7121 = AXIS2_PLACEMENT_3D('',#7122,#7123,#7124);
#7122 = CARTESIAN_POINT('',(39.085843841769,8.,4.814175591639));
#7123 = DIRECTION('',(0.,-1.,4.440892098501E-16));
#7124 = DIRECTION('',(1.,0.,0.));
#7125 = ADVANCED_FACE('',(#7126,#7159,#7193,#7227,#7261),#7295,.T.);
#7126 = FACE_BOUND('',#7127,.T.);
#7127 = EDGE_LOOP('',(#7128,#7129,#7137,#7145,#7153));
#7128 = ORIENTED_EDGE('',*,*,#7107,.T.);
#7129 = ORIENTED_EDGE('',*,*,#7130,.T.);
#7130 = EDGE_CURVE('',#7100,#7131,#7133,.T.);
#7131 = VERTEX_POINT('',#7132);
#7132 = CARTESIAN_POINT('',(106.8,124.8,8.225));
#7133 = LINE('',#7134,#7135);
#7134 = CARTESIAN_POINT('',(106.8,8.,8.225));
#7135 = VECTOR('',#7136,1.);
#7136 = DIRECTION('',(0.,1.,-3.330669073875E-16));
#7137 = ORIENTED_EDGE('',*,*,#7138,.T.);
#7138 = EDGE_CURVE('',#7131,#7139,#7141,.T.);
#7139 = VERTEX_POINT('',#7140);
#7140 = CARTESIAN_POINT('',(98.7,124.8,8.225));
#7141 = LINE('',#7142,#7143);
#7142 = CARTESIAN_POINT('',(106.8,124.8,8.225));
#7143 = VECTOR('',#7144,1.);
#7144 = DIRECTION('',(-1.,0.,-0.));
#7145 = ORIENTED_EDGE('',*,*,#7146,.T.);
#7146 = EDGE_CURVE('',#7139,#7147,#7149,.T.);
#7147 = VERTEX_POINT('',#7148);
#7148 = CARTESIAN_POINT('',(-29.7,124.8,8.225));
#7149 = LINE('',#7150,#7151);
#7150 = CARTESIAN_POINT('',(106.8,124.8,8.225));
#7151 = VECTOR('',#7152,1.);
#7152 = DIRECTION('',(-1.,0.,-0.));
#7153 = ORIENTED_EDGE('',*,*,#7154,.T.);
#7154 = EDGE_CURVE('',#7147,#7108,#7155,.T.);
#7155 = LINE('',#7156,#7157);
#7156 = CARTESIAN_POINT('',(-29.7,124.8,8.225));
#7157 = VECTOR('',#7158,1.);
#7158 = DIRECTION('',(3.041706916781E-17,-1.,3.330669073875E-16));
#7159 = FACE_BOUND('',#7160,.T.);
#7160 = EDGE_LOOP('',(#7161,#7171,#7179,#7187));
#7161 = ORIENTED_EDGE('',*,*,#7162,.F.);
#7162 = EDGE_CURVE('',#7163,#7165,#7167,.T.);
#7163 = VERTEX_POINT('',#7164);
#7164 = CARTESIAN_POINT('',(41.,14.,8.225));
#7165 = VERTEX_POINT('',#7166);
#7166 = CARTESIAN_POINT('',(49.,14.,8.225));
#7167 = LINE('',#7168,#7169);
#7168 = CARTESIAN_POINT('',(41.,14.,8.225));
#7169 = VECTOR('',#7170,1.);
#7170 = DIRECTION('',(1.,0.,0.));
#7171 = ORIENTED_EDGE('',*,*,#7172,.F.);
#7172 = EDGE_CURVE('',#7173,#7163,#7175,.T.);
#7173 = VERTEX_POINT('',#7174);
#7174 = CARTESIAN_POINT('',(41.,118.8,8.225));
#7175 = LINE('',#7176,#7177);
#7176 = CARTESIAN_POINT('',(41.,118.8,8.225));
#7177 = VECTOR('',#7178,1.);
#7178 = DIRECTION('',(0.,-1.,2.22044604925E-16));
#7179 = ORIENTED_EDGE('',*,*,#7180,.F.);
#7180 = EDGE_CURVE('',#7181,#7173,#7183,.T.);
#7181 = VERTEX_POINT('',#7182);
#7182 = CARTESIAN_POINT('',(49.,118.8,8.225));
#7183 = LINE('',#7184,#7185);
#7184 = CARTESIAN_POINT('',(49.,118.8,8.225));
#7185 = VECTOR('',#7186,1.);
#7186 = DIRECTION('',(-1.,0.,0.));
#7187 = ORIENTED_EDGE('',*,*,#7188,.F.);
#7188 = EDGE_CURVE('',#7165,#7181,#7189,.T.);
#7189 = LINE('',#7190,#7191);
#7190 = CARTESIAN_POINT('',(49.,14.,8.225));
#7191 = VECTOR('',#7192,1.);
#7192 = DIRECTION('',(0.,1.,-2.22044604925E-16));
#7193 = FACE_BOUND('',#7194,.T.);
#7194 = EDGE_LOOP('',(#7195,#7205,#7213,#7221));
#7195 = ORIENTED_EDGE('',*,*,#7196,.F.);
#7196 = EDGE_CURVE('',#7197,#7199,#7201,.T.);
#7197 = VERTEX_POINT('',#7198);
#7198 = CARTESIAN_POINT('',(54.,14.,8.225));
#7199 = VERTEX_POINT('',#7200);
#7200 = CARTESIAN_POINT('',(62.,14.,8.225));
#7201 = LINE('',#7202,#7203);
#7202 = CARTESIAN_POINT('',(54.,14.,8.225));
#7203 = VECTOR('',#7204,1.);
#7204 = DIRECTION('',(1.,0.,0.));
#7205 = ORIENTED_EDGE('',*,*,#7206,.F.);
#7206 = EDGE_CURVE('',#7207,#7197,#7209,.T.);
#7207 = VERTEX_POINT('',#7208);
#7208 = CARTESIAN_POINT('',(54.,118.8,8.225));
#7209 = LINE('',#7210,#7211);
#7210 = CARTESIAN_POINT('',(54.,118.8,8.225));
#7211 = VECTOR('',#7212,1.);
#7212 = DIRECTION('',(0.,-1.,2.22044604925E-16));
#7213 = ORIENTED_EDGE('',*,*,#7214,.F.);
#7214 = EDGE_CURVE('',#7215,#7207,#7217,.T.);
#7215 = VERTEX_POINT('',#7216);
#7216 = CARTESIAN_POINT('',(62.,118.8,8.225));
#7217 = LINE('',#7218,#7219);
#7218 = CARTESIAN_POINT('',(62.,118.8,8.225));
#7219 = VECTOR('',#7220,1.);
#7220 = DIRECTION('',(-1.,0.,0.));
#7221 = ORIENTED_EDGE('',*,*,#7222,.F.);
#7222 = EDGE_CURVE('',#7199,#7215,#7223,.T.);
#7223 = LINE('',#7224,#7225);
#7224 = CARTESIAN_POINT('',(62.,14.,8.225));
#7225 = VECTOR('',#7226,1.);
#7226 = DIRECTION('',(0.,1.,-2.22044604925E-16));
#7227 = FACE_BOUND('',#7228,.T.);
#7228 = EDGE_LOOP('',(#7229,#7239,#7247,#7255));
#7229 = ORIENTED_EDGE('',*,*,#7230,.F.);
#7230 = EDGE_CURVE('',#7231,#7233,#7235,.T.);
#7231 = VERTEX_POINT('',#7232);
#7232 = CARTESIAN_POINT('',(67.,14.,8.225));
#7233 = VERTEX_POINT('',#7234);
#7234 = CARTESIAN_POINT('',(75.,14.,8.225));
#7235 = LINE('',#7236,#7237);
#7236 = CARTESIAN_POINT('',(67.,14.,8.225));
#7237 = VECTOR('',#7238,1.);
#7238 = DIRECTION('',(1.,0.,0.));
#7239 = ORIENTED_EDGE('',*,*,#7240,.F.);
#7240 = EDGE_CURVE('',#7241,#7231,#7243,.T.);
#7241 = VERTEX_POINT('',#7242);
#7242 = CARTESIAN_POINT('',(67.,118.8,8.225));
#7243 = LINE('',#7244,#7245);
#7244 = CARTESIAN_POINT('',(67.,118.8,8.225));
#7245 = VECTOR('',#7246,1.);
#7246 = DIRECTION('',(0.,-1.,2.22044604925E-16));
#7247 = ORIENTED_EDGE('',*,*,#7248,.F.);
#7248 = EDGE_CURVE('',#7249,#7241,#7251,.T.);
#7249 = VERTEX_POINT('',#7250);
#7250 = CARTESIAN_POINT('',(75.,118.8,8.225));
#7251 = LINE('',#7252,#7253);
#7252 = CARTESIAN_POINT('',(75.,118.8,8.225));
#7253 = VECTOR('',#7254,1.);
#7254 = DIRECTION('',(-1.,0.,0.));
#7255 = ORIENTED_EDGE('',*,*,#7256,.F.);
#7256 = EDGE_CURVE('',#7233,#7249,#7257,.T.);
#7257 = LINE('',#7258,#7259);
#7258 = CARTESIAN_POINT('',(75.,14.,8.225));
#7259 = VECTOR('',#7260,1.);
#7260 = DIRECTION('',(0.,1.,-2.22044604925E-16));
#7261 = FACE_BOUND('',#7262,.T.);
#7262 = EDGE_LOOP('',(#7263,#7273,#7281,#7289));
#7263 = ORIENTED_EDGE('',*,*,#7264,.F.);
#7264 = EDGE_CURVE('',#7265,#7267,#7269,.T.);
#7265 = VERTEX_POINT('',#7266);
#7266 = CARTESIAN_POINT('',(80.,14.,8.225));
#7267 = VERTEX_POINT('',#7268);
#7268 = CARTESIAN_POINT('',(88.,14.,8.225));
#7269 = LINE('',#7270,#7271);
#7270 = CARTESIAN_POINT('',(80.,14.,8.225));
#7271 = VECTOR('',#7272,1.);
#7272 = DIRECTION('',(1.,0.,0.));
#7273 = ORIENTED_EDGE('',*,*,#7274,.F.);
#7274 = EDGE_CURVE('',#7275,#7265,#7277,.T.);
#7275 = VERTEX_POINT('',#7276);
#7276 = CARTESIAN_POINT('',(80.,118.8,8.225));
#7277 = LINE('',#7278,#7279);
#7278 = CARTESIAN_POINT('',(80.,118.8,8.225));
#7279 = VECTOR('',#7280,1.);
#7280 = DIRECTION('',(0.,-1.,2.22044604925E-16));
#7281 = ORIENTED_EDGE('',*,*,#7282,.F.);
#7282 = EDGE_CURVE('',#7283,#7275,#7285,.T.);
#7283 = VERTEX_POINT('',#7284);
#7284 = CARTESIAN_POINT('',(88.,118.8,8.225));
#7285 = LINE('',#7286,#7287);
#7286 = CARTESIAN_POINT('',(88.,118.8,8.225));
#7287 = VECTOR('',#7288,1.);
#7288 = DIRECTION('',(-1.,0.,0.));
#7289 = ORIENTED_EDGE('',*,*,#7290,.F.);
#7290 = EDGE_CURVE('',#7267,#7283,#7291,.T.);
#7291 = LINE('',#7292,#7293);
#7292 = CARTESIAN_POINT('',(88.,14.,8.225));
#7293 = VECTOR('',#7294,1.);
#7294 = DIRECTION('',(0.,1.,-2.22044604925E-16));
#7295 = PLANE('',#7296);
#7296 = AXIS2_PLACEMENT_3D('',#7297,#7298,#7299);
#7297 = CARTESIAN_POINT('',(38.55,66.4,8.225));
#7298 = DIRECTION('',(0.,3.330669073875E-16,1.));
#7299 = DIRECTION('',(1.,0.,0.));
#7300 = ADVANCED_FACE('',(#7301),#7326,.T.);
#7301 = FACE_BOUND('',#7302,.T.);
#7302 = EDGE_LOOP('',(#7303,#7311,#7319,#7325));
#7303 = ORIENTED_EDGE('',*,*,#7304,.T.);
#7304 = EDGE_CURVE('',#7076,#7305,#7307,.T.);
#7305 = VERTEX_POINT('',#7306);
#7306 = CARTESIAN_POINT('',(98.8,124.8,-1.030286966852E-13));
#7307 = LINE('',#7308,#7309);
#7308 = CARTESIAN_POINT('',(98.8,8.,0.));
#7309 = VECTOR('',#7310,1.);
#7310 = DIRECTION('',(0.,1.,-8.881784197001E-16));
#7311 = ORIENTED_EDGE('',*,*,#7312,.T.);
#7312 = EDGE_CURVE('',#7305,#7313,#7315,.T.);
#7313 = VERTEX_POINT('',#7314);
#7314 = CARTESIAN_POINT('',(98.8,124.8,3.));
#7315 = LINE('',#7316,#7317);
#7316 = CARTESIAN_POINT('',(98.8,124.8,-9.947598300641E-14));
#7317 = VECTOR('',#7318,1.);
#7318 = DIRECTION('',(0.,8.881784197001E-16,1.));
#7319 = ORIENTED_EDGE('',*,*,#7320,.F.);
#7320 = EDGE_CURVE('',#7084,#7313,#7321,.T.);
#7321 = LINE('',#7322,#7323);
#7322 = CARTESIAN_POINT('',(98.8,8.,3.));
#7323 = VECTOR('',#7324,1.);
#7324 = DIRECTION('',(0.,1.,-8.881784197001E-16));
#7325 = ORIENTED_EDGE('',*,*,#7083,.F.);
#7326 = PLANE('',#7327);
#7327 = AXIS2_PLACEMENT_3D('',#7328,#7329,#7330);
#7328 = CARTESIAN_POINT('',(98.8,8.,0.));
#7329 = DIRECTION('',(1.,0.,0.));
#7330 = DIRECTION('',(0.,8.881784197001E-16,1.));
#7331 = ADVANCED_FACE('',(#7332),#7358,.T.);
#7332 = FACE_BOUND('',#7333,.T.);
#7333 = EDGE_LOOP('',(#7334,#7335,#7343,#7351,#7357));
#7334 = ORIENTED_EDGE('',*,*,#7320,.T.);
#7335 = ORIENTED_EDGE('',*,*,#7336,.T.);
#7336 = EDGE_CURVE('',#7313,#7337,#7339,.T.);
#7337 = VERTEX_POINT('',#7338);
#7338 = CARTESIAN_POINT('',(98.8,136.4,3.));
#7339 = LINE('',#7340,#7341);
#7340 = CARTESIAN_POINT('',(98.8,124.8,3.));
#7341 = VECTOR('',#7342,1.);
#7342 = DIRECTION('',(0.,1.,-7.771561172376E-16));
#7343 = ORIENTED_EDGE('',*,*,#7344,.T.);
#7344 = EDGE_CURVE('',#7337,#7345,#7347,.T.);
#7345 = VERTEX_POINT('',#7346);
#7346 = CARTESIAN_POINT('',(106.8,136.4,3.));
#7347 = LINE('',#7348,#7349);
#7348 = CARTESIAN_POINT('',(98.8,136.4,3.));
#7349 = VECTOR('',#7350,1.);
#7350 = DIRECTION('',(1.,0.,0.));
#7351 = ORIENTED_EDGE('',*,*,#7352,.F.);
#7352 = EDGE_CURVE('',#7092,#7345,#7353,.T.);
#7353 = LINE('',#7354,#7355);
#7354 = CARTESIAN_POINT('',(106.8,124.8,3.));
#7355 = VECTOR('',#7356,1.);
#7356 = DIRECTION('',(0.,1.,-7.771561172376E-16));
#7357 = ORIENTED_EDGE('',*,*,#7091,.F.);
#7358 = PLANE('',#7359);
#7359 = AXIS2_PLACEMENT_3D('',#7360,#7361,#7362);
#7360 = CARTESIAN_POINT('',(102.8,72.2,3.));
#7361 = DIRECTION('',(-0.,-6.661338147751E-16,-1.));
#7362 = DIRECTION('',(0.,1.,-6.661338147751E-16));
#7363 = ADVANCED_FACE('',(#7364),#7391,.T.);
#7364 = FACE_BOUND('',#7365,.T.);
#7365 = EDGE_LOOP('',(#7366,#7367,#7375,#7383,#7389,#7390));
#7366 = ORIENTED_EDGE('',*,*,#7352,.T.);
#7367 = ORIENTED_EDGE('',*,*,#7368,.T.);
#7368 = EDGE_CURVE('',#7345,#7369,#7371,.T.);
#7369 = VERTEX_POINT('',#7370);
#7370 = CARTESIAN_POINT('',(106.8,136.4,6.));
#7371 = LINE('',#7372,#7373);
#7372 = CARTESIAN_POINT('',(106.8,136.4,3.));
#7373 = VECTOR('',#7374,1.);
#7374 = DIRECTION('',(0.,7.771561172376E-16,1.));
#7375 = ORIENTED_EDGE('',*,*,#7376,.F.);
#7376 = EDGE_CURVE('',#7377,#7369,#7379,.T.);
#7377 = VERTEX_POINT('',#7378);
#7378 = CARTESIAN_POINT('',(106.8,124.8,6.));
#7379 = LINE('',#7380,#7381);
#7380 = CARTESIAN_POINT('',(106.8,8.,6.));
#7381 = VECTOR('',#7382,1.);
#7382 = DIRECTION('',(0.,1.,-8.881784197001E-16));
#7383 = ORIENTED_EDGE('',*,*,#7384,.T.);
#7384 = EDGE_CURVE('',#7377,#7131,#7385,.T.);
#7385 = LINE('',#7386,#7387);
#7386 = CARTESIAN_POINT('',(106.8,124.8,6.));
#7387 = VECTOR('',#7388,1.);
#7388 = DIRECTION('',(0.,3.330669073875E-16,1.));
#7389 = ORIENTED_EDGE('',*,*,#7130,.F.);
#7390 = ORIENTED_EDGE('',*,*,#7099,.F.);
#7391 = PLANE('',#7392);
#7392 = AXIS2_PLACEMENT_3D('',#7393,#7394,#7395);
#7393 = CARTESIAN_POINT('',(106.8,72.103423760524,5.515923760524));
#7394 = DIRECTION('',(1.,0.,0.));
#7395 = DIRECTION('',(0.,-1.,4.440892098501E-16));
#7396 = ADVANCED_FACE('',(#7397),#7430,.T.);
#7397 = FACE_BOUND('',#7398,.T.);
#7398 = EDGE_LOOP('',(#7399,#7407,#7408,#7409,#7417,#7423,#7424));
#7399 = ORIENTED_EDGE('',*,*,#7400,.T.);
#7400 = EDGE_CURVE('',#7401,#7139,#7403,.T.);
#7401 = VERTEX_POINT('',#7402);
#7402 = CARTESIAN_POINT('',(98.7,124.8,-1.24344978758E-14));
#7403 = LINE('',#7404,#7405);
#7404 = CARTESIAN_POINT('',(98.7,124.8,-1.42108547152E-14));
#7405 = VECTOR('',#7406,1.);
#7406 = DIRECTION('',(0.,3.330669073875E-16,1.));
#7407 = ORIENTED_EDGE('',*,*,#7138,.F.);
#7408 = ORIENTED_EDGE('',*,*,#7384,.F.);
#7409 = ORIENTED_EDGE('',*,*,#7410,.T.);
#7410 = EDGE_CURVE('',#7377,#7411,#7413,.T.);
#7411 = VERTEX_POINT('',#7412);
#7412 = CARTESIAN_POINT('',(98.8,124.8,6.));
#7413 = LINE('',#7414,#7415);
#7414 = CARTESIAN_POINT('',(106.8,124.8,6.));
#7415 = VECTOR('',#7416,1.);
#7416 = DIRECTION('',(-1.,0.,-0.));
#7417 = ORIENTED_EDGE('',*,*,#7418,.T.);
#7418 = EDGE_CURVE('',#7411,#7313,#7419,.T.);
#7419 = LINE('',#7420,#7421);
#7420 = CARTESIAN_POINT('',(98.8,124.8,6.));
#7421 = VECTOR('',#7422,1.);
#7422 = DIRECTION('',(0.,-7.771561172376E-16,-1.));
#7423 = ORIENTED_EDGE('',*,*,#7312,.F.);
#7424 = ORIENTED_EDGE('',*,*,#7425,.F.);
#7425 = EDGE_CURVE('',#7401,#7305,#7426,.T.);
#7426 = LINE('',#7427,#7428);
#7427 = CARTESIAN_POINT('',(30.,124.8,-9.947598300641E-14));
#7428 = VECTOR('',#7429,1.);
#7429 = DIRECTION('',(1.,0.,0.));
#7430 = PLANE('',#7431);
#7431 = AXIS2_PLACEMENT_3D('',#7432,#7433,#7434);
#7432 = CARTESIAN_POINT('',(39.002927966834,124.8,4.897091466574));
#7433 = DIRECTION('',(0.,1.,-4.440892098501E-16));
#7434 = DIRECTION('',(-1.,0.,0.));
#7435 = ADVANCED_FACE('',(#7436),#7461,.F.);
#7436 = FACE_BOUND('',#7437,.F.);
#7437 = EDGE_LOOP('',(#7438,#7439,#7447,#7455));
#7438 = ORIENTED_EDGE('',*,*,#7146,.T.);
#7439 = ORIENTED_EDGE('',*,*,#7440,.F.);
#7440 = EDGE_CURVE('',#7441,#7147,#7443,.T.);
#7441 = VERTEX_POINT('',#7442);
#7442 = CARTESIAN_POINT('',(-29.7,124.8,11.225));
#7443 = LINE('',#7444,#7445);
#7444 = CARTESIAN_POINT('',(-29.7,124.8,11.225));
#7445 = VECTOR('',#7446,1.);
#7446 = DIRECTION('',(4.319408728025E-16,-3.330669073875E-16,-1.));
#7447 = ORIENTED_EDGE('',*,*,#7448,.F.);
#7448 = EDGE_CURVE('',#7449,#7441,#7451,.T.);
#7449 = VERTEX_POINT('',#7450);
#7450 = CARTESIAN_POINT('',(98.7,124.8,11.225));
#7451 = LINE('',#7452,#7453);
#7452 = CARTESIAN_POINT('',(98.7,124.8,11.225));
#7453 = VECTOR('',#7454,1.);
#7454 = DIRECTION('',(-1.,0.,0.));
#7455 = ORIENTED_EDGE('',*,*,#7456,.F.);
#7456 = EDGE_CURVE('',#7139,#7449,#7457,.T.);
#7457 = LINE('',#7458,#7459);
#7458 = CARTESIAN_POINT('',(98.7,124.8,-1.42108547152E-14));
#7459 = VECTOR('',#7460,1.);
#7460 = DIRECTION('',(0.,3.330669073875E-16,1.));
#7461 = PLANE('',#7462);
#7462 = AXIS2_PLACEMENT_3D('',#7463,#7464,#7465);
#7463 = CARTESIAN_POINT('',(35.141360787825,124.8,6.253860787825));
#7464 = DIRECTION('',(0.,1.,-1.110223024625E-16));
#7465 = DIRECTION('',(0.,1.110223024625E-16,1.));
#7466 = ADVANCED_FACE('',(#7467),#7492,.T.);
#7467 = FACE_BOUND('',#7468,.T.);
#7468 = EDGE_LOOP('',(#7469,#7477,#7478,#7486));
#7469 = ORIENTED_EDGE('',*,*,#7470,.T.);
#7470 = EDGE_CURVE('',#7471,#7163,#7473,.T.);
#7471 = VERTEX_POINT('',#7472);
#7472 = CARTESIAN_POINT('',(41.,14.,0.));
#7473 = LINE('',#7474,#7475);
#7474 = CARTESIAN_POINT('',(41.,14.,-1.33226762955E-15));
#7475 = VECTOR('',#7476,1.);
#7476 = DIRECTION('',(0.,2.22044604925E-16,1.));
#7477 = ORIENTED_EDGE('',*,*,#7162,.T.);
#7478 = ORIENTED_EDGE('',*,*,#7479,.F.);
#7479 = EDGE_CURVE('',#7480,#7165,#7482,.T.);
#7480 = VERTEX_POINT('',#7481);
#7481 = CARTESIAN_POINT('',(49.,14.,0.));
#7482 = LINE('',#7483,#7484);
#7483 = CARTESIAN_POINT('',(49.,14.,-1.33226762955E-15));
#7484 = VECTOR('',#7485,1.);
#7485 = DIRECTION('',(0.,2.22044604925E-16,1.));
#7486 = ORIENTED_EDGE('',*,*,#7487,.F.);
#7487 = EDGE_CURVE('',#7471,#7480,#7488,.T.);
#7488 = LINE('',#7489,#7490);
#7489 = CARTESIAN_POINT('',(41.,14.,-1.7763568394E-15));
#7490 = VECTOR('',#7491,1.);
#7491 = DIRECTION('',(1.,0.,0.));
#7492 = PLANE('',#7493);
#7493 = AXIS2_PLACEMENT_3D('',#7494,#7495,#7496);
#7494 = CARTESIAN_POINT('',(41.,14.,-1.33226762955E-15));
#7495 = DIRECTION('',(0.,1.,-2.22044604925E-16));
#7496 = DIRECTION('',(1.,0.,0.));
#7497 = ADVANCED_FACE('',(#7498),#7516,.T.);
#7498 = FACE_BOUND('',#7499,.T.);
#7499 = EDGE_LOOP('',(#7500,#7501,#7502,#7510));
#7500 = ORIENTED_EDGE('',*,*,#7479,.T.);
#7501 = ORIENTED_EDGE('',*,*,#7188,.T.);
#7502 = ORIENTED_EDGE('',*,*,#7503,.F.);
#7503 = EDGE_CURVE('',#7504,#7181,#7506,.T.);
#7504 = VERTEX_POINT('',#7505);
#7505 = CARTESIAN_POINT('',(49.,118.8,-2.48689957516E-14));
#7506 = LINE('',#7507,#7508);
#7507 = CARTESIAN_POINT('',(49.,118.8,-2.460254222569E-14));
#7508 = VECTOR('',#7509,1.);
#7509 = DIRECTION('',(0.,2.22044604925E-16,1.));
#7510 = ORIENTED_EDGE('',*,*,#7511,.F.);
#7511 = EDGE_CURVE('',#7480,#7504,#7512,.T.);
#7512 = LINE('',#7513,#7514);
#7513 = CARTESIAN_POINT('',(49.,14.,-1.7763568394E-15));
#7514 = VECTOR('',#7515,1.);
#7515 = DIRECTION('',(0.,1.,-2.22044604925E-16));
#7516 = PLANE('',#7517);
#7517 = AXIS2_PLACEMENT_3D('',#7518,#7519,#7520);
#7518 = CARTESIAN_POINT('',(49.,14.,-1.33226762955E-15));
#7519 = DIRECTION('',(-1.,0.,0.));
#7520 = DIRECTION('',(0.,1.,-2.22044604925E-16));
#7521 = ADVANCED_FACE('',(#7522),#7540,.T.);
#7522 = FACE_BOUND('',#7523,.T.);
#7523 = EDGE_LOOP('',(#7524,#7525,#7526,#7534));
#7524 = ORIENTED_EDGE('',*,*,#7503,.T.);
#7525 = ORIENTED_EDGE('',*,*,#7180,.T.);
#7526 = ORIENTED_EDGE('',*,*,#7527,.F.);
#7527 = EDGE_CURVE('',#7528,#7173,#7530,.T.);
#7528 = VERTEX_POINT('',#7529);
#7529 = CARTESIAN_POINT('',(41.,118.8,-2.48689957516E-14));
#7530 = LINE('',#7531,#7532);
#7531 = CARTESIAN_POINT('',(41.,118.8,-2.460254222569E-14));
#7532 = VECTOR('',#7533,1.);
#7533 = DIRECTION('',(0.,2.22044604925E-16,1.));
#7534 = ORIENTED_EDGE('',*,*,#7535,.F.);
#7535 = EDGE_CURVE('',#7504,#7528,#7536,.T.);
#7536 = LINE('',#7537,#7538);
#7537 = CARTESIAN_POINT('',(49.,118.8,-2.48689957516E-14));
#7538 = VECTOR('',#7539,1.);
#7539 = DIRECTION('',(-1.,0.,0.));
#7540 = PLANE('',#7541);
#7541 = AXIS2_PLACEMENT_3D('',#7542,#7543,#7544);
#7542 = CARTESIAN_POINT('',(49.,118.8,-2.460254222569E-14));
#7543 = DIRECTION('',(0.,-1.,2.22044604925E-16));
#7544 = DIRECTION('',(-1.,0.,0.));
#7545 = ADVANCED_FACE('',(#7546),#7557,.T.);
#7546 = FACE_BOUND('',#7547,.T.);
#7547 = EDGE_LOOP('',(#7548,#7549,#7550,#7551));
#7548 = ORIENTED_EDGE('',*,*,#7527,.T.);
#7549 = ORIENTED_EDGE('',*,*,#7172,.T.);
#7550 = ORIENTED_EDGE('',*,*,#7470,.F.);
#7551 = ORIENTED_EDGE('',*,*,#7552,.F.);
#7552 = EDGE_CURVE('',#7528,#7471,#7553,.T.);
#7553 = LINE('',#7554,#7555);
#7554 = CARTESIAN_POINT('',(41.,118.8,-2.48689957516E-14));
#7555 = VECTOR('',#7556,1.);
#7556 = DIRECTION('',(0.,-1.,2.22044604925E-16));
#7557 = PLANE('',#7558);
#7558 = AXIS2_PLACEMENT_3D('',#7559,#7560,#7561);
#7559 = CARTESIAN_POINT('',(41.,118.8,-2.460254222569E-14));
#7560 = DIRECTION('',(1.,0.,0.));
#7561 = DIRECTION('',(0.,-1.,2.22044604925E-16));
#7562 = ADVANCED_FACE('',(#7563),#7588,.T.);
#7563 = FACE_BOUND('',#7564,.T.);
#7564 = EDGE_LOOP('',(#7565,#7573,#7574,#7582));
#7565 = ORIENTED_EDGE('',*,*,#7566,.T.);
#7566 = EDGE_CURVE('',#7567,#7197,#7569,.T.);
#7567 = VERTEX_POINT('',#7568);
#7568 = CARTESIAN_POINT('',(54.,14.,0.));
#7569 = LINE('',#7570,#7571);
#7570 = CARTESIAN_POINT('',(54.,14.,-1.33226762955E-15));
#7571 = VECTOR('',#7572,1.);
#7572 = DIRECTION('',(0.,2.22044604925E-16,1.));
#7573 = ORIENTED_EDGE('',*,*,#7196,.T.);
#7574 = ORIENTED_EDGE('',*,*,#7575,.F.);
#7575 = EDGE_CURVE('',#7576,#7199,#7578,.T.);
#7576 = VERTEX_POINT('',#7577);
#7577 = CARTESIAN_POINT('',(62.,14.,0.));
#7578 = LINE('',#7579,#7580);
#7579 = CARTESIAN_POINT('',(62.,14.,-1.33226762955E-15));
#7580 = VECTOR('',#7581,1.);
#7581 = DIRECTION('',(0.,2.22044604925E-16,1.));
#7582 = ORIENTED_EDGE('',*,*,#7583,.F.);
#7583 = EDGE_CURVE('',#7567,#7576,#7584,.T.);
#7584 = LINE('',#7585,#7586);
#7585 = CARTESIAN_POINT('',(54.,14.,-1.7763568394E-15));
#7586 = VECTOR('',#7587,1.);
#7587 = DIRECTION('',(1.,0.,0.));
#7588 = PLANE('',#7589);
#7589 = AXIS2_PLACEMENT_3D('',#7590,#7591,#7592);
#7590 = CARTESIAN_POINT('',(54.,14.,-1.33226762955E-15));
#7591 = DIRECTION('',(0.,1.,-2.22044604925E-16));
#7592 = DIRECTION('',(1.,0.,0.));
#7593 = ADVANCED_FACE('',(#7594),#7612,.T.);
#7594 = FACE_BOUND('',#7595,.T.);
#7595 = EDGE_LOOP('',(#7596,#7597,#7598,#7606));
#7596 = ORIENTED_EDGE('',*,*,#7575,.T.);
#7597 = ORIENTED_EDGE('',*,*,#7222,.T.);
#7598 = ORIENTED_EDGE('',*,*,#7599,.F.);
#7599 = EDGE_CURVE('',#7600,#7215,#7602,.T.);
#7600 = VERTEX_POINT('',#7601);
#7601 = CARTESIAN_POINT('',(62.,118.8,-2.48689957516E-14));
#7602 = LINE('',#7603,#7604);
#7603 = CARTESIAN_POINT('',(62.,118.8,-2.460254222569E-14));
#7604 = VECTOR('',#7605,1.);
#7605 = DIRECTION('',(0.,2.22044604925E-16,1.));
#7606 = ORIENTED_EDGE('',*,*,#7607,.F.);
#7607 = EDGE_CURVE('',#7576,#7600,#7608,.T.);
#7608 = LINE('',#7609,#7610);
#7609 = CARTESIAN_POINT('',(62.,14.,-1.7763568394E-15));
#7610 = VECTOR('',#7611,1.);
#7611 = DIRECTION('',(0.,1.,-2.22044604925E-16));
#7612 = PLANE('',#7613);
#7613 = AXIS2_PLACEMENT_3D('',#7614,#7615,#7616);
#7614 = CARTESIAN_POINT('',(62.,14.,-1.33226762955E-15));
#7615 = DIRECTION('',(-1.,0.,0.));
#7616 = DIRECTION('',(0.,1.,-2.22044604925E-16));
#7617 = ADVANCED_FACE('',(#7618),#7636,.T.);
#7618 = FACE_BOUND('',#7619,.T.);
#7619 = EDGE_LOOP('',(#7620,#7621,#7622,#7630));
#7620 = ORIENTED_EDGE('',*,*,#7599,.T.);
#7621 = ORIENTED_EDGE('',*,*,#7214,.T.);
#7622 = ORIENTED_EDGE('',*,*,#7623,.F.);
#7623 = EDGE_CURVE('',#7624,#7207,#7626,.T.);
#7624 = VERTEX_POINT('',#7625);
#7625 = CARTESIAN_POINT('',(54.,118.8,-2.48689957516E-14));
#7626 = LINE('',#7627,#7628);
#7627 = CARTESIAN_POINT('',(54.,118.8,-2.460254222569E-14));
#7628 = VECTOR('',#7629,1.);
#7629 = DIRECTION('',(0.,2.22044604925E-16,1.));
#7630 = ORIENTED_EDGE('',*,*,#7631,.F.);
#7631 = EDGE_CURVE('',#7600,#7624,#7632,.T.);
#7632 = LINE('',#7633,#7634);
#7633 = CARTESIAN_POINT('',(62.,118.8,-2.48689957516E-14));
#7634 = VECTOR('',#7635,1.);
#7635 = DIRECTION('',(-1.,0.,0.));
#7636 = PLANE('',#7637);
#7637 = AXIS2_PLACEMENT_3D('',#7638,#7639,#7640);
#7638 = CARTESIAN_POINT('',(62.,118.8,-2.460254222569E-14));
#7639 = DIRECTION('',(0.,-1.,2.22044604925E-16));
#7640 = DIRECTION('',(-1.,0.,0.));
#7641 = ADVANCED_FACE('',(#7642),#7653,.T.);
#7642 = FACE_BOUND('',#7643,.T.);
#7643 = EDGE_LOOP('',(#7644,#7645,#7646,#7647));
#7644 = ORIENTED_EDGE('',*,*,#7623,.T.);
#7645 = ORIENTED_EDGE('',*,*,#7206,.T.);
#7646 = ORIENTED_EDGE('',*,*,#7566,.F.);
#7647 = ORIENTED_EDGE('',*,*,#7648,.F.);
#7648 = EDGE_CURVE('',#7624,#7567,#7649,.T.);
#7649 = LINE('',#7650,#7651);
#7650 = CARTESIAN_POINT('',(54.,118.8,-2.48689957516E-14));
#7651 = VECTOR('',#7652,1.);
#7652 = DIRECTION('',(0.,-1.,2.22044604925E-16));
#7653 = PLANE('',#7654);
#7654 = AXIS2_PLACEMENT_3D('',#7655,#7656,#7657);
#7655 = CARTESIAN_POINT('',(54.,118.8,-2.460254222569E-14));
#7656 = DIRECTION('',(1.,0.,0.));
#7657 = DIRECTION('',(0.,-1.,2.22044604925E-16));
#7658 = ADVANCED_FACE('',(#7659),#7684,.T.);
#7659 = FACE_BOUND('',#7660,.T.);
#7660 = EDGE_LOOP('',(#7661,#7669,#7670,#7678));
#7661 = ORIENTED_EDGE('',*,*,#7662,.T.);
#7662 = EDGE_CURVE('',#7663,#7231,#7665,.T.);
#7663 = VERTEX_POINT('',#7664);
#7664 = CARTESIAN_POINT('',(67.,14.,0.));
#7665 = LINE('',#7666,#7667);
#7666 = CARTESIAN_POINT('',(67.,14.,-1.33226762955E-15));
#7667 = VECTOR('',#7668,1.);
#7668 = DIRECTION('',(0.,2.22044604925E-16,1.));
#7669 = ORIENTED_EDGE('',*,*,#7230,.T.);
#7670 = ORIENTED_EDGE('',*,*,#7671,.F.);
#7671 = EDGE_CURVE('',#7672,#7233,#7674,.T.);
#7672 = VERTEX_POINT('',#7673);
#7673 = CARTESIAN_POINT('',(75.,14.,0.));
#7674 = LINE('',#7675,#7676);
#7675 = CARTESIAN_POINT('',(75.,14.,-1.33226762955E-15));
#7676 = VECTOR('',#7677,1.);
#7677 = DIRECTION('',(0.,2.22044604925E-16,1.));
#7678 = ORIENTED_EDGE('',*,*,#7679,.F.);
#7679 = EDGE_CURVE('',#7663,#7672,#7680,.T.);
#7680 = LINE('',#7681,#7682);
#7681 = CARTESIAN_POINT('',(67.,14.,-1.7763568394E-15));
#7682 = VECTOR('',#7683,1.);
#7683 = DIRECTION('',(1.,0.,0.));
#7684 = PLANE('',#7685);
#7685 = AXIS2_PLACEMENT_3D('',#7686,#7687,#7688);
#7686 = CARTESIAN_POINT('',(67.,14.,-1.33226762955E-15));
#7687 = DIRECTION('',(0.,1.,-2.22044604925E-16));
#7688 = DIRECTION('',(1.,0.,0.));
#7689 = ADVANCED_FACE('',(#7690),#7708,.T.);
#7690 = FACE_BOUND('',#7691,.T.);
#7691 = EDGE_LOOP('',(#7692,#7693,#7694,#7702));
#7692 = ORIENTED_EDGE('',*,*,#7671,.T.);
#7693 = ORIENTED_EDGE('',*,*,#7256,.T.);
#7694 = ORIENTED_EDGE('',*,*,#7695,.F.);
#7695 = EDGE_CURVE('',#7696,#7249,#7698,.T.);
#7696 = VERTEX_POINT('',#7697);
#7697 = CARTESIAN_POINT('',(75.,118.8,-2.48689957516E-14));
#7698 = LINE('',#7699,#7700);
#7699 = CARTESIAN_POINT('',(75.,118.8,-2.460254222569E-14));
#7700 = VECTOR('',#7701,1.);
#7701 = DIRECTION('',(0.,2.22044604925E-16,1.));
#7702 = ORIENTED_EDGE('',*,*,#7703,.F.);
#7703 = EDGE_CURVE('',#7672,#7696,#7704,.T.);
#7704 = LINE('',#7705,#7706);
#7705 = CARTESIAN_POINT('',(75.,14.,-1.7763568394E-15));
#7706 = VECTOR('',#7707,1.);
#7707 = DIRECTION('',(0.,1.,-2.22044604925E-16));
#7708 = PLANE('',#7709);
#7709 = AXIS2_PLACEMENT_3D('',#7710,#7711,#7712);
#7710 = CARTESIAN_POINT('',(75.,14.,-1.33226762955E-15));
#7711 = DIRECTION('',(-1.,0.,0.));
#7712 = DIRECTION('',(0.,1.,-2.22044604925E-16));
#7713 = ADVANCED_FACE('',(#7714),#7732,.T.);
#7714 = FACE_BOUND('',#7715,.T.);
#7715 = EDGE_LOOP('',(#7716,#7717,#7718,#7726));
#7716 = ORIENTED_EDGE('',*,*,#7695,.T.);
#7717 = ORIENTED_EDGE('',*,*,#7248,.T.);
#7718 = ORIENTED_EDGE('',*,*,#7719,.F.);
#7719 = EDGE_CURVE('',#7720,#7241,#7722,.T.);
#7720 = VERTEX_POINT('',#7721);
#7721 = CARTESIAN_POINT('',(67.,118.8,-2.48689957516E-14));
#7722 = LINE('',#7723,#7724);
#7723 = CARTESIAN_POINT('',(67.,118.8,-2.460254222569E-14));
#7724 = VECTOR('',#7725,1.);
#7725 = DIRECTION('',(0.,2.22044604925E-16,1.));
#7726 = ORIENTED_EDGE('',*,*,#7727,.F.);
#7727 = EDGE_CURVE('',#7696,#7720,#7728,.T.);
#7728 = LINE('',#7729,#7730);
#7729 = CARTESIAN_POINT('',(75.,118.8,-2.48689957516E-14));
#7730 = VECTOR('',#7731,1.);
#7731 = DIRECTION('',(-1.,0.,0.));
#7732 = PLANE('',#7733);
#7733 = AXIS2_PLACEMENT_3D('',#7734,#7735,#7736);
#7734 = CARTESIAN_POINT('',(75.,118.8,-2.460254222569E-14));
#7735 = DIRECTION('',(0.,-1.,2.22044604925E-16));
#7736 = DIRECTION('',(-1.,0.,0.));
#7737 = ADVANCED_FACE('',(#7738),#7749,.T.);
#7738 = FACE_BOUND('',#7739,.T.);
#7739 = EDGE_LOOP('',(#7740,#7741,#7742,#7743));
#7740 = ORIENTED_EDGE('',*,*,#7719,.T.);
#7741 = ORIENTED_EDGE('',*,*,#7240,.T.);
#7742 = ORIENTED_EDGE('',*,*,#7662,.F.);
#7743 = ORIENTED_EDGE('',*,*,#7744,.F.);
#7744 = EDGE_CURVE('',#7720,#7663,#7745,.T.);
#7745 = LINE('',#7746,#7747);
#7746 = CARTESIAN_POINT('',(67.,118.8,-2.48689957516E-14));
#7747 = VECTOR('',#7748,1.);
#7748 = DIRECTION('',(0.,-1.,2.22044604925E-16));
#7749 = PLANE('',#7750);
#7750 = AXIS2_PLACEMENT_3D('',#7751,#7752,#7753);
#7751 = CARTESIAN_POINT('',(67.,118.8,-2.460254222569E-14));
#7752 = DIRECTION('',(1.,0.,0.));
#7753 = DIRECTION('',(0.,-1.,2.22044604925E-16));
#7754 = ADVANCED_FACE('',(#7755),#7780,.T.);
#7755 = FACE_BOUND('',#7756,.T.);
#7756 = EDGE_LOOP('',(#7757,#7765,#7766,#7774));
#7757 = ORIENTED_EDGE('',*,*,#7758,.T.);
#7758 = EDGE_CURVE('',#7759,#7265,#7761,.T.);
#7759 = VERTEX_POINT('',#7760);
#7760 = CARTESIAN_POINT('',(80.,14.,0.));
#7761 = LINE('',#7762,#7763);
#7762 = CARTESIAN_POINT('',(80.,14.,-1.33226762955E-15));
#7763 = VECTOR('',#7764,1.);
#7764 = DIRECTION('',(0.,2.22044604925E-16,1.));
#7765 = ORIENTED_EDGE('',*,*,#7264,.T.);
#7766 = ORIENTED_EDGE('',*,*,#7767,.F.);
#7767 = EDGE_CURVE('',#7768,#7267,#7770,.T.);
#7768 = VERTEX_POINT('',#7769);
#7769 = CARTESIAN_POINT('',(88.,14.,0.));
#7770 = LINE('',#7771,#7772);
#7771 = CARTESIAN_POINT('',(88.,14.,-1.33226762955E-15));
#7772 = VECTOR('',#7773,1.);
#7773 = DIRECTION('',(0.,2.22044604925E-16,1.));
#7774 = ORIENTED_EDGE('',*,*,#7775,.F.);
#7775 = EDGE_CURVE('',#7759,#7768,#7776,.T.);
#7776 = LINE('',#7777,#7778);
#7777 = CARTESIAN_POINT('',(80.,14.,-1.7763568394E-15));
#7778 = VECTOR('',#7779,1.);
#7779 = DIRECTION('',(1.,0.,0.));
#7780 = PLANE('',#7781);
#7781 = AXIS2_PLACEMENT_3D('',#7782,#7783,#7784);
#7782 = CARTESIAN_POINT('',(80.,14.,-1.33226762955E-15));
#7783 = DIRECTION('',(0.,1.,-2.22044604925E-16));
#7784 = DIRECTION('',(1.,0.,0.));
#7785 = ADVANCED_FACE('',(#7786),#7804,.T.);
#7786 = FACE_BOUND('',#7787,.T.);
#7787 = EDGE_LOOP('',(#7788,#7789,#7790,#7798));
#7788 = ORIENTED_EDGE('',*,*,#7767,.T.);
#7789 = ORIENTED_EDGE('',*,*,#7290,.T.);
#7790 = ORIENTED_EDGE('',*,*,#7791,.F.);
#7791 = EDGE_CURVE('',#7792,#7283,#7794,.T.);
#7792 = VERTEX_POINT('',#7793);
#7793 = CARTESIAN_POINT('',(88.,118.8,-2.48689957516E-14));
#7794 = LINE('',#7795,#7796);
#7795 = CARTESIAN_POINT('',(88.,118.8,-2.460254222569E-14));
#7796 = VECTOR('',#7797,1.);
#7797 = DIRECTION('',(0.,2.22044604925E-16,1.));
#7798 = ORIENTED_EDGE('',*,*,#7799,.F.);
#7799 = EDGE_CURVE('',#7768,#7792,#7800,.T.);
#7800 = LINE('',#7801,#7802);
#7801 = CARTESIAN_POINT('',(88.,14.,-1.7763568394E-15));
#7802 = VECTOR('',#7803,1.);
#7803 = DIRECTION('',(0.,1.,-2.22044604925E-16));
#7804 = PLANE('',#7805);
#7805 = AXIS2_PLACEMENT_3D('',#7806,#7807,#7808);
#7806 = CARTESIAN_POINT('',(88.,14.,-1.33226762955E-15));
#7807 = DIRECTION('',(-1.,0.,0.));
#7808 = DIRECTION('',(0.,1.,-2.22044604925E-16));
#7809 = ADVANCED_FACE('',(#7810),#7828,.T.);
#7810 = FACE_BOUND('',#7811,.T.);
#7811 = EDGE_LOOP('',(#7812,#7813,#7814,#7822));
#7812 = ORIENTED_EDGE('',*,*,#7791,.T.);
#7813 = ORIENTED_EDGE('',*,*,#7282,.T.);
#7814 = ORIENTED_EDGE('',*,*,#7815,.F.);
#7815 = EDGE_CURVE('',#7816,#7275,#7818,.T.);
#7816 = VERTEX_POINT('',#7817);
#7817 = CARTESIAN_POINT('',(80.,118.8,-2.48689957516E-14));
#7818 = LINE('',#7819,#7820);
#7819 = CARTESIAN_POINT('',(80.,118.8,-2.460254222569E-14));
#7820 = VECTOR('',#7821,1.);
#7821 = DIRECTION('',(0.,2.22044604925E-16,1.));
#7822 = ORIENTED_EDGE('',*,*,#7823,.F.);
#7823 = EDGE_CURVE('',#7792,#7816,#7824,.T.);
#7824 = LINE('',#7825,#7826);
#7825 = CARTESIAN_POINT('',(88.,118.8,-2.48689957516E-14));
#7826 = VECTOR('',#7827,1.);
#7827 = DIRECTION('',(-1.,0.,0.));
#7828 = PLANE('',#7829);
#7829 = AXIS2_PLACEMENT_3D('',#7830,#7831,#7832);
#7830 = CARTESIAN_POINT('',(88.,118.8,-2.460254222569E-14));
#7831 = DIRECTION('',(0.,-1.,2.22044604925E-16));
#7832 = DIRECTION('',(-1.,0.,0.));
#7833 = ADVANCED_FACE('',(#7834),#7845,.T.);
#7834 = FACE_BOUND('',#7835,.T.);
#7835 = EDGE_LOOP('',(#7836,#7837,#7838,#7839));
#7836 = ORIENTED_EDGE('',*,*,#7815,.T.);
#7837 = ORIENTED_EDGE('',*,*,#7274,.T.);
#7838 = ORIENTED_EDGE('',*,*,#7758,.F.);
#7839 = ORIENTED_EDGE('',*,*,#7840,.F.);
#7840 = EDGE_CURVE('',#7816,#7759,#7841,.T.);
#7841 = LINE('',#7842,#7843);
#7842 = CARTESIAN_POINT('',(80.,118.8,-2.48689957516E-14));
#7843 = VECTOR('',#7844,1.);
#7844 = DIRECTION('',(0.,-1.,2.22044604925E-16));
#7845 = PLANE('',#7846);
#7846 = AXIS2_PLACEMENT_3D('',#7847,#7848,#7849);
#7847 = CARTESIAN_POINT('',(80.,118.8,-2.460254222569E-14));
#7848 = DIRECTION('',(1.,0.,0.));
#7849 = DIRECTION('',(0.,-1.,2.22044604925E-16));
#7850 = ADVANCED_FACE('',(#7851),#7876,.T.);
#7851 = FACE_BOUND('',#7852,.T.);
#7852 = EDGE_LOOP('',(#7853,#7861,#7869,#7875));
#7853 = ORIENTED_EDGE('',*,*,#7854,.T.);
#7854 = EDGE_CURVE('',#7449,#7855,#7857,.T.);
#7855 = VERTEX_POINT('',#7856);
#7856 = CARTESIAN_POINT('',(98.7,127.8,11.225));
#7857 = LINE('',#7858,#7859);
#7858 = CARTESIAN_POINT('',(98.7,124.8,11.225));
#7859 = VECTOR('',#7860,1.);
#7860 = DIRECTION('',(0.,1.,-3.330669073875E-16));
#7861 = ORIENTED_EDGE('',*,*,#7862,.T.);
#7862 = EDGE_CURVE('',#7855,#7863,#7865,.T.);
#7863 = VERTEX_POINT('',#7864);
#7864 = CARTESIAN_POINT('',(-29.7,127.8,11.225));
#7865 = LINE('',#7866,#7867);
#7866 = CARTESIAN_POINT('',(98.7,127.8,11.225));
#7867 = VECTOR('',#7868,1.);
#7868 = DIRECTION('',(-1.,0.,0.));
#7869 = ORIENTED_EDGE('',*,*,#7870,.F.);
#7870 = EDGE_CURVE('',#7441,#7863,#7871,.T.);
#7871 = LINE('',#7872,#7873);
#7872 = CARTESIAN_POINT('',(-29.7,124.8,11.225));
#7873 = VECTOR('',#7874,1.);
#7874 = DIRECTION('',(0.,1.,-3.330669073875E-16));
#7875 = ORIENTED_EDGE('',*,*,#7448,.F.);
#7876 = PLANE('',#7877);
#7877 = AXIS2_PLACEMENT_3D('',#7878,#7879,#7880);
#7878 = CARTESIAN_POINT('',(98.7,124.8,11.225));
#7879 = DIRECTION('',(0.,3.330669073875E-16,1.));
#7880 = DIRECTION('',(-1.,0.,0.));
#7881 = ADVANCED_FACE('',(#7882),#7923,.T.);
#7882 = FACE_BOUND('',#7883,.F.);
#7883 = EDGE_LOOP('',(#7884,#7894,#7902,#7910,#7916,#7917));
#7884 = ORIENTED_EDGE('',*,*,#7885,.T.);
#7885 = EDGE_CURVE('',#7886,#7888,#7890,.T.);
#7886 = VERTEX_POINT('',#7887);
#7887 = CARTESIAN_POINT('',(-29.7,127.8,3.));
#7888 = VERTEX_POINT('',#7889);
#7889 = CARTESIAN_POINT('',(30.,127.8,3.));
#7890 = LINE('',#7891,#7892);
#7891 = CARTESIAN_POINT('',(-29.7,127.8,3.));
#7892 = VECTOR('',#7893,1.);
#7893 = DIRECTION('',(1.,0.,0.));
#7894 = ORIENTED_EDGE('',*,*,#7895,.T.);
#7895 = EDGE_CURVE('',#7888,#7896,#7898,.T.);
#7896 = VERTEX_POINT('',#7897);
#7897 = CARTESIAN_POINT('',(30.,127.8,-1.42108547152E-14));
#7898 = LINE('',#7899,#7900);
#7899 = CARTESIAN_POINT('',(30.,127.8,3.));
#7900 = VECTOR('',#7901,1.);
#7901 = DIRECTION('',(-1.184237892934E-15,-3.330669073875E-16,-1.));
#7902 = ORIENTED_EDGE('',*,*,#7903,.T.);
#7903 = EDGE_CURVE('',#7896,#7904,#7906,.T.);
#7904 = VERTEX_POINT('',#7905);
#7905 = CARTESIAN_POINT('',(98.7,127.8,-1.42108547152E-14));
#7906 = LINE('',#7907,#7908);
#7907 = CARTESIAN_POINT('',(30.,127.8,-1.42108547152E-14));
#7908 = VECTOR('',#7909,1.);
#7909 = DIRECTION('',(1.,0.,0.));
#7910 = ORIENTED_EDGE('',*,*,#7911,.T.);
#7911 = EDGE_CURVE('',#7904,#7855,#7912,.T.);
#7912 = LINE('',#7913,#7914);
#7913 = CARTESIAN_POINT('',(98.7,127.8,-1.42108547152E-14));
#7914 = VECTOR('',#7915,1.);
#7915 = DIRECTION('',(0.,3.330669073875E-16,1.));
#7916 = ORIENTED_EDGE('',*,*,#7862,.T.);
#7917 = ORIENTED_EDGE('',*,*,#7918,.T.);
#7918 = EDGE_CURVE('',#7863,#7886,#7919,.T.);
#7919 = LINE('',#7920,#7921);
#7920 = CARTESIAN_POINT('',(-29.7,127.8,11.225));
#7921 = VECTOR('',#7922,1.);
#7922 = DIRECTION('',(4.319408728025E-16,-3.330669073875E-16,-1.));
#7923 = PLANE('',#7924);
#7924 = AXIS2_PLACEMENT_3D('',#7925,#7926,#7927);
#7925 = CARTESIAN_POINT('',(35.141360787825,127.8,6.253860787825));
#7926 = DIRECTION('',(0.,1.,-1.110223024625E-16));
#7927 = DIRECTION('',(0.,1.110223024625E-16,1.));
#7928 = ADVANCED_FACE('',(#7929),#7947,.T.);
#7929 = FACE_BOUND('',#7930,.T.);
#7930 = EDGE_LOOP('',(#7931,#7939,#7945,#7946));
#7931 = ORIENTED_EDGE('',*,*,#7932,.T.);
#7932 = EDGE_CURVE('',#7411,#7933,#7935,.T.);
#7933 = VERTEX_POINT('',#7934);
#7934 = CARTESIAN_POINT('',(98.8,136.4,6.));
#7935 = LINE('',#7936,#7937);
#7936 = CARTESIAN_POINT('',(98.8,124.8,6.));
#7937 = VECTOR('',#7938,1.);
#7938 = DIRECTION('',(0.,1.,-7.771561172376E-16));
#7939 = ORIENTED_EDGE('',*,*,#7940,.T.);
#7940 = EDGE_CURVE('',#7933,#7337,#7941,.T.);
#7941 = LINE('',#7942,#7943);
#7942 = CARTESIAN_POINT('',(98.8,136.4,6.));
#7943 = VECTOR('',#7944,1.);
#7944 = DIRECTION('',(0.,-7.771561172376E-16,-1.));
#7945 = ORIENTED_EDGE('',*,*,#7336,.F.);
#7946 = ORIENTED_EDGE('',*,*,#7418,.F.);
#7947 = PLANE('',#7948);
#7948 = AXIS2_PLACEMENT_3D('',#7949,#7950,#7951);
#7949 = CARTESIAN_POINT('',(98.8,124.8,6.));
#7950 = DIRECTION('',(-1.,0.,0.));
#7951 = DIRECTION('',(0.,-7.771561172376E-16,-1.));
#7952 = ADVANCED_FACE('',(#7953),#7964,.T.);
#7953 = FACE_BOUND('',#7954,.F.);
#7954 = EDGE_LOOP('',(#7955,#7956,#7957,#7963));
#7955 = ORIENTED_EDGE('',*,*,#7344,.T.);
#7956 = ORIENTED_EDGE('',*,*,#7368,.T.);
#7957 = ORIENTED_EDGE('',*,*,#7958,.T.);
#7958 = EDGE_CURVE('',#7369,#7933,#7959,.T.);
#7959 = LINE('',#7960,#7961);
#7960 = CARTESIAN_POINT('',(106.8,136.4,6.));
#7961 = VECTOR('',#7962,1.);
#7962 = DIRECTION('',(-1.,0.,0.));
#7963 = ORIENTED_EDGE('',*,*,#7940,.T.);
#7964 = PLANE('',#7965);
#7965 = AXIS2_PLACEMENT_3D('',#7966,#7967,#7968);
#7966 = CARTESIAN_POINT('',(102.8,136.4,4.5));
#7967 = DIRECTION('',(0.,1.,-5.551115123126E-16));
#7968 = DIRECTION('',(0.,5.551115123126E-16,1.));
#7969 = ADVANCED_FACE('',(#7970),#7976,.T.);
#7970 = FACE_BOUND('',#7971,.T.);
#7971 = EDGE_LOOP('',(#7972,#7973,#7974,#7975));
#7972 = ORIENTED_EDGE('',*,*,#7410,.F.);
#7973 = ORIENTED_EDGE('',*,*,#7376,.T.);
#7974 = ORIENTED_EDGE('',*,*,#7958,.T.);
#7975 = ORIENTED_EDGE('',*,*,#7932,.F.);
#7976 = PLANE('',#7977);
#7977 = AXIS2_PLACEMENT_3D('',#7978,#7979,#7980);
#7978 = CARTESIAN_POINT('',(41.363514533786,69.386485466214,6.));
#7979 = DIRECTION('',(0.,6.661338147751E-16,1.));
#7980 = DIRECTION('',(0.,-1.,6.661338147751E-16));
#7981 = ADVANCED_FACE('',(#7982),#7994,.T.);
#7982 = FACE_BOUND('',#7983,.T.);
#7983 = EDGE_LOOP('',(#7984,#7990,#7991,#7992,#7993));
#7984 = ORIENTED_EDGE('',*,*,#7985,.T.);
#7985 = EDGE_CURVE('',#7401,#7904,#7986,.T.);
#7986 = LINE('',#7987,#7988);
#7987 = CARTESIAN_POINT('',(98.7,124.8,-1.296740492762E-14));
#7988 = VECTOR('',#7989,1.);
#7989 = DIRECTION('',(0.,1.,-3.330669073875E-16));
#7990 = ORIENTED_EDGE('',*,*,#7911,.T.);
#7991 = ORIENTED_EDGE('',*,*,#7854,.F.);
#7992 = ORIENTED_EDGE('',*,*,#7456,.F.);
#7993 = ORIENTED_EDGE('',*,*,#7400,.F.);
#7994 = PLANE('',#7995);
#7995 = AXIS2_PLACEMENT_3D('',#7996,#7997,#7998);
#7996 = CARTESIAN_POINT('',(98.7,124.8,-1.296740492762E-14));
#7997 = DIRECTION('',(1.,0.,0.));
#7998 = DIRECTION('',(0.,3.330669073875E-16,1.));
#7999 = ADVANCED_FACE('',(#8000,#8016,#8027,#8038,#8049),#8060,.T.);
#8000 = FACE_BOUND('',#8001,.T.);
#8001 = EDGE_LOOP('',(#8002,#8008,#8009,#8015));
#8002 = ORIENTED_EDGE('',*,*,#8003,.T.);
#8003 = EDGE_CURVE('',#7058,#7886,#8004,.T.);
#8004 = LINE('',#8005,#8006);
#8005 = CARTESIAN_POINT('',(-29.7,8.,3.));
#8006 = VECTOR('',#8007,1.);
#8007 = DIRECTION('',(0.,1.,-8.881784197001E-16));
#8008 = ORIENTED_EDGE('',*,*,#7885,.T.);
#8009 = ORIENTED_EDGE('',*,*,#8010,.F.);
#8010 = EDGE_CURVE('',#7060,#7888,#8011,.T.);
#8011 = LINE('',#8012,#8013);
#8012 = CARTESIAN_POINT('',(30.,124.8,3.));
#8013 = VECTOR('',#8014,1.);
#8014 = DIRECTION('',(0.,1.,-3.330669073875E-16));
#8015 = ORIENTED_EDGE('',*,*,#7057,.F.);
#8016 = FACE_BOUND('',#8017,.T.);
#8017 = EDGE_LOOP('',(#8018));
#8018 = ORIENTED_EDGE('',*,*,#8019,.T.);
#8019 = EDGE_CURVE('',#8020,#8020,#8022,.T.);
#8020 = VERTEX_POINT('',#8021);
#8021 = CARTESIAN_POINT('',(-19.5,110.,3.));
#8022 = CIRCLE('',#8023,2.5);
#8023 = AXIS2_PLACEMENT_3D('',#8024,#8025,#8026);
#8024 = CARTESIAN_POINT('',(-22.,110.,3.));
#8025 = DIRECTION('',(-0.,4.440892098501E-16,1.));
#8026 = DIRECTION('',(1.,0.,0.));
#8027 = FACE_BOUND('',#8028,.T.);
#8028 = EDGE_LOOP('',(#8029));
#8029 = ORIENTED_EDGE('',*,*,#8030,.T.);
#8030 = EDGE_CURVE('',#8031,#8031,#8033,.T.);
#8031 = VERTEX_POINT('',#8032);
#8032 = CARTESIAN_POINT('',(24.5,110.,3.));
#8033 = CIRCLE('',#8034,2.5);
#8034 = AXIS2_PLACEMENT_3D('',#8035,#8036,#8037);
#8035 = CARTESIAN_POINT('',(22.,110.,3.));
#8036 = DIRECTION('',(-0.,4.440892098501E-16,1.));
#8037 = DIRECTION('',(1.,0.,0.));
#8038 = FACE_BOUND('',#8039,.T.);
#8039 = EDGE_LOOP('',(#8040));
#8040 = ORIENTED_EDGE('',*,*,#8041,.T.);
#8041 = EDGE_CURVE('',#8042,#8042,#8044,.T.);
#8042 = VERTEX_POINT('',#8043);
#8043 = CARTESIAN_POINT('',(-19.5,20.,3.));
#8044 = CIRCLE('',#8045,2.5);
#8045 = AXIS2_PLACEMENT_3D('',#8046,#8047,#8048);
#8046 = CARTESIAN_POINT('',(-22.,20.,3.));
#8047 = DIRECTION('',(-0.,4.440892098501E-16,1.));
#8048 = DIRECTION('',(1.,0.,0.));
#8049 = FACE_BOUND('',#8050,.T.);
#8050 = EDGE_LOOP('',(#8051));
#8051 = ORIENTED_EDGE('',*,*,#8052,.T.);
#8052 = EDGE_CURVE('',#8053,#8053,#8055,.T.);
#8053 = VERTEX_POINT('',#8054);
#8054 = CARTESIAN_POINT('',(24.5,20.,3.));
#8055 = CIRCLE('',#8056,2.5);
#8056 = AXIS2_PLACEMENT_3D('',#8057,#8058,#8059);
#8057 = CARTESIAN_POINT('',(22.,20.,3.));
#8058 = DIRECTION('',(-0.,4.440892098501E-16,1.));
#8059 = DIRECTION('',(1.,0.,0.));
#8060 = PLANE('',#8061);
#8061 = AXIS2_PLACEMENT_3D('',#8062,#8063,#8064);
#8062 = CARTESIAN_POINT('',(0.15,67.9,3.));
#8063 = DIRECTION('',(0.,-5.972842456121E-16,-1.));
#8064 = DIRECTION('',(0.,1.,-5.972842456121E-16));
#8065 = ADVANCED_FACE('',(#8066),#8085,.T.);
#8066 = FACE_BOUND('',#8067,.T.);
#8067 = EDGE_LOOP('',(#8068,#8076,#8083,#8084));
#8068 = ORIENTED_EDGE('',*,*,#8069,.T.);
#8069 = EDGE_CURVE('',#8020,#8070,#8072,.T.);
#8070 = VERTEX_POINT('',#8071);
#8071 = CARTESIAN_POINT('',(-19.5,110.,-4.440892098501E-14));
#8072 = LINE('',#8073,#8074);
#8073 = CARTESIAN_POINT('',(-19.5,110.,3.));
#8074 = VECTOR('',#8075,1.);
#8075 = DIRECTION('',(-0.,-4.440892098501E-16,-1.));
#8076 = ORIENTED_EDGE('',*,*,#8077,.T.);
#8077 = EDGE_CURVE('',#8070,#8070,#8078,.T.);
#8078 = CIRCLE('',#8079,2.5);
#8079 = AXIS2_PLACEMENT_3D('',#8080,#8081,#8082);
#8080 = CARTESIAN_POINT('',(-22.,110.,-4.707345624411E-14));
#8081 = DIRECTION('',(-0.,4.440892098501E-16,1.));
#8082 = DIRECTION('',(1.,0.,0.));
#8083 = ORIENTED_EDGE('',*,*,#8069,.F.);
#8084 = ORIENTED_EDGE('',*,*,#8019,.F.);
#8085 = CYLINDRICAL_SURFACE('',#8086,2.5);
#8086 = AXIS2_PLACEMENT_3D('',#8087,#8088,#8089);
#8087 = CARTESIAN_POINT('',(-22.,110.,3.));
#8088 = DIRECTION('',(0.,4.440892098501E-16,1.));
#8089 = DIRECTION('',(1.,0.,0.));
#8090 = ADVANCED_FACE('',(#8091),#8094,.F.);
#8091 = FACE_BOUND('',#8092,.F.);
#8092 = EDGE_LOOP('',(#8093));
#8093 = ORIENTED_EDGE('',*,*,#8077,.T.);
#8094 = PLANE('',#8095);
#8095 = AXIS2_PLACEMENT_3D('',#8096,#8097,#8098);
#8096 = CARTESIAN_POINT('',(9.572080927776E-16,65.,-2.48689957516E-14));
#8097 = DIRECTION('',(0.,4.440892098501E-16,1.));
#8098 = DIRECTION('',(1.,0.,0.));
#8099 = ADVANCED_FACE('',(#8100),#8119,.T.);
#8100 = FACE_BOUND('',#8101,.T.);
#8101 = EDGE_LOOP('',(#8102,#8110,#8117,#8118));
#8102 = ORIENTED_EDGE('',*,*,#8103,.T.);
#8103 = EDGE_CURVE('',#8031,#8104,#8106,.T.);
#8104 = VERTEX_POINT('',#8105);
#8105 = CARTESIAN_POINT('',(24.5,110.,-4.440892098501E-14));
#8106 = LINE('',#8107,#8108);
#8107 = CARTESIAN_POINT('',(24.5,110.,3.));
#8108 = VECTOR('',#8109,1.);
#8109 = DIRECTION('',(-0.,-4.440892098501E-16,-1.));
#8110 = ORIENTED_EDGE('',*,*,#8111,.T.);
#8111 = EDGE_CURVE('',#8104,#8104,#8112,.T.);
#8112 = CIRCLE('',#8113,2.5);
#8113 = AXIS2_PLACEMENT_3D('',#8114,#8115,#8116);
#8114 = CARTESIAN_POINT('',(22.,110.,-4.707345624411E-14));
#8115 = DIRECTION('',(-0.,4.440892098501E-16,1.));
#8116 = DIRECTION('',(1.,0.,0.));
#8117 = ORIENTED_EDGE('',*,*,#8103,.F.);
#8118 = ORIENTED_EDGE('',*,*,#8030,.F.);
#8119 = CYLINDRICAL_SURFACE('',#8120,2.5);
#8120 = AXIS2_PLACEMENT_3D('',#8121,#8122,#8123);
#8121 = CARTESIAN_POINT('',(22.,110.,3.));
#8122 = DIRECTION('',(0.,4.440892098501E-16,1.));
#8123 = DIRECTION('',(1.,0.,0.));
#8124 = ADVANCED_FACE('',(#8125),#8128,.F.);
#8125 = FACE_BOUND('',#8126,.F.);
#8126 = EDGE_LOOP('',(#8127));
#8127 = ORIENTED_EDGE('',*,*,#8111,.T.);
#8128 = PLANE('',#8129);
#8129 = AXIS2_PLACEMENT_3D('',#8130,#8131,#8132);
#8130 = CARTESIAN_POINT('',(9.572080927776E-16,65.,-2.48689957516E-14));
#8131 = DIRECTION('',(0.,4.440892098501E-16,1.));
#8132 = DIRECTION('',(1.,0.,0.));
#8133 = ADVANCED_FACE('',(#8134),#8153,.T.);
#8134 = FACE_BOUND('',#8135,.T.);
#8135 = EDGE_LOOP('',(#8136,#8144,#8151,#8152));
#8136 = ORIENTED_EDGE('',*,*,#8137,.T.);
#8137 = EDGE_CURVE('',#8042,#8138,#8140,.T.);
#8138 = VERTEX_POINT('',#8139);
#8139 = CARTESIAN_POINT('',(-19.5,20.,-7.105427357601E-15));
#8140 = LINE('',#8141,#8142);
#8141 = CARTESIAN_POINT('',(-19.5,20.,3.));
#8142 = VECTOR('',#8143,1.);
#8143 = DIRECTION('',(-0.,-4.440892098501E-16,-1.));
#8144 = ORIENTED_EDGE('',*,*,#8145,.T.);
#8145 = EDGE_CURVE('',#8138,#8138,#8146,.T.);
#8146 = CIRCLE('',#8147,2.5);
#8147 = AXIS2_PLACEMENT_3D('',#8148,#8149,#8150);
#8148 = CARTESIAN_POINT('',(-22.,20.,-4.440892098501E-15));
#8149 = DIRECTION('',(-0.,4.440892098501E-16,1.));
#8150 = DIRECTION('',(1.,0.,0.));
#8151 = ORIENTED_EDGE('',*,*,#8137,.F.);
#8152 = ORIENTED_EDGE('',*,*,#8041,.F.);
#8153 = CYLINDRICAL_SURFACE('',#8154,2.5);
#8154 = AXIS2_PLACEMENT_3D('',#8155,#8156,#8157);
#8155 = CARTESIAN_POINT('',(-22.,20.,3.));
#8156 = DIRECTION('',(0.,4.440892098501E-16,1.));
#8157 = DIRECTION('',(1.,0.,0.));
#8158 = ADVANCED_FACE('',(#8159),#8162,.F.);
#8159 = FACE_BOUND('',#8160,.F.);
#8160 = EDGE_LOOP('',(#8161));
#8161 = ORIENTED_EDGE('',*,*,#8145,.T.);
#8162 = PLANE('',#8163);
#8163 = AXIS2_PLACEMENT_3D('',#8164,#8165,#8166);
#8164 = CARTESIAN_POINT('',(9.572080927776E-16,65.,-2.48689957516E-14));
#8165 = DIRECTION('',(0.,4.440892098501E-16,1.));
#8166 = DIRECTION('',(1.,0.,0.));
#8167 = ADVANCED_FACE('',(#8168),#8187,.T.);
#8168 = FACE_BOUND('',#8169,.T.);
#8169 = EDGE_LOOP('',(#8170,#8178,#8185,#8186));
#8170 = ORIENTED_EDGE('',*,*,#8171,.T.);
#8171 = EDGE_CURVE('',#8053,#8172,#8174,.T.);
#8172 = VERTEX_POINT('',#8173);
#8173 = CARTESIAN_POINT('',(24.5,20.,-7.105427357601E-15));
#8174 = LINE('',#8175,#8176);
#8175 = CARTESIAN_POINT('',(24.5,20.,3.));
#8176 = VECTOR('',#8177,1.);
#8177 = DIRECTION('',(-0.,-4.440892098501E-16,-1.));
#8178 = ORIENTED_EDGE('',*,*,#8179,.T.);
#8179 = EDGE_CURVE('',#8172,#8172,#8180,.T.);
#8180 = CIRCLE('',#8181,2.5);
#8181 = AXIS2_PLACEMENT_3D('',#8182,#8183,#8184);
#8182 = CARTESIAN_POINT('',(22.,20.,-4.440892098501E-15));
#8183 = DIRECTION('',(-0.,4.440892098501E-16,1.));
#8184 = DIRECTION('',(1.,0.,0.));
#8185 = ORIENTED_EDGE('',*,*,#8171,.F.);
#8186 = ORIENTED_EDGE('',*,*,#8052,.F.);
#8187 = CYLINDRICAL_SURFACE('',#8188,2.5);
#8188 = AXIS2_PLACEMENT_3D('',#8189,#8190,#8191);
#8189 = CARTESIAN_POINT('',(22.,20.,3.));
#8190 = DIRECTION('',(0.,4.440892098501E-16,1.));
#8191 = DIRECTION('',(1.,0.,0.));
#8192 = ADVANCED_FACE('',(#8193),#8196,.F.);
#8193 = FACE_BOUND('',#8194,.F.);
#8194 = EDGE_LOOP('',(#8195));
#8195 = ORIENTED_EDGE('',*,*,#8179,.T.);
#8196 = PLANE('',#8197);
#8197 = AXIS2_PLACEMENT_3D('',#8198,#8199,#8200);
#8198 = CARTESIAN_POINT('',(9.572080927776E-16,65.,-2.48689957516E-14));
#8199 = DIRECTION('',(0.,4.440892098501E-16,1.));
#8200 = DIRECTION('',(1.,0.,0.));
#8201 = ADVANCED_FACE('',(#8202),#8210,.T.);
#8202 = FACE_BOUND('',#8203,.T.);
#8203 = EDGE_LOOP('',(#8204,#8205,#8206,#8207,#8208,#8209));
#8204 = ORIENTED_EDGE('',*,*,#8003,.F.);
#8205 = ORIENTED_EDGE('',*,*,#7115,.F.);
#8206 = ORIENTED_EDGE('',*,*,#7154,.F.);
#8207 = ORIENTED_EDGE('',*,*,#7440,.F.);
#8208 = ORIENTED_EDGE('',*,*,#7870,.T.);
#8209 = ORIENTED_EDGE('',*,*,#7918,.T.);
#8210 = PLANE('',#8211);
#8211 = AXIS2_PLACEMENT_3D('',#8212,#8213,#8214);
#8212 = CARTESIAN_POINT('',(-29.7,69.268482718219,5.744017281781));
#8213 = DIRECTION('',(-1.,-8.129156391434E-32,-3.66104656953E-16));
#8214 = DIRECTION('',(3.66104656953E-16,-2.22044604925E-16,-1.));
#8215 = ADVANCED_FACE('',(#8216),#8227,.T.);
#8216 = FACE_BOUND('',#8217,.T.);
#8217 = EDGE_LOOP('',(#8218,#8219,#8220,#8226));
#8218 = ORIENTED_EDGE('',*,*,#8010,.T.);
#8219 = ORIENTED_EDGE('',*,*,#7895,.T.);
#8220 = ORIENTED_EDGE('',*,*,#8221,.F.);
#8221 = EDGE_CURVE('',#7068,#7896,#8222,.T.);
#8222 = LINE('',#8223,#8224);
#8223 = CARTESIAN_POINT('',(30.,124.8,-1.296740492762E-14));
#8224 = VECTOR('',#8225,1.);
#8225 = DIRECTION('',(0.,1.,-3.330669073875E-16));
#8226 = ORIENTED_EDGE('',*,*,#7067,.F.);
#8227 = PLANE('',#8228);
#8228 = AXIS2_PLACEMENT_3D('',#8229,#8230,#8231);
#8229 = CARTESIAN_POINT('',(30.,67.9,1.5));
#8230 = DIRECTION('',(-1.,2.629536350737E-31,1.184237892934E-15));
#8231 = DIRECTION('',(-1.184237892934E-15,-2.22044604925E-16,-1.));
#8232 = ADVANCED_FACE('',(#8233,#8241,#8247,#8253,#8259),#8265,.T.);
#8233 = FACE_BOUND('',#8234,.T.);
#8234 = EDGE_LOOP('',(#8235,#8236,#8237,#8238,#8239,#8240));
#8235 = ORIENTED_EDGE('',*,*,#8221,.T.);
#8236 = ORIENTED_EDGE('',*,*,#7903,.T.);
#8237 = ORIENTED_EDGE('',*,*,#7985,.F.);
#8238 = ORIENTED_EDGE('',*,*,#7425,.T.);
#8239 = ORIENTED_EDGE('',*,*,#7304,.F.);
#8240 = ORIENTED_EDGE('',*,*,#7075,.F.);
#8241 = FACE_BOUND('',#8242,.T.);
#8242 = EDGE_LOOP('',(#8243,#8244,#8245,#8246));
#8243 = ORIENTED_EDGE('',*,*,#7552,.T.);
#8244 = ORIENTED_EDGE('',*,*,#7487,.T.);
#8245 = ORIENTED_EDGE('',*,*,#7511,.T.);
#8246 = ORIENTED_EDGE('',*,*,#7535,.T.);
#8247 = FACE_BOUND('',#8248,.T.);
#8248 = EDGE_LOOP('',(#8249,#8250,#8251,#8252));
#8249 = ORIENTED_EDGE('',*,*,#7648,.T.);
#8250 = ORIENTED_EDGE('',*,*,#7583,.T.);
#8251 = ORIENTED_EDGE('',*,*,#7607,.T.);
#8252 = ORIENTED_EDGE('',*,*,#7631,.T.);
#8253 = FACE_BOUND('',#8254,.T.);
#8254 = EDGE_LOOP('',(#8255,#8256,#8257,#8258));
#8255 = ORIENTED_EDGE('',*,*,#7744,.T.);
#8256 = ORIENTED_EDGE('',*,*,#7679,.T.);
#8257 = ORIENTED_EDGE('',*,*,#7703,.T.);
#8258 = ORIENTED_EDGE('',*,*,#7727,.T.);
#8259 = FACE_BOUND('',#8260,.T.);
#8260 = EDGE_LOOP('',(#8261,#8262,#8263,#8264));
#8261 = ORIENTED_EDGE('',*,*,#7840,.T.);
#8262 = ORIENTED_EDGE('',*,*,#7775,.T.);
#8263 = ORIENTED_EDGE('',*,*,#7799,.T.);
#8264 = ORIENTED_EDGE('',*,*,#7823,.T.);
#8265 = PLANE('',#8266);
#8266 = AXIS2_PLACEMENT_3D('',#8267,#8268,#8269);
#8267 = CARTESIAN_POINT('',(64.39920466596,67.89920466596,
    -3.490833756146E-14));
#8268 = DIRECTION('',(0.,-5.73623707644E-16,-1.));
#8269 = DIRECTION('',(0.,1.,-5.73623707644E-16));
#8270 = MANIFOLD_SOLID_BREP('',#8271);
#8271 = CLOSED_SHELL('',(#8272,#8312,#8427,#8542,#8637,#8732,#8749,#8766
    ,#8778,#8820,#8844,#8879,#8896,#8938,#8962,#8997,#9014,#9045,#9080,
    #9104,#9132,#9163,#9198,#9222,#9250,#9267,#9284,#9301,#9323,#9340,
    #9357,#9369,#9386,#9403,#9420,#9437,#9454,#9466,#9478,#9490));
#8272 = ADVANCED_FACE('',(#8273),#8307,.T.);
#8273 = FACE_BOUND('',#8274,.T.);
#8274 = EDGE_LOOP('',(#8275,#8285,#8293,#8301));
#8275 = ORIENTED_EDGE('',*,*,#8276,.T.);
#8276 = EDGE_CURVE('',#8277,#8279,#8281,.T.);
#8277 = VERTEX_POINT('',#8278);
#8278 = CARTESIAN_POINT('',(-106.8,0.,0.));
#8279 = VERTEX_POINT('',#8280);
#8280 = CARTESIAN_POINT('',(-106.8,8.,-6.217248937901E-15));
#8281 = LINE('',#8282,#8283);
#8282 = CARTESIAN_POINT('',(-106.8,0.,0.));
#8283 = VECTOR('',#8284,1.);
#8284 = DIRECTION('',(0.,1.,-7.771561172376E-16));
#8285 = ORIENTED_EDGE('',*,*,#8286,.T.);
#8286 = EDGE_CURVE('',#8279,#8287,#8289,.T.);
#8287 = VERTEX_POINT('',#8288);
#8288 = CARTESIAN_POINT('',(106.8,8.,-6.217248937901E-15));
#8289 = LINE('',#8290,#8291);
#8290 = CARTESIAN_POINT('',(-106.8,8.,-6.217248937901E-15));
#8291 = VECTOR('',#8292,1.);
#8292 = DIRECTION('',(1.,0.,0.));
#8293 = ORIENTED_EDGE('',*,*,#8294,.F.);
#8294 = EDGE_CURVE('',#8295,#8287,#8297,.T.);
#8295 = VERTEX_POINT('',#8296);
#8296 = CARTESIAN_POINT('',(106.8,0.,0.));
#8297 = LINE('',#8298,#8299);
#8298 = CARTESIAN_POINT('',(106.8,0.,0.));
#8299 = VECTOR('',#8300,1.);
#8300 = DIRECTION('',(0.,1.,-7.771561172376E-16));
#8301 = ORIENTED_EDGE('',*,*,#8302,.F.);
#8302 = EDGE_CURVE('',#8277,#8295,#8303,.T.);
#8303 = LINE('',#8304,#8305);
#8304 = CARTESIAN_POINT('',(-106.8,0.,0.));
#8305 = VECTOR('',#8306,1.);
#8306 = DIRECTION('',(1.,0.,0.));
#8307 = PLANE('',#8308);
#8308 = AXIS2_PLACEMENT_3D('',#8309,#8310,#8311);
#8309 = CARTESIAN_POINT('',(-106.8,0.,0.));
#8310 = DIRECTION('',(0.,-7.771561172376E-16,-1.));
#8311 = DIRECTION('',(1.,0.,0.));
#8312 = ADVANCED_FACE('',(#8313,#8354,#8388),#8422,.T.);
#8313 = FACE_BOUND('',#8314,.T.);
#8314 = EDGE_LOOP('',(#8315,#8325,#8333,#8341,#8347,#8348));
#8315 = ORIENTED_EDGE('',*,*,#8316,.T.);
#8316 = EDGE_CURVE('',#8317,#8319,#8321,.T.);
#8317 = VERTEX_POINT('',#8318);
#8318 = CARTESIAN_POINT('',(-106.8,3.454458941121E-14,44.45));
#8319 = VERTEX_POINT('',#8320);
#8320 = CARTESIAN_POINT('',(-106.8,20.,44.45));
#8321 = LINE('',#8322,#8323);
#8322 = CARTESIAN_POINT('',(-106.8,3.454458941121E-14,44.45));
#8323 = VECTOR('',#8324,1.);
#8324 = DIRECTION('',(0.,1.,-7.771561172376E-16));
#8325 = ORIENTED_EDGE('',*,*,#8326,.T.);
#8326 = EDGE_CURVE('',#8319,#8327,#8329,.T.);
#8327 = VERTEX_POINT('',#8328);
#8328 = CARTESIAN_POINT('',(-106.8,20.,37.025));
#8329 = LINE('',#8330,#8331);
#8330 = CARTESIAN_POINT('',(-106.8,20.,44.45));
#8331 = VECTOR('',#8332,1.);
#8332 = DIRECTION('',(0.,-5.551115123126E-16,-1.));
#8333 = ORIENTED_EDGE('',*,*,#8334,.F.);
#8334 = EDGE_CURVE('',#8335,#8327,#8337,.T.);
#8335 = VERTEX_POINT('',#8336);
#8336 = CARTESIAN_POINT('',(-106.8,8.,37.025));
#8337 = LINE('',#8338,#8339);
#8338 = CARTESIAN_POINT('',(-106.8,8.,37.025));
#8339 = VECTOR('',#8340,1.);
#8340 = DIRECTION('',(0.,1.,-5.551115123126E-16));
#8341 = ORIENTED_EDGE('',*,*,#8342,.T.);
#8342 = EDGE_CURVE('',#8335,#8279,#8343,.T.);
#8343 = LINE('',#8344,#8345);
#8344 = CARTESIAN_POINT('',(-106.8,8.,44.45));
#8345 = VECTOR('',#8346,1.);
#8346 = DIRECTION('',(0.,-7.771561172376E-16,-1.));
#8347 = ORIENTED_EDGE('',*,*,#8276,.F.);
#8348 = ORIENTED_EDGE('',*,*,#8349,.F.);
#8349 = EDGE_CURVE('',#8317,#8277,#8350,.T.);
#8350 = LINE('',#8351,#8352);
#8351 = CARTESIAN_POINT('',(-106.8,3.454458941121E-14,44.45));
#8352 = VECTOR('',#8353,1.);
#8353 = DIRECTION('',(0.,-7.771561172376E-16,-1.));
#8354 = FACE_BOUND('',#8355,.T.);
#8355 = EDGE_LOOP('',(#8356,#8366,#8374,#8382));
#8356 = ORIENTED_EDGE('',*,*,#8357,.T.);
#8357 = EDGE_CURVE('',#8358,#8360,#8362,.T.);
#8358 = VERTEX_POINT('',#8359);
#8359 = CARTESIAN_POINT('',(-106.8,1.35,35.355));
#8360 = VERTEX_POINT('',#8361);
#8361 = CARTESIAN_POINT('',(-106.8,1.35,24.965));
#8362 = LINE('',#8363,#8364);
#8363 = CARTESIAN_POINT('',(-106.8,1.35,23.94842901474));
#8364 = VECTOR('',#8365,1.);
#8365 = DIRECTION('',(0.,-1.110223024625E-16,-1.));
#8366 = ORIENTED_EDGE('',*,*,#8367,.T.);
#8367 = EDGE_CURVE('',#8360,#8368,#8370,.T.);
#8368 = VERTEX_POINT('',#8369);
#8369 = CARTESIAN_POINT('',(-106.8,6.65,24.965));
#8370 = LINE('',#8371,#8372);
#8371 = CARTESIAN_POINT('',(-106.8,3.95157098526,24.965));
#8372 = VECTOR('',#8373,1.);
#8373 = DIRECTION('',(0.,1.,-3.330669073875E-16));
#8374 = ORIENTED_EDGE('',*,*,#8375,.F.);
#8375 = EDGE_CURVE('',#8376,#8368,#8378,.T.);
#8376 = VERTEX_POINT('',#8377);
#8377 = CARTESIAN_POINT('',(-106.8,6.65,35.355));
#8378 = LINE('',#8379,#8380);
#8379 = CARTESIAN_POINT('',(-106.8,6.65,23.94842901474));
#8380 = VECTOR('',#8381,1.);
#8381 = DIRECTION('',(0.,-1.110223024625E-16,-1.));
#8382 = ORIENTED_EDGE('',*,*,#8383,.T.);
#8383 = EDGE_CURVE('',#8376,#8358,#8384,.T.);
#8384 = LINE('',#8385,#8386);
#8385 = CARTESIAN_POINT('',(-106.8,3.95157098526,35.355));
#8386 = VECTOR('',#8387,1.);
#8387 = DIRECTION('',(0.,-1.,3.330669073875E-16));
#8388 = FACE_BOUND('',#8389,.T.);
#8389 = EDGE_LOOP('',(#8390,#8400,#8408,#8416));
#8390 = ORIENTED_EDGE('',*,*,#8391,.T.);
#8391 = EDGE_CURVE('',#8392,#8394,#8396,.T.);
#8392 = VERTEX_POINT('',#8393);
#8393 = CARTESIAN_POINT('',(-106.8,1.35,19.485));
#8394 = VERTEX_POINT('',#8395);
#8395 = CARTESIAN_POINT('',(-106.8,1.35,9.095));
#8396 = LINE('',#8397,#8398);
#8397 = CARTESIAN_POINT('',(-106.8,1.35,23.94842901474));
#8398 = VECTOR('',#8399,1.);
#8399 = DIRECTION('',(0.,-1.110223024625E-16,-1.));
#8400 = ORIENTED_EDGE('',*,*,#8401,.T.);
#8401 = EDGE_CURVE('',#8394,#8402,#8404,.T.);
#8402 = VERTEX_POINT('',#8403);
#8403 = CARTESIAN_POINT('',(-106.8,6.65,9.095));
#8404 = LINE('',#8405,#8406);
#8405 = CARTESIAN_POINT('',(-106.8,3.95157098526,9.095));
#8406 = VECTOR('',#8407,1.);
#8407 = DIRECTION('',(0.,1.,-3.330669073875E-16));
#8408 = ORIENTED_EDGE('',*,*,#8409,.F.);
#8409 = EDGE_CURVE('',#8410,#8402,#8412,.T.);
#8410 = VERTEX_POINT('',#8411);
#8411 = CARTESIAN_POINT('',(-106.8,6.65,19.485));
#8412 = LINE('',#8413,#8414);
#8413 = CARTESIAN_POINT('',(-106.8,6.65,23.94842901474));
#8414 = VECTOR('',#8415,1.);
#8415 = DIRECTION('',(0.,-1.110223024625E-16,-1.));
#8416 = ORIENTED_EDGE('',*,*,#8417,.T.);
#8417 = EDGE_CURVE('',#8410,#8392,#8418,.T.);
#8418 = LINE('',#8419,#8420);
#8419 = CARTESIAN_POINT('',(-106.8,3.95157098526,19.485));
#8420 = VECTOR('',#8421,1.);
#8421 = DIRECTION('',(0.,-1.,3.330669073875E-16));
#8422 = PLANE('',#8423);
#8423 = AXIS2_PLACEMENT_3D('',#8424,#8425,#8426);
#8424 = CARTESIAN_POINT('',(-106.8,6.55314197052,25.67185802948));
#8425 = DIRECTION('',(-1.,0.,-0.));
#8426 = DIRECTION('',(0.,1.,-4.440892098501E-16));
#8427 = ADVANCED_FACE('',(#8428,#8469,#8503),#8537,.T.);
#8428 = FACE_BOUND('',#8429,.T.);
#8429 = EDGE_LOOP('',(#8430,#8431,#8439,#8447,#8455,#8463));
#8430 = ORIENTED_EDGE('',*,*,#8294,.T.);
#8431 = ORIENTED_EDGE('',*,*,#8432,.T.);
#8432 = EDGE_CURVE('',#8287,#8433,#8435,.T.);
#8433 = VERTEX_POINT('',#8434);
#8434 = CARTESIAN_POINT('',(106.8,8.,37.025));
#8435 = LINE('',#8436,#8437);
#8436 = CARTESIAN_POINT('',(106.8,8.,-6.217248937901E-15));
#8437 = VECTOR('',#8438,1.);
#8438 = DIRECTION('',(0.,7.771561172376E-16,1.));
#8439 = ORIENTED_EDGE('',*,*,#8440,.T.);
#8440 = EDGE_CURVE('',#8433,#8441,#8443,.T.);
#8441 = VERTEX_POINT('',#8442);
#8442 = CARTESIAN_POINT('',(106.8,20.,37.025));
#8443 = LINE('',#8444,#8445);
#8444 = CARTESIAN_POINT('',(106.8,8.,37.025));
#8445 = VECTOR('',#8446,1.);
#8446 = DIRECTION('',(0.,1.,-5.551115123126E-16));
#8447 = ORIENTED_EDGE('',*,*,#8448,.T.);
#8448 = EDGE_CURVE('',#8441,#8449,#8451,.T.);
#8449 = VERTEX_POINT('',#8450);
#8450 = CARTESIAN_POINT('',(106.8,20.,44.45));
#8451 = LINE('',#8452,#8453);
#8452 = CARTESIAN_POINT('',(106.8,20.,37.025));
#8453 = VECTOR('',#8454,1.);
#8454 = DIRECTION('',(0.,5.551115123126E-16,1.));
#8455 = ORIENTED_EDGE('',*,*,#8456,.F.);
#8456 = EDGE_CURVE('',#8457,#8449,#8459,.T.);
#8457 = VERTEX_POINT('',#8458);
#8458 = CARTESIAN_POINT('',(106.8,3.454458941121E-14,44.45));
#8459 = LINE('',#8460,#8461);
#8460 = CARTESIAN_POINT('',(106.8,8.,44.45));
#8461 = VECTOR('',#8462,1.);
#8462 = DIRECTION('',(0.,1.,-5.551115123126E-16));
#8463 = ORIENTED_EDGE('',*,*,#8464,.F.);
#8464 = EDGE_CURVE('',#8295,#8457,#8465,.T.);
#8465 = LINE('',#8466,#8467);
#8466 = CARTESIAN_POINT('',(106.8,0.,0.));
#8467 = VECTOR('',#8468,1.);
#8468 = DIRECTION('',(0.,7.771561172376E-16,1.));
#8469 = FACE_BOUND('',#8470,.T.);
#8470 = EDGE_LOOP('',(#8471,#8481,#8489,#8497));
#8471 = ORIENTED_EDGE('',*,*,#8472,.F.);
#8472 = EDGE_CURVE('',#8473,#8475,#8477,.T.);
#8473 = VERTEX_POINT('',#8474);
#8474 = CARTESIAN_POINT('',(106.8,1.35,24.965));
#8475 = VERTEX_POINT('',#8476);
#8476 = CARTESIAN_POINT('',(106.8,6.65,24.965));
#8477 = LINE('',#8478,#8479);
#8478 = CARTESIAN_POINT('',(106.8,3.95157098526,24.965));
#8479 = VECTOR('',#8480,1.);
#8480 = DIRECTION('',(0.,1.,-3.330669073875E-16));
#8481 = ORIENTED_EDGE('',*,*,#8482,.T.);
#8482 = EDGE_CURVE('',#8473,#8483,#8485,.T.);
#8483 = VERTEX_POINT('',#8484);
#8484 = CARTESIAN_POINT('',(106.8,1.35,35.355));
#8485 = LINE('',#8486,#8487);
#8486 = CARTESIAN_POINT('',(106.8,1.35,23.94842901474));
#8487 = VECTOR('',#8488,1.);
#8488 = DIRECTION('',(0.,1.110223024625E-16,1.));
#8489 = ORIENTED_EDGE('',*,*,#8490,.F.);
#8490 = EDGE_CURVE('',#8491,#8483,#8493,.T.);
#8491 = VERTEX_POINT('',#8492);
#8492 = CARTESIAN_POINT('',(106.8,6.65,35.355));
#8493 = LINE('',#8494,#8495);
#8494 = CARTESIAN_POINT('',(106.8,3.95157098526,35.355));
#8495 = VECTOR('',#8496,1.);
#8496 = DIRECTION('',(0.,-1.,3.330669073875E-16));
#8497 = ORIENTED_EDGE('',*,*,#8498,.F.);
#8498 = EDGE_CURVE('',#8475,#8491,#8499,.T.);
#8499 = LINE('',#8500,#8501);
#8500 = CARTESIAN_POINT('',(106.8,6.65,23.94842901474));
#8501 = VECTOR('',#8502,1.);
#8502 = DIRECTION('',(0.,1.110223024625E-16,1.));
#8503 = FACE_BOUND('',#8504,.T.);
#8504 = EDGE_LOOP('',(#8505,#8515,#8523,#8531));
#8505 = ORIENTED_EDGE('',*,*,#8506,.F.);
#8506 = EDGE_CURVE('',#8507,#8509,#8511,.T.);
#8507 = VERTEX_POINT('',#8508);
#8508 = CARTESIAN_POINT('',(106.8,1.35,9.095));
#8509 = VERTEX_POINT('',#8510);
#8510 = CARTESIAN_POINT('',(106.8,6.65,9.095));
#8511 = LINE('',#8512,#8513);
#8512 = CARTESIAN_POINT('',(106.8,3.95157098526,9.095));
#8513 = VECTOR('',#8514,1.);
#8514 = DIRECTION('',(0.,1.,-3.330669073875E-16));
#8515 = ORIENTED_EDGE('',*,*,#8516,.T.);
#8516 = EDGE_CURVE('',#8507,#8517,#8519,.T.);
#8517 = VERTEX_POINT('',#8518);
#8518 = CARTESIAN_POINT('',(106.8,1.35,19.485));
#8519 = LINE('',#8520,#8521);
#8520 = CARTESIAN_POINT('',(106.8,1.35,23.94842901474));
#8521 = VECTOR('',#8522,1.);
#8522 = DIRECTION('',(0.,1.110223024625E-16,1.));
#8523 = ORIENTED_EDGE('',*,*,#8524,.F.);
#8524 = EDGE_CURVE('',#8525,#8517,#8527,.T.);
#8525 = VERTEX_POINT('',#8526);
#8526 = CARTESIAN_POINT('',(106.8,6.65,19.485));
#8527 = LINE('',#8528,#8529);
#8528 = CARTESIAN_POINT('',(106.8,3.95157098526,19.485));
#8529 = VECTOR('',#8530,1.);
#8530 = DIRECTION('',(0.,-1.,3.330669073875E-16));
#8531 = ORIENTED_EDGE('',*,*,#8532,.F.);
#8532 = EDGE_CURVE('',#8509,#8525,#8533,.T.);
#8533 = LINE('',#8534,#8535);
#8534 = CARTESIAN_POINT('',(106.8,6.65,23.94842901474));
#8535 = VECTOR('',#8536,1.);
#8536 = DIRECTION('',(0.,1.110223024625E-16,1.));
#8537 = PLANE('',#8538);
#8538 = AXIS2_PLACEMENT_3D('',#8539,#8540,#8541);
#8539 = CARTESIAN_POINT('',(106.8,6.55314197052,25.67185802948));
#8540 = DIRECTION('',(1.,0.,0.));
#8541 = DIRECTION('',(0.,-1.,4.440892098501E-16));
#8542 = ADVANCED_FACE('',(#8543,#8554,#8565,#8576,#8587,#8621),#8632,.F.
  );
#8543 = FACE_BOUND('',#8544,.F.);
#8544 = EDGE_LOOP('',(#8545,#8546,#8547,#8553));
#8545 = ORIENTED_EDGE('',*,*,#8302,.F.);
#8546 = ORIENTED_EDGE('',*,*,#8349,.F.);
#8547 = ORIENTED_EDGE('',*,*,#8548,.F.);
#8548 = EDGE_CURVE('',#8457,#8317,#8549,.T.);
#8549 = LINE('',#8550,#8551);
#8550 = CARTESIAN_POINT('',(106.8,3.454458941121E-14,44.45));
#8551 = VECTOR('',#8552,1.);
#8552 = DIRECTION('',(-1.,0.,0.));
#8553 = ORIENTED_EDGE('',*,*,#8464,.F.);
#8554 = FACE_BOUND('',#8555,.F.);
#8555 = EDGE_LOOP('',(#8556));
#8556 = ORIENTED_EDGE('',*,*,#8557,.T.);
#8557 = EDGE_CURVE('',#8558,#8558,#8560,.T.);
#8558 = VERTEX_POINT('',#8559);
#8559 = CARTESIAN_POINT('',(-96.8,6.346034808757E-15,14.29));
#8560 = CIRCLE('',#8561,3.2);
#8561 = AXIS2_PLACEMENT_3D('',#8562,#8563,#8564);
#8562 = CARTESIAN_POINT('',(-100.,6.346034808757E-15,14.29));
#8563 = DIRECTION('',(0.,-1.,4.440892098501E-16));
#8564 = DIRECTION('',(1.,0.,0.));
#8565 = FACE_BOUND('',#8566,.F.);
#8566 = EDGE_LOOP('',(#8567));
#8567 = ORIENTED_EDGE('',*,*,#8568,.T.);
#8568 = EDGE_CURVE('',#8569,#8569,#8571,.T.);
#8569 = VERTEX_POINT('',#8570);
#8570 = CARTESIAN_POINT('',(-96.8,1.339373056908E-14,30.16));
#8571 = CIRCLE('',#8572,3.2);
#8572 = AXIS2_PLACEMENT_3D('',#8573,#8574,#8575);
#8573 = CARTESIAN_POINT('',(-100.,1.339373056908E-14,30.16));
#8574 = DIRECTION('',(0.,-1.,4.440892098501E-16));
#8575 = DIRECTION('',(1.,0.,0.));
#8576 = FACE_BOUND('',#8577,.F.);
#8577 = EDGE_LOOP('',(#8578));
#8578 = ORIENTED_EDGE('',*,*,#8579,.T.);
#8579 = EDGE_CURVE('',#8580,#8580,#8582,.T.);
#8580 = VERTEX_POINT('',#8581);
#8581 = CARTESIAN_POINT('',(103.2,6.346034808757E-15,14.29));
#8582 = CIRCLE('',#8583,3.2);
#8583 = AXIS2_PLACEMENT_3D('',#8584,#8585,#8586);
#8584 = CARTESIAN_POINT('',(100.,6.346034808757E-15,14.29));
#8585 = DIRECTION('',(0.,-1.,4.440892098501E-16));
#8586 = DIRECTION('',(1.,0.,0.));
#8587 = FACE_BOUND('',#8588,.F.);
#8588 = EDGE_LOOP('',(#8589,#8599,#8607,#8615));
#8589 = ORIENTED_EDGE('',*,*,#8590,.T.);
#8590 = EDGE_CURVE('',#8591,#8593,#8595,.T.);
#8591 = VERTEX_POINT('',#8592);
#8592 = CARTESIAN_POINT('',(-89.5,2.080002836635E-14,31.225));
#8593 = VERTEX_POINT('',#8594);
#8594 = CARTESIAN_POINT('',(-89.5,8.809619700401E-15,13.225));
#8595 = LINE('',#8596,#8597);
#8596 = CARTESIAN_POINT('',(-89.5,2.080002836635E-14,31.225));
#8597 = VECTOR('',#8598,1.);
#8598 = DIRECTION('',(0.,-6.661338147751E-16,-1.));
#8599 = ORIENTED_EDGE('',*,*,#8600,.T.);
#8600 = EDGE_CURVE('',#8593,#8601,#8603,.T.);
#8601 = VERTEX_POINT('',#8602);
#8602 = CARTESIAN_POINT('',(89.5,8.809619700401E-15,13.225));
#8603 = LINE('',#8604,#8605);
#8604 = CARTESIAN_POINT('',(-89.5,8.809619700401E-15,13.225));
#8605 = VECTOR('',#8606,1.);
#8606 = DIRECTION('',(1.,0.,0.));
#8607 = ORIENTED_EDGE('',*,*,#8608,.T.);
#8608 = EDGE_CURVE('',#8601,#8609,#8611,.T.);
#8609 = VERTEX_POINT('',#8610);
#8610 = CARTESIAN_POINT('',(89.5,2.080002836635E-14,31.225));
#8611 = LINE('',#8612,#8613);
#8612 = CARTESIAN_POINT('',(89.5,8.809619700401E-15,13.225));
#8613 = VECTOR('',#8614,1.);
#8614 = DIRECTION('',(0.,6.661338147751E-16,1.));
#8615 = ORIENTED_EDGE('',*,*,#8616,.T.);
#8616 = EDGE_CURVE('',#8609,#8591,#8617,.T.);
#8617 = LINE('',#8618,#8619);
#8618 = CARTESIAN_POINT('',(89.5,2.080002836635E-14,31.225));
#8619 = VECTOR('',#8620,1.);
#8620 = DIRECTION('',(-1.,0.,0.));
#8621 = FACE_BOUND('',#8622,.F.);
#8622 = EDGE_LOOP('',(#8623));
#8623 = ORIENTED_EDGE('',*,*,#8624,.T.);
#8624 = EDGE_CURVE('',#8625,#8625,#8627,.T.);
#8625 = VERTEX_POINT('',#8626);
#8626 = CARTESIAN_POINT('',(103.2,1.339373056908E-14,30.16));
#8627 = CIRCLE('',#8628,3.2);
#8628 = AXIS2_PLACEMENT_3D('',#8629,#8630,#8631);
#8629 = CARTESIAN_POINT('',(100.,1.339373056908E-14,30.16));
#8630 = DIRECTION('',(0.,-1.,4.440892098501E-16));
#8631 = DIRECTION('',(1.,0.,0.));
#8632 = PLANE('',#8633);
#8633 = AXIS2_PLACEMENT_3D('',#8634,#8635,#8636);
#8634 = CARTESIAN_POINT('',(0.,1.727229470561E-14,22.225));
#8635 = DIRECTION('',(0.,1.,-5.551115123126E-16));
#8636 = DIRECTION('',(0.,5.551115123126E-16,1.));
#8637 = ADVANCED_FACE('',(#8638,#8649,#8660,#8671,#8705,#8716),#8727,.T.
  );
#8638 = FACE_BOUND('',#8639,.T.);
#8639 = EDGE_LOOP('',(#8640,#8641,#8642,#8648));
#8640 = ORIENTED_EDGE('',*,*,#8286,.F.);
#8641 = ORIENTED_EDGE('',*,*,#8342,.F.);
#8642 = ORIENTED_EDGE('',*,*,#8643,.T.);
#8643 = EDGE_CURVE('',#8335,#8433,#8644,.T.);
#8644 = LINE('',#8645,#8646);
#8645 = CARTESIAN_POINT('',(-106.8,8.,37.025));
#8646 = VECTOR('',#8647,1.);
#8647 = DIRECTION('',(1.,0.,0.));
#8648 = ORIENTED_EDGE('',*,*,#8432,.F.);
#8649 = FACE_BOUND('',#8650,.T.);
#8650 = EDGE_LOOP('',(#8651));
#8651 = ORIENTED_EDGE('',*,*,#8652,.T.);
#8652 = EDGE_CURVE('',#8653,#8653,#8655,.T.);
#8653 = VERTEX_POINT('',#8654);
#8654 = CARTESIAN_POINT('',(-96.8,8.,14.29));
#8655 = CIRCLE('',#8656,3.2);
#8656 = AXIS2_PLACEMENT_3D('',#8657,#8658,#8659);
#8657 = CARTESIAN_POINT('',(-100.,8.,14.29));
#8658 = DIRECTION('',(0.,-1.,4.440892098501E-16));
#8659 = DIRECTION('',(1.,0.,0.));
#8660 = FACE_BOUND('',#8661,.T.);
#8661 = EDGE_LOOP('',(#8662));
#8662 = ORIENTED_EDGE('',*,*,#8663,.T.);
#8663 = EDGE_CURVE('',#8664,#8664,#8666,.T.);
#8664 = VERTEX_POINT('',#8665);
#8665 = CARTESIAN_POINT('',(-96.8,8.,30.16));
#8666 = CIRCLE('',#8667,3.2);
#8667 = AXIS2_PLACEMENT_3D('',#8668,#8669,#8670);
#8668 = CARTESIAN_POINT('',(-100.,8.,30.16));
#8669 = DIRECTION('',(0.,-1.,4.440892098501E-16));
#8670 = DIRECTION('',(1.,0.,0.));
#8671 = FACE_BOUND('',#8672,.T.);
#8672 = EDGE_LOOP('',(#8673,#8683,#8691,#8699));
#8673 = ORIENTED_EDGE('',*,*,#8674,.T.);
#8674 = EDGE_CURVE('',#8675,#8677,#8679,.T.);
#8675 = VERTEX_POINT('',#8676);
#8676 = CARTESIAN_POINT('',(-89.5,8.,31.225));
#8677 = VERTEX_POINT('',#8678);
#8678 = CARTESIAN_POINT('',(-89.5,8.,13.225));
#8679 = LINE('',#8680,#8681);
#8680 = CARTESIAN_POINT('',(-89.5,8.,31.225));
#8681 = VECTOR('',#8682,1.);
#8682 = DIRECTION('',(0.,-6.661338147751E-16,-1.));
#8683 = ORIENTED_EDGE('',*,*,#8684,.T.);
#8684 = EDGE_CURVE('',#8677,#8685,#8687,.T.);
#8685 = VERTEX_POINT('',#8686);
#8686 = CARTESIAN_POINT('',(89.5,8.,13.225));
#8687 = LINE('',#8688,#8689);
#8688 = CARTESIAN_POINT('',(-89.5,8.,13.225));
#8689 = VECTOR('',#8690,1.);
#8690 = DIRECTION('',(1.,0.,0.));
#8691 = ORIENTED_EDGE('',*,*,#8692,.T.);
#8692 = EDGE_CURVE('',#8685,#8693,#8695,.T.);
#8693 = VERTEX_POINT('',#8694);
#8694 = CARTESIAN_POINT('',(89.5,8.,31.225));
#8695 = LINE('',#8696,#8697);
#8696 = CARTESIAN_POINT('',(89.5,8.,13.225));
#8697 = VECTOR('',#8698,1.);
#8698 = DIRECTION('',(0.,6.661338147751E-16,1.));
#8699 = ORIENTED_EDGE('',*,*,#8700,.T.);
#8700 = EDGE_CURVE('',#8693,#8675,#8701,.T.);
#8701 = LINE('',#8702,#8703);
#8702 = CARTESIAN_POINT('',(89.5,8.,31.225));
#8703 = VECTOR('',#8704,1.);
#8704 = DIRECTION('',(-1.,0.,0.));
#8705 = FACE_BOUND('',#8706,.T.);
#8706 = EDGE_LOOP('',(#8707));
#8707 = ORIENTED_EDGE('',*,*,#8708,.T.);
#8708 = EDGE_CURVE('',#8709,#8709,#8711,.T.);
#8709 = VERTEX_POINT('',#8710);
#8710 = CARTESIAN_POINT('',(103.2,8.,14.29));
#8711 = CIRCLE('',#8712,3.2);
#8712 = AXIS2_PLACEMENT_3D('',#8713,#8714,#8715);
#8713 = CARTESIAN_POINT('',(100.,8.,14.29));
#8714 = DIRECTION('',(0.,-1.,4.440892098501E-16));
#8715 = DIRECTION('',(1.,0.,0.));
#8716 = FACE_BOUND('',#8717,.T.);
#8717 = EDGE_LOOP('',(#8718));
#8718 = ORIENTED_EDGE('',*,*,#8719,.T.);
#8719 = EDGE_CURVE('',#8720,#8720,#8722,.T.);
#8720 = VERTEX_POINT('',#8721);
#8721 = CARTESIAN_POINT('',(103.2,8.,30.16));
#8722 = CIRCLE('',#8723,3.2);
#8723 = AXIS2_PLACEMENT_3D('',#8724,#8725,#8726);
#8724 = CARTESIAN_POINT('',(100.,8.,30.16));
#8725 = DIRECTION('',(0.,-1.,4.440892098501E-16));
#8726 = DIRECTION('',(1.,0.,0.));
#8727 = PLANE('',#8728);
#8728 = AXIS2_PLACEMENT_3D('',#8729,#8730,#8731);
#8729 = CARTESIAN_POINT('',(0.,8.,22.225));
#8730 = DIRECTION('',(0.,1.,-5.551115123126E-16));
#8731 = DIRECTION('',(0.,5.551115123126E-16,1.));
#8732 = ADVANCED_FACE('',(#8733),#8744,.T.);
#8733 = FACE_BOUND('',#8734,.T.);
#8734 = EDGE_LOOP('',(#8735,#8736,#8742,#8743));
#8735 = ORIENTED_EDGE('',*,*,#8456,.T.);
#8736 = ORIENTED_EDGE('',*,*,#8737,.T.);
#8737 = EDGE_CURVE('',#8449,#8319,#8738,.T.);
#8738 = LINE('',#8739,#8740);
#8739 = CARTESIAN_POINT('',(106.8,20.,44.45));
#8740 = VECTOR('',#8741,1.);
#8741 = DIRECTION('',(-1.,0.,0.));
#8742 = ORIENTED_EDGE('',*,*,#8316,.F.);
#8743 = ORIENTED_EDGE('',*,*,#8548,.F.);
#8744 = PLANE('',#8745);
#8745 = AXIS2_PLACEMENT_3D('',#8746,#8747,#8748);
#8746 = CARTESIAN_POINT('',(0.,10.,44.45));
#8747 = DIRECTION('',(0.,4.440892098501E-16,1.));
#8748 = DIRECTION('',(0.,-1.,4.440892098501E-16));
#8749 = ADVANCED_FACE('',(#8750),#8761,.T.);
#8750 = FACE_BOUND('',#8751,.F.);
#8751 = EDGE_LOOP('',(#8752,#8758,#8759,#8760));
#8752 = ORIENTED_EDGE('',*,*,#8753,.T.);
#8753 = EDGE_CURVE('',#8327,#8441,#8754,.T.);
#8754 = LINE('',#8755,#8756);
#8755 = CARTESIAN_POINT('',(-106.8,20.,37.025));
#8756 = VECTOR('',#8757,1.);
#8757 = DIRECTION('',(1.,0.,0.));
#8758 = ORIENTED_EDGE('',*,*,#8448,.T.);
#8759 = ORIENTED_EDGE('',*,*,#8737,.T.);
#8760 = ORIENTED_EDGE('',*,*,#8326,.T.);
#8761 = PLANE('',#8762);
#8762 = AXIS2_PLACEMENT_3D('',#8763,#8764,#8765);
#8763 = CARTESIAN_POINT('',(-1.543085683361E-15,20.,40.7375));
#8764 = DIRECTION('',(0.,1.,-5.72306885758E-16));
#8765 = DIRECTION('',(0.,5.72306885758E-16,1.));
#8766 = ADVANCED_FACE('',(#8767),#8773,.T.);
#8767 = FACE_BOUND('',#8768,.T.);
#8768 = EDGE_LOOP('',(#8769,#8770,#8771,#8772));
#8769 = ORIENTED_EDGE('',*,*,#8334,.T.);
#8770 = ORIENTED_EDGE('',*,*,#8753,.T.);
#8771 = ORIENTED_EDGE('',*,*,#8440,.F.);
#8772 = ORIENTED_EDGE('',*,*,#8643,.F.);
#8773 = PLANE('',#8774);
#8774 = AXIS2_PLACEMENT_3D('',#8775,#8776,#8777);
#8775 = CARTESIAN_POINT('',(-106.8,8.,37.025));
#8776 = DIRECTION('',(0.,-5.551115123126E-16,-1.));
#8777 = DIRECTION('',(1.,0.,0.));
#8778 = ADVANCED_FACE('',(#8779,#8804),#8815,.T.);
#8779 = FACE_BOUND('',#8780,.T.);
#8780 = EDGE_LOOP('',(#8781,#8791,#8797,#8798));
#8781 = ORIENTED_EDGE('',*,*,#8782,.T.);
#8782 = EDGE_CURVE('',#8783,#8785,#8787,.T.);
#8783 = VERTEX_POINT('',#8784);
#8784 = CARTESIAN_POINT('',(-93.87453578387,1.35,35.355));
#8785 = VERTEX_POINT('',#8786);
#8786 = CARTESIAN_POINT('',(-93.87453578387,1.35,24.965));
#8787 = LINE('',#8788,#8789);
#8788 = CARTESIAN_POINT('',(-93.87453578387,1.35,35.355));
#8789 = VECTOR('',#8790,1.);
#8790 = DIRECTION('',(0.,-3.330669073875E-16,-1.));
#8791 = ORIENTED_EDGE('',*,*,#8792,.T.);
#8792 = EDGE_CURVE('',#8785,#8360,#8793,.T.);
#8793 = LINE('',#8794,#8795);
#8794 = CARTESIAN_POINT('',(-93.87453578387,1.35,24.965));
#8795 = VECTOR('',#8796,1.);
#8796 = DIRECTION('',(-1.,0.,0.));
#8797 = ORIENTED_EDGE('',*,*,#8357,.F.);
#8798 = ORIENTED_EDGE('',*,*,#8799,.T.);
#8799 = EDGE_CURVE('',#8358,#8783,#8800,.T.);
#8800 = LINE('',#8801,#8802);
#8801 = CARTESIAN_POINT('',(-107.3,1.35,35.355));
#8802 = VECTOR('',#8803,1.);
#8803 = DIRECTION('',(1.,0.,0.));
#8804 = FACE_BOUND('',#8805,.T.);
#8805 = EDGE_LOOP('',(#8806));
#8806 = ORIENTED_EDGE('',*,*,#8807,.T.);
#8807 = EDGE_CURVE('',#8808,#8808,#8810,.T.);
#8808 = VERTEX_POINT('',#8809);
#8809 = CARTESIAN_POINT('',(-96.8,1.35,30.16));
#8810 = CIRCLE('',#8811,3.2);
#8811 = AXIS2_PLACEMENT_3D('',#8812,#8813,#8814);
#8812 = CARTESIAN_POINT('',(-100.,1.35,30.16));
#8813 = DIRECTION('',(0.,-1.,4.440892098501E-16));
#8814 = DIRECTION('',(1.,0.,0.));
#8815 = PLANE('',#8816);
#8816 = AXIS2_PLACEMENT_3D('',#8817,#8818,#8819);
#8817 = CARTESIAN_POINT('',(-6.563777235188E-15,1.35,22.225));
#8818 = DIRECTION('',(0.,1.,-1.110223024625E-16));
#8819 = DIRECTION('',(0.,1.110223024625E-16,1.));
#8820 = ADVANCED_FACE('',(#8821),#8839,.T.);
#8821 = FACE_BOUND('',#8822,.T.);
#8822 = EDGE_LOOP('',(#8823,#8824,#8825,#8833));
#8823 = ORIENTED_EDGE('',*,*,#8799,.F.);
#8824 = ORIENTED_EDGE('',*,*,#8383,.F.);
#8825 = ORIENTED_EDGE('',*,*,#8826,.T.);
#8826 = EDGE_CURVE('',#8376,#8827,#8829,.T.);
#8827 = VERTEX_POINT('',#8828);
#8828 = CARTESIAN_POINT('',(-93.87453578387,6.65,35.355));
#8829 = LINE('',#8830,#8831);
#8830 = CARTESIAN_POINT('',(-107.3,6.65,35.355));
#8831 = VECTOR('',#8832,1.);
#8832 = DIRECTION('',(1.,0.,0.));
#8833 = ORIENTED_EDGE('',*,*,#8834,.F.);
#8834 = EDGE_CURVE('',#8783,#8827,#8835,.T.);
#8835 = LINE('',#8836,#8837);
#8836 = CARTESIAN_POINT('',(-93.87453578387,1.35,35.355));
#8837 = VECTOR('',#8838,1.);
#8838 = DIRECTION('',(0.,1.,-3.330669073875E-16));
#8839 = PLANE('',#8840);
#8840 = AXIS2_PLACEMENT_3D('',#8841,#8842,#8843);
#8841 = CARTESIAN_POINT('',(-107.3,1.35,35.355));
#8842 = DIRECTION('',(0.,-3.330669073875E-16,-1.));
#8843 = DIRECTION('',(1.,0.,0.));
#8844 = ADVANCED_FACE('',(#8845,#8863),#8874,.F.);
#8845 = FACE_BOUND('',#8846,.F.);
#8846 = EDGE_LOOP('',(#8847,#8855,#8861,#8862));
#8847 = ORIENTED_EDGE('',*,*,#8848,.T.);
#8848 = EDGE_CURVE('',#8827,#8849,#8851,.T.);
#8849 = VERTEX_POINT('',#8850);
#8850 = CARTESIAN_POINT('',(-93.87453578387,6.65,24.965));
#8851 = LINE('',#8852,#8853);
#8852 = CARTESIAN_POINT('',(-93.87453578387,6.65,35.355));
#8853 = VECTOR('',#8854,1.);
#8854 = DIRECTION('',(0.,-3.330669073875E-16,-1.));
#8855 = ORIENTED_EDGE('',*,*,#8856,.T.);
#8856 = EDGE_CURVE('',#8849,#8368,#8857,.T.);
#8857 = LINE('',#8858,#8859);
#8858 = CARTESIAN_POINT('',(-93.87453578387,6.65,24.965));
#8859 = VECTOR('',#8860,1.);
#8860 = DIRECTION('',(-1.,0.,0.));
#8861 = ORIENTED_EDGE('',*,*,#8375,.F.);
#8862 = ORIENTED_EDGE('',*,*,#8826,.T.);
#8863 = FACE_BOUND('',#8864,.F.);
#8864 = EDGE_LOOP('',(#8865));
#8865 = ORIENTED_EDGE('',*,*,#8866,.T.);
#8866 = EDGE_CURVE('',#8867,#8867,#8869,.T.);
#8867 = VERTEX_POINT('',#8868);
#8868 = CARTESIAN_POINT('',(-96.8,6.65,30.16));
#8869 = CIRCLE('',#8870,3.2);
#8870 = AXIS2_PLACEMENT_3D('',#8871,#8872,#8873);
#8871 = CARTESIAN_POINT('',(-100.,6.65,30.16));
#8872 = DIRECTION('',(0.,-1.,4.440892098501E-16));
#8873 = DIRECTION('',(1.,0.,0.));
#8874 = PLANE('',#8875);
#8875 = AXIS2_PLACEMENT_3D('',#8876,#8877,#8878);
#8876 = CARTESIAN_POINT('',(-6.563777235188E-15,6.65,22.225));
#8877 = DIRECTION('',(0.,1.,-1.110223024625E-16));
#8878 = DIRECTION('',(0.,1.110223024625E-16,1.));
#8879 = ADVANCED_FACE('',(#8880),#8891,.T.);
#8880 = FACE_BOUND('',#8881,.T.);
#8881 = EDGE_LOOP('',(#8882,#8883,#8889,#8890));
#8882 = ORIENTED_EDGE('',*,*,#8792,.F.);
#8883 = ORIENTED_EDGE('',*,*,#8884,.T.);
#8884 = EDGE_CURVE('',#8785,#8849,#8885,.T.);
#8885 = LINE('',#8886,#8887);
#8886 = CARTESIAN_POINT('',(-93.87453578387,1.35,24.965));
#8887 = VECTOR('',#8888,1.);
#8888 = DIRECTION('',(0.,1.,-3.330669073875E-16));
#8889 = ORIENTED_EDGE('',*,*,#8856,.T.);
#8890 = ORIENTED_EDGE('',*,*,#8367,.F.);
#8891 = PLANE('',#8892);
#8892 = AXIS2_PLACEMENT_3D('',#8893,#8894,#8895);
#8893 = CARTESIAN_POINT('',(-93.87453578387,1.35,24.965));
#8894 = DIRECTION('',(0.,3.330669073875E-16,1.));
#8895 = DIRECTION('',(-1.,0.,0.));
#8896 = ADVANCED_FACE('',(#8897,#8922),#8933,.T.);
#8897 = FACE_BOUND('',#8898,.T.);
#8898 = EDGE_LOOP('',(#8899,#8909,#8915,#8916));
#8899 = ORIENTED_EDGE('',*,*,#8900,.T.);
#8900 = EDGE_CURVE('',#8901,#8903,#8905,.T.);
#8901 = VERTEX_POINT('',#8902);
#8902 = CARTESIAN_POINT('',(-93.87453578387,1.35,19.485));
#8903 = VERTEX_POINT('',#8904);
#8904 = CARTESIAN_POINT('',(-93.87453578387,1.35,9.095));
#8905 = LINE('',#8906,#8907);
#8906 = CARTESIAN_POINT('',(-93.87453578387,1.35,19.485));
#8907 = VECTOR('',#8908,1.);
#8908 = DIRECTION('',(0.,-3.330669073875E-16,-1.));
#8909 = ORIENTED_EDGE('',*,*,#8910,.T.);
#8910 = EDGE_CURVE('',#8903,#8394,#8911,.T.);
#8911 = LINE('',#8912,#8913);
#8912 = CARTESIAN_POINT('',(-93.87453578387,1.35,9.095));
#8913 = VECTOR('',#8914,1.);
#8914 = DIRECTION('',(-1.,0.,0.));
#8915 = ORIENTED_EDGE('',*,*,#8391,.F.);
#8916 = ORIENTED_EDGE('',*,*,#8917,.T.);
#8917 = EDGE_CURVE('',#8392,#8901,#8918,.T.);
#8918 = LINE('',#8919,#8920);
#8919 = CARTESIAN_POINT('',(-107.3,1.35,19.485));
#8920 = VECTOR('',#8921,1.);
#8921 = DIRECTION('',(1.,0.,0.));
#8922 = FACE_BOUND('',#8923,.T.);
#8923 = EDGE_LOOP('',(#8924));
#8924 = ORIENTED_EDGE('',*,*,#8925,.T.);
#8925 = EDGE_CURVE('',#8926,#8926,#8928,.T.);
#8926 = VERTEX_POINT('',#8927);
#8927 = CARTESIAN_POINT('',(-96.8,1.35,14.29));
#8928 = CIRCLE('',#8929,3.2);
#8929 = AXIS2_PLACEMENT_3D('',#8930,#8931,#8932);
#8930 = CARTESIAN_POINT('',(-100.,1.35,14.29));
#8931 = DIRECTION('',(0.,-1.,4.440892098501E-16));
#8932 = DIRECTION('',(1.,0.,0.));
#8933 = PLANE('',#8934);
#8934 = AXIS2_PLACEMENT_3D('',#8935,#8936,#8937);
#8935 = CARTESIAN_POINT('',(-6.563777235188E-15,1.35,22.225));
#8936 = DIRECTION('',(0.,1.,-1.110223024625E-16));
#8937 = DIRECTION('',(0.,1.110223024625E-16,1.));
#8938 = ADVANCED_FACE('',(#8939),#8957,.T.);
#8939 = FACE_BOUND('',#8940,.T.);
#8940 = EDGE_LOOP('',(#8941,#8942,#8943,#8951));
#8941 = ORIENTED_EDGE('',*,*,#8917,.F.);
#8942 = ORIENTED_EDGE('',*,*,#8417,.F.);
#8943 = ORIENTED_EDGE('',*,*,#8944,.T.);
#8944 = EDGE_CURVE('',#8410,#8945,#8947,.T.);
#8945 = VERTEX_POINT('',#8946);
#8946 = CARTESIAN_POINT('',(-93.87453578387,6.65,19.485));
#8947 = LINE('',#8948,#8949);
#8948 = CARTESIAN_POINT('',(-107.3,6.65,19.485));
#8949 = VECTOR('',#8950,1.);
#8950 = DIRECTION('',(1.,0.,0.));
#8951 = ORIENTED_EDGE('',*,*,#8952,.F.);
#8952 = EDGE_CURVE('',#8901,#8945,#8953,.T.);
#8953 = LINE('',#8954,#8955);
#8954 = CARTESIAN_POINT('',(-93.87453578387,1.35,19.485));
#8955 = VECTOR('',#8956,1.);
#8956 = DIRECTION('',(0.,1.,-3.330669073875E-16));
#8957 = PLANE('',#8958);
#8958 = AXIS2_PLACEMENT_3D('',#8959,#8960,#8961);
#8959 = CARTESIAN_POINT('',(-107.3,1.35,19.485));
#8960 = DIRECTION('',(0.,-3.330669073875E-16,-1.));
#8961 = DIRECTION('',(1.,0.,0.));
#8962 = ADVANCED_FACE('',(#8963,#8981),#8992,.F.);
#8963 = FACE_BOUND('',#8964,.F.);
#8964 = EDGE_LOOP('',(#8965,#8973,#8979,#8980));
#8965 = ORIENTED_EDGE('',*,*,#8966,.T.);
#8966 = EDGE_CURVE('',#8945,#8967,#8969,.T.);
#8967 = VERTEX_POINT('',#8968);
#8968 = CARTESIAN_POINT('',(-93.87453578387,6.65,9.095));
#8969 = LINE('',#8970,#8971);
#8970 = CARTESIAN_POINT('',(-93.87453578387,6.65,19.485));
#8971 = VECTOR('',#8972,1.);
#8972 = DIRECTION('',(0.,-3.330669073875E-16,-1.));
#8973 = ORIENTED_EDGE('',*,*,#8974,.T.);
#8974 = EDGE_CURVE('',#8967,#8402,#8975,.T.);
#8975 = LINE('',#8976,#8977);
#8976 = CARTESIAN_POINT('',(-93.87453578387,6.65,9.095));
#8977 = VECTOR('',#8978,1.);
#8978 = DIRECTION('',(-1.,0.,0.));
#8979 = ORIENTED_EDGE('',*,*,#8409,.F.);
#8980 = ORIENTED_EDGE('',*,*,#8944,.T.);
#8981 = FACE_BOUND('',#8982,.F.);
#8982 = EDGE_LOOP('',(#8983));
#8983 = ORIENTED_EDGE('',*,*,#8984,.T.);
#8984 = EDGE_CURVE('',#8985,#8985,#8987,.T.);
#8985 = VERTEX_POINT('',#8986);
#8986 = CARTESIAN_POINT('',(-96.8,6.65,14.29));
#8987 = CIRCLE('',#8988,3.2);
#8988 = AXIS2_PLACEMENT_3D('',#8989,#8990,#8991);
#8989 = CARTESIAN_POINT('',(-100.,6.65,14.29));
#8990 = DIRECTION('',(0.,-1.,4.440892098501E-16));
#8991 = DIRECTION('',(1.,0.,0.));
#8992 = PLANE('',#8993);
#8993 = AXIS2_PLACEMENT_3D('',#8994,#8995,#8996);
#8994 = CARTESIAN_POINT('',(-6.563777235188E-15,6.65,22.225));
#8995 = DIRECTION('',(0.,1.,-1.110223024625E-16));
#8996 = DIRECTION('',(0.,1.110223024625E-16,1.));
#8997 = ADVANCED_FACE('',(#8998),#9009,.T.);
#8998 = FACE_BOUND('',#8999,.T.);
#8999 = EDGE_LOOP('',(#9000,#9001,#9007,#9008));
#9000 = ORIENTED_EDGE('',*,*,#8910,.F.);
#9001 = ORIENTED_EDGE('',*,*,#9002,.T.);
#9002 = EDGE_CURVE('',#8903,#8967,#9003,.T.);
#9003 = LINE('',#9004,#9005);
#9004 = CARTESIAN_POINT('',(-93.87453578387,1.35,9.095));
#9005 = VECTOR('',#9006,1.);
#9006 = DIRECTION('',(0.,1.,-3.330669073875E-16));
#9007 = ORIENTED_EDGE('',*,*,#8974,.T.);
#9008 = ORIENTED_EDGE('',*,*,#8401,.F.);
#9009 = PLANE('',#9010);
#9010 = AXIS2_PLACEMENT_3D('',#9011,#9012,#9013);
#9011 = CARTESIAN_POINT('',(-93.87453578387,1.35,9.095));
#9012 = DIRECTION('',(0.,3.330669073875E-16,1.));
#9013 = DIRECTION('',(-1.,0.,0.));
#9014 = ADVANCED_FACE('',(#9015),#9040,.F.);
#9015 = FACE_BOUND('',#9016,.F.);
#9016 = EDGE_LOOP('',(#9017,#9025,#9033,#9039));
#9017 = ORIENTED_EDGE('',*,*,#9018,.F.);
#9018 = EDGE_CURVE('',#9019,#8473,#9021,.T.);
#9019 = VERTEX_POINT('',#9020);
#9020 = CARTESIAN_POINT('',(93.874535783877,1.35,24.965));
#9021 = LINE('',#9022,#9023);
#9022 = CARTESIAN_POINT('',(93.874535783877,1.35,24.965));
#9023 = VECTOR('',#9024,1.);
#9024 = DIRECTION('',(1.,0.,0.));
#9025 = ORIENTED_EDGE('',*,*,#9026,.T.);
#9026 = EDGE_CURVE('',#9019,#9027,#9029,.T.);
#9027 = VERTEX_POINT('',#9028);
#9028 = CARTESIAN_POINT('',(93.874535783877,6.65,24.965));
#9029 = LINE('',#9030,#9031);
#9030 = CARTESIAN_POINT('',(93.874535783877,1.35,24.965));
#9031 = VECTOR('',#9032,1.);
#9032 = DIRECTION('',(0.,1.,-3.330669073875E-16));
#9033 = ORIENTED_EDGE('',*,*,#9034,.T.);
#9034 = EDGE_CURVE('',#9027,#8475,#9035,.T.);
#9035 = LINE('',#9036,#9037);
#9036 = CARTESIAN_POINT('',(93.874535783877,6.65,24.965));
#9037 = VECTOR('',#9038,1.);
#9038 = DIRECTION('',(1.,0.,0.));
#9039 = ORIENTED_EDGE('',*,*,#8472,.F.);
#9040 = PLANE('',#9041);
#9041 = AXIS2_PLACEMENT_3D('',#9042,#9043,#9044);
#9042 = CARTESIAN_POINT('',(93.874535783877,1.35,24.965));
#9043 = DIRECTION('',(0.,-3.330669073875E-16,-1.));
#9044 = DIRECTION('',(1.,0.,0.));
#9045 = ADVANCED_FACE('',(#9046,#9064),#9075,.F.);
#9046 = FACE_BOUND('',#9047,.F.);
#9047 = EDGE_LOOP('',(#9048,#9049,#9057,#9063));
#9048 = ORIENTED_EDGE('',*,*,#9034,.F.);
#9049 = ORIENTED_EDGE('',*,*,#9050,.F.);
#9050 = EDGE_CURVE('',#9051,#9027,#9053,.T.);
#9051 = VERTEX_POINT('',#9052);
#9052 = CARTESIAN_POINT('',(93.874535783877,6.65,35.355));
#9053 = LINE('',#9054,#9055);
#9054 = CARTESIAN_POINT('',(93.874535783877,6.65,35.355));
#9055 = VECTOR('',#9056,1.);
#9056 = DIRECTION('',(0.,-3.330669073875E-16,-1.));
#9057 = ORIENTED_EDGE('',*,*,#9058,.F.);
#9058 = EDGE_CURVE('',#8491,#9051,#9059,.T.);
#9059 = LINE('',#9060,#9061);
#9060 = CARTESIAN_POINT('',(107.3,6.65,35.355));
#9061 = VECTOR('',#9062,1.);
#9062 = DIRECTION('',(-1.,0.,0.));
#9063 = ORIENTED_EDGE('',*,*,#8498,.F.);
#9064 = FACE_BOUND('',#9065,.F.);
#9065 = EDGE_LOOP('',(#9066));
#9066 = ORIENTED_EDGE('',*,*,#9067,.T.);
#9067 = EDGE_CURVE('',#9068,#9068,#9070,.T.);
#9068 = VERTEX_POINT('',#9069);
#9069 = CARTESIAN_POINT('',(103.2,6.65,30.16));
#9070 = CIRCLE('',#9071,3.2);
#9071 = AXIS2_PLACEMENT_3D('',#9072,#9073,#9074);
#9072 = CARTESIAN_POINT('',(100.,6.65,30.16));
#9073 = DIRECTION('',(0.,-1.,4.440892098501E-16));
#9074 = DIRECTION('',(1.,0.,0.));
#9075 = PLANE('',#9076);
#9076 = AXIS2_PLACEMENT_3D('',#9077,#9078,#9079);
#9077 = CARTESIAN_POINT('',(-6.563777235188E-15,6.65,22.225));
#9078 = DIRECTION('',(0.,1.,-1.110223024625E-16));
#9079 = DIRECTION('',(0.,1.110223024625E-16,1.));
#9080 = ADVANCED_FACE('',(#9081),#9099,.F.);
#9081 = FACE_BOUND('',#9082,.F.);
#9082 = EDGE_LOOP('',(#9083,#9091,#9092,#9093));
#9083 = ORIENTED_EDGE('',*,*,#9084,.F.);
#9084 = EDGE_CURVE('',#8483,#9085,#9087,.T.);
#9085 = VERTEX_POINT('',#9086);
#9086 = CARTESIAN_POINT('',(93.874535783877,1.35,35.355));
#9087 = LINE('',#9088,#9089);
#9088 = CARTESIAN_POINT('',(107.3,1.35,35.355));
#9089 = VECTOR('',#9090,1.);
#9090 = DIRECTION('',(-1.,0.,0.));
#9091 = ORIENTED_EDGE('',*,*,#8490,.F.);
#9092 = ORIENTED_EDGE('',*,*,#9058,.T.);
#9093 = ORIENTED_EDGE('',*,*,#9094,.F.);
#9094 = EDGE_CURVE('',#9085,#9051,#9095,.T.);
#9095 = LINE('',#9096,#9097);
#9096 = CARTESIAN_POINT('',(93.874535783877,1.35,35.355));
#9097 = VECTOR('',#9098,1.);
#9098 = DIRECTION('',(0.,1.,-3.330669073875E-16));
#9099 = PLANE('',#9100);
#9100 = AXIS2_PLACEMENT_3D('',#9101,#9102,#9103);
#9101 = CARTESIAN_POINT('',(107.3,1.35,35.355));
#9102 = DIRECTION('',(0.,3.330669073875E-16,1.));
#9103 = DIRECTION('',(-1.,0.,0.));
#9104 = ADVANCED_FACE('',(#9105,#9116),#9127,.T.);
#9105 = FACE_BOUND('',#9106,.T.);
#9106 = EDGE_LOOP('',(#9107,#9108,#9114,#9115));
#9107 = ORIENTED_EDGE('',*,*,#9018,.F.);
#9108 = ORIENTED_EDGE('',*,*,#9109,.F.);
#9109 = EDGE_CURVE('',#9085,#9019,#9110,.T.);
#9110 = LINE('',#9111,#9112);
#9111 = CARTESIAN_POINT('',(93.874535783877,1.35,35.355));
#9112 = VECTOR('',#9113,1.);
#9113 = DIRECTION('',(0.,-3.330669073875E-16,-1.));
#9114 = ORIENTED_EDGE('',*,*,#9084,.F.);
#9115 = ORIENTED_EDGE('',*,*,#8482,.F.);
#9116 = FACE_BOUND('',#9117,.T.);
#9117 = EDGE_LOOP('',(#9118));
#9118 = ORIENTED_EDGE('',*,*,#9119,.T.);
#9119 = EDGE_CURVE('',#9120,#9120,#9122,.T.);
#9120 = VERTEX_POINT('',#9121);
#9121 = CARTESIAN_POINT('',(103.2,1.35,30.16));
#9122 = CIRCLE('',#9123,3.2);
#9123 = AXIS2_PLACEMENT_3D('',#9124,#9125,#9126);
#9124 = CARTESIAN_POINT('',(100.,1.35,30.16));
#9125 = DIRECTION('',(0.,-1.,4.440892098501E-16));
#9126 = DIRECTION('',(1.,0.,0.));
#9127 = PLANE('',#9128);
#9128 = AXIS2_PLACEMENT_3D('',#9129,#9130,#9131);
#9129 = CARTESIAN_POINT('',(-6.563777235188E-15,1.35,22.225));
#9130 = DIRECTION('',(0.,1.,-1.110223024625E-16));
#9131 = DIRECTION('',(0.,1.110223024625E-16,1.));
#9132 = ADVANCED_FACE('',(#9133),#9158,.F.);
#9133 = FACE_BOUND('',#9134,.F.);
#9134 = EDGE_LOOP('',(#9135,#9143,#9151,#9157));
#9135 = ORIENTED_EDGE('',*,*,#9136,.F.);
#9136 = EDGE_CURVE('',#9137,#8507,#9139,.T.);
#9137 = VERTEX_POINT('',#9138);
#9138 = CARTESIAN_POINT('',(93.874535783877,1.35,9.095));
#9139 = LINE('',#9140,#9141);
#9140 = CARTESIAN_POINT('',(93.874535783877,1.35,9.095));
#9141 = VECTOR('',#9142,1.);
#9142 = DIRECTION('',(1.,0.,0.));
#9143 = ORIENTED_EDGE('',*,*,#9144,.T.);
#9144 = EDGE_CURVE('',#9137,#9145,#9147,.T.);
#9145 = VERTEX_POINT('',#9146);
#9146 = CARTESIAN_POINT('',(93.874535783877,6.65,9.095));
#9147 = LINE('',#9148,#9149);
#9148 = CARTESIAN_POINT('',(93.874535783877,1.35,9.095));
#9149 = VECTOR('',#9150,1.);
#9150 = DIRECTION('',(0.,1.,-3.330669073875E-16));
#9151 = ORIENTED_EDGE('',*,*,#9152,.T.);
#9152 = EDGE_CURVE('',#9145,#8509,#9153,.T.);
#9153 = LINE('',#9154,#9155);
#9154 = CARTESIAN_POINT('',(93.874535783877,6.65,9.095));
#9155 = VECTOR('',#9156,1.);
#9156 = DIRECTION('',(1.,0.,0.));
#9157 = ORIENTED_EDGE('',*,*,#8506,.F.);
#9158 = PLANE('',#9159);
#9159 = AXIS2_PLACEMENT_3D('',#9160,#9161,#9162);
#9160 = CARTESIAN_POINT('',(93.874535783877,1.35,9.095));
#9161 = DIRECTION('',(0.,-3.330669073875E-16,-1.));
#9162 = DIRECTION('',(1.,0.,0.));
#9163 = ADVANCED_FACE('',(#9164,#9182),#9193,.F.);
#9164 = FACE_BOUND('',#9165,.F.);
#9165 = EDGE_LOOP('',(#9166,#9167,#9175,#9181));
#9166 = ORIENTED_EDGE('',*,*,#9152,.F.);
#9167 = ORIENTED_EDGE('',*,*,#9168,.F.);
#9168 = EDGE_CURVE('',#9169,#9145,#9171,.T.);
#9169 = VERTEX_POINT('',#9170);
#9170 = CARTESIAN_POINT('',(93.874535783877,6.65,19.485));
#9171 = LINE('',#9172,#9173);
#9172 = CARTESIAN_POINT('',(93.874535783877,6.65,19.485));
#9173 = VECTOR('',#9174,1.);
#9174 = DIRECTION('',(0.,-3.330669073875E-16,-1.));
#9175 = ORIENTED_EDGE('',*,*,#9176,.F.);
#9176 = EDGE_CURVE('',#8525,#9169,#9177,.T.);
#9177 = LINE('',#9178,#9179);
#9178 = CARTESIAN_POINT('',(107.3,6.65,19.485));
#9179 = VECTOR('',#9180,1.);
#9180 = DIRECTION('',(-1.,0.,0.));
#9181 = ORIENTED_EDGE('',*,*,#8532,.F.);
#9182 = FACE_BOUND('',#9183,.F.);
#9183 = EDGE_LOOP('',(#9184));
#9184 = ORIENTED_EDGE('',*,*,#9185,.T.);
#9185 = EDGE_CURVE('',#9186,#9186,#9188,.T.);
#9186 = VERTEX_POINT('',#9187);
#9187 = CARTESIAN_POINT('',(103.2,6.65,14.29));
#9188 = CIRCLE('',#9189,3.2);
#9189 = AXIS2_PLACEMENT_3D('',#9190,#9191,#9192);
#9190 = CARTESIAN_POINT('',(100.,6.65,14.29));
#9191 = DIRECTION('',(0.,-1.,4.440892098501E-16));
#9192 = DIRECTION('',(1.,0.,0.));
#9193 = PLANE('',#9194);
#9194 = AXIS2_PLACEMENT_3D('',#9195,#9196,#9197);
#9195 = CARTESIAN_POINT('',(-6.563777235188E-15,6.65,22.225));
#9196 = DIRECTION('',(0.,1.,-1.110223024625E-16));
#9197 = DIRECTION('',(0.,1.110223024625E-16,1.));
#9198 = ADVANCED_FACE('',(#9199),#9217,.F.);
#9199 = FACE_BOUND('',#9200,.F.);
#9200 = EDGE_LOOP('',(#9201,#9209,#9210,#9211));
#9201 = ORIENTED_EDGE('',*,*,#9202,.F.);
#9202 = EDGE_CURVE('',#8517,#9203,#9205,.T.);
#9203 = VERTEX_POINT('',#9204);
#9204 = CARTESIAN_POINT('',(93.874535783877,1.35,19.485));
#9205 = LINE('',#9206,#9207);
#9206 = CARTESIAN_POINT('',(107.3,1.35,19.485));
#9207 = VECTOR('',#9208,1.);
#9208 = DIRECTION('',(-1.,0.,0.));
#9209 = ORIENTED_EDGE('',*,*,#8524,.F.);
#9210 = ORIENTED_EDGE('',*,*,#9176,.T.);
#9211 = ORIENTED_EDGE('',*,*,#9212,.F.);
#9212 = EDGE_CURVE('',#9203,#9169,#9213,.T.);
#9213 = LINE('',#9214,#9215);
#9214 = CARTESIAN_POINT('',(93.874535783877,1.35,19.485));
#9215 = VECTOR('',#9216,1.);
#9216 = DIRECTION('',(0.,1.,-3.330669073875E-16));
#9217 = PLANE('',#9218);
#9218 = AXIS2_PLACEMENT_3D('',#9219,#9220,#9221);
#9219 = CARTESIAN_POINT('',(107.3,1.35,19.485));
#9220 = DIRECTION('',(0.,3.330669073875E-16,1.));
#9221 = DIRECTION('',(-1.,0.,0.));
#9222 = ADVANCED_FACE('',(#9223,#9234),#9245,.T.);
#9223 = FACE_BOUND('',#9224,.T.);
#9224 = EDGE_LOOP('',(#9225,#9226,#9232,#9233));
#9225 = ORIENTED_EDGE('',*,*,#9136,.F.);
#9226 = ORIENTED_EDGE('',*,*,#9227,.F.);
#9227 = EDGE_CURVE('',#9203,#9137,#9228,.T.);
#9228 = LINE('',#9229,#9230);
#9229 = CARTESIAN_POINT('',(93.874535783877,1.35,19.485));
#9230 = VECTOR('',#9231,1.);
#9231 = DIRECTION('',(0.,-3.330669073875E-16,-1.));
#9232 = ORIENTED_EDGE('',*,*,#9202,.F.);
#9233 = ORIENTED_EDGE('',*,*,#8516,.F.);
#9234 = FACE_BOUND('',#9235,.T.);
#9235 = EDGE_LOOP('',(#9236));
#9236 = ORIENTED_EDGE('',*,*,#9237,.T.);
#9237 = EDGE_CURVE('',#9238,#9238,#9240,.T.);
#9238 = VERTEX_POINT('',#9239);
#9239 = CARTESIAN_POINT('',(103.2,1.35,14.29));
#9240 = CIRCLE('',#9241,3.2);
#9241 = AXIS2_PLACEMENT_3D('',#9242,#9243,#9244);
#9242 = CARTESIAN_POINT('',(100.,1.35,14.29));
#9243 = DIRECTION('',(0.,-1.,4.440892098501E-16));
#9244 = DIRECTION('',(1.,0.,0.));
#9245 = PLANE('',#9246);
#9246 = AXIS2_PLACEMENT_3D('',#9247,#9248,#9249);
#9247 = CARTESIAN_POINT('',(-6.563777235188E-15,1.35,22.225));
#9248 = DIRECTION('',(0.,1.,-1.110223024625E-16));
#9249 = DIRECTION('',(0.,1.110223024625E-16,1.));
#9250 = ADVANCED_FACE('',(#9251),#9262,.F.);
#9251 = FACE_BOUND('',#9252,.F.);
#9252 = EDGE_LOOP('',(#9253,#9254,#9260,#9261));
#9253 = ORIENTED_EDGE('',*,*,#8557,.F.);
#9254 = ORIENTED_EDGE('',*,*,#9255,.T.);
#9255 = EDGE_CURVE('',#8558,#8926,#9256,.T.);
#9256 = LINE('',#9257,#9258);
#9257 = CARTESIAN_POINT('',(-96.8,6.346034808757E-15,14.29));
#9258 = VECTOR('',#9259,1.);
#9259 = DIRECTION('',(0.,1.,-4.440892098501E-16));
#9260 = ORIENTED_EDGE('',*,*,#8925,.T.);
#9261 = ORIENTED_EDGE('',*,*,#9255,.F.);
#9262 = CYLINDRICAL_SURFACE('',#9263,3.2);
#9263 = AXIS2_PLACEMENT_3D('',#9264,#9265,#9266);
#9264 = CARTESIAN_POINT('',(-100.,6.346034808757E-15,14.29));
#9265 = DIRECTION('',(0.,-1.,4.440892098501E-16));
#9266 = DIRECTION('',(1.,0.,0.));
#9267 = ADVANCED_FACE('',(#9268),#9279,.F.);
#9268 = FACE_BOUND('',#9269,.F.);
#9269 = EDGE_LOOP('',(#9270,#9271,#9277,#9278));
#9270 = ORIENTED_EDGE('',*,*,#8568,.F.);
#9271 = ORIENTED_EDGE('',*,*,#9272,.T.);
#9272 = EDGE_CURVE('',#8569,#8808,#9273,.T.);
#9273 = LINE('',#9274,#9275);
#9274 = CARTESIAN_POINT('',(-96.8,1.339373056908E-14,30.16));
#9275 = VECTOR('',#9276,1.);
#9276 = DIRECTION('',(0.,1.,-4.440892098501E-16));
#9277 = ORIENTED_EDGE('',*,*,#8807,.T.);
#9278 = ORIENTED_EDGE('',*,*,#9272,.F.);
#9279 = CYLINDRICAL_SURFACE('',#9280,3.2);
#9280 = AXIS2_PLACEMENT_3D('',#9281,#9282,#9283);
#9281 = CARTESIAN_POINT('',(-100.,1.339373056908E-14,30.16));
#9282 = DIRECTION('',(0.,-1.,4.440892098501E-16));
#9283 = DIRECTION('',(1.,0.,0.));
#9284 = ADVANCED_FACE('',(#9285),#9296,.F.);
#9285 = FACE_BOUND('',#9286,.F.);
#9286 = EDGE_LOOP('',(#9287,#9288,#9294,#9295));
#9287 = ORIENTED_EDGE('',*,*,#8579,.F.);
#9288 = ORIENTED_EDGE('',*,*,#9289,.T.);
#9289 = EDGE_CURVE('',#8580,#9238,#9290,.T.);
#9290 = LINE('',#9291,#9292);
#9291 = CARTESIAN_POINT('',(103.2,6.346034808757E-15,14.29));
#9292 = VECTOR('',#9293,1.);
#9293 = DIRECTION('',(0.,1.,-4.440892098501E-16));
#9294 = ORIENTED_EDGE('',*,*,#9237,.T.);
#9295 = ORIENTED_EDGE('',*,*,#9289,.F.);
#9296 = CYLINDRICAL_SURFACE('',#9297,3.2);
#9297 = AXIS2_PLACEMENT_3D('',#9298,#9299,#9300);
#9298 = CARTESIAN_POINT('',(100.,6.346034808757E-15,14.29));
#9299 = DIRECTION('',(0.,-1.,4.440892098501E-16));
#9300 = DIRECTION('',(1.,0.,0.));
#9301 = ADVANCED_FACE('',(#9302),#9318,.F.);
#9302 = FACE_BOUND('',#9303,.F.);
#9303 = EDGE_LOOP('',(#9304,#9310,#9311,#9317));
#9304 = ORIENTED_EDGE('',*,*,#9305,.T.);
#9305 = EDGE_CURVE('',#8591,#8675,#9306,.T.);
#9306 = LINE('',#9307,#9308);
#9307 = CARTESIAN_POINT('',(-89.5,2.080002836635E-14,31.225));
#9308 = VECTOR('',#9309,1.);
#9309 = DIRECTION('',(0.,1.,-6.661338147751E-16));
#9310 = ORIENTED_EDGE('',*,*,#8674,.T.);
#9311 = ORIENTED_EDGE('',*,*,#9312,.F.);
#9312 = EDGE_CURVE('',#8593,#8677,#9313,.T.);
#9313 = LINE('',#9314,#9315);
#9314 = CARTESIAN_POINT('',(-89.5,8.809619700401E-15,13.225));
#9315 = VECTOR('',#9316,1.);
#9316 = DIRECTION('',(0.,1.,-6.661338147751E-16));
#9317 = ORIENTED_EDGE('',*,*,#8590,.F.);
#9318 = PLANE('',#9319);
#9319 = AXIS2_PLACEMENT_3D('',#9320,#9321,#9322);
#9320 = CARTESIAN_POINT('',(-89.5,2.080002836635E-14,31.225));
#9321 = DIRECTION('',(-1.,0.,0.));
#9322 = DIRECTION('',(0.,-6.661338147751E-16,-1.));
#9323 = ADVANCED_FACE('',(#9324),#9335,.F.);
#9324 = FACE_BOUND('',#9325,.F.);
#9325 = EDGE_LOOP('',(#9326,#9332,#9333,#9334));
#9326 = ORIENTED_EDGE('',*,*,#9327,.T.);
#9327 = EDGE_CURVE('',#8609,#8693,#9328,.T.);
#9328 = LINE('',#9329,#9330);
#9329 = CARTESIAN_POINT('',(89.5,2.080002836635E-14,31.225));
#9330 = VECTOR('',#9331,1.);
#9331 = DIRECTION('',(0.,1.,-6.661338147751E-16));
#9332 = ORIENTED_EDGE('',*,*,#8700,.T.);
#9333 = ORIENTED_EDGE('',*,*,#9305,.F.);
#9334 = ORIENTED_EDGE('',*,*,#8616,.F.);
#9335 = PLANE('',#9336);
#9336 = AXIS2_PLACEMENT_3D('',#9337,#9338,#9339);
#9337 = CARTESIAN_POINT('',(89.5,2.080002836635E-14,31.225));
#9338 = DIRECTION('',(0.,6.661338147751E-16,1.));
#9339 = DIRECTION('',(-1.,0.,0.));
#9340 = ADVANCED_FACE('',(#9341),#9352,.F.);
#9341 = FACE_BOUND('',#9342,.F.);
#9342 = EDGE_LOOP('',(#9343,#9344,#9345,#9351));
#9343 = ORIENTED_EDGE('',*,*,#9312,.T.);
#9344 = ORIENTED_EDGE('',*,*,#8684,.T.);
#9345 = ORIENTED_EDGE('',*,*,#9346,.F.);
#9346 = EDGE_CURVE('',#8601,#8685,#9347,.T.);
#9347 = LINE('',#9348,#9349);
#9348 = CARTESIAN_POINT('',(89.5,8.809619700401E-15,13.225));
#9349 = VECTOR('',#9350,1.);
#9350 = DIRECTION('',(0.,1.,-6.661338147751E-16));
#9351 = ORIENTED_EDGE('',*,*,#8600,.F.);
#9352 = PLANE('',#9353);
#9353 = AXIS2_PLACEMENT_3D('',#9354,#9355,#9356);
#9354 = CARTESIAN_POINT('',(-89.5,8.809619700401E-15,13.225));
#9355 = DIRECTION('',(0.,-6.661338147751E-16,-1.));
#9356 = DIRECTION('',(1.,0.,0.));
#9357 = ADVANCED_FACE('',(#9358),#9364,.F.);
#9358 = FACE_BOUND('',#9359,.F.);
#9359 = EDGE_LOOP('',(#9360,#9361,#9362,#9363));
#9360 = ORIENTED_EDGE('',*,*,#9346,.T.);
#9361 = ORIENTED_EDGE('',*,*,#8692,.T.);
#9362 = ORIENTED_EDGE('',*,*,#9327,.F.);
#9363 = ORIENTED_EDGE('',*,*,#8608,.F.);
#9364 = PLANE('',#9365);
#9365 = AXIS2_PLACEMENT_3D('',#9366,#9367,#9368);
#9366 = CARTESIAN_POINT('',(89.5,8.809619700401E-15,13.225));
#9367 = DIRECTION('',(1.,0.,0.));
#9368 = DIRECTION('',(0.,6.661338147751E-16,1.));
#9369 = ADVANCED_FACE('',(#9370),#9381,.F.);
#9370 = FACE_BOUND('',#9371,.F.);
#9371 = EDGE_LOOP('',(#9372,#9373,#9379,#9380));
#9372 = ORIENTED_EDGE('',*,*,#8624,.F.);
#9373 = ORIENTED_EDGE('',*,*,#9374,.T.);
#9374 = EDGE_CURVE('',#8625,#9120,#9375,.T.);
#9375 = LINE('',#9376,#9377);
#9376 = CARTESIAN_POINT('',(103.2,1.339373056908E-14,30.16));
#9377 = VECTOR('',#9378,1.);
#9378 = DIRECTION('',(0.,1.,-4.440892098501E-16));
#9379 = ORIENTED_EDGE('',*,*,#9119,.T.);
#9380 = ORIENTED_EDGE('',*,*,#9374,.F.);
#9381 = CYLINDRICAL_SURFACE('',#9382,3.2);
#9382 = AXIS2_PLACEMENT_3D('',#9383,#9384,#9385);
#9383 = CARTESIAN_POINT('',(100.,1.339373056908E-14,30.16));
#9384 = DIRECTION('',(0.,-1.,4.440892098501E-16));
#9385 = DIRECTION('',(1.,0.,0.));
#9386 = ADVANCED_FACE('',(#9387),#9398,.F.);
#9387 = FACE_BOUND('',#9388,.F.);
#9388 = EDGE_LOOP('',(#9389,#9390,#9396,#9397));
#9389 = ORIENTED_EDGE('',*,*,#8984,.F.);
#9390 = ORIENTED_EDGE('',*,*,#9391,.T.);
#9391 = EDGE_CURVE('',#8985,#8653,#9392,.T.);
#9392 = LINE('',#9393,#9394);
#9393 = CARTESIAN_POINT('',(-96.8,6.346034808757E-15,14.29));
#9394 = VECTOR('',#9395,1.);
#9395 = DIRECTION('',(0.,1.,-4.440892098501E-16));
#9396 = ORIENTED_EDGE('',*,*,#8652,.T.);
#9397 = ORIENTED_EDGE('',*,*,#9391,.F.);
#9398 = CYLINDRICAL_SURFACE('',#9399,3.2);
#9399 = AXIS2_PLACEMENT_3D('',#9400,#9401,#9402);
#9400 = CARTESIAN_POINT('',(-100.,6.346034808757E-15,14.29));
#9401 = DIRECTION('',(0.,-1.,4.440892098501E-16));
#9402 = DIRECTION('',(1.,0.,0.));
#9403 = ADVANCED_FACE('',(#9404),#9415,.F.);
#9404 = FACE_BOUND('',#9405,.F.);
#9405 = EDGE_LOOP('',(#9406,#9407,#9413,#9414));
#9406 = ORIENTED_EDGE('',*,*,#8866,.F.);
#9407 = ORIENTED_EDGE('',*,*,#9408,.T.);
#9408 = EDGE_CURVE('',#8867,#8664,#9409,.T.);
#9409 = LINE('',#9410,#9411);
#9410 = CARTESIAN_POINT('',(-96.8,1.339373056908E-14,30.16));
#9411 = VECTOR('',#9412,1.);
#9412 = DIRECTION('',(0.,1.,-4.440892098501E-16));
#9413 = ORIENTED_EDGE('',*,*,#8663,.T.);
#9414 = ORIENTED_EDGE('',*,*,#9408,.F.);
#9415 = CYLINDRICAL_SURFACE('',#9416,3.2);
#9416 = AXIS2_PLACEMENT_3D('',#9417,#9418,#9419);
#9417 = CARTESIAN_POINT('',(-100.,1.339373056908E-14,30.16));
#9418 = DIRECTION('',(0.,-1.,4.440892098501E-16));
#9419 = DIRECTION('',(1.,0.,0.));
#9420 = ADVANCED_FACE('',(#9421),#9432,.F.);
#9421 = FACE_BOUND('',#9422,.F.);
#9422 = EDGE_LOOP('',(#9423,#9424,#9430,#9431));
#9423 = ORIENTED_EDGE('',*,*,#9185,.F.);
#9424 = ORIENTED_EDGE('',*,*,#9425,.T.);
#9425 = EDGE_CURVE('',#9186,#8709,#9426,.T.);
#9426 = LINE('',#9427,#9428);
#9427 = CARTESIAN_POINT('',(103.2,6.346034808757E-15,14.29));
#9428 = VECTOR('',#9429,1.);
#9429 = DIRECTION('',(0.,1.,-4.440892098501E-16));
#9430 = ORIENTED_EDGE('',*,*,#8708,.T.);
#9431 = ORIENTED_EDGE('',*,*,#9425,.F.);
#9432 = CYLINDRICAL_SURFACE('',#9433,3.2);
#9433 = AXIS2_PLACEMENT_3D('',#9434,#9435,#9436);
#9434 = CARTESIAN_POINT('',(100.,6.346034808757E-15,14.29));
#9435 = DIRECTION('',(0.,-1.,4.440892098501E-16));
#9436 = DIRECTION('',(1.,0.,0.));
#9437 = ADVANCED_FACE('',(#9438),#9449,.F.);
#9438 = FACE_BOUND('',#9439,.F.);
#9439 = EDGE_LOOP('',(#9440,#9441,#9447,#9448));
#9440 = ORIENTED_EDGE('',*,*,#9067,.F.);
#9441 = ORIENTED_EDGE('',*,*,#9442,.T.);
#9442 = EDGE_CURVE('',#9068,#8720,#9443,.T.);
#9443 = LINE('',#9444,#9445);
#9444 = CARTESIAN_POINT('',(103.2,1.339373056908E-14,30.16));
#9445 = VECTOR('',#9446,1.);
#9446 = DIRECTION('',(0.,1.,-4.440892098501E-16));
#9447 = ORIENTED_EDGE('',*,*,#8719,.T.);
#9448 = ORIENTED_EDGE('',*,*,#9442,.F.);
#9449 = CYLINDRICAL_SURFACE('',#9450,3.2);
#9450 = AXIS2_PLACEMENT_3D('',#9451,#9452,#9453);
#9451 = CARTESIAN_POINT('',(100.,1.339373056908E-14,30.16));
#9452 = DIRECTION('',(0.,-1.,4.440892098501E-16));
#9453 = DIRECTION('',(1.,0.,0.));
#9454 = ADVANCED_FACE('',(#9455),#9461,.T.);
#9455 = FACE_BOUND('',#9456,.T.);
#9456 = EDGE_LOOP('',(#9457,#9458,#9459,#9460));
#9457 = ORIENTED_EDGE('',*,*,#8834,.T.);
#9458 = ORIENTED_EDGE('',*,*,#8848,.T.);
#9459 = ORIENTED_EDGE('',*,*,#8884,.F.);
#9460 = ORIENTED_EDGE('',*,*,#8782,.F.);
#9461 = PLANE('',#9462);
#9462 = AXIS2_PLACEMENT_3D('',#9463,#9464,#9465);
#9463 = CARTESIAN_POINT('',(-93.87453578387,1.35,35.355));
#9464 = DIRECTION('',(-1.,0.,0.));
#9465 = DIRECTION('',(0.,-3.330669073875E-16,-1.));
#9466 = ADVANCED_FACE('',(#9467),#9473,.T.);
#9467 = FACE_BOUND('',#9468,.T.);
#9468 = EDGE_LOOP('',(#9469,#9470,#9471,#9472));
#9469 = ORIENTED_EDGE('',*,*,#8952,.T.);
#9470 = ORIENTED_EDGE('',*,*,#8966,.T.);
#9471 = ORIENTED_EDGE('',*,*,#9002,.F.);
#9472 = ORIENTED_EDGE('',*,*,#8900,.F.);
#9473 = PLANE('',#9474);
#9474 = AXIS2_PLACEMENT_3D('',#9475,#9476,#9477);
#9475 = CARTESIAN_POINT('',(-93.87453578387,1.35,19.485));
#9476 = DIRECTION('',(-1.,0.,0.));
#9477 = DIRECTION('',(0.,-3.330669073875E-16,-1.));
#9478 = ADVANCED_FACE('',(#9479),#9485,.F.);
#9479 = FACE_BOUND('',#9480,.F.);
#9480 = EDGE_LOOP('',(#9481,#9482,#9483,#9484));
#9481 = ORIENTED_EDGE('',*,*,#9094,.T.);
#9482 = ORIENTED_EDGE('',*,*,#9050,.T.);
#9483 = ORIENTED_EDGE('',*,*,#9026,.F.);
#9484 = ORIENTED_EDGE('',*,*,#9109,.F.);
#9485 = PLANE('',#9486);
#9486 = AXIS2_PLACEMENT_3D('',#9487,#9488,#9489);
#9487 = CARTESIAN_POINT('',(93.874535783877,1.35,35.355));
#9488 = DIRECTION('',(-1.,0.,0.));
#9489 = DIRECTION('',(0.,-3.330669073875E-16,-1.));
#9490 = ADVANCED_FACE('',(#9491),#9497,.F.);
#9491 = FACE_BOUND('',#9492,.F.);
#9492 = EDGE_LOOP('',(#9493,#9494,#9495,#9496));
#9493 = ORIENTED_EDGE('',*,*,#9212,.T.);
#9494 = ORIENTED_EDGE('',*,*,#9168,.T.);
#9495 = ORIENTED_EDGE('',*,*,#9144,.F.);
#9496 = ORIENTED_EDGE('',*,*,#9227,.F.);
#9497 = PLANE('',#9498);
#9498 = AXIS2_PLACEMENT_3D('',#9499,#9500,#9501);
#9499 = CARTESIAN_POINT('',(93.874535783877,1.35,19.485));
#9500 = DIRECTION('',(-1.,0.,0.));
#9501 = DIRECTION('',(0.,-3.330669073875E-16,-1.));
#9502 = ( GEOMETRIC_REPRESENTATION_CONTEXT(3) 
GLOBAL_UNCERTAINTY_ASSIGNED_CONTEXT((#9506)) 
GLOBAL_UNIT_ASSIGNED_CONTEXT((#9503,#9504,#9505)) REPRESENTATION_CONTEXT
('Context #1','3D Context with UNIT and UNCERTAINTY') );
#9503 = ( LENGTH_UNIT() NAMED_UNIT(*) SI_UNIT(.MILLI.,.METRE.) );
#9504 = ( NAMED_UNIT(*) PLANE_ANGLE_UNIT() SI_UNIT($,.RADIAN.) );
#9505 = ( NAMED_UNIT(*) SI_UNIT($,.STERADIAN.) SOLID_ANGLE_UNIT() );
#9506 = UNCERTAINTY_MEASURE_WITH_UNIT(LENGTH_MEASURE(1.E-05),#9503,
  'distance_accuracy_value','confusion accuracy');
#9507 = PRODUCT_RELATED_PRODUCT_CATEGORY('part',$,(#7));
ENDSEC;
END-ISO-10303-21;
