ISO-10303-21;
HEADER;
FILE_DESCRIPTION(('FreeCAD Model'),'2;1');
FILE_NAME('Open CASCADE Shape Model','2026-10-03T21:52:03',('FreeCAD'),(
    'FreeCAD'),'Open CASCADE STEP processor 7.8','FreeCAD','Unknown');
FILE_SCHEMA(('AUTOMOTIVE_DESIGN { 1 0 10303 214 1 1 1 1 }'));
ENDSEC;
DATA;
#1 = APPLICATION_PROTOCOL_DEFINITION('international standard',
  'automotive_design',2000,#2);
#2 = APPLICATION_CONTEXT(
  'core data for automotive mechanical design processes');
#3 = SHAPE_DEFINITION_REPRESENTATION(#4,#10);
#4 = PRODUCT_DEFINITION_SHAPE('','',#5);
#5 = PRODUCT_DEFINITION('design','',#6,#9);
#6 = PRODUCT_DEFINITION_FORMATION('','',#7);
#7 = PRODUCT('Open CASCADE STEP translator 7.8 1',
  'Open CASCADE STEP translator 7.8 1','',(#8));
#8 = PRODUCT_CONTEXT('',#2,'mechanical');
#9 = PRODUCT_DEFINITION_CONTEXT('part definition',#2,'design');
#10 = SHAPE_REPRESENTATION('',(#11,#15,#1689,#3363,#4593,#5823,#6417,
    #7002,#8340,#9123,#9897,#11229,#12012,#12786,#14018,#15246,#16465),
  #17697);
#11 = AXIS2_PLACEMENT_3D('',#12,#13,#14);
#12 = CARTESIAN_POINT('',(0.,0.,0.));
#13 = DIRECTION('',(0.,0.,1.));
#14 = DIRECTION('',(1.,0.,-0.));
#15 = MANIFOLD_SOLID_BREP('',#16);
#16 = CLOSED_SHELL('',(#17,#57,#88,#183,#369,#532,#549,#675,#699,#889,
    #936,#976,#993,#1010,#1022,#1034,#1056,#1073,#1090,#1102,#1124,#1141
    ,#1158,#1170,#1192,#1209,#1226,#1238,#1263,#1288,#1313,#1338,#1360,
    #1377,#1394,#1406,#1428,#1445,#1462,#1474,#1496,#1513,#1530,#1542,
    #1566,#1590,#1607,#1624,#1641,#1653,#1665,#1677));
#17 = ADVANCED_FACE('',(#18),#52,.T.);
#18 = FACE_BOUND('',#19,.T.);
#19 = EDGE_LOOP('',(#20,#30,#38,#46));
#20 = ORIENTED_EDGE('',*,*,#21,.T.);
#21 = EDGE_CURVE('',#22,#24,#26,.T.);
#22 = VERTEX_POINT('',#23);
#23 = CARTESIAN_POINT('',(-94.,4.934941344459E-14,44.45));
#24 = VERTEX_POINT('',#25);
#25 = CARTESIAN_POINT('',(-94.,-6.5,44.45));
#26 = LINE('',#27,#28);
#27 = CARTESIAN_POINT('',(-94.,1.084132783546E-14,44.45));
#28 = VECTOR('',#29,1.);
#29 = DIRECTION('',(-1.665334536938E-15,-1.,-5.551115123126E-16));
#30 = ORIENTED_EDGE('',*,*,#31,.T.);
#31 = EDGE_CURVE('',#24,#32,#34,.T.);
#32 = VERTEX_POINT('',#33);
#33 = CARTESIAN_POINT('',(-94.,-6.5,1.42108547152E-14));
#34 = LINE('',#35,#36);
#35 = CARTESIAN_POINT('',(-94.,-6.5,44.45));
#36 = VECTOR('',#37,1.);
#37 = DIRECTION('',(-8.881784197001E-16,-1.998401444325E-15,-1.));
#38 = ORIENTED_EDGE('',*,*,#39,.F.);
#39 = EDGE_CURVE('',#40,#32,#42,.T.);
#40 = VERTEX_POINT('',#41);
#41 = CARTESIAN_POINT('',(-94.,4.486646398444E-30,1.42108547152E-14));
#42 = LINE('',#43,#44);
#43 = CARTESIAN_POINT('',(-94.,-7.305267502034E-14,-6.150635556423E-14)
  );
#44 = VECTOR('',#45,1.);
#45 = DIRECTION('',(-1.665334536938E-15,-1.,-5.551115123126E-16));
#46 = ORIENTED_EDGE('',*,*,#47,.F.);
#47 = EDGE_CURVE('',#22,#40,#48,.T.);
#48 = LINE('',#49,#50);
#49 = CARTESIAN_POINT('',(-94.,-8.969491815947E-14,44.45));
#50 = VECTOR('',#51,1.);
#51 = DIRECTION('',(-8.881784197001E-16,-1.998401444325E-15,-1.));
#52 = PLANE('',#53);
#53 = AXIS2_PLACEMENT_3D('',#54,#55,#56);
#54 = CARTESIAN_POINT('',(-94.,1.084132783546E-14,44.45));
#55 = DIRECTION('',(1.,6.661338147751E-16,1.554312234475E-15));
#56 = DIRECTION('',(-7.771561172376E-16,-1.887379141863E-15,-1.));
#57 = ADVANCED_FACE('',(#58),#83,.T.);
#58 = FACE_BOUND('',#59,.T.);
#59 = EDGE_LOOP('',(#60,#70,#76,#77));
#60 = ORIENTED_EDGE('',*,*,#61,.T.);
#61 = EDGE_CURVE('',#62,#64,#66,.T.);
#62 = VERTEX_POINT('',#63);
#63 = CARTESIAN_POINT('',(-123.,4.934941344459E-14,44.45));
#64 = VERTEX_POINT('',#65);
#65 = CARTESIAN_POINT('',(-123.,-6.5,44.45));
#66 = LINE('',#67,#68);
#67 = CARTESIAN_POINT('',(-123.,-1.169619956443E-14,44.45));
#68 = VECTOR('',#69,1.);
#69 = DIRECTION('',(-1.665334536938E-15,-1.,-5.551115123126E-16));
#70 = ORIENTED_EDGE('',*,*,#71,.T.);
#71 = EDGE_CURVE('',#64,#24,#72,.T.);
#72 = LINE('',#73,#74);
#73 = CARTESIAN_POINT('',(-123.,-6.5,44.45));
#74 = VECTOR('',#75,1.);
#75 = DIRECTION('',(1.,8.881784197001E-16,1.7763568394E-15));
#76 = ORIENTED_EDGE('',*,*,#21,.F.);
#77 = ORIENTED_EDGE('',*,*,#78,.F.);
#78 = EDGE_CURVE('',#62,#22,#79,.T.);
#79 = LINE('',#80,#81);
#80 = CARTESIAN_POINT('',(-123.,-1.154520923308E-13,44.45));
#81 = VECTOR('',#82,1.);
#82 = DIRECTION('',(1.,8.881784197001E-16,1.7763568394E-15));
#83 = PLANE('',#84);
#84 = AXIS2_PLACEMENT_3D('',#85,#86,#87);
#85 = CARTESIAN_POINT('',(-123.,-1.169619956443E-14,44.45));
#86 = DIRECTION('',(6.661338147751E-16,1.7763568394E-15,1.));
#87 = DIRECTION('',(1.,7.771561172376E-16,1.665334536938E-15));
#88 = ADVANCED_FACE('',(#89),#178,.T.);
#89 = FACE_BOUND('',#90,.T.);
#90 = EDGE_LOOP('',(#91,#101,#109,#117,#125,#133,#141,#149,#157,#163,
    #164,#172));
#91 = ORIENTED_EDGE('',*,*,#92,.F.);
#92 = EDGE_CURVE('',#93,#95,#97,.T.);
#93 = VERTEX_POINT('',#94);
#94 = CARTESIAN_POINT('',(-110.2,-1.419949629398E-30,0.));
#95 = VERTEX_POINT('',#96);
#96 = CARTESIAN_POINT('',(-123.,-5.522026336547E-30,-1.42108547152E-14)
  );
#97 = LINE('',#98,#99);
#98 = CARTESIAN_POINT('',(-94.,-1.785238623597E-13,1.278976924368E-13));
#99 = VECTOR('',#100,1.);
#100 = DIRECTION('',(-1.,-8.881784197001E-16,-1.7763568394E-15));
#101 = ORIENTED_EDGE('',*,*,#102,.T.);
#102 = EDGE_CURVE('',#93,#103,#105,.T.);
#103 = VERTEX_POINT('',#104);
#104 = CARTESIAN_POINT('',(-110.2,206.,0.));
#105 = LINE('',#106,#107);
#106 = CARTESIAN_POINT('',(-110.2,-6.117328865685E-14,
    -6.437073096777E-14));
#107 = VECTOR('',#108,1.);
#108 = DIRECTION('',(1.554312234475E-15,1.,5.551115123126E-16));
#109 = ORIENTED_EDGE('',*,*,#110,.F.);
#110 = EDGE_CURVE('',#111,#103,#113,.T.);
#111 = VERTEX_POINT('',#112);
#112 = CARTESIAN_POINT('',(-107.,206.,0.));
#113 = LINE('',#114,#115);
#114 = CARTESIAN_POINT('',(-106.9999999999,205.99999999999,
    8.792966355031E-14));
#115 = VECTOR('',#116,1.);
#116 = DIRECTION('',(-1.,-8.881784197001E-16,-1.887379141863E-15));
#117 = ORIENTED_EDGE('',*,*,#118,.F.);
#118 = EDGE_CURVE('',#119,#111,#121,.T.);
#119 = VERTEX_POINT('',#120);
#120 = CARTESIAN_POINT('',(-107.,144.,0.));
#121 = LINE('',#122,#123);
#122 = CARTESIAN_POINT('',(-107.,-1.069144772714E-13,-1.069144772714E-13
    ));
#123 = VECTOR('',#124,1.);
#124 = DIRECTION('',(1.998401444325E-15,1.,9.992007221626E-16));
#125 = ORIENTED_EDGE('',*,*,#126,.F.);
#126 = EDGE_CURVE('',#127,#119,#129,.T.);
#127 = VERTEX_POINT('',#128);
#128 = CARTESIAN_POINT('',(-99.,144.,0.));
#129 = LINE('',#130,#131);
#130 = CARTESIAN_POINT('',(-99.,143.99999999999,8.526512829121E-14));
#131 = VECTOR('',#132,1.);
#132 = DIRECTION('',(-1.,-6.661338147751E-16,-1.33226762955E-15));
#133 = ORIENTED_EDGE('',*,*,#134,.F.);
#134 = EDGE_CURVE('',#135,#127,#137,.T.);
#135 = VERTEX_POINT('',#136);
#136 = CARTESIAN_POINT('',(-99.,8.3,0.));
#137 = LINE('',#138,#139);
#138 = CARTESIAN_POINT('',(-99.,137.,2.642330798608E-14));
#139 = VECTOR('',#140,1.);
#140 = DIRECTION('',(1.221245327088E-15,1.,3.330669073875E-16));
#141 = ORIENTED_EDGE('',*,*,#142,.T.);
#142 = EDGE_CURVE('',#135,#143,#145,.T.);
#143 = VERTEX_POINT('',#144);
#144 = CARTESIAN_POINT('',(-107.,8.3,0.));
#145 = LINE('',#146,#147);
#146 = CARTESIAN_POINT('',(-99.,8.3,-5.42010880622E-14));
#147 = VECTOR('',#148,1.);
#148 = DIRECTION('',(-1.,-6.661338147751E-16,-1.443289932013E-15));
#149 = ORIENTED_EDGE('',*,*,#150,.F.);
#150 = EDGE_CURVE('',#151,#143,#153,.T.);
#151 = VERTEX_POINT('',#152);
#152 = CARTESIAN_POINT('',(-107.,-5.605193857299E-45,0.));
#153 = LINE('',#154,#155);
#154 = CARTESIAN_POINT('',(-107.,-1.069144772714E-13,-1.069144772714E-13
    ));
#155 = VECTOR('',#156,1.);
#156 = DIRECTION('',(1.998401444325E-15,1.,9.992007221626E-16));
#157 = ORIENTED_EDGE('',*,*,#158,.F.);
#158 = EDGE_CURVE('',#40,#151,#159,.T.);
#159 = LINE('',#160,#161);
#160 = CARTESIAN_POINT('',(-94.,-1.785238623597E-13,1.278976924368E-13)
  );
#161 = VECTOR('',#162,1.);
#162 = DIRECTION('',(-1.,-8.881784197001E-16,-1.7763568394E-15));
#163 = ORIENTED_EDGE('',*,*,#39,.T.);
#164 = ORIENTED_EDGE('',*,*,#165,.T.);
#165 = EDGE_CURVE('',#32,#166,#168,.T.);
#166 = VERTEX_POINT('',#167);
#167 = CARTESIAN_POINT('',(-123.,-6.5,-1.42108547152E-14));
#168 = LINE('',#169,#170);
#169 = CARTESIAN_POINT('',(-94.,-6.5,1.278976924368E-13));
#170 = VECTOR('',#171,1.);
#171 = DIRECTION('',(-1.,-8.881784197001E-16,-1.7763568394E-15));
#172 = ORIENTED_EDGE('',*,*,#173,.F.);
#173 = EDGE_CURVE('',#95,#166,#174,.T.);
#174 = LINE('',#175,#176);
#175 = CARTESIAN_POINT('',(-123.,-9.559020242023E-14,-1.098010571354E-13
    ));
#176 = VECTOR('',#177,1.);
#177 = DIRECTION('',(-1.665334536938E-15,-1.,-5.551115123126E-16));
#178 = PLANE('',#179);
#179 = AXIS2_PLACEMENT_3D('',#180,#181,#182);
#180 = CARTESIAN_POINT('',(-106.2306613226,88.342384769539,
    -9.602977509152E-15));
#181 = DIRECTION('',(-2.628391583277E-16,-1.110223024625E-15,-1.));
#182 = DIRECTION('',(-1.,-5.551115123126E-16,-1.40249537861E-15));
#183 = ADVANCED_FACE('',(#184,#234,#270,#306,#342,#353),#364,.T.);
#184 = FACE_BOUND('',#185,.T.);
#185 = EDGE_LOOP('',(#186,#187,#188,#196,#204,#210,#211,#219,#227,#233)
  );
#186 = ORIENTED_EDGE('',*,*,#47,.T.);
#187 = ORIENTED_EDGE('',*,*,#158,.T.);
#188 = ORIENTED_EDGE('',*,*,#189,.F.);
#189 = EDGE_CURVE('',#190,#151,#192,.T.);
#190 = VERTEX_POINT('',#191);
#191 = CARTESIAN_POINT('',(-107.,4.026778910315E-14,40.3));
#192 = LINE('',#193,#194);
#193 = CARTESIAN_POINT('',(-107.,-2.637889906509E-14,40.3));
#194 = VECTOR('',#195,1.);
#195 = DIRECTION('',(-9.992007221626E-16,-1.998401444325E-15,-1.));
#196 = ORIENTED_EDGE('',*,*,#197,.T.);
#197 = EDGE_CURVE('',#190,#198,#200,.T.);
#198 = VERTEX_POINT('',#199);
#199 = CARTESIAN_POINT('',(-110.2,4.026778910315E-14,40.3));
#200 = LINE('',#201,#202);
#201 = CARTESIAN_POINT('',(-107.,-1.897371149084E-14,40.3));
#202 = VECTOR('',#203,1.);
#203 = DIRECTION('',(-1.,-8.881784197001E-16,-1.887379141863E-15));
#204 = ORIENTED_EDGE('',*,*,#205,.T.);
#205 = EDGE_CURVE('',#198,#93,#206,.T.);
#206 = LINE('',#207,#208);
#207 = CARTESIAN_POINT('',(-110.2,-2.637889906509E-14,40.3));
#208 = VECTOR('',#209,1.);
#209 = DIRECTION('',(-9.992007221626E-16,-1.998401444325E-15,-1.));
#210 = ORIENTED_EDGE('',*,*,#92,.T.);
#211 = ORIENTED_EDGE('',*,*,#212,.T.);
#212 = EDGE_CURVE('',#95,#213,#215,.T.);
#213 = VERTEX_POINT('',#214);
#214 = CARTESIAN_POINT('',(-127.,4.440892098501E-15,4.));
#215 = LINE('',#216,#217);
#216 = CARTESIAN_POINT('',(-123.,-2.04281036531E-13,7.105427357601E-14)
  );
#217 = VECTOR('',#218,1.);
#218 = DIRECTION('',(-0.707106781187,7.850462293419E-16,0.707106781187)
  );
#219 = ORIENTED_EDGE('',*,*,#220,.T.);
#220 = EDGE_CURVE('',#213,#221,#223,.T.);
#221 = VERTEX_POINT('',#222);
#222 = CARTESIAN_POINT('',(-127.,4.490852134609E-14,40.45));
#223 = LINE('',#224,#225);
#224 = CARTESIAN_POINT('',(-127.,-1.998401444325E-13,4.));
#225 = VECTOR('',#226,1.);
#226 = DIRECTION('',(8.881784197001E-16,1.998401444325E-15,1.));
#227 = ORIENTED_EDGE('',*,*,#228,.T.);
#228 = EDGE_CURVE('',#221,#62,#229,.T.);
#229 = LINE('',#230,#231);
#230 = CARTESIAN_POINT('',(-127.,-1.269984117869E-13,40.45));
#231 = VECTOR('',#232,1.);
#232 = DIRECTION('',(0.707106781187,2.041120196289E-15,0.707106781187));
#233 = ORIENTED_EDGE('',*,*,#78,.T.);
#234 = FACE_BOUND('',#235,.T.);
#235 = EDGE_LOOP('',(#236,#247,#255,#264));
#236 = ORIENTED_EDGE('',*,*,#237,.T.);
#237 = EDGE_CURVE('',#238,#240,#242,.T.);
#238 = VERTEX_POINT('',#239);
#239 = CARTESIAN_POINT('',(-120.4625,6.42819131258E-15,9.65));
#240 = VERTEX_POINT('',#241);
#241 = CARTESIAN_POINT('',(-120.4625,2.031708135064E-15,3.05));
#242 = CIRCLE('',#243,3.3);
#243 = AXIS2_PLACEMENT_3D('',#244,#245,#246);
#244 = CARTESIAN_POINT('',(-120.4625,-9.396372568915E-14,6.35));
#245 = DIRECTION('',(4.440892098501E-16,-1.,1.110223024625E-15));
#246 = DIRECTION('',(1.,4.440892098501E-16,8.881784197001E-16));
#247 = ORIENTED_EDGE('',*,*,#248,.T.);
#248 = EDGE_CURVE('',#240,#249,#251,.T.);
#249 = VERTEX_POINT('',#250);
#250 = CARTESIAN_POINT('',(-116.0625,2.031708135064E-15,3.05));
#251 = LINE('',#252,#253);
#252 = CARTESIAN_POINT('',(-120.4625,-9.762746167041E-14,3.05));
#253 = VECTOR('',#254,1.);
#254 = DIRECTION('',(1.,4.440892098501E-16,8.881784197001E-16));
#255 = ORIENTED_EDGE('',*,*,#256,.T.);
#256 = EDGE_CURVE('',#249,#257,#259,.T.);
#257 = VERTEX_POINT('',#258);
#258 = CARTESIAN_POINT('',(-116.0625,6.42819131258E-15,9.65));
#259 = CIRCLE('',#260,3.3);
#260 = AXIS2_PLACEMENT_3D('',#261,#262,#263);
#261 = CARTESIAN_POINT('',(-116.0625,-9.200973316581E-14,6.35));
#262 = DIRECTION('',(4.440892098501E-16,-1.,1.110223024625E-15));
#263 = DIRECTION('',(1.,4.440892098501E-16,8.881784197001E-16));
#264 = ORIENTED_EDGE('',*,*,#265,.T.);
#265 = EDGE_CURVE('',#257,#238,#266,.T.);
#266 = LINE('',#267,#268);
#267 = CARTESIAN_POINT('',(-116.0625,-8.834599718455E-14,9.65));
#268 = VECTOR('',#269,1.);
#269 = DIRECTION('',(-1.,-4.440892098501E-16,-8.881784197001E-16));
#270 = FACE_BOUND('',#271,.T.);
#271 = EDGE_LOOP('',(#272,#283,#291,#300));
#272 = ORIENTED_EDGE('',*,*,#273,.T.);
#273 = EDGE_CURVE('',#274,#276,#278,.T.);
#274 = VERTEX_POINT('',#275);
#275 = CARTESIAN_POINT('',(-120.4625,1.700306562213E-14,25.525));
#276 = VERTEX_POINT('',#277);
#277 = CARTESIAN_POINT('',(-120.4625,1.260658244462E-14,18.925));
#278 = CIRCLE('',#279,3.3);
#279 = AXIS2_PLACEMENT_3D('',#280,#281,#282);
#280 = CARTESIAN_POINT('',(-120.4625,-7.633893517323E-14,22.225));
#281 = DIRECTION('',(4.440892098501E-16,-1.,1.110223024625E-15));
#282 = DIRECTION('',(1.,4.440892098501E-16,8.881784197001E-16));
#283 = ORIENTED_EDGE('',*,*,#284,.T.);
#284 = EDGE_CURVE('',#276,#285,#287,.T.);
#285 = VERTEX_POINT('',#286);
#286 = CARTESIAN_POINT('',(-116.0625,1.260658244462E-14,18.925));
#287 = LINE('',#288,#289);
#288 = CARTESIAN_POINT('',(-120.4625,-8.000267115449E-14,18.925));
#289 = VECTOR('',#290,1.);
#290 = DIRECTION('',(1.,4.440892098501E-16,8.881784197001E-16));
#291 = ORIENTED_EDGE('',*,*,#292,.T.);
#292 = EDGE_CURVE('',#285,#293,#295,.T.);
#293 = VERTEX_POINT('',#294);
#294 = CARTESIAN_POINT('',(-116.0625,1.700306562213E-14,25.525));
#295 = CIRCLE('',#296,3.3);
#296 = AXIS2_PLACEMENT_3D('',#297,#298,#299);
#297 = CARTESIAN_POINT('',(-116.0625,-7.438494264989E-14,22.225));
#298 = DIRECTION('',(4.440892098501E-16,-1.,1.110223024625E-15));
#299 = DIRECTION('',(1.,4.440892098501E-16,8.881784197001E-16));
#300 = ORIENTED_EDGE('',*,*,#301,.T.);
#301 = EDGE_CURVE('',#293,#274,#302,.T.);
#302 = LINE('',#303,#304);
#303 = CARTESIAN_POINT('',(-116.0625,-7.072120666862E-14,25.525));
#304 = VECTOR('',#305,1.);
#305 = DIRECTION('',(-1.,-4.440892098501E-16,-8.881784197001E-16));
#306 = FACE_BOUND('',#307,.T.);
#307 = EDGE_LOOP('',(#308,#319,#327,#336));
#308 = ORIENTED_EDGE('',*,*,#309,.T.);
#309 = EDGE_CURVE('',#310,#312,#314,.T.);
#310 = VERTEX_POINT('',#311);
#311 = CARTESIAN_POINT('',(-120.4625,2.757793993169E-14,41.4));
#312 = VERTEX_POINT('',#313);
#313 = CARTESIAN_POINT('',(-120.4625,2.318145675417E-14,34.8));
#314 = CIRCLE('',#315,3.3);
#315 = AXIS2_PLACEMENT_3D('',#316,#317,#318);
#316 = CARTESIAN_POINT('',(-120.4625,-5.87141446573E-14,38.1));
#317 = DIRECTION('',(4.440892098501E-16,-1.,1.110223024625E-15));
#318 = DIRECTION('',(1.,4.440892098501E-16,8.881784197001E-16));
#319 = ORIENTED_EDGE('',*,*,#320,.T.);
#320 = EDGE_CURVE('',#312,#321,#323,.T.);
#321 = VERTEX_POINT('',#322);
#322 = CARTESIAN_POINT('',(-116.0625,2.318145675417E-14,34.8));
#323 = LINE('',#324,#325);
#324 = CARTESIAN_POINT('',(-120.4625,-6.237788063856E-14,34.8));
#325 = VECTOR('',#326,1.);
#326 = DIRECTION('',(1.,4.440892098501E-16,8.881784197001E-16));
#327 = ORIENTED_EDGE('',*,*,#328,.T.);
#328 = EDGE_CURVE('',#321,#329,#331,.T.);
#329 = VERTEX_POINT('',#330);
#330 = CARTESIAN_POINT('',(-116.0625,2.757793993169E-14,41.4));
#331 = CIRCLE('',#332,3.3);
#332 = AXIS2_PLACEMENT_3D('',#333,#334,#335);
#333 = CARTESIAN_POINT('',(-116.0625,-5.676015213396E-14,38.1));
#334 = DIRECTION('',(4.440892098501E-16,-1.,1.110223024625E-15));
#335 = DIRECTION('',(1.,4.440892098501E-16,8.881784197001E-16));
#336 = ORIENTED_EDGE('',*,*,#337,.T.);
#337 = EDGE_CURVE('',#329,#310,#338,.T.);
#338 = LINE('',#339,#340);
#339 = CARTESIAN_POINT('',(-116.0625,-5.30964161527E-14,41.4));
#340 = VECTOR('',#341,1.);
#341 = DIRECTION('',(-1.,-4.440892098501E-16,-8.881784197001E-16));
#342 = FACE_BOUND('',#343,.T.);
#343 = EDGE_LOOP('',(#344));
#344 = ORIENTED_EDGE('',*,*,#345,.T.);
#345 = EDGE_CURVE('',#346,#346,#348,.T.);
#346 = VERTEX_POINT('',#347);
#347 = CARTESIAN_POINT('',(-96.8,7.932543510947E-15,14.29));
#348 = CIRCLE('',#349,3.2);
#349 = AXIS2_PLACEMENT_3D('',#350,#351,#352);
#350 = CARTESIAN_POINT('',(-100.,-5.625278021171E-14,14.29));
#351 = DIRECTION('',(3.330669073875E-16,-1.,8.881784197001E-16));
#352 = DIRECTION('',(1.,3.330669073875E-16,6.661338147751E-16));
#353 = FACE_BOUND('',#354,.T.);
#354 = EDGE_LOOP('',(#355));
#355 = ORIENTED_EDGE('',*,*,#356,.T.);
#356 = EDGE_CURVE('',#357,#357,#359,.T.);
#357 = VERTEX_POINT('',#358);
#358 = CARTESIAN_POINT('',(-96.8,1.674216321135E-14,30.16));
#359 = CIRCLE('',#360,3.2);
#360 = AXIS2_PLACEMENT_3D('',#361,#362,#363);
#361 = CARTESIAN_POINT('',(-100.,-4.215738869107E-14,30.16));
#362 = DIRECTION('',(3.330669073875E-16,-1.,8.881784197001E-16));
#363 = DIRECTION('',(1.,3.330669073875E-16,6.661338147751E-16));
#364 = PLANE('',#365);
#365 = AXIS2_PLACEMENT_3D('',#366,#367,#368);
#366 = CARTESIAN_POINT('',(-109.9411214022,-1.482679502749E-13,22.225));
#367 = DIRECTION('',(1.7763568394E-15,1.,8.881784197001E-16));
#368 = DIRECTION('',(8.881784197001E-16,1.7763568394E-15,1.));
#369 = ADVANCED_FACE('',(#370,#397,#433,#469,#505,#516),#527,.F.);
#370 = FACE_BOUND('',#371,.F.);
#371 = EDGE_LOOP('',(#372,#373,#381,#389,#395,#396));
#372 = ORIENTED_EDGE('',*,*,#165,.T.);
#373 = ORIENTED_EDGE('',*,*,#374,.T.);
#374 = EDGE_CURVE('',#166,#375,#377,.T.);
#375 = VERTEX_POINT('',#376);
#376 = CARTESIAN_POINT('',(-127.,-6.5,4.));
#377 = LINE('',#378,#379);
#378 = CARTESIAN_POINT('',(-123.,-6.5,7.105427357601E-14));
#379 = VECTOR('',#380,1.);
#380 = DIRECTION('',(-0.707106781187,7.850462293419E-16,0.707106781187)
  );
#381 = ORIENTED_EDGE('',*,*,#382,.T.);
#382 = EDGE_CURVE('',#375,#383,#385,.T.);
#383 = VERTEX_POINT('',#384);
#384 = CARTESIAN_POINT('',(-127.,-6.5,40.45));
#385 = LINE('',#386,#387);
#386 = CARTESIAN_POINT('',(-127.,-6.5,4.));
#387 = VECTOR('',#388,1.);
#388 = DIRECTION('',(8.881784197001E-16,1.998401444325E-15,1.));
#389 = ORIENTED_EDGE('',*,*,#390,.T.);
#390 = EDGE_CURVE('',#383,#64,#391,.T.);
#391 = LINE('',#392,#393);
#392 = CARTESIAN_POINT('',(-127.,-6.5,40.45));
#393 = VECTOR('',#394,1.);
#394 = DIRECTION('',(0.707106781187,2.041120196289E-15,0.707106781187));
#395 = ORIENTED_EDGE('',*,*,#71,.T.);
#396 = ORIENTED_EDGE('',*,*,#31,.T.);
#397 = FACE_BOUND('',#398,.F.);
#398 = EDGE_LOOP('',(#399,#410,#418,#427));
#399 = ORIENTED_EDGE('',*,*,#400,.T.);
#400 = EDGE_CURVE('',#401,#403,#405,.T.);
#401 = VERTEX_POINT('',#402);
#402 = CARTESIAN_POINT('',(-120.4625,-6.5,9.65));
#403 = VERTEX_POINT('',#404);
#404 = CARTESIAN_POINT('',(-120.4625,-6.5,3.05));
#405 = CIRCLE('',#406,3.3);
#406 = AXIS2_PLACEMENT_3D('',#407,#408,#409);
#407 = CARTESIAN_POINT('',(-120.4625,-6.5,6.35));
#408 = DIRECTION('',(4.440892098501E-16,-1.,1.110223024625E-15));
#409 = DIRECTION('',(1.,4.440892098501E-16,8.881784197001E-16));
#410 = ORIENTED_EDGE('',*,*,#411,.T.);
#411 = EDGE_CURVE('',#403,#412,#414,.T.);
#412 = VERTEX_POINT('',#413);
#413 = CARTESIAN_POINT('',(-116.0625,-6.5,3.05));
#414 = LINE('',#415,#416);
#415 = CARTESIAN_POINT('',(-120.4625,-6.5,3.05));
#416 = VECTOR('',#417,1.);
#417 = DIRECTION('',(1.,4.440892098501E-16,8.881784197001E-16));
#418 = ORIENTED_EDGE('',*,*,#419,.T.);
#419 = EDGE_CURVE('',#412,#420,#422,.T.);
#420 = VERTEX_POINT('',#421);
#421 = CARTESIAN_POINT('',(-116.0625,-6.5,9.65));
#422 = CIRCLE('',#423,3.3);
#423 = AXIS2_PLACEMENT_3D('',#424,#425,#426);
#424 = CARTESIAN_POINT('',(-116.0625,-6.5,6.35));
#425 = DIRECTION('',(4.440892098501E-16,-1.,1.110223024625E-15));
#426 = DIRECTION('',(1.,4.440892098501E-16,8.881784197001E-16));
#427 = ORIENTED_EDGE('',*,*,#428,.T.);
#428 = EDGE_CURVE('',#420,#401,#429,.T.);
#429 = LINE('',#430,#431);
#430 = CARTESIAN_POINT('',(-116.0625,-6.5,9.65));
#431 = VECTOR('',#432,1.);
#432 = DIRECTION('',(-1.,-4.440892098501E-16,-8.881784197001E-16));
#433 = FACE_BOUND('',#434,.F.);
#434 = EDGE_LOOP('',(#435,#446,#454,#463));
#435 = ORIENTED_EDGE('',*,*,#436,.T.);
#436 = EDGE_CURVE('',#437,#439,#441,.T.);
#437 = VERTEX_POINT('',#438);
#438 = CARTESIAN_POINT('',(-120.4625,-6.5,25.525));
#439 = VERTEX_POINT('',#440);
#440 = CARTESIAN_POINT('',(-120.4625,-6.5,18.925));
#441 = CIRCLE('',#442,3.3);
#442 = AXIS2_PLACEMENT_3D('',#443,#444,#445);
#443 = CARTESIAN_POINT('',(-120.4625,-6.5,22.225));
#444 = DIRECTION('',(4.440892098501E-16,-1.,1.110223024625E-15));
#445 = DIRECTION('',(1.,4.440892098501E-16,8.881784197001E-16));
#446 = ORIENTED_EDGE('',*,*,#447,.T.);
#447 = EDGE_CURVE('',#439,#448,#450,.T.);
#448 = VERTEX_POINT('',#449);
#449 = CARTESIAN_POINT('',(-116.0625,-6.5,18.925));
#450 = LINE('',#451,#452);
#451 = CARTESIAN_POINT('',(-120.4625,-6.5,18.925));
#452 = VECTOR('',#453,1.);
#453 = DIRECTION('',(1.,4.440892098501E-16,8.881784197001E-16));
#454 = ORIENTED_EDGE('',*,*,#455,.T.);
#455 = EDGE_CURVE('',#448,#456,#458,.T.);
#456 = VERTEX_POINT('',#457);
#457 = CARTESIAN_POINT('',(-116.0625,-6.5,25.525));
#458 = CIRCLE('',#459,3.3);
#459 = AXIS2_PLACEMENT_3D('',#460,#461,#462);
#460 = CARTESIAN_POINT('',(-116.0625,-6.5,22.225));
#461 = DIRECTION('',(4.440892098501E-16,-1.,1.110223024625E-15));
#462 = DIRECTION('',(1.,4.440892098501E-16,8.881784197001E-16));
#463 = ORIENTED_EDGE('',*,*,#464,.T.);
#464 = EDGE_CURVE('',#456,#437,#465,.T.);
#465 = LINE('',#466,#467);
#466 = CARTESIAN_POINT('',(-116.0625,-6.5,25.525));
#467 = VECTOR('',#468,1.);
#468 = DIRECTION('',(-1.,-4.440892098501E-16,-8.881784197001E-16));
#469 = FACE_BOUND('',#470,.F.);
#470 = EDGE_LOOP('',(#471,#482,#490,#499));
#471 = ORIENTED_EDGE('',*,*,#472,.T.);
#472 = EDGE_CURVE('',#473,#475,#477,.T.);
#473 = VERTEX_POINT('',#474);
#474 = CARTESIAN_POINT('',(-120.4625,-6.5,41.4));
#475 = VERTEX_POINT('',#476);
#476 = CARTESIAN_POINT('',(-120.4625,-6.5,34.8));
#477 = CIRCLE('',#478,3.3);
#478 = AXIS2_PLACEMENT_3D('',#479,#480,#481);
#479 = CARTESIAN_POINT('',(-120.4625,-6.5,38.1));
#480 = DIRECTION('',(4.440892098501E-16,-1.,1.110223024625E-15));
#481 = DIRECTION('',(1.,4.440892098501E-16,8.881784197001E-16));
#482 = ORIENTED_EDGE('',*,*,#483,.T.);
#483 = EDGE_CURVE('',#475,#484,#486,.T.);
#484 = VERTEX_POINT('',#485);
#485 = CARTESIAN_POINT('',(-116.0625,-6.5,34.8));
#486 = LINE('',#487,#488);
#487 = CARTESIAN_POINT('',(-120.4625,-6.5,34.8));
#488 = VECTOR('',#489,1.);
#489 = DIRECTION('',(1.,4.440892098501E-16,8.881784197001E-16));
#490 = ORIENTED_EDGE('',*,*,#491,.T.);
#491 = EDGE_CURVE('',#484,#492,#494,.T.);
#492 = VERTEX_POINT('',#493);
#493 = CARTESIAN_POINT('',(-116.0625,-6.5,41.4));
#494 = CIRCLE('',#495,3.3);
#495 = AXIS2_PLACEMENT_3D('',#496,#497,#498);
#496 = CARTESIAN_POINT('',(-116.0625,-6.5,38.1));
#497 = DIRECTION('',(4.440892098501E-16,-1.,1.110223024625E-15));
#498 = DIRECTION('',(1.,4.440892098501E-16,8.881784197001E-16));
#499 = ORIENTED_EDGE('',*,*,#500,.T.);
#500 = EDGE_CURVE('',#492,#473,#501,.T.);
#501 = LINE('',#502,#503);
#502 = CARTESIAN_POINT('',(-116.0625,-6.5,41.4));
#503 = VECTOR('',#504,1.);
#504 = DIRECTION('',(-1.,-4.440892098501E-16,-8.881784197001E-16));
#505 = FACE_BOUND('',#506,.F.);
#506 = EDGE_LOOP('',(#507));
#507 = ORIENTED_EDGE('',*,*,#508,.T.);
#508 = EDGE_CURVE('',#509,#509,#511,.T.);
#509 = VERTEX_POINT('',#510);
#510 = CARTESIAN_POINT('',(-94.5,-6.5,14.29));
#511 = CIRCLE('',#512,5.5);
#512 = AXIS2_PLACEMENT_3D('',#513,#514,#515);
#513 = CARTESIAN_POINT('',(-100.,-6.5,14.29));
#514 = DIRECTION('',(2.22044604925E-16,-1.,6.661338147751E-16));
#515 = DIRECTION('',(1.,2.22044604925E-16,4.440892098501E-16));
#516 = FACE_BOUND('',#517,.F.);
#517 = EDGE_LOOP('',(#518));
#518 = ORIENTED_EDGE('',*,*,#519,.T.);
#519 = EDGE_CURVE('',#520,#520,#522,.T.);
#520 = VERTEX_POINT('',#521);
#521 = CARTESIAN_POINT('',(-94.5,-6.5,30.16));
#522 = CIRCLE('',#523,5.5);
#523 = AXIS2_PLACEMENT_3D('',#524,#525,#526);
#524 = CARTESIAN_POINT('',(-100.,-6.5,30.16));
#525 = DIRECTION('',(2.22044604925E-16,-1.,6.661338147751E-16));
#526 = DIRECTION('',(1.,2.22044604925E-16,4.440892098501E-16));
#527 = PLANE('',#528);
#528 = AXIS2_PLACEMENT_3D('',#529,#530,#531);
#529 = CARTESIAN_POINT('',(-109.9411214022,-6.5,22.225));
#530 = DIRECTION('',(1.7763568394E-15,1.,8.881784197001E-16));
#531 = DIRECTION('',(8.881784197001E-16,1.7763568394E-15,1.));
#532 = ADVANCED_FACE('',(#533),#544,.T.);
#533 = FACE_BOUND('',#534,.T.);
#534 = EDGE_LOOP('',(#535,#541,#542,#543));
#535 = ORIENTED_EDGE('',*,*,#536,.T.);
#536 = EDGE_CURVE('',#221,#383,#537,.T.);
#537 = LINE('',#538,#539);
#538 = CARTESIAN_POINT('',(-127.,-2.235434060083E-14,40.45));
#539 = VECTOR('',#540,1.);
#540 = DIRECTION('',(-1.665334536938E-15,-1.,-5.551115123126E-16));
#541 = ORIENTED_EDGE('',*,*,#390,.T.);
#542 = ORIENTED_EDGE('',*,*,#61,.F.);
#543 = ORIENTED_EDGE('',*,*,#228,.F.);
#544 = PLANE('',#545);
#545 = AXIS2_PLACEMENT_3D('',#546,#547,#548);
#546 = CARTESIAN_POINT('',(-127.,-2.235434060083E-14,40.45));
#547 = DIRECTION('',(-0.707106781187,7.850462293419E-16,0.707106781187)
  );
#548 = DIRECTION('',(0.707106781187,1.884110950421E-15,0.707106781187));
#549 = ADVANCED_FACE('',(#550,#568,#602,#636),#670,.T.);
#550 = FACE_BOUND('',#551,.T.);
#551 = EDGE_LOOP('',(#552,#553,#561,#567));
#552 = ORIENTED_EDGE('',*,*,#205,.F.);
#553 = ORIENTED_EDGE('',*,*,#554,.F.);
#554 = EDGE_CURVE('',#555,#198,#557,.T.);
#555 = VERTEX_POINT('',#556);
#556 = CARTESIAN_POINT('',(-110.2,206.,40.3));
#557 = LINE('',#558,#559);
#558 = CARTESIAN_POINT('',(-110.1999999999,205.99999999999,40.3));
#559 = VECTOR('',#560,1.);
#560 = DIRECTION('',(-1.998401444325E-15,-1.,-9.992007221626E-16));
#561 = ORIENTED_EDGE('',*,*,#562,.F.);
#562 = EDGE_CURVE('',#103,#555,#563,.T.);
#563 = LINE('',#564,#565);
#564 = CARTESIAN_POINT('',(-110.1999999999,205.99999999999,
    8.926193117986E-14));
#565 = VECTOR('',#566,1.);
#566 = DIRECTION('',(9.992007221626E-16,1.998401444325E-15,1.));
#567 = ORIENTED_EDGE('',*,*,#102,.F.);
#568 = FACE_BOUND('',#569,.T.);
#569 = EDGE_LOOP('',(#570,#580,#588,#596));
#570 = ORIENTED_EDGE('',*,*,#571,.T.);
#571 = EDGE_CURVE('',#572,#574,#576,.T.);
#572 = VERTEX_POINT('',#573);
#573 = CARTESIAN_POINT('',(-110.2,60.,30.));
#574 = VERTEX_POINT('',#575);
#575 = CARTESIAN_POINT('',(-110.2,60.,10.));
#576 = LINE('',#577,#578);
#577 = CARTESIAN_POINT('',(-110.2,60.,30.));
#578 = VECTOR('',#579,1.);
#579 = DIRECTION('',(-1.110223024625E-16,-2.22044604925E-16,-1.));
#580 = ORIENTED_EDGE('',*,*,#581,.T.);
#581 = EDGE_CURVE('',#574,#582,#584,.T.);
#582 = VERTEX_POINT('',#583);
#583 = CARTESIAN_POINT('',(-110.2,88.,10.));
#584 = LINE('',#585,#586);
#585 = CARTESIAN_POINT('',(-110.2,60.,10.));
#586 = VECTOR('',#587,1.);
#587 = DIRECTION('',(2.22044604925E-16,1.,1.110223024625E-16));
#588 = ORIENTED_EDGE('',*,*,#589,.T.);
#589 = EDGE_CURVE('',#582,#590,#592,.T.);
#590 = VERTEX_POINT('',#591);
#591 = CARTESIAN_POINT('',(-110.2,88.,30.));
#592 = LINE('',#593,#594);
#593 = CARTESIAN_POINT('',(-110.2,88.,10.));
#594 = VECTOR('',#595,1.);
#595 = DIRECTION('',(1.110223024625E-16,2.22044604925E-16,1.));
#596 = ORIENTED_EDGE('',*,*,#597,.T.);
#597 = EDGE_CURVE('',#590,#572,#598,.T.);
#598 = LINE('',#599,#600);
#599 = CARTESIAN_POINT('',(-110.2,88.,30.));
#600 = VECTOR('',#601,1.);
#601 = DIRECTION('',(-2.22044604925E-16,-1.,-1.110223024625E-16));
#602 = FACE_BOUND('',#603,.T.);
#603 = EDGE_LOOP('',(#604,#614,#622,#630));
#604 = ORIENTED_EDGE('',*,*,#605,.T.);
#605 = EDGE_CURVE('',#606,#608,#610,.T.);
#606 = VERTEX_POINT('',#607);
#607 = CARTESIAN_POINT('',(-110.2,24.,30.));
#608 = VERTEX_POINT('',#609);
#609 = CARTESIAN_POINT('',(-110.2,24.,10.));
#610 = LINE('',#611,#612);
#611 = CARTESIAN_POINT('',(-110.2,24.,30.));
#612 = VECTOR('',#613,1.);
#613 = DIRECTION('',(-1.110223024625E-16,-2.22044604925E-16,-1.));
#614 = ORIENTED_EDGE('',*,*,#615,.T.);
#615 = EDGE_CURVE('',#608,#616,#618,.T.);
#616 = VERTEX_POINT('',#617);
#617 = CARTESIAN_POINT('',(-110.2,52.,10.));
#618 = LINE('',#619,#620);
#619 = CARTESIAN_POINT('',(-110.2,24.,10.));
#620 = VECTOR('',#621,1.);
#621 = DIRECTION('',(2.22044604925E-16,1.,1.110223024625E-16));
#622 = ORIENTED_EDGE('',*,*,#623,.T.);
#623 = EDGE_CURVE('',#616,#624,#626,.T.);
#624 = VERTEX_POINT('',#625);
#625 = CARTESIAN_POINT('',(-110.2,52.,30.));
#626 = LINE('',#627,#628);
#627 = CARTESIAN_POINT('',(-110.2,52.,10.));
#628 = VECTOR('',#629,1.);
#629 = DIRECTION('',(1.110223024625E-16,2.22044604925E-16,1.));
#630 = ORIENTED_EDGE('',*,*,#631,.T.);
#631 = EDGE_CURVE('',#624,#606,#632,.T.);
#632 = LINE('',#633,#634);
#633 = CARTESIAN_POINT('',(-110.2,52.,30.));
#634 = VECTOR('',#635,1.);
#635 = DIRECTION('',(-2.22044604925E-16,-1.,-1.110223024625E-16));
#636 = FACE_BOUND('',#637,.T.);
#637 = EDGE_LOOP('',(#638,#648,#656,#664));
#638 = ORIENTED_EDGE('',*,*,#639,.T.);
#639 = EDGE_CURVE('',#640,#642,#644,.T.);
#640 = VERTEX_POINT('',#641);
#641 = CARTESIAN_POINT('',(-110.2,96.,30.));
#642 = VERTEX_POINT('',#643);
#643 = CARTESIAN_POINT('',(-110.2,96.,10.));
#644 = LINE('',#645,#646);
#645 = CARTESIAN_POINT('',(-110.2,96.,30.));
#646 = VECTOR('',#647,1.);
#647 = DIRECTION('',(-1.110223024625E-16,-2.22044604925E-16,-1.));
#648 = ORIENTED_EDGE('',*,*,#649,.T.);
#649 = EDGE_CURVE('',#642,#650,#652,.T.);
#650 = VERTEX_POINT('',#651);
#651 = CARTESIAN_POINT('',(-110.2,124.,10.));
#652 = LINE('',#653,#654);
#653 = CARTESIAN_POINT('',(-110.2,96.,10.));
#654 = VECTOR('',#655,1.);
#655 = DIRECTION('',(2.22044604925E-16,1.,1.110223024625E-16));
#656 = ORIENTED_EDGE('',*,*,#657,.T.);
#657 = EDGE_CURVE('',#650,#658,#660,.T.);
#658 = VERTEX_POINT('',#659);
#659 = CARTESIAN_POINT('',(-110.2,124.,30.));
#660 = LINE('',#661,#662);
#661 = CARTESIAN_POINT('',(-110.2,124.,10.));
#662 = VECTOR('',#663,1.);
#663 = DIRECTION('',(1.110223024625E-16,2.22044604925E-16,1.));
#664 = ORIENTED_EDGE('',*,*,#665,.T.);
#665 = EDGE_CURVE('',#658,#640,#666,.T.);
#666 = LINE('',#667,#668);
#667 = CARTESIAN_POINT('',(-110.2,124.,30.));
#668 = VECTOR('',#669,1.);
#669 = DIRECTION('',(-2.22044604925E-16,-1.,-1.110223024625E-16));
#670 = PLANE('',#671);
#671 = AXIS2_PLACEMENT_3D('',#672,#673,#674);
#672 = CARTESIAN_POINT('',(-110.2,103.,20.15));
#673 = DIRECTION('',(-1.,-1.113569392124E-16,-1.412981939247E-15));
#674 = DIRECTION('',(-1.553977597725E-15,-1.,-5.551115123126E-16));
#675 = ADVANCED_FACE('',(#676),#694,.T.);
#676 = FACE_BOUND('',#677,.T.);
#677 = EDGE_LOOP('',(#678,#679,#680,#688));
#678 = ORIENTED_EDGE('',*,*,#110,.T.);
#679 = ORIENTED_EDGE('',*,*,#562,.T.);
#680 = ORIENTED_EDGE('',*,*,#681,.F.);
#681 = EDGE_CURVE('',#682,#555,#684,.T.);
#682 = VERTEX_POINT('',#683);
#683 = CARTESIAN_POINT('',(-107.,206.,40.3));
#684 = LINE('',#685,#686);
#685 = CARTESIAN_POINT('',(-106.9999999999,205.99999999999,40.3));
#686 = VECTOR('',#687,1.);
#687 = DIRECTION('',(-1.,-8.881784197001E-16,-1.887379141863E-15));
#688 = ORIENTED_EDGE('',*,*,#689,.F.);
#689 = EDGE_CURVE('',#111,#682,#690,.T.);
#690 = LINE('',#691,#692);
#691 = CARTESIAN_POINT('',(-106.9999999999,205.99999999999,
    9.89208714941E-14));
#692 = VECTOR('',#693,1.);
#693 = DIRECTION('',(9.992007221626E-16,1.998401444325E-15,1.));
#694 = PLANE('',#695);
#695 = AXIS2_PLACEMENT_3D('',#696,#697,#698);
#696 = CARTESIAN_POINT('',(-106.9999999999,205.99999999999,
    8.792966355031E-14));
#697 = DIRECTION('',(1.7763568394E-15,1.,7.771561172376E-16));
#698 = DIRECTION('',(8.881784197001E-16,1.887379141863E-15,1.));
#699 = ADVANCED_FACE('',(#700,#782,#816,#850),#884,.T.);
#700 = FACE_BOUND('',#701,.T.);
#701 = EDGE_LOOP('',(#702,#703,#709,#710,#711,#719,#727,#735,#743,#751,
    #759,#767,#775,#781));
#702 = ORIENTED_EDGE('',*,*,#689,.T.);
#703 = ORIENTED_EDGE('',*,*,#704,.T.);
#704 = EDGE_CURVE('',#682,#190,#705,.T.);
#705 = LINE('',#706,#707);
#706 = CARTESIAN_POINT('',(-106.9999999999,205.99999999999,40.3));
#707 = VECTOR('',#708,1.);
#708 = DIRECTION('',(-1.998401444325E-15,-1.,-9.992007221626E-16));
#709 = ORIENTED_EDGE('',*,*,#189,.T.);
#710 = ORIENTED_EDGE('',*,*,#150,.T.);
#711 = ORIENTED_EDGE('',*,*,#712,.F.);
#712 = EDGE_CURVE('',#713,#143,#715,.T.);
#713 = VERTEX_POINT('',#714);
#714 = CARTESIAN_POINT('',(-107.,8.3,3.));
#715 = LINE('',#716,#717);
#716 = CARTESIAN_POINT('',(-107.,8.3,11.575));
#717 = VECTOR('',#718,1.);
#718 = DIRECTION('',(-3.330669073876E-16,-4.996003610813E-15,-1.));
#719 = ORIENTED_EDGE('',*,*,#720,.F.);
#720 = EDGE_CURVE('',#721,#713,#723,.T.);
#721 = VERTEX_POINT('',#722);
#722 = CARTESIAN_POINT('',(-107.,137.,3.));
#723 = LINE('',#724,#725);
#724 = CARTESIAN_POINT('',(-107.,120.,3.));
#725 = VECTOR('',#726,1.);
#726 = DIRECTION('',(-1.33226762955E-15,-1.,-6.661338147751E-16));
#727 = ORIENTED_EDGE('',*,*,#728,.T.);
#728 = EDGE_CURVE('',#721,#729,#731,.T.);
#729 = VERTEX_POINT('',#730);
#730 = CARTESIAN_POINT('',(-107.,137.,36.));
#731 = LINE('',#732,#733);
#732 = CARTESIAN_POINT('',(-107.,137.,19.075));
#733 = VECTOR('',#734,1.);
#734 = DIRECTION('',(1.110223024625E-16,1.110223024625E-15,1.));
#735 = ORIENTED_EDGE('',*,*,#736,.T.);
#736 = EDGE_CURVE('',#729,#737,#739,.T.);
#737 = VERTEX_POINT('',#738);
#738 = CARTESIAN_POINT('',(-107.,144.,36.));
#739 = LINE('',#740,#741);
#740 = CARTESIAN_POINT('',(-107.,120.,36.));
#741 = VECTOR('',#742,1.);
#742 = DIRECTION('',(1.110223024625E-15,1.,3.330669073875E-16));
#743 = ORIENTED_EDGE('',*,*,#744,.F.);
#744 = EDGE_CURVE('',#745,#737,#747,.T.);
#745 = VERTEX_POINT('',#746);
#746 = CARTESIAN_POINT('',(-107.,144.,25.));
#747 = LINE('',#748,#749);
#748 = CARTESIAN_POINT('',(-107.,144.,19.075));
#749 = VECTOR('',#750,1.);
#750 = DIRECTION('',(1.110223024625E-16,1.110223024625E-15,1.));
#751 = ORIENTED_EDGE('',*,*,#752,.T.);
#752 = EDGE_CURVE('',#745,#753,#755,.T.);
#753 = VERTEX_POINT('',#754);
#754 = CARTESIAN_POINT('',(-107.,202.,25.));
#755 = LINE('',#756,#757);
#756 = CARTESIAN_POINT('',(-107.,144.,25.));
#757 = VECTOR('',#758,1.);
#758 = DIRECTION('',(9.992007221626E-16,1.,2.22044604925E-16));
#759 = ORIENTED_EDGE('',*,*,#760,.F.);
#760 = EDGE_CURVE('',#761,#753,#763,.T.);
#761 = VERTEX_POINT('',#762);
#762 = CARTESIAN_POINT('',(-107.,202.,15.));
#763 = LINE('',#764,#765);
#764 = CARTESIAN_POINT('',(-107.,202.,20.075));
#765 = VECTOR('',#766,1.);
#766 = DIRECTION('',(-1.110223024625E-16,8.881784197001E-16,1.));
#767 = ORIENTED_EDGE('',*,*,#768,.F.);
#768 = EDGE_CURVE('',#769,#761,#771,.T.);
#769 = VERTEX_POINT('',#770);
#770 = CARTESIAN_POINT('',(-107.,144.,15.));
#771 = LINE('',#772,#773);
#772 = CARTESIAN_POINT('',(-107.,144.,15.));
#773 = VECTOR('',#774,1.);
#774 = DIRECTION('',(9.992007221626E-16,1.,2.22044604925E-16));
#775 = ORIENTED_EDGE('',*,*,#776,.F.);
#776 = EDGE_CURVE('',#119,#769,#777,.T.);
#777 = LINE('',#778,#779);
#778 = CARTESIAN_POINT('',(-107.,144.,19.075));
#779 = VECTOR('',#780,1.);
#780 = DIRECTION('',(1.110223024625E-16,1.110223024625E-15,1.));
#781 = ORIENTED_EDGE('',*,*,#118,.T.);
#782 = FACE_BOUND('',#783,.T.);
#783 = EDGE_LOOP('',(#784,#794,#802,#810));
#784 = ORIENTED_EDGE('',*,*,#785,.F.);
#785 = EDGE_CURVE('',#786,#788,#790,.T.);
#786 = VERTEX_POINT('',#787);
#787 = CARTESIAN_POINT('',(-107.,96.,10.));
#788 = VERTEX_POINT('',#789);
#789 = CARTESIAN_POINT('',(-107.,124.,10.));
#790 = LINE('',#791,#792);
#791 = CARTESIAN_POINT('',(-107.,96.,10.));
#792 = VECTOR('',#793,1.);
#793 = DIRECTION('',(2.22044604925E-16,1.,1.110223024625E-16));
#794 = ORIENTED_EDGE('',*,*,#795,.F.);
#795 = EDGE_CURVE('',#796,#786,#798,.T.);
#796 = VERTEX_POINT('',#797);
#797 = CARTESIAN_POINT('',(-107.,96.,30.));
#798 = LINE('',#799,#800);
#799 = CARTESIAN_POINT('',(-107.,96.,30.));
#800 = VECTOR('',#801,1.);
#801 = DIRECTION('',(-1.110223024625E-16,-2.22044604925E-16,-1.));
#802 = ORIENTED_EDGE('',*,*,#803,.F.);
#803 = EDGE_CURVE('',#804,#796,#806,.T.);
#804 = VERTEX_POINT('',#805);
#805 = CARTESIAN_POINT('',(-107.,124.,30.));
#806 = LINE('',#807,#808);
#807 = CARTESIAN_POINT('',(-107.,124.,30.));
#808 = VECTOR('',#809,1.);
#809 = DIRECTION('',(-2.22044604925E-16,-1.,-1.110223024625E-16));
#810 = ORIENTED_EDGE('',*,*,#811,.F.);
#811 = EDGE_CURVE('',#788,#804,#812,.T.);
#812 = LINE('',#813,#814);
#813 = CARTESIAN_POINT('',(-107.,124.,10.));
#814 = VECTOR('',#815,1.);
#815 = DIRECTION('',(1.110223024625E-16,2.22044604925E-16,1.));
#816 = FACE_BOUND('',#817,.T.);
#817 = EDGE_LOOP('',(#818,#828,#836,#844));
#818 = ORIENTED_EDGE('',*,*,#819,.F.);
#819 = EDGE_CURVE('',#820,#822,#824,.T.);
#820 = VERTEX_POINT('',#821);
#821 = CARTESIAN_POINT('',(-107.,24.,10.));
#822 = VERTEX_POINT('',#823);
#823 = CARTESIAN_POINT('',(-107.,52.,10.));
#824 = LINE('',#825,#826);
#825 = CARTESIAN_POINT('',(-107.,24.,10.));
#826 = VECTOR('',#827,1.);
#827 = DIRECTION('',(2.22044604925E-16,1.,1.110223024625E-16));
#828 = ORIENTED_EDGE('',*,*,#829,.F.);
#829 = EDGE_CURVE('',#830,#820,#832,.T.);
#830 = VERTEX_POINT('',#831);
#831 = CARTESIAN_POINT('',(-107.,24.,30.));
#832 = LINE('',#833,#834);
#833 = CARTESIAN_POINT('',(-107.,24.,30.));
#834 = VECTOR('',#835,1.);
#835 = DIRECTION('',(-1.110223024625E-16,-2.22044604925E-16,-1.));
#836 = ORIENTED_EDGE('',*,*,#837,.F.);
#837 = EDGE_CURVE('',#838,#830,#840,.T.);
#838 = VERTEX_POINT('',#839);
#839 = CARTESIAN_POINT('',(-107.,52.,30.));
#840 = LINE('',#841,#842);
#841 = CARTESIAN_POINT('',(-107.,52.,30.));
#842 = VECTOR('',#843,1.);
#843 = DIRECTION('',(-2.22044604925E-16,-1.,-1.110223024625E-16));
#844 = ORIENTED_EDGE('',*,*,#845,.F.);
#845 = EDGE_CURVE('',#822,#838,#846,.T.);
#846 = LINE('',#847,#848);
#847 = CARTESIAN_POINT('',(-107.,52.,10.));
#848 = VECTOR('',#849,1.);
#849 = DIRECTION('',(1.110223024625E-16,2.22044604925E-16,1.));
#850 = FACE_BOUND('',#851,.T.);
#851 = EDGE_LOOP('',(#852,#862,#870,#878));
#852 = ORIENTED_EDGE('',*,*,#853,.F.);
#853 = EDGE_CURVE('',#854,#856,#858,.T.);
#854 = VERTEX_POINT('',#855);
#855 = CARTESIAN_POINT('',(-107.,60.,10.));
#856 = VERTEX_POINT('',#857);
#857 = CARTESIAN_POINT('',(-107.,88.,10.));
#858 = LINE('',#859,#860);
#859 = CARTESIAN_POINT('',(-107.,60.,10.));
#860 = VECTOR('',#861,1.);
#861 = DIRECTION('',(2.22044604925E-16,1.,1.110223024625E-16));
#862 = ORIENTED_EDGE('',*,*,#863,.F.);
#863 = EDGE_CURVE('',#864,#854,#866,.T.);
#864 = VERTEX_POINT('',#865);
#865 = CARTESIAN_POINT('',(-107.,60.,30.));
#866 = LINE('',#867,#868);
#867 = CARTESIAN_POINT('',(-107.,60.,30.));
#868 = VECTOR('',#869,1.);
#869 = DIRECTION('',(-1.110223024625E-16,-2.22044604925E-16,-1.));
#870 = ORIENTED_EDGE('',*,*,#871,.F.);
#871 = EDGE_CURVE('',#872,#864,#874,.T.);
#872 = VERTEX_POINT('',#873);
#873 = CARTESIAN_POINT('',(-107.,88.,30.));
#874 = LINE('',#875,#876);
#875 = CARTESIAN_POINT('',(-107.,88.,30.));
#876 = VECTOR('',#877,1.);
#877 = DIRECTION('',(-2.22044604925E-16,-1.,-1.110223024625E-16));
#878 = ORIENTED_EDGE('',*,*,#879,.F.);
#879 = EDGE_CURVE('',#856,#872,#880,.T.);
#880 = LINE('',#881,#882);
#881 = CARTESIAN_POINT('',(-107.,88.,10.));
#882 = VECTOR('',#883,1.);
#883 = DIRECTION('',(1.110223024625E-16,2.22044604925E-16,1.));
#884 = PLANE('',#885);
#885 = AXIS2_PLACEMENT_3D('',#886,#887,#888);
#886 = CARTESIAN_POINT('',(-107.,103.,20.15));
#887 = DIRECTION('',(1.,9.992007221626E-16,1.998401444325E-15));
#888 = DIRECTION('',(9.992007221626E-16,1.998401444325E-15,1.));
#889 = ADVANCED_FACE('',(#890),#931,.T.);
#890 = FACE_BOUND('',#891,.T.);
#891 = EDGE_LOOP('',(#892,#900,#906,#907,#908,#916,#924,#930));
#892 = ORIENTED_EDGE('',*,*,#893,.T.);
#893 = EDGE_CURVE('',#737,#894,#896,.T.);
#894 = VERTEX_POINT('',#895);
#895 = CARTESIAN_POINT('',(-99.,144.,36.));
#896 = LINE('',#897,#898);
#897 = CARTESIAN_POINT('',(-110.2,144.,36.));
#898 = VECTOR('',#899,1.);
#899 = DIRECTION('',(1.,6.661338147751E-16,1.33226762955E-15));
#900 = ORIENTED_EDGE('',*,*,#901,.T.);
#901 = EDGE_CURVE('',#894,#127,#902,.T.);
#902 = LINE('',#903,#904);
#903 = CARTESIAN_POINT('',(-99.,144.,36.));
#904 = VECTOR('',#905,1.);
#905 = DIRECTION('',(-6.661338147751E-16,-1.554312234475E-15,-1.));
#906 = ORIENTED_EDGE('',*,*,#126,.T.);
#907 = ORIENTED_EDGE('',*,*,#776,.T.);
#908 = ORIENTED_EDGE('',*,*,#909,.T.);
#909 = EDGE_CURVE('',#769,#910,#912,.T.);
#910 = VERTEX_POINT('',#911);
#911 = CARTESIAN_POINT('',(-103.,144.,11.));
#912 = LINE('',#913,#914);
#913 = CARTESIAN_POINT('',(-107.,144.,15.));
#914 = VECTOR('',#915,1.);
#915 = DIRECTION('',(0.707106781187,-5.495323605393E-16,-0.707106781187)
  );
#916 = ORIENTED_EDGE('',*,*,#917,.T.);
#917 = EDGE_CURVE('',#910,#918,#920,.T.);
#918 = VERTEX_POINT('',#919);
#919 = CARTESIAN_POINT('',(-103.,144.,29.));
#920 = LINE('',#921,#922);
#921 = CARTESIAN_POINT('',(-103.,144.,11.));
#922 = VECTOR('',#923,1.);
#923 = DIRECTION('',(5.551115123126E-16,1.33226762955E-15,1.));
#924 = ORIENTED_EDGE('',*,*,#925,.T.);
#925 = EDGE_CURVE('',#918,#745,#926,.T.);
#926 = LINE('',#927,#928);
#927 = CARTESIAN_POINT('',(-103.,144.,29.));
#928 = VECTOR('',#929,1.);
#929 = DIRECTION('',(-0.707106781187,-1.334578589881E-15,-0.707106781187
    ));
#930 = ORIENTED_EDGE('',*,*,#744,.T.);
#931 = PLANE('',#932);
#932 = AXIS2_PLACEMENT_3D('',#933,#934,#935);
#933 = CARTESIAN_POINT('',(-104.6,144.,18.));
#934 = DIRECTION('',(1.33226762955E-15,1.,6.661338147751E-16));
#935 = DIRECTION('',(6.661338147751E-16,1.33226762955E-15,1.));
#936 = ADVANCED_FACE('',(#937),#971,.T.);
#937 = FACE_BOUND('',#938,.T.);
#938 = EDGE_LOOP('',(#939,#940,#941,#949,#957,#965));
#939 = ORIENTED_EDGE('',*,*,#134,.T.);
#940 = ORIENTED_EDGE('',*,*,#901,.F.);
#941 = ORIENTED_EDGE('',*,*,#942,.F.);
#942 = EDGE_CURVE('',#943,#894,#945,.T.);
#943 = VERTEX_POINT('',#944);
#944 = CARTESIAN_POINT('',(-99.,137.,36.));
#945 = LINE('',#946,#947);
#946 = CARTESIAN_POINT('',(-99.,137.,36.));
#947 = VECTOR('',#948,1.);
#948 = DIRECTION('',(1.221245327088E-15,1.,3.330669073875E-16));
#949 = ORIENTED_EDGE('',*,*,#950,.T.);
#950 = EDGE_CURVE('',#943,#951,#953,.T.);
#951 = VERTEX_POINT('',#952);
#952 = CARTESIAN_POINT('',(-99.,137.,3.));
#953 = LINE('',#954,#955);
#954 = CARTESIAN_POINT('',(-99.,137.,36.));
#955 = VECTOR('',#956,1.);
#956 = DIRECTION('',(-6.661338147751E-16,-1.554312234475E-15,-1.));
#957 = ORIENTED_EDGE('',*,*,#958,.T.);
#958 = EDGE_CURVE('',#951,#959,#961,.T.);
#959 = VERTEX_POINT('',#960);
#960 = CARTESIAN_POINT('',(-99.,8.3,3.));
#961 = LINE('',#962,#963);
#962 = CARTESIAN_POINT('',(-99.,137.,3.));
#963 = VECTOR('',#964,1.);
#964 = DIRECTION('',(-1.554312234475E-15,-1.,-7.771561172376E-16));
#965 = ORIENTED_EDGE('',*,*,#966,.T.);
#966 = EDGE_CURVE('',#959,#135,#967,.T.);
#967 = LINE('',#968,#969);
#968 = CARTESIAN_POINT('',(-99.,8.3,3.));
#969 = VECTOR('',#970,1.);
#970 = DIRECTION('',(-7.771561172376E-16,-5.107025913276E-15,-1.));
#971 = PLANE('',#972);
#972 = AXIS2_PLACEMENT_3D('',#973,#974,#975);
#973 = CARTESIAN_POINT('',(-99.,88.517792661619,5.632207338381));
#974 = DIRECTION('',(1.,5.551115123126E-16,1.460998585059E-15));
#975 = DIRECTION('',(2.043359518785E-16,1.110223024625E-15,1.));
#976 = ADVANCED_FACE('',(#977),#988,.T.);
#977 = FACE_BOUND('',#978,.T.);
#978 = EDGE_LOOP('',(#979,#980,#986,#987));
#979 = ORIENTED_EDGE('',*,*,#966,.F.);
#980 = ORIENTED_EDGE('',*,*,#981,.T.);
#981 = EDGE_CURVE('',#959,#713,#982,.T.);
#982 = LINE('',#983,#984);
#983 = CARTESIAN_POINT('',(-99.,8.3,3.));
#984 = VECTOR('',#985,1.);
#985 = DIRECTION('',(-1.,-6.661338147751E-16,-1.443289932013E-15));
#986 = ORIENTED_EDGE('',*,*,#712,.T.);
#987 = ORIENTED_EDGE('',*,*,#142,.F.);
#988 = PLANE('',#989);
#989 = AXIS2_PLACEMENT_3D('',#990,#991,#992);
#990 = CARTESIAN_POINT('',(-99.,8.3,3.));
#991 = DIRECTION('',(-1.33226762955E-15,-1.,2.997602166488E-15));
#992 = DIRECTION('',(-6.661338147751E-16,-4.996003610813E-15,-1.));
#993 = ADVANCED_FACE('',(#994),#1005,.T.);
#994 = FACE_BOUND('',#995,.T.);
#995 = EDGE_LOOP('',(#996,#997,#998,#1004));
#996 = ORIENTED_EDGE('',*,*,#173,.T.);
#997 = ORIENTED_EDGE('',*,*,#374,.T.);
#998 = ORIENTED_EDGE('',*,*,#999,.F.);
#999 = EDGE_CURVE('',#213,#375,#1000,.T.);
#1000 = LINE('',#1001,#1002);
#1001 = CARTESIAN_POINT('',(-127.,-9.114931032173E-14,4.));
#1002 = VECTOR('',#1003,1.);
#1003 = DIRECTION('',(-1.665334536938E-15,-1.,-5.551115123126E-16));
#1004 = ORIENTED_EDGE('',*,*,#212,.F.);
#1005 = PLANE('',#1006);
#1006 = AXIS2_PLACEMENT_3D('',#1007,#1008,#1009);
#1007 = CARTESIAN_POINT('',(-123.,-9.559020242023E-14,
    -1.098010571354E-13));
#1008 = DIRECTION('',(-0.707106781187,-1.727101704552E-15,
    -0.707106781187));
#1009 = DIRECTION('',(-0.707106781187,7.850462293419E-16,0.707106781187)
  );
#1010 = ADVANCED_FACE('',(#1011),#1017,.T.);
#1011 = FACE_BOUND('',#1012,.T.);
#1012 = EDGE_LOOP('',(#1013,#1014,#1015,#1016));
#1013 = ORIENTED_EDGE('',*,*,#999,.T.);
#1014 = ORIENTED_EDGE('',*,*,#382,.T.);
#1015 = ORIENTED_EDGE('',*,*,#536,.F.);
#1016 = ORIENTED_EDGE('',*,*,#220,.F.);
#1017 = PLANE('',#1018);
#1018 = AXIS2_PLACEMENT_3D('',#1019,#1020,#1021);
#1019 = CARTESIAN_POINT('',(-127.,-9.114931032173E-14,4.));
#1020 = DIRECTION('',(-1.,-6.661338147751E-16,-1.554312234475E-15));
#1021 = DIRECTION('',(7.771561172376E-16,1.887379141863E-15,1.));
#1022 = ADVANCED_FACE('',(#1023),#1029,.T.);
#1023 = FACE_BOUND('',#1024,.T.);
#1024 = EDGE_LOOP('',(#1025,#1026,#1027,#1028));
#1025 = ORIENTED_EDGE('',*,*,#681,.T.);
#1026 = ORIENTED_EDGE('',*,*,#554,.T.);
#1027 = ORIENTED_EDGE('',*,*,#197,.F.);
#1028 = ORIENTED_EDGE('',*,*,#704,.F.);
#1029 = PLANE('',#1030);
#1030 = AXIS2_PLACEMENT_3D('',#1031,#1032,#1033);
#1031 = CARTESIAN_POINT('',(-106.9999999999,205.99999999999,40.3));
#1032 = DIRECTION('',(7.771561172376E-16,1.7763568394E-15,1.));
#1033 = DIRECTION('',(-1.887379141863E-15,-1.,-8.881784197001E-16));
#1034 = ADVANCED_FACE('',(#1035),#1051,.F.);
#1035 = FACE_BOUND('',#1036,.T.);
#1036 = EDGE_LOOP('',(#1037,#1043,#1044,#1050));
#1037 = ORIENTED_EDGE('',*,*,#1038,.T.);
#1038 = EDGE_CURVE('',#238,#401,#1039,.T.);
#1039 = LINE('',#1040,#1041);
#1040 = CARTESIAN_POINT('',(-120.4625,-3.04797853623E-14,9.65));
#1041 = VECTOR('',#1042,1.);
#1042 = DIRECTION('',(-7.771561172376E-16,-1.,-1.110223024625E-16));
#1043 = ORIENTED_EDGE('',*,*,#400,.T.);
#1044 = ORIENTED_EDGE('',*,*,#1045,.F.);
#1045 = EDGE_CURVE('',#240,#403,#1046,.T.);
#1046 = LINE('',#1047,#1048);
#1047 = CARTESIAN_POINT('',(-120.4625,-3.707451012858E-14,3.05));
#1048 = VECTOR('',#1049,1.);
#1049 = DIRECTION('',(-7.771561172376E-16,-1.,-1.110223024625E-16));
#1050 = ORIENTED_EDGE('',*,*,#237,.F.);
#1051 = CYLINDRICAL_SURFACE('',#1052,3.3);
#1052 = AXIS2_PLACEMENT_3D('',#1053,#1054,#1055);
#1053 = CARTESIAN_POINT('',(-120.4625,-3.377714774544E-14,6.35));
#1054 = DIRECTION('',(6.661338147751E-16,1.,1.972152263053E-31));
#1055 = DIRECTION('',(1.,3.330669073875E-16,7.771561172376E-16));
#1056 = ADVANCED_FACE('',(#1057),#1068,.T.);
#1057 = FACE_BOUND('',#1058,.T.);
#1058 = EDGE_LOOP('',(#1059,#1065,#1066,#1067));
#1059 = ORIENTED_EDGE('',*,*,#1060,.T.);
#1060 = EDGE_CURVE('',#257,#420,#1061,.T.);
#1061 = LINE('',#1062,#1063);
#1062 = CARTESIAN_POINT('',(-116.0625,-2.90142909698E-14,9.65));
#1063 = VECTOR('',#1064,1.);
#1064 = DIRECTION('',(-7.771561172376E-16,-1.,-1.110223024625E-16));
#1065 = ORIENTED_EDGE('',*,*,#428,.T.);
#1066 = ORIENTED_EDGE('',*,*,#1038,.F.);
#1067 = ORIENTED_EDGE('',*,*,#265,.F.);
#1068 = PLANE('',#1069);
#1069 = AXIS2_PLACEMENT_3D('',#1070,#1071,#1072);
#1070 = CARTESIAN_POINT('',(-116.0625,-2.90142909698E-14,9.65));
#1071 = DIRECTION('',(-2.22044604925E-16,-8.881784197001E-16,-1.));
#1072 = DIRECTION('',(-1.,-3.330669073875E-16,-7.771561172376E-16));
#1073 = ADVANCED_FACE('',(#1074),#1085,.T.);
#1074 = FACE_BOUND('',#1075,.T.);
#1075 = EDGE_LOOP('',(#1076,#1077,#1078,#1084));
#1076 = ORIENTED_EDGE('',*,*,#1045,.T.);
#1077 = ORIENTED_EDGE('',*,*,#411,.T.);
#1078 = ORIENTED_EDGE('',*,*,#1079,.F.);
#1079 = EDGE_CURVE('',#249,#412,#1080,.T.);
#1080 = LINE('',#1081,#1082);
#1081 = CARTESIAN_POINT('',(-116.0625,-3.560901573607E-14,3.05));
#1082 = VECTOR('',#1083,1.);
#1083 = DIRECTION('',(-7.771561172376E-16,-1.,-1.110223024625E-16));
#1084 = ORIENTED_EDGE('',*,*,#248,.F.);
#1085 = PLANE('',#1086);
#1086 = AXIS2_PLACEMENT_3D('',#1087,#1088,#1089);
#1087 = CARTESIAN_POINT('',(-120.4625,-3.707451012858E-14,3.05));
#1088 = DIRECTION('',(2.22044604925E-16,8.881784197001E-16,1.));
#1089 = DIRECTION('',(1.,3.330669073875E-16,7.771561172376E-16));
#1090 = ADVANCED_FACE('',(#1091),#1097,.F.);
#1091 = FACE_BOUND('',#1092,.T.);
#1092 = EDGE_LOOP('',(#1093,#1094,#1095,#1096));
#1093 = ORIENTED_EDGE('',*,*,#1079,.T.);
#1094 = ORIENTED_EDGE('',*,*,#419,.T.);
#1095 = ORIENTED_EDGE('',*,*,#1060,.F.);
#1096 = ORIENTED_EDGE('',*,*,#256,.F.);
#1097 = CYLINDRICAL_SURFACE('',#1098,3.3);
#1098 = AXIS2_PLACEMENT_3D('',#1099,#1100,#1101);
#1099 = CARTESIAN_POINT('',(-116.0625,-3.231165335293E-14,6.35));
#1100 = DIRECTION('',(6.661338147751E-16,1.,1.972152263053E-31));
#1101 = DIRECTION('',(1.,3.330669073875E-16,7.771561172376E-16));
#1102 = ADVANCED_FACE('',(#1103),#1119,.F.);
#1103 = FACE_BOUND('',#1104,.T.);
#1104 = EDGE_LOOP('',(#1105,#1111,#1112,#1118));
#1105 = ORIENTED_EDGE('',*,*,#1106,.T.);
#1106 = EDGE_CURVE('',#274,#437,#1107,.T.);
#1107 = LINE('',#1108,#1109);
#1108 = CARTESIAN_POINT('',(-120.4625,-1.461747389797E-14,25.525));
#1109 = VECTOR('',#1110,1.);
#1110 = DIRECTION('',(-7.771561172376E-16,-1.,-1.110223024625E-16));
#1111 = ORIENTED_EDGE('',*,*,#436,.T.);
#1112 = ORIENTED_EDGE('',*,*,#1113,.F.);
#1113 = EDGE_CURVE('',#276,#439,#1114,.T.);
#1114 = LINE('',#1115,#1116);
#1115 = CARTESIAN_POINT('',(-120.4625,-2.121219866424E-14,18.925));
#1116 = VECTOR('',#1117,1.);
#1117 = DIRECTION('',(-7.771561172376E-16,-1.,-1.110223024625E-16));
#1118 = ORIENTED_EDGE('',*,*,#273,.F.);
#1119 = CYLINDRICAL_SURFACE('',#1120,3.3);
#1120 = AXIS2_PLACEMENT_3D('',#1121,#1122,#1123);
#1121 = CARTESIAN_POINT('',(-120.4625,-1.791483628111E-14,22.225));
#1122 = DIRECTION('',(6.661338147751E-16,1.,1.972152263053E-31));
#1123 = DIRECTION('',(1.,3.330669073875E-16,7.771561172376E-16));
#1124 = ADVANCED_FACE('',(#1125),#1136,.T.);
#1125 = FACE_BOUND('',#1126,.T.);
#1126 = EDGE_LOOP('',(#1127,#1133,#1134,#1135));
#1127 = ORIENTED_EDGE('',*,*,#1128,.T.);
#1128 = EDGE_CURVE('',#293,#456,#1129,.T.);
#1129 = LINE('',#1130,#1131);
#1130 = CARTESIAN_POINT('',(-116.0625,-1.315197950547E-14,25.525));
#1131 = VECTOR('',#1132,1.);
#1132 = DIRECTION('',(-7.771561172376E-16,-1.,-1.110223024625E-16));
#1133 = ORIENTED_EDGE('',*,*,#464,.T.);
#1134 = ORIENTED_EDGE('',*,*,#1106,.F.);
#1135 = ORIENTED_EDGE('',*,*,#301,.F.);
#1136 = PLANE('',#1137);
#1137 = AXIS2_PLACEMENT_3D('',#1138,#1139,#1140);
#1138 = CARTESIAN_POINT('',(-116.0625,-1.315197950547E-14,25.525));
#1139 = DIRECTION('',(-2.22044604925E-16,-8.881784197001E-16,-1.));
#1140 = DIRECTION('',(-1.,-3.330669073875E-16,-7.771561172376E-16));
#1141 = ADVANCED_FACE('',(#1142),#1153,.T.);
#1142 = FACE_BOUND('',#1143,.T.);
#1143 = EDGE_LOOP('',(#1144,#1145,#1146,#1152));
#1144 = ORIENTED_EDGE('',*,*,#1113,.T.);
#1145 = ORIENTED_EDGE('',*,*,#447,.T.);
#1146 = ORIENTED_EDGE('',*,*,#1147,.F.);
#1147 = EDGE_CURVE('',#285,#448,#1148,.T.);
#1148 = LINE('',#1149,#1150);
#1149 = CARTESIAN_POINT('',(-116.0625,-1.974670427174E-14,18.925));
#1150 = VECTOR('',#1151,1.);
#1151 = DIRECTION('',(-7.771561172376E-16,-1.,-1.110223024625E-16));
#1152 = ORIENTED_EDGE('',*,*,#284,.F.);
#1153 = PLANE('',#1154);
#1154 = AXIS2_PLACEMENT_3D('',#1155,#1156,#1157);
#1155 = CARTESIAN_POINT('',(-120.4625,-2.121219866424E-14,18.925));
#1156 = DIRECTION('',(2.22044604925E-16,8.881784197001E-16,1.));
#1157 = DIRECTION('',(1.,3.330669073875E-16,7.771561172376E-16));
#1158 = ADVANCED_FACE('',(#1159),#1165,.F.);
#1159 = FACE_BOUND('',#1160,.T.);
#1160 = EDGE_LOOP('',(#1161,#1162,#1163,#1164));
#1161 = ORIENTED_EDGE('',*,*,#1147,.T.);
#1162 = ORIENTED_EDGE('',*,*,#455,.T.);
#1163 = ORIENTED_EDGE('',*,*,#1128,.F.);
#1164 = ORIENTED_EDGE('',*,*,#292,.F.);
#1165 = CYLINDRICAL_SURFACE('',#1166,3.3);
#1166 = AXIS2_PLACEMENT_3D('',#1167,#1168,#1169);
#1167 = CARTESIAN_POINT('',(-116.0625,-1.64493418886E-14,22.225));
#1168 = DIRECTION('',(6.661338147751E-16,1.,1.972152263053E-31));
#1169 = DIRECTION('',(1.,3.330669073875E-16,7.771561172376E-16));
#1170 = ADVANCED_FACE('',(#1171),#1187,.F.);
#1171 = FACE_BOUND('',#1172,.T.);
#1172 = EDGE_LOOP('',(#1173,#1179,#1180,#1186));
#1173 = ORIENTED_EDGE('',*,*,#1174,.T.);
#1174 = EDGE_CURVE('',#310,#473,#1175,.T.);
#1175 = LINE('',#1176,#1177);
#1176 = CARTESIAN_POINT('',(-120.4625,1.244837566361E-15,41.4));
#1177 = VECTOR('',#1178,1.);
#1178 = DIRECTION('',(-7.771561172376E-16,-1.,-1.110223024625E-16));
#1179 = ORIENTED_EDGE('',*,*,#472,.T.);
#1180 = ORIENTED_EDGE('',*,*,#1181,.F.);
#1181 = EDGE_CURVE('',#312,#475,#1182,.T.);
#1182 = LINE('',#1183,#1184);
#1183 = CARTESIAN_POINT('',(-120.4625,-5.349887199912E-15,34.8));
#1184 = VECTOR('',#1185,1.);
#1185 = DIRECTION('',(-7.771561172376E-16,-1.,-1.110223024625E-16));
#1186 = ORIENTED_EDGE('',*,*,#309,.F.);
#1187 = CYLINDRICAL_SURFACE('',#1188,3.3);
#1188 = AXIS2_PLACEMENT_3D('',#1189,#1190,#1191);
#1189 = CARTESIAN_POINT('',(-120.4625,-2.052524816776E-15,38.1));
#1190 = DIRECTION('',(6.661338147751E-16,1.,1.972152263053E-31));
#1191 = DIRECTION('',(1.,3.330669073875E-16,7.771561172376E-16));
#1192 = ADVANCED_FACE('',(#1193),#1204,.T.);
#1193 = FACE_BOUND('',#1194,.T.);
#1194 = EDGE_LOOP('',(#1195,#1201,#1202,#1203));
#1195 = ORIENTED_EDGE('',*,*,#1196,.T.);
#1196 = EDGE_CURVE('',#329,#492,#1197,.T.);
#1197 = LINE('',#1198,#1199);
#1198 = CARTESIAN_POINT('',(-116.0625,2.710331958866E-15,41.4));
#1199 = VECTOR('',#1200,1.);
#1200 = DIRECTION('',(-7.771561172376E-16,-1.,-1.110223024625E-16));
#1201 = ORIENTED_EDGE('',*,*,#500,.T.);
#1202 = ORIENTED_EDGE('',*,*,#1174,.F.);
#1203 = ORIENTED_EDGE('',*,*,#337,.F.);
#1204 = PLANE('',#1205);
#1205 = AXIS2_PLACEMENT_3D('',#1206,#1207,#1208);
#1206 = CARTESIAN_POINT('',(-116.0625,2.710331958866E-15,41.4));
#1207 = DIRECTION('',(-2.22044604925E-16,-8.881784197001E-16,-1.));
#1208 = DIRECTION('',(-1.,-3.330669073875E-16,-7.771561172376E-16));
#1209 = ADVANCED_FACE('',(#1210),#1221,.T.);
#1210 = FACE_BOUND('',#1211,.T.);
#1211 = EDGE_LOOP('',(#1212,#1213,#1214,#1220));
#1212 = ORIENTED_EDGE('',*,*,#1181,.T.);
#1213 = ORIENTED_EDGE('',*,*,#483,.T.);
#1214 = ORIENTED_EDGE('',*,*,#1215,.F.);
#1215 = EDGE_CURVE('',#321,#484,#1216,.T.);
#1216 = LINE('',#1217,#1218);
#1217 = CARTESIAN_POINT('',(-116.0625,-3.884392807407E-15,34.8));
#1218 = VECTOR('',#1219,1.);
#1219 = DIRECTION('',(-7.771561172376E-16,-1.,-1.110223024625E-16));
#1220 = ORIENTED_EDGE('',*,*,#320,.F.);
#1221 = PLANE('',#1222);
#1222 = AXIS2_PLACEMENT_3D('',#1223,#1224,#1225);
#1223 = CARTESIAN_POINT('',(-120.4625,-5.349887199912E-15,34.8));
#1224 = DIRECTION('',(2.22044604925E-16,8.881784197001E-16,1.));
#1225 = DIRECTION('',(1.,3.330669073875E-16,7.771561172376E-16));
#1226 = ADVANCED_FACE('',(#1227),#1233,.F.);
#1227 = FACE_BOUND('',#1228,.T.);
#1228 = EDGE_LOOP('',(#1229,#1230,#1231,#1232));
#1229 = ORIENTED_EDGE('',*,*,#1215,.T.);
#1230 = ORIENTED_EDGE('',*,*,#491,.T.);
#1231 = ORIENTED_EDGE('',*,*,#1196,.F.);
#1232 = ORIENTED_EDGE('',*,*,#328,.F.);
#1233 = CYLINDRICAL_SURFACE('',#1234,3.3);
#1234 = AXIS2_PLACEMENT_3D('',#1235,#1236,#1237);
#1235 = CARTESIAN_POINT('',(-116.0625,-5.870304242706E-16,38.1));
#1236 = DIRECTION('',(6.661338147751E-16,1.,1.972152263053E-31));
#1237 = DIRECTION('',(1.,3.330669073875E-16,7.771561172376E-16));
#1238 = ADVANCED_FACE('',(#1239),#1258,.F.);
#1239 = FACE_BOUND('',#1240,.T.);
#1240 = EDGE_LOOP('',(#1241,#1242,#1250,#1257));
#1241 = ORIENTED_EDGE('',*,*,#345,.F.);
#1242 = ORIENTED_EDGE('',*,*,#1243,.T.);
#1243 = EDGE_CURVE('',#346,#1244,#1246,.T.);
#1244 = VERTEX_POINT('',#1245);
#1245 = CARTESIAN_POINT('',(-96.8,-5.5,14.29));
#1246 = LINE('',#1247,#1248);
#1247 = CARTESIAN_POINT('',(-96.8,-1.038835684142E-14,14.29));
#1248 = VECTOR('',#1249,1.);
#1249 = DIRECTION('',(-5.551115123126E-16,-1.,-1.355854680849E-31));
#1250 = ORIENTED_EDGE('',*,*,#1251,.F.);
#1251 = EDGE_CURVE('',#1244,#1244,#1252,.T.);
#1252 = CIRCLE('',#1253,3.2);
#1253 = AXIS2_PLACEMENT_3D('',#1254,#1255,#1256);
#1254 = CARTESIAN_POINT('',(-100.,-5.5,14.29));
#1255 = DIRECTION('',(1.725633230171E-31,1.,-5.551115123126E-16));
#1256 = DIRECTION('',(1.,7.395570986447E-32,4.440892098501E-16));
#1257 = ORIENTED_EDGE('',*,*,#1243,.F.);
#1258 = CYLINDRICAL_SURFACE('',#1259,3.2);
#1259 = AXIS2_PLACEMENT_3D('',#1260,#1261,#1262);
#1260 = CARTESIAN_POINT('',(-100.,-1.109889957718E-14,14.29));
#1261 = DIRECTION('',(4.440892098501E-16,1.,-1.110223024625E-16));
#1262 = DIRECTION('',(1.,2.22044604925E-16,5.551115123126E-16));
#1263 = ADVANCED_FACE('',(#1264),#1283,.F.);
#1264 = FACE_BOUND('',#1265,.T.);
#1265 = EDGE_LOOP('',(#1266,#1267,#1275,#1282));
#1266 = ORIENTED_EDGE('',*,*,#356,.F.);
#1267 = ORIENTED_EDGE('',*,*,#1268,.T.);
#1268 = EDGE_CURVE('',#357,#1269,#1271,.T.);
#1269 = VERTEX_POINT('',#1270);
#1270 = CARTESIAN_POINT('',(-96.8,-5.5,30.16));
#1271 = LINE('',#1272,#1273);
#1272 = CARTESIAN_POINT('',(-96.8,1.945110739143E-15,30.16));
#1273 = VECTOR('',#1274,1.);
#1274 = DIRECTION('',(-5.551115123126E-16,-1.,-1.355854680849E-31));
#1275 = ORIENTED_EDGE('',*,*,#1276,.F.);
#1276 = EDGE_CURVE('',#1269,#1269,#1277,.T.);
#1277 = CIRCLE('',#1278,3.2);
#1278 = AXIS2_PLACEMENT_3D('',#1279,#1280,#1281);
#1279 = CARTESIAN_POINT('',(-100.,-5.5,30.16));
#1280 = DIRECTION('',(1.725633230171E-31,1.,-5.551115123126E-16));
#1281 = DIRECTION('',(1.,7.395570986447E-32,4.440892098501E-16));
#1282 = ORIENTED_EDGE('',*,*,#1268,.F.);
#1283 = CYLINDRICAL_SURFACE('',#1284,3.2);
#1284 = AXIS2_PLACEMENT_3D('',#1285,#1286,#1287);
#1285 = CARTESIAN_POINT('',(-100.,1.234568003383E-15,30.16));
#1286 = DIRECTION('',(4.440892098501E-16,1.,-1.110223024625E-16));
#1287 = DIRECTION('',(1.,2.22044604925E-16,5.551115123126E-16));
#1288 = ADVANCED_FACE('',(#1289),#1308,.F.);
#1289 = FACE_BOUND('',#1290,.F.);
#1290 = EDGE_LOOP('',(#1291,#1299,#1306,#1307));
#1291 = ORIENTED_EDGE('',*,*,#1292,.T.);
#1292 = EDGE_CURVE('',#509,#1293,#1295,.T.);
#1293 = VERTEX_POINT('',#1294);
#1294 = CARTESIAN_POINT('',(-94.5,-5.5,14.29));
#1295 = LINE('',#1296,#1297);
#1296 = CARTESIAN_POINT('',(-94.5,-6.5,14.29));
#1297 = VECTOR('',#1298,1.);
#1298 = DIRECTION('',(3.330669073875E-16,1.,-1.110223024625E-16));
#1299 = ORIENTED_EDGE('',*,*,#1300,.T.);
#1300 = EDGE_CURVE('',#1293,#1293,#1301,.T.);
#1301 = CIRCLE('',#1302,5.5);
#1302 = AXIS2_PLACEMENT_3D('',#1303,#1304,#1305);
#1303 = CARTESIAN_POINT('',(-100.,-5.5,14.29));
#1304 = DIRECTION('',(2.22044604925E-16,-1.,6.661338147751E-16));
#1305 = DIRECTION('',(1.,2.22044604925E-16,4.440892098501E-16));
#1306 = ORIENTED_EDGE('',*,*,#1292,.F.);
#1307 = ORIENTED_EDGE('',*,*,#508,.F.);
#1308 = CYLINDRICAL_SURFACE('',#1309,5.5);
#1309 = AXIS2_PLACEMENT_3D('',#1310,#1311,#1312);
#1310 = CARTESIAN_POINT('',(-100.,-6.5,14.29));
#1311 = DIRECTION('',(-2.22044604925E-16,-1.,2.22044604925E-16));
#1312 = DIRECTION('',(1.,1.110223024625E-16,3.330669073875E-16));
#1313 = ADVANCED_FACE('',(#1314),#1333,.F.);
#1314 = FACE_BOUND('',#1315,.F.);
#1315 = EDGE_LOOP('',(#1316,#1324,#1331,#1332));
#1316 = ORIENTED_EDGE('',*,*,#1317,.T.);
#1317 = EDGE_CURVE('',#520,#1318,#1320,.T.);
#1318 = VERTEX_POINT('',#1319);
#1319 = CARTESIAN_POINT('',(-94.5,-5.5,30.16));
#1320 = LINE('',#1321,#1322);
#1321 = CARTESIAN_POINT('',(-94.5,-6.5,30.16));
#1322 = VECTOR('',#1323,1.);
#1323 = DIRECTION('',(3.330669073875E-16,1.,-1.110223024625E-16));
#1324 = ORIENTED_EDGE('',*,*,#1325,.T.);
#1325 = EDGE_CURVE('',#1318,#1318,#1326,.T.);
#1326 = CIRCLE('',#1327,5.5);
#1327 = AXIS2_PLACEMENT_3D('',#1328,#1329,#1330);
#1328 = CARTESIAN_POINT('',(-100.,-5.5,30.16));
#1329 = DIRECTION('',(2.22044604925E-16,-1.,6.661338147751E-16));
#1330 = DIRECTION('',(1.,2.22044604925E-16,4.440892098501E-16));
#1331 = ORIENTED_EDGE('',*,*,#1317,.F.);
#1332 = ORIENTED_EDGE('',*,*,#519,.F.);
#1333 = CYLINDRICAL_SURFACE('',#1334,5.5);
#1334 = AXIS2_PLACEMENT_3D('',#1335,#1336,#1337);
#1335 = CARTESIAN_POINT('',(-100.,-6.5,30.16));
#1336 = DIRECTION('',(-2.22044604925E-16,-1.,2.22044604925E-16));
#1337 = DIRECTION('',(1.,1.110223024625E-16,3.330669073875E-16));
#1338 = ADVANCED_FACE('',(#1339),#1355,.F.);
#1339 = FACE_BOUND('',#1340,.F.);
#1340 = EDGE_LOOP('',(#1341,#1347,#1348,#1354));
#1341 = ORIENTED_EDGE('',*,*,#1342,.T.);
#1342 = EDGE_CURVE('',#864,#572,#1343,.T.);
#1343 = LINE('',#1344,#1345);
#1344 = CARTESIAN_POINT('',(-107.,60.,30.));
#1345 = VECTOR('',#1346,1.);
#1346 = DIRECTION('',(-1.,-0.,-1.110223024625E-16));
#1347 = ORIENTED_EDGE('',*,*,#571,.T.);
#1348 = ORIENTED_EDGE('',*,*,#1349,.F.);
#1349 = EDGE_CURVE('',#854,#574,#1350,.T.);
#1350 = LINE('',#1351,#1352);
#1351 = CARTESIAN_POINT('',(-107.,60.,10.));
#1352 = VECTOR('',#1353,1.);
#1353 = DIRECTION('',(-1.,-0.,-1.110223024625E-16));
#1354 = ORIENTED_EDGE('',*,*,#863,.F.);
#1355 = PLANE('',#1356);
#1356 = AXIS2_PLACEMENT_3D('',#1357,#1358,#1359);
#1357 = CARTESIAN_POINT('',(-107.,60.,30.));
#1358 = DIRECTION('',(-1.232595164408E-32,-1.,1.110223024625E-16));
#1359 = DIRECTION('',(0.,-1.110223024625E-16,-1.));
#1360 = ADVANCED_FACE('',(#1361),#1372,.F.);
#1361 = FACE_BOUND('',#1362,.F.);
#1362 = EDGE_LOOP('',(#1363,#1369,#1370,#1371));
#1363 = ORIENTED_EDGE('',*,*,#1364,.T.);
#1364 = EDGE_CURVE('',#872,#590,#1365,.T.);
#1365 = LINE('',#1366,#1367);
#1366 = CARTESIAN_POINT('',(-107.,88.,30.));
#1367 = VECTOR('',#1368,1.);
#1368 = DIRECTION('',(-1.,-0.,-1.110223024625E-16));
#1369 = ORIENTED_EDGE('',*,*,#597,.T.);
#1370 = ORIENTED_EDGE('',*,*,#1342,.F.);
#1371 = ORIENTED_EDGE('',*,*,#871,.F.);
#1372 = PLANE('',#1373);
#1373 = AXIS2_PLACEMENT_3D('',#1374,#1375,#1376);
#1374 = CARTESIAN_POINT('',(-107.,88.,30.));
#1375 = DIRECTION('',(-1.110223024625E-16,1.232595164408E-32,1.));
#1376 = DIRECTION('',(-1.110223024625E-16,-1.,0.));
#1377 = ADVANCED_FACE('',(#1378),#1389,.F.);
#1378 = FACE_BOUND('',#1379,.F.);
#1379 = EDGE_LOOP('',(#1380,#1386,#1387,#1388));
#1380 = ORIENTED_EDGE('',*,*,#1381,.T.);
#1381 = EDGE_CURVE('',#856,#582,#1382,.T.);
#1382 = LINE('',#1383,#1384);
#1383 = CARTESIAN_POINT('',(-107.,88.,10.));
#1384 = VECTOR('',#1385,1.);
#1385 = DIRECTION('',(-1.,-0.,-1.110223024625E-16));
#1386 = ORIENTED_EDGE('',*,*,#589,.T.);
#1387 = ORIENTED_EDGE('',*,*,#1364,.F.);
#1388 = ORIENTED_EDGE('',*,*,#879,.F.);
#1389 = PLANE('',#1390);
#1390 = AXIS2_PLACEMENT_3D('',#1391,#1392,#1393);
#1391 = CARTESIAN_POINT('',(-107.,88.,10.));
#1392 = DIRECTION('',(1.232595164408E-32,1.,-1.110223024625E-16));
#1393 = DIRECTION('',(0.,1.110223024625E-16,1.));
#1394 = ADVANCED_FACE('',(#1395),#1401,.F.);
#1395 = FACE_BOUND('',#1396,.F.);
#1396 = EDGE_LOOP('',(#1397,#1398,#1399,#1400));
#1397 = ORIENTED_EDGE('',*,*,#1349,.T.);
#1398 = ORIENTED_EDGE('',*,*,#581,.T.);
#1399 = ORIENTED_EDGE('',*,*,#1381,.F.);
#1400 = ORIENTED_EDGE('',*,*,#853,.F.);
#1401 = PLANE('',#1402);
#1402 = AXIS2_PLACEMENT_3D('',#1403,#1404,#1405);
#1403 = CARTESIAN_POINT('',(-107.,60.,10.));
#1404 = DIRECTION('',(1.110223024625E-16,-1.232595164408E-32,-1.));
#1405 = DIRECTION('',(1.110223024625E-16,1.,0.));
#1406 = ADVANCED_FACE('',(#1407),#1423,.F.);
#1407 = FACE_BOUND('',#1408,.F.);
#1408 = EDGE_LOOP('',(#1409,#1415,#1416,#1422));
#1409 = ORIENTED_EDGE('',*,*,#1410,.T.);
#1410 = EDGE_CURVE('',#830,#606,#1411,.T.);
#1411 = LINE('',#1412,#1413);
#1412 = CARTESIAN_POINT('',(-107.,24.,30.));
#1413 = VECTOR('',#1414,1.);
#1414 = DIRECTION('',(-1.,-0.,-1.110223024625E-16));
#1415 = ORIENTED_EDGE('',*,*,#605,.T.);
#1416 = ORIENTED_EDGE('',*,*,#1417,.F.);
#1417 = EDGE_CURVE('',#820,#608,#1418,.T.);
#1418 = LINE('',#1419,#1420);
#1419 = CARTESIAN_POINT('',(-107.,24.,10.));
#1420 = VECTOR('',#1421,1.);
#1421 = DIRECTION('',(-1.,-0.,-1.110223024625E-16));
#1422 = ORIENTED_EDGE('',*,*,#829,.F.);
#1423 = PLANE('',#1424);
#1424 = AXIS2_PLACEMENT_3D('',#1425,#1426,#1427);
#1425 = CARTESIAN_POINT('',(-107.,24.,30.));
#1426 = DIRECTION('',(-1.232595164408E-32,-1.,1.110223024625E-16));
#1427 = DIRECTION('',(0.,-1.110223024625E-16,-1.));
#1428 = ADVANCED_FACE('',(#1429),#1440,.F.);
#1429 = FACE_BOUND('',#1430,.F.);
#1430 = EDGE_LOOP('',(#1431,#1437,#1438,#1439));
#1431 = ORIENTED_EDGE('',*,*,#1432,.T.);
#1432 = EDGE_CURVE('',#838,#624,#1433,.T.);
#1433 = LINE('',#1434,#1435);
#1434 = CARTESIAN_POINT('',(-107.,52.,30.));
#1435 = VECTOR('',#1436,1.);
#1436 = DIRECTION('',(-1.,-0.,-1.110223024625E-16));
#1437 = ORIENTED_EDGE('',*,*,#631,.T.);
#1438 = ORIENTED_EDGE('',*,*,#1410,.F.);
#1439 = ORIENTED_EDGE('',*,*,#837,.F.);
#1440 = PLANE('',#1441);
#1441 = AXIS2_PLACEMENT_3D('',#1442,#1443,#1444);
#1442 = CARTESIAN_POINT('',(-107.,52.,30.));
#1443 = DIRECTION('',(-1.110223024625E-16,1.232595164408E-32,1.));
#1444 = DIRECTION('',(-1.110223024625E-16,-1.,0.));
#1445 = ADVANCED_FACE('',(#1446),#1457,.F.);
#1446 = FACE_BOUND('',#1447,.F.);
#1447 = EDGE_LOOP('',(#1448,#1454,#1455,#1456));
#1448 = ORIENTED_EDGE('',*,*,#1449,.T.);
#1449 = EDGE_CURVE('',#822,#616,#1450,.T.);
#1450 = LINE('',#1451,#1452);
#1451 = CARTESIAN_POINT('',(-107.,52.,10.));
#1452 = VECTOR('',#1453,1.);
#1453 = DIRECTION('',(-1.,-0.,-1.110223024625E-16));
#1454 = ORIENTED_EDGE('',*,*,#623,.T.);
#1455 = ORIENTED_EDGE('',*,*,#1432,.F.);
#1456 = ORIENTED_EDGE('',*,*,#845,.F.);
#1457 = PLANE('',#1458);
#1458 = AXIS2_PLACEMENT_3D('',#1459,#1460,#1461);
#1459 = CARTESIAN_POINT('',(-107.,52.,10.));
#1460 = DIRECTION('',(1.232595164408E-32,1.,-1.110223024625E-16));
#1461 = DIRECTION('',(0.,1.110223024625E-16,1.));
#1462 = ADVANCED_FACE('',(#1463),#1469,.F.);
#1463 = FACE_BOUND('',#1464,.F.);
#1464 = EDGE_LOOP('',(#1465,#1466,#1467,#1468));
#1465 = ORIENTED_EDGE('',*,*,#1417,.T.);
#1466 = ORIENTED_EDGE('',*,*,#615,.T.);
#1467 = ORIENTED_EDGE('',*,*,#1449,.F.);
#1468 = ORIENTED_EDGE('',*,*,#819,.F.);
#1469 = PLANE('',#1470);
#1470 = AXIS2_PLACEMENT_3D('',#1471,#1472,#1473);
#1471 = CARTESIAN_POINT('',(-107.,24.,10.));
#1472 = DIRECTION('',(1.110223024625E-16,-1.232595164408E-32,-1.));
#1473 = DIRECTION('',(1.110223024625E-16,1.,0.));
#1474 = ADVANCED_FACE('',(#1475),#1491,.F.);
#1475 = FACE_BOUND('',#1476,.F.);
#1476 = EDGE_LOOP('',(#1477,#1483,#1484,#1490));
#1477 = ORIENTED_EDGE('',*,*,#1478,.T.);
#1478 = EDGE_CURVE('',#796,#640,#1479,.T.);
#1479 = LINE('',#1480,#1481);
#1480 = CARTESIAN_POINT('',(-107.,96.,30.));
#1481 = VECTOR('',#1482,1.);
#1482 = DIRECTION('',(-1.,-0.,-1.110223024625E-16));
#1483 = ORIENTED_EDGE('',*,*,#639,.T.);
#1484 = ORIENTED_EDGE('',*,*,#1485,.F.);
#1485 = EDGE_CURVE('',#786,#642,#1486,.T.);
#1486 = LINE('',#1487,#1488);
#1487 = CARTESIAN_POINT('',(-107.,96.,10.));
#1488 = VECTOR('',#1489,1.);
#1489 = DIRECTION('',(-1.,-0.,-1.110223024625E-16));
#1490 = ORIENTED_EDGE('',*,*,#795,.F.);
#1491 = PLANE('',#1492);
#1492 = AXIS2_PLACEMENT_3D('',#1493,#1494,#1495);
#1493 = CARTESIAN_POINT('',(-107.,96.,30.));
#1494 = DIRECTION('',(-1.232595164408E-32,-1.,1.110223024625E-16));
#1495 = DIRECTION('',(0.,-1.110223024625E-16,-1.));
#1496 = ADVANCED_FACE('',(#1497),#1508,.F.);
#1497 = FACE_BOUND('',#1498,.F.);
#1498 = EDGE_LOOP('',(#1499,#1505,#1506,#1507));
#1499 = ORIENTED_EDGE('',*,*,#1500,.T.);
#1500 = EDGE_CURVE('',#804,#658,#1501,.T.);
#1501 = LINE('',#1502,#1503);
#1502 = CARTESIAN_POINT('',(-107.,124.,30.));
#1503 = VECTOR('',#1504,1.);
#1504 = DIRECTION('',(-1.,-0.,-1.110223024625E-16));
#1505 = ORIENTED_EDGE('',*,*,#665,.T.);
#1506 = ORIENTED_EDGE('',*,*,#1478,.F.);
#1507 = ORIENTED_EDGE('',*,*,#803,.F.);
#1508 = PLANE('',#1509);
#1509 = AXIS2_PLACEMENT_3D('',#1510,#1511,#1512);
#1510 = CARTESIAN_POINT('',(-107.,124.,30.));
#1511 = DIRECTION('',(-1.110223024625E-16,1.232595164408E-32,1.));
#1512 = DIRECTION('',(-1.110223024625E-16,-1.,0.));
#1513 = ADVANCED_FACE('',(#1514),#1525,.F.);
#1514 = FACE_BOUND('',#1515,.F.);
#1515 = EDGE_LOOP('',(#1516,#1522,#1523,#1524));
#1516 = ORIENTED_EDGE('',*,*,#1517,.T.);
#1517 = EDGE_CURVE('',#788,#650,#1518,.T.);
#1518 = LINE('',#1519,#1520);
#1519 = CARTESIAN_POINT('',(-107.,124.,10.));
#1520 = VECTOR('',#1521,1.);
#1521 = DIRECTION('',(-1.,-0.,-1.110223024625E-16));
#1522 = ORIENTED_EDGE('',*,*,#657,.T.);
#1523 = ORIENTED_EDGE('',*,*,#1500,.F.);
#1524 = ORIENTED_EDGE('',*,*,#811,.F.);
#1525 = PLANE('',#1526);
#1526 = AXIS2_PLACEMENT_3D('',#1527,#1528,#1529);
#1527 = CARTESIAN_POINT('',(-107.,124.,10.));
#1528 = DIRECTION('',(1.232595164408E-32,1.,-1.110223024625E-16));
#1529 = DIRECTION('',(0.,1.110223024625E-16,1.));
#1530 = ADVANCED_FACE('',(#1531),#1537,.F.);
#1531 = FACE_BOUND('',#1532,.F.);
#1532 = EDGE_LOOP('',(#1533,#1534,#1535,#1536));
#1533 = ORIENTED_EDGE('',*,*,#1485,.T.);
#1534 = ORIENTED_EDGE('',*,*,#649,.T.);
#1535 = ORIENTED_EDGE('',*,*,#1517,.F.);
#1536 = ORIENTED_EDGE('',*,*,#785,.F.);
#1537 = PLANE('',#1538);
#1538 = AXIS2_PLACEMENT_3D('',#1539,#1540,#1541);
#1539 = CARTESIAN_POINT('',(-107.,96.,10.));
#1540 = DIRECTION('',(1.110223024625E-16,-1.232595164408E-32,-1.));
#1541 = DIRECTION('',(1.110223024625E-16,1.,0.));
#1542 = ADVANCED_FACE('',(#1543),#1561,.T.);
#1543 = FACE_BOUND('',#1544,.T.);
#1544 = EDGE_LOOP('',(#1545,#1546,#1554,#1560));
#1545 = ORIENTED_EDGE('',*,*,#768,.T.);
#1546 = ORIENTED_EDGE('',*,*,#1547,.T.);
#1547 = EDGE_CURVE('',#761,#1548,#1550,.T.);
#1548 = VERTEX_POINT('',#1549);
#1549 = CARTESIAN_POINT('',(-103.,202.,11.));
#1550 = LINE('',#1551,#1552);
#1551 = CARTESIAN_POINT('',(-106.9999999999,201.99999999999,15.));
#1552 = VECTOR('',#1553,1.);
#1553 = DIRECTION('',(0.707106781187,-5.495323605393E-16,-0.707106781187
    ));
#1554 = ORIENTED_EDGE('',*,*,#1555,.F.);
#1555 = EDGE_CURVE('',#910,#1548,#1556,.T.);
#1556 = LINE('',#1557,#1558);
#1557 = CARTESIAN_POINT('',(-103.,144.,11.));
#1558 = VECTOR('',#1559,1.);
#1559 = DIRECTION('',(9.992007221626E-16,1.,2.22044604925E-16));
#1560 = ORIENTED_EDGE('',*,*,#909,.F.);
#1561 = PLANE('',#1562);
#1562 = AXIS2_PLACEMENT_3D('',#1563,#1564,#1565);
#1563 = CARTESIAN_POINT('',(-107.,144.,15.));
#1564 = DIRECTION('',(-0.707106781187,-1.020560098144E-15,
    -0.707106781187));
#1565 = DIRECTION('',(0.707106781187,-5.495323605393E-16,-0.707106781187
    ));
#1566 = ADVANCED_FACE('',(#1567),#1585,.T.);
#1567 = FACE_BOUND('',#1568,.T.);
#1568 = EDGE_LOOP('',(#1569,#1570,#1571,#1579));
#1569 = ORIENTED_EDGE('',*,*,#1547,.F.);
#1570 = ORIENTED_EDGE('',*,*,#760,.T.);
#1571 = ORIENTED_EDGE('',*,*,#1572,.F.);
#1572 = EDGE_CURVE('',#1573,#753,#1575,.T.);
#1573 = VERTEX_POINT('',#1574);
#1574 = CARTESIAN_POINT('',(-103.,202.,29.));
#1575 = LINE('',#1576,#1577);
#1576 = CARTESIAN_POINT('',(-102.9999999999,201.99999999999,29.));
#1577 = VECTOR('',#1578,1.);
#1578 = DIRECTION('',(-0.707106781187,-1.334578589881E-15,
    -0.707106781187));
#1579 = ORIENTED_EDGE('',*,*,#1580,.F.);
#1580 = EDGE_CURVE('',#1548,#1573,#1581,.T.);
#1581 = LINE('',#1582,#1583);
#1582 = CARTESIAN_POINT('',(-102.9999999999,201.99999999999,11.));
#1583 = VECTOR('',#1584,1.);
#1584 = DIRECTION('',(5.551115123126E-16,1.33226762955E-15,1.));
#1585 = PLANE('',#1586);
#1586 = AXIS2_PLACEMENT_3D('',#1587,#1588,#1589);
#1587 = CARTESIAN_POINT('',(-104.7829522431,202.,20.));
#1588 = DIRECTION('',(1.110223024625E-15,1.,5.551115123126E-16));
#1589 = DIRECTION('',(5.551115123126E-16,1.110223024625E-15,1.));
#1590 = ADVANCED_FACE('',(#1591),#1602,.T.);
#1591 = FACE_BOUND('',#1592,.T.);
#1592 = EDGE_LOOP('',(#1593,#1599,#1600,#1601));
#1593 = ORIENTED_EDGE('',*,*,#1594,.T.);
#1594 = EDGE_CURVE('',#918,#1573,#1595,.T.);
#1595 = LINE('',#1596,#1597);
#1596 = CARTESIAN_POINT('',(-103.,144.,29.));
#1597 = VECTOR('',#1598,1.);
#1598 = DIRECTION('',(9.992007221626E-16,1.,2.22044604925E-16));
#1599 = ORIENTED_EDGE('',*,*,#1572,.T.);
#1600 = ORIENTED_EDGE('',*,*,#752,.F.);
#1601 = ORIENTED_EDGE('',*,*,#925,.F.);
#1602 = PLANE('',#1603);
#1603 = AXIS2_PLACEMENT_3D('',#1604,#1605,#1606);
#1604 = CARTESIAN_POINT('',(-103.,144.,29.));
#1605 = DIRECTION('',(-0.707106781187,5.495323605393E-16,0.707106781187)
  );
#1606 = DIRECTION('',(-0.707106781187,-1.177569344013E-15,
    -0.707106781187));
#1607 = ADVANCED_FACE('',(#1608),#1619,.T.);
#1608 = FACE_BOUND('',#1609,.T.);
#1609 = EDGE_LOOP('',(#1610,#1611,#1617,#1618));
#1610 = ORIENTED_EDGE('',*,*,#958,.F.);
#1611 = ORIENTED_EDGE('',*,*,#1612,.T.);
#1612 = EDGE_CURVE('',#951,#721,#1613,.T.);
#1613 = LINE('',#1614,#1615);
#1614 = CARTESIAN_POINT('',(-99.,137.,3.));
#1615 = VECTOR('',#1616,1.);
#1616 = DIRECTION('',(-1.,-6.661338147751E-16,-1.443289932013E-15));
#1617 = ORIENTED_EDGE('',*,*,#720,.T.);
#1618 = ORIENTED_EDGE('',*,*,#981,.F.);
#1619 = PLANE('',#1620);
#1620 = AXIS2_PLACEMENT_3D('',#1621,#1622,#1623);
#1621 = CARTESIAN_POINT('',(-99.,137.,3.));
#1622 = DIRECTION('',(5.551115123126E-16,1.33226762955E-15,1.));
#1623 = DIRECTION('',(-1.443289932013E-15,-1.,-6.661338147751E-16));
#1624 = ADVANCED_FACE('',(#1625),#1636,.F.);
#1625 = FACE_BOUND('',#1626,.F.);
#1626 = EDGE_LOOP('',(#1627,#1628,#1629,#1630));
#1627 = ORIENTED_EDGE('',*,*,#950,.T.);
#1628 = ORIENTED_EDGE('',*,*,#1612,.T.);
#1629 = ORIENTED_EDGE('',*,*,#728,.T.);
#1630 = ORIENTED_EDGE('',*,*,#1631,.T.);
#1631 = EDGE_CURVE('',#729,#943,#1632,.T.);
#1632 = LINE('',#1633,#1634);
#1633 = CARTESIAN_POINT('',(-110.2,137.,36.));
#1634 = VECTOR('',#1635,1.);
#1635 = DIRECTION('',(1.,6.661338147751E-16,1.33226762955E-15));
#1636 = PLANE('',#1637);
#1637 = AXIS2_PLACEMENT_3D('',#1638,#1639,#1640);
#1638 = CARTESIAN_POINT('',(-104.6,137.,18.));
#1639 = DIRECTION('',(1.33226762955E-15,1.,6.661338147751E-16));
#1640 = DIRECTION('',(6.661338147751E-16,1.33226762955E-15,1.));
#1641 = ADVANCED_FACE('',(#1642),#1648,.F.);
#1642 = FACE_BOUND('',#1643,.F.);
#1643 = EDGE_LOOP('',(#1644,#1645,#1646,#1647));
#1644 = ORIENTED_EDGE('',*,*,#1631,.F.);
#1645 = ORIENTED_EDGE('',*,*,#736,.T.);
#1646 = ORIENTED_EDGE('',*,*,#893,.T.);
#1647 = ORIENTED_EDGE('',*,*,#942,.F.);
#1648 = PLANE('',#1649);
#1649 = AXIS2_PLACEMENT_3D('',#1650,#1651,#1652);
#1650 = CARTESIAN_POINT('',(-110.2,137.,36.));
#1651 = DIRECTION('',(-4.440892098501E-16,-1.33226762955E-15,-1.));
#1652 = DIRECTION('',(1.,5.551115123126E-16,1.221245327088E-15));
#1653 = ADVANCED_FACE('',(#1654),#1660,.T.);
#1654 = FACE_BOUND('',#1655,.T.);
#1655 = EDGE_LOOP('',(#1656,#1657,#1658,#1659));
#1656 = ORIENTED_EDGE('',*,*,#1555,.T.);
#1657 = ORIENTED_EDGE('',*,*,#1580,.T.);
#1658 = ORIENTED_EDGE('',*,*,#1594,.F.);
#1659 = ORIENTED_EDGE('',*,*,#917,.F.);
#1660 = PLANE('',#1661);
#1661 = AXIS2_PLACEMENT_3D('',#1662,#1663,#1664);
#1662 = CARTESIAN_POINT('',(-103.,144.,11.));
#1663 = DIRECTION('',(1.,3.330669073875E-16,8.881784197001E-16));
#1664 = DIRECTION('',(4.440892098501E-16,1.221245327088E-15,1.));
#1665 = ADVANCED_FACE('',(#1666,#1669),#1672,.F.);
#1666 = FACE_BOUND('',#1667,.F.);
#1667 = EDGE_LOOP('',(#1668));
#1668 = ORIENTED_EDGE('',*,*,#1300,.F.);
#1669 = FACE_BOUND('',#1670,.F.);
#1670 = EDGE_LOOP('',(#1671));
#1671 = ORIENTED_EDGE('',*,*,#1251,.F.);
#1672 = PLANE('',#1673);
#1673 = AXIS2_PLACEMENT_3D('',#1674,#1675,#1676);
#1674 = CARTESIAN_POINT('',(-100.,-5.5,22.225));
#1675 = DIRECTION('',(4.440892098501E-16,1.,-1.263450004348E-17));
#1676 = DIRECTION('',(2.22044604925E-16,6.787683148186E-16,1.));
#1677 = ADVANCED_FACE('',(#1678,#1681),#1684,.F.);
#1678 = FACE_BOUND('',#1679,.F.);
#1679 = EDGE_LOOP('',(#1680));
#1680 = ORIENTED_EDGE('',*,*,#1325,.F.);
#1681 = FACE_BOUND('',#1682,.F.);
#1682 = EDGE_LOOP('',(#1683));
#1683 = ORIENTED_EDGE('',*,*,#1276,.F.);
#1684 = PLANE('',#1685);
#1685 = AXIS2_PLACEMENT_3D('',#1686,#1687,#1688);
#1686 = CARTESIAN_POINT('',(-100.,-5.5,22.225));
#1687 = DIRECTION('',(4.440892098501E-16,1.,-1.263450004348E-17));
#1688 = DIRECTION('',(2.22044604925E-16,6.787683148186E-16,1.));
#1689 = MANIFOLD_SOLID_BREP('',#1690);
#1690 = CLOSED_SHELL('',(#1691,#1731,#1826,#1857,#2047,#2166,#2347,#2371
    ,#2541,#2558,#2582,#2622,#2662,#2686,#2710,#2727,#2744,#2761,#2773,
    #2795,#2812,#2829,#2841,#2863,#2880,#2897,#2909,#2931,#2948,#2965,
    #2977,#2994,#3011,#3023,#3048,#3073,#3095,#3112,#3129,#3141,#3163,
    #3180,#3197,#3209,#3231,#3248,#3265,#3277,#3302,#3327,#3339,#3351));
#1691 = ADVANCED_FACE('',(#1692),#1726,.F.);
#1692 = FACE_BOUND('',#1693,.F.);
#1693 = EDGE_LOOP('',(#1694,#1704,#1712,#1720));
#1694 = ORIENTED_EDGE('',*,*,#1695,.T.);
#1695 = EDGE_CURVE('',#1696,#1698,#1700,.T.);
#1696 = VERTEX_POINT('',#1697);
#1697 = CARTESIAN_POINT('',(107.,206.,0.));
#1698 = VERTEX_POINT('',#1699);
#1699 = CARTESIAN_POINT('',(110.2,206.,0.));
#1700 = LINE('',#1701,#1702);
#1701 = CARTESIAN_POINT('',(107.,206.,2.779998453661E-13));
#1702 = VECTOR('',#1703,1.);
#1703 = DIRECTION('',(1.,8.881784197001E-16,1.887379141863E-15));
#1704 = ORIENTED_EDGE('',*,*,#1705,.T.);
#1705 = EDGE_CURVE('',#1698,#1706,#1708,.T.);
#1706 = VERTEX_POINT('',#1707);
#1707 = CARTESIAN_POINT('',(110.2,206.,40.3));
#1708 = LINE('',#1709,#1710);
#1709 = CARTESIAN_POINT('',(110.2,206.,3.219646771413E-13));
#1710 = VECTOR('',#1711,1.);
#1711 = DIRECTION('',(9.992007221626E-16,1.998401444325E-15,1.));
#1712 = ORIENTED_EDGE('',*,*,#1713,.F.);
#1713 = EDGE_CURVE('',#1714,#1706,#1716,.T.);
#1714 = VERTEX_POINT('',#1715);
#1715 = CARTESIAN_POINT('',(107.,206.,40.3));
#1716 = LINE('',#1717,#1718);
#1717 = CARTESIAN_POINT('',(107.,206.,40.3));
#1718 = VECTOR('',#1719,1.);
#1719 = DIRECTION('',(1.,8.881784197001E-16,1.887379141863E-15));
#1720 = ORIENTED_EDGE('',*,*,#1721,.F.);
#1721 = EDGE_CURVE('',#1696,#1714,#1722,.T.);
#1722 = LINE('',#1723,#1724);
#1723 = CARTESIAN_POINT('',(107.,206.,3.127498260369E-13));
#1724 = VECTOR('',#1725,1.);
#1725 = DIRECTION('',(9.992007221626E-16,1.998401444325E-15,1.));
#1726 = PLANE('',#1727);
#1727 = AXIS2_PLACEMENT_3D('',#1728,#1729,#1730);
#1728 = CARTESIAN_POINT('',(107.,206.,2.779998453661E-13));
#1729 = DIRECTION('',(-1.7763568394E-15,-1.,-7.771561172376E-16));
#1730 = DIRECTION('',(8.881784197001E-16,1.887379141863E-15,1.));
#1731 = ADVANCED_FACE('',(#1732),#1821,.T.);
#1732 = FACE_BOUND('',#1733,.T.);
#1733 = EDGE_LOOP('',(#1734,#1742,#1750,#1758,#1766,#1774,#1782,#1790,
    #1798,#1806,#1814,#1820));
#1734 = ORIENTED_EDGE('',*,*,#1735,.F.);
#1735 = EDGE_CURVE('',#1736,#1698,#1738,.T.);
#1736 = VERTEX_POINT('',#1737);
#1737 = CARTESIAN_POINT('',(110.2,1.419949629398E-30,0.));
#1738 = LINE('',#1739,#1740);
#1739 = CARTESIAN_POINT('',(110.2,6.117328865685E-14,6.437073096777E-14)
  );
#1740 = VECTOR('',#1741,1.);
#1741 = DIRECTION('',(1.554312234475E-15,1.,5.551115123126E-16));
#1742 = ORIENTED_EDGE('',*,*,#1743,.T.);
#1743 = EDGE_CURVE('',#1736,#1744,#1746,.T.);
#1744 = VERTEX_POINT('',#1745);
#1745 = CARTESIAN_POINT('',(123.,5.522026336547E-30,1.42108547152E-14));
#1746 = LINE('',#1747,#1748);
#1747 = CARTESIAN_POINT('',(94.,1.785238623597E-13,-1.278976924368E-13)
  );
#1748 = VECTOR('',#1749,1.);
#1749 = DIRECTION('',(1.,8.881784197001E-16,1.7763568394E-15));
#1750 = ORIENTED_EDGE('',*,*,#1751,.T.);
#1751 = EDGE_CURVE('',#1744,#1752,#1754,.T.);
#1752 = VERTEX_POINT('',#1753);
#1753 = CARTESIAN_POINT('',(123.,-6.5,1.42108547152E-14));
#1754 = LINE('',#1755,#1756);
#1755 = CARTESIAN_POINT('',(123.,9.559020242023E-14,1.098010571354E-13)
  );
#1756 = VECTOR('',#1757,1.);
#1757 = DIRECTION('',(-1.665334536938E-15,-1.,-5.551115123126E-16));
#1758 = ORIENTED_EDGE('',*,*,#1759,.F.);
#1759 = EDGE_CURVE('',#1760,#1752,#1762,.T.);
#1760 = VERTEX_POINT('',#1761);
#1761 = CARTESIAN_POINT('',(94.,-6.5,-1.42108547152E-14));
#1762 = LINE('',#1763,#1764);
#1763 = CARTESIAN_POINT('',(94.,-6.5,-1.278976924368E-13));
#1764 = VECTOR('',#1765,1.);
#1765 = DIRECTION('',(1.,8.881784197001E-16,1.7763568394E-15));
#1766 = ORIENTED_EDGE('',*,*,#1767,.F.);
#1767 = EDGE_CURVE('',#1768,#1760,#1770,.T.);
#1768 = VERTEX_POINT('',#1769);
#1769 = CARTESIAN_POINT('',(94.,-4.486646398444E-30,-1.42108547152E-14)
  );
#1770 = LINE('',#1771,#1772);
#1771 = CARTESIAN_POINT('',(94.,7.305267502034E-14,6.150635556423E-14));
#1772 = VECTOR('',#1773,1.);
#1773 = DIRECTION('',(-1.665334536938E-15,-1.,-5.551115123126E-16));
#1774 = ORIENTED_EDGE('',*,*,#1775,.T.);
#1775 = EDGE_CURVE('',#1768,#1776,#1778,.T.);
#1776 = VERTEX_POINT('',#1777);
#1777 = CARTESIAN_POINT('',(107.,5.605193857299E-45,0.));
#1778 = LINE('',#1779,#1780);
#1779 = CARTESIAN_POINT('',(94.,1.785238623597E-13,-1.278976924368E-13)
  );
#1780 = VECTOR('',#1781,1.);
#1781 = DIRECTION('',(1.,8.881784197001E-16,1.7763568394E-15));
#1782 = ORIENTED_EDGE('',*,*,#1783,.T.);
#1783 = EDGE_CURVE('',#1776,#1784,#1786,.T.);
#1784 = VERTEX_POINT('',#1785);
#1785 = CARTESIAN_POINT('',(107.,8.3,0.));
#1786 = LINE('',#1787,#1788);
#1787 = CARTESIAN_POINT('',(107.,1.069144772714E-13,1.069144772714E-13)
  );
#1788 = VECTOR('',#1789,1.);
#1789 = DIRECTION('',(1.998401444325E-15,1.,9.992007221626E-16));
#1790 = ORIENTED_EDGE('',*,*,#1791,.F.);
#1791 = EDGE_CURVE('',#1792,#1784,#1794,.T.);
#1792 = VERTEX_POINT('',#1793);
#1793 = CARTESIAN_POINT('',(99.,8.3,0.));
#1794 = LINE('',#1795,#1796);
#1795 = CARTESIAN_POINT('',(99.,8.3,6.525890938747E-14));
#1796 = VECTOR('',#1797,1.);
#1797 = DIRECTION('',(1.,6.661338147751E-16,1.443289932013E-15));
#1798 = ORIENTED_EDGE('',*,*,#1799,.T.);
#1799 = EDGE_CURVE('',#1792,#1800,#1802,.T.);
#1800 = VERTEX_POINT('',#1801);
#1801 = CARTESIAN_POINT('',(99.,144.,0.));
#1802 = LINE('',#1803,#1804);
#1803 = CARTESIAN_POINT('',(99.,8.3,5.334621633324E-14));
#1804 = VECTOR('',#1805,1.);
#1805 = DIRECTION('',(1.33226762955E-15,1.,5.551115123126E-16));
#1806 = ORIENTED_EDGE('',*,*,#1807,.T.);
#1807 = EDGE_CURVE('',#1800,#1808,#1810,.T.);
#1808 = VERTEX_POINT('',#1809);
#1809 = CARTESIAN_POINT('',(107.,144.,0.));
#1810 = LINE('',#1811,#1812);
#1811 = CARTESIAN_POINT('',(99.,144.,-7.105427357601E-14));
#1812 = VECTOR('',#1813,1.);
#1813 = DIRECTION('',(1.,6.661338147751E-16,1.33226762955E-15));
#1814 = ORIENTED_EDGE('',*,*,#1815,.T.);
#1815 = EDGE_CURVE('',#1808,#1696,#1816,.T.);
#1816 = LINE('',#1817,#1818);
#1817 = CARTESIAN_POINT('',(107.,1.069144772714E-13,1.069144772714E-13)
  );
#1818 = VECTOR('',#1819,1.);
#1819 = DIRECTION('',(1.998401444325E-15,1.,9.992007221626E-16));
#1820 = ORIENTED_EDGE('',*,*,#1695,.T.);
#1821 = PLANE('',#1822);
#1822 = AXIS2_PLACEMENT_3D('',#1823,#1824,#1825);
#1823 = CARTESIAN_POINT('',(106.23066132264,88.342384769539,
    1.078164433706E-13));
#1824 = DIRECTION('',(-2.430827240676E-16,-1.110223024625E-15,-1.));
#1825 = DIRECTION('',(-1.,-5.551115123126E-16,-1.42225181287E-15));
#1826 = ADVANCED_FACE('',(#1827),#1852,.F.);
#1827 = FACE_BOUND('',#1828,.F.);
#1828 = EDGE_LOOP('',(#1829,#1830,#1838,#1846));
#1829 = ORIENTED_EDGE('',*,*,#1713,.T.);
#1830 = ORIENTED_EDGE('',*,*,#1831,.T.);
#1831 = EDGE_CURVE('',#1706,#1832,#1834,.T.);
#1832 = VERTEX_POINT('',#1833);
#1833 = CARTESIAN_POINT('',(110.2,4.026778910315E-14,40.3));
#1834 = LINE('',#1835,#1836);
#1835 = CARTESIAN_POINT('',(110.2,206.,40.3));
#1836 = VECTOR('',#1837,1.);
#1837 = DIRECTION('',(-1.998401444325E-15,-1.,-9.992007221626E-16));
#1838 = ORIENTED_EDGE('',*,*,#1839,.F.);
#1839 = EDGE_CURVE('',#1840,#1832,#1842,.T.);
#1840 = VERTEX_POINT('',#1841);
#1841 = CARTESIAN_POINT('',(107.,4.026778910315E-14,40.3));
#1842 = LINE('',#1843,#1844);
#1843 = CARTESIAN_POINT('',(107.,1.71096470325E-13,40.3));
#1844 = VECTOR('',#1845,1.);
#1845 = DIRECTION('',(1.,8.881784197001E-16,1.887379141863E-15));
#1846 = ORIENTED_EDGE('',*,*,#1847,.F.);
#1847 = EDGE_CURVE('',#1714,#1840,#1848,.T.);
#1848 = LINE('',#1849,#1850);
#1849 = CARTESIAN_POINT('',(107.,206.,40.3));
#1850 = VECTOR('',#1851,1.);
#1851 = DIRECTION('',(-1.998401444325E-15,-1.,-9.992007221626E-16));
#1852 = PLANE('',#1853);
#1853 = AXIS2_PLACEMENT_3D('',#1854,#1855,#1856);
#1854 = CARTESIAN_POINT('',(107.,206.,40.3));
#1855 = DIRECTION('',(-7.771561172376E-16,-1.7763568394E-15,-1.));
#1856 = DIRECTION('',(-1.887379141863E-15,-1.,-8.881784197001E-16));
#1857 = ADVANCED_FACE('',(#1858,#1940,#1974,#2008),#2042,.F.);
#1858 = FACE_BOUND('',#1859,.F.);
#1859 = EDGE_LOOP('',(#1860,#1861,#1862,#1868,#1869,#1877,#1885,#1893,
    #1901,#1909,#1917,#1925,#1933,#1939));
#1860 = ORIENTED_EDGE('',*,*,#1721,.T.);
#1861 = ORIENTED_EDGE('',*,*,#1847,.T.);
#1862 = ORIENTED_EDGE('',*,*,#1863,.T.);
#1863 = EDGE_CURVE('',#1840,#1776,#1864,.T.);
#1864 = LINE('',#1865,#1866);
#1865 = CARTESIAN_POINT('',(107.,1.874500554777E-13,40.3));
#1866 = VECTOR('',#1867,1.);
#1867 = DIRECTION('',(-9.992007221626E-16,-1.998401444325E-15,-1.));
#1868 = ORIENTED_EDGE('',*,*,#1783,.T.);
#1869 = ORIENTED_EDGE('',*,*,#1870,.T.);
#1870 = EDGE_CURVE('',#1784,#1871,#1873,.T.);
#1871 = VERTEX_POINT('',#1872);
#1872 = CARTESIAN_POINT('',(107.,8.3,3.));
#1873 = LINE('',#1874,#1875);
#1874 = CARTESIAN_POINT('',(107.,8.3,11.575));
#1875 = VECTOR('',#1876,1.);
#1876 = DIRECTION('',(3.330669073876E-16,4.996003610813E-15,1.));
#1877 = ORIENTED_EDGE('',*,*,#1878,.T.);
#1878 = EDGE_CURVE('',#1871,#1879,#1881,.T.);
#1879 = VERTEX_POINT('',#1880);
#1880 = CARTESIAN_POINT('',(107.,137.,3.));
#1881 = LINE('',#1882,#1883);
#1882 = CARTESIAN_POINT('',(107.,120.,3.));
#1883 = VECTOR('',#1884,1.);
#1884 = DIRECTION('',(1.33226762955E-15,1.,6.661338147751E-16));
#1885 = ORIENTED_EDGE('',*,*,#1886,.T.);
#1886 = EDGE_CURVE('',#1879,#1887,#1889,.T.);
#1887 = VERTEX_POINT('',#1888);
#1888 = CARTESIAN_POINT('',(107.,137.,36.));
#1889 = LINE('',#1890,#1891);
#1890 = CARTESIAN_POINT('',(107.,137.,19.075));
#1891 = VECTOR('',#1892,1.);
#1892 = DIRECTION('',(1.110223024625E-16,1.110223024625E-15,1.));
#1893 = ORIENTED_EDGE('',*,*,#1894,.F.);
#1894 = EDGE_CURVE('',#1895,#1887,#1897,.T.);
#1895 = VERTEX_POINT('',#1896);
#1896 = CARTESIAN_POINT('',(107.,144.,36.));
#1897 = LINE('',#1898,#1899);
#1898 = CARTESIAN_POINT('',(107.,120.,36.));
#1899 = VECTOR('',#1900,1.);
#1900 = DIRECTION('',(-1.110223024625E-15,-1.,-3.330669073875E-16));
#1901 = ORIENTED_EDGE('',*,*,#1902,.F.);
#1902 = EDGE_CURVE('',#1903,#1895,#1905,.T.);
#1903 = VERTEX_POINT('',#1904);
#1904 = CARTESIAN_POINT('',(107.,144.,25.));
#1905 = LINE('',#1906,#1907);
#1906 = CARTESIAN_POINT('',(107.,144.,19.075));
#1907 = VECTOR('',#1908,1.);
#1908 = DIRECTION('',(1.110223024625E-16,1.110223024625E-15,1.));
#1909 = ORIENTED_EDGE('',*,*,#1910,.T.);
#1910 = EDGE_CURVE('',#1903,#1911,#1913,.T.);
#1911 = VERTEX_POINT('',#1912);
#1912 = CARTESIAN_POINT('',(107.,202.,25.));
#1913 = LINE('',#1914,#1915);
#1914 = CARTESIAN_POINT('',(107.,144.,25.));
#1915 = VECTOR('',#1916,1.);
#1916 = DIRECTION('',(9.992007221626E-16,1.,2.22044604925E-16));
#1917 = ORIENTED_EDGE('',*,*,#1918,.F.);
#1918 = EDGE_CURVE('',#1919,#1911,#1921,.T.);
#1919 = VERTEX_POINT('',#1920);
#1920 = CARTESIAN_POINT('',(107.,202.,15.));
#1921 = LINE('',#1922,#1923);
#1922 = CARTESIAN_POINT('',(107.,202.,20.075));
#1923 = VECTOR('',#1924,1.);
#1924 = DIRECTION('',(-1.110223024625E-16,8.881784197001E-16,1.));
#1925 = ORIENTED_EDGE('',*,*,#1926,.F.);
#1926 = EDGE_CURVE('',#1927,#1919,#1929,.T.);
#1927 = VERTEX_POINT('',#1928);
#1928 = CARTESIAN_POINT('',(107.,144.,15.));
#1929 = LINE('',#1930,#1931);
#1930 = CARTESIAN_POINT('',(107.,144.,15.));
#1931 = VECTOR('',#1932,1.);
#1932 = DIRECTION('',(9.992007221626E-16,1.,2.22044604925E-16));
#1933 = ORIENTED_EDGE('',*,*,#1934,.F.);
#1934 = EDGE_CURVE('',#1808,#1927,#1935,.T.);
#1935 = LINE('',#1936,#1937);
#1936 = CARTESIAN_POINT('',(107.,144.,19.075));
#1937 = VECTOR('',#1938,1.);
#1938 = DIRECTION('',(1.110223024625E-16,1.110223024625E-15,1.));
#1939 = ORIENTED_EDGE('',*,*,#1815,.T.);
#1940 = FACE_BOUND('',#1941,.F.);
#1941 = EDGE_LOOP('',(#1942,#1952,#1960,#1968));
#1942 = ORIENTED_EDGE('',*,*,#1943,.F.);
#1943 = EDGE_CURVE('',#1944,#1946,#1948,.T.);
#1944 = VERTEX_POINT('',#1945);
#1945 = CARTESIAN_POINT('',(107.,96.,10.));
#1946 = VERTEX_POINT('',#1947);
#1947 = CARTESIAN_POINT('',(107.,124.,10.));
#1948 = LINE('',#1949,#1950);
#1949 = CARTESIAN_POINT('',(107.,96.,10.));
#1950 = VECTOR('',#1951,1.);
#1951 = DIRECTION('',(2.22044604925E-16,1.,1.110223024625E-16));
#1952 = ORIENTED_EDGE('',*,*,#1953,.F.);
#1953 = EDGE_CURVE('',#1954,#1944,#1956,.T.);
#1954 = VERTEX_POINT('',#1955);
#1955 = CARTESIAN_POINT('',(107.,96.,30.));
#1956 = LINE('',#1957,#1958);
#1957 = CARTESIAN_POINT('',(107.,96.,30.));
#1958 = VECTOR('',#1959,1.);
#1959 = DIRECTION('',(-1.110223024625E-16,-2.22044604925E-16,-1.));
#1960 = ORIENTED_EDGE('',*,*,#1961,.F.);
#1961 = EDGE_CURVE('',#1962,#1954,#1964,.T.);
#1962 = VERTEX_POINT('',#1963);
#1963 = CARTESIAN_POINT('',(107.,124.,30.));
#1964 = LINE('',#1965,#1966);
#1965 = CARTESIAN_POINT('',(107.,124.,30.));
#1966 = VECTOR('',#1967,1.);
#1967 = DIRECTION('',(-2.22044604925E-16,-1.,-1.110223024625E-16));
#1968 = ORIENTED_EDGE('',*,*,#1969,.F.);
#1969 = EDGE_CURVE('',#1946,#1962,#1970,.T.);
#1970 = LINE('',#1971,#1972);
#1971 = CARTESIAN_POINT('',(107.,124.,10.));
#1972 = VECTOR('',#1973,1.);
#1973 = DIRECTION('',(1.110223024625E-16,2.22044604925E-16,1.));
#1974 = FACE_BOUND('',#1975,.F.);
#1975 = EDGE_LOOP('',(#1976,#1986,#1994,#2002));
#1976 = ORIENTED_EDGE('',*,*,#1977,.F.);
#1977 = EDGE_CURVE('',#1978,#1980,#1982,.T.);
#1978 = VERTEX_POINT('',#1979);
#1979 = CARTESIAN_POINT('',(107.,24.,10.));
#1980 = VERTEX_POINT('',#1981);
#1981 = CARTESIAN_POINT('',(107.,52.,10.));
#1982 = LINE('',#1983,#1984);
#1983 = CARTESIAN_POINT('',(107.,24.,10.));
#1984 = VECTOR('',#1985,1.);
#1985 = DIRECTION('',(2.22044604925E-16,1.,1.110223024625E-16));
#1986 = ORIENTED_EDGE('',*,*,#1987,.F.);
#1987 = EDGE_CURVE('',#1988,#1978,#1990,.T.);
#1988 = VERTEX_POINT('',#1989);
#1989 = CARTESIAN_POINT('',(107.,24.,30.));
#1990 = LINE('',#1991,#1992);
#1991 = CARTESIAN_POINT('',(107.,24.,30.));
#1992 = VECTOR('',#1993,1.);
#1993 = DIRECTION('',(-1.110223024625E-16,-2.22044604925E-16,-1.));
#1994 = ORIENTED_EDGE('',*,*,#1995,.F.);
#1995 = EDGE_CURVE('',#1996,#1988,#1998,.T.);
#1996 = VERTEX_POINT('',#1997);
#1997 = CARTESIAN_POINT('',(107.,52.,30.));
#1998 = LINE('',#1999,#2000);
#1999 = CARTESIAN_POINT('',(107.,52.,30.));
#2000 = VECTOR('',#2001,1.);
#2001 = DIRECTION('',(-2.22044604925E-16,-1.,-1.110223024625E-16));
#2002 = ORIENTED_EDGE('',*,*,#2003,.F.);
#2003 = EDGE_CURVE('',#1980,#1996,#2004,.T.);
#2004 = LINE('',#2005,#2006);
#2005 = CARTESIAN_POINT('',(107.,52.,10.));
#2006 = VECTOR('',#2007,1.);
#2007 = DIRECTION('',(1.110223024625E-16,2.22044604925E-16,1.));
#2008 = FACE_BOUND('',#2009,.F.);
#2009 = EDGE_LOOP('',(#2010,#2020,#2028,#2036));
#2010 = ORIENTED_EDGE('',*,*,#2011,.F.);
#2011 = EDGE_CURVE('',#2012,#2014,#2016,.T.);
#2012 = VERTEX_POINT('',#2013);
#2013 = CARTESIAN_POINT('',(107.,60.,10.));
#2014 = VERTEX_POINT('',#2015);
#2015 = CARTESIAN_POINT('',(107.,88.,10.));
#2016 = LINE('',#2017,#2018);
#2017 = CARTESIAN_POINT('',(107.,60.,10.));
#2018 = VECTOR('',#2019,1.);
#2019 = DIRECTION('',(2.22044604925E-16,1.,1.110223024625E-16));
#2020 = ORIENTED_EDGE('',*,*,#2021,.F.);
#2021 = EDGE_CURVE('',#2022,#2012,#2024,.T.);
#2022 = VERTEX_POINT('',#2023);
#2023 = CARTESIAN_POINT('',(107.,60.,30.));
#2024 = LINE('',#2025,#2026);
#2025 = CARTESIAN_POINT('',(107.,60.,30.));
#2026 = VECTOR('',#2027,1.);
#2027 = DIRECTION('',(-1.110223024625E-16,-2.22044604925E-16,-1.));
#2028 = ORIENTED_EDGE('',*,*,#2029,.F.);
#2029 = EDGE_CURVE('',#2030,#2022,#2032,.T.);
#2030 = VERTEX_POINT('',#2031);
#2031 = CARTESIAN_POINT('',(107.,88.,30.));
#2032 = LINE('',#2033,#2034);
#2033 = CARTESIAN_POINT('',(107.,88.,30.));
#2034 = VECTOR('',#2035,1.);
#2035 = DIRECTION('',(-2.22044604925E-16,-1.,-1.110223024625E-16));
#2036 = ORIENTED_EDGE('',*,*,#2037,.F.);
#2037 = EDGE_CURVE('',#2014,#2030,#2038,.T.);
#2038 = LINE('',#2039,#2040);
#2039 = CARTESIAN_POINT('',(107.,88.,10.));
#2040 = VECTOR('',#2041,1.);
#2041 = DIRECTION('',(1.110223024625E-16,2.22044604925E-16,1.));
#2042 = PLANE('',#2043);
#2043 = AXIS2_PLACEMENT_3D('',#2044,#2045,#2046);
#2044 = CARTESIAN_POINT('',(107.,103.,20.15));
#2045 = DIRECTION('',(1.,9.992007221626E-16,1.998401444325E-15));
#2046 = DIRECTION('',(9.992007221626E-16,1.998401444325E-15,1.));
#2047 = ADVANCED_FACE('',(#2048,#2059,#2093,#2127),#2161,.T.);
#2048 = FACE_BOUND('',#2049,.T.);
#2049 = EDGE_LOOP('',(#2050,#2051,#2057,#2058));
#2050 = ORIENTED_EDGE('',*,*,#1831,.T.);
#2051 = ORIENTED_EDGE('',*,*,#2052,.T.);
#2052 = EDGE_CURVE('',#1832,#1736,#2053,.T.);
#2053 = LINE('',#2054,#2055);
#2054 = CARTESIAN_POINT('',(110.2,1.874500554777E-13,40.3));
#2055 = VECTOR('',#2056,1.);
#2056 = DIRECTION('',(-9.992007221626E-16,-1.998401444325E-15,-1.));
#2057 = ORIENTED_EDGE('',*,*,#1735,.T.);
#2058 = ORIENTED_EDGE('',*,*,#1705,.T.);
#2059 = FACE_BOUND('',#2060,.T.);
#2060 = EDGE_LOOP('',(#2061,#2071,#2079,#2087));
#2061 = ORIENTED_EDGE('',*,*,#2062,.F.);
#2062 = EDGE_CURVE('',#2063,#2065,#2067,.T.);
#2063 = VERTEX_POINT('',#2064);
#2064 = CARTESIAN_POINT('',(110.2,24.,10.));
#2065 = VERTEX_POINT('',#2066);
#2066 = CARTESIAN_POINT('',(110.2,52.,10.));
#2067 = LINE('',#2068,#2069);
#2068 = CARTESIAN_POINT('',(110.2,24.,10.));
#2069 = VECTOR('',#2070,1.);
#2070 = DIRECTION('',(2.22044604925E-16,1.,1.110223024625E-16));
#2071 = ORIENTED_EDGE('',*,*,#2072,.F.);
#2072 = EDGE_CURVE('',#2073,#2063,#2075,.T.);
#2073 = VERTEX_POINT('',#2074);
#2074 = CARTESIAN_POINT('',(110.2,24.,30.));
#2075 = LINE('',#2076,#2077);
#2076 = CARTESIAN_POINT('',(110.2,24.,30.));
#2077 = VECTOR('',#2078,1.);
#2078 = DIRECTION('',(-1.110223024625E-16,-2.22044604925E-16,-1.));
#2079 = ORIENTED_EDGE('',*,*,#2080,.F.);
#2080 = EDGE_CURVE('',#2081,#2073,#2083,.T.);
#2081 = VERTEX_POINT('',#2082);
#2082 = CARTESIAN_POINT('',(110.2,52.,30.));
#2083 = LINE('',#2084,#2085);
#2084 = CARTESIAN_POINT('',(110.2,52.,30.));
#2085 = VECTOR('',#2086,1.);
#2086 = DIRECTION('',(-2.22044604925E-16,-1.,-1.110223024625E-16));
#2087 = ORIENTED_EDGE('',*,*,#2088,.F.);
#2088 = EDGE_CURVE('',#2065,#2081,#2089,.T.);
#2089 = LINE('',#2090,#2091);
#2090 = CARTESIAN_POINT('',(110.2,52.,10.));
#2091 = VECTOR('',#2092,1.);
#2092 = DIRECTION('',(1.110223024625E-16,2.22044604925E-16,1.));
#2093 = FACE_BOUND('',#2094,.T.);
#2094 = EDGE_LOOP('',(#2095,#2105,#2113,#2121));
#2095 = ORIENTED_EDGE('',*,*,#2096,.F.);
#2096 = EDGE_CURVE('',#2097,#2099,#2101,.T.);
#2097 = VERTEX_POINT('',#2098);
#2098 = CARTESIAN_POINT('',(110.2,60.,10.));
#2099 = VERTEX_POINT('',#2100);
#2100 = CARTESIAN_POINT('',(110.2,88.,10.));
#2101 = LINE('',#2102,#2103);
#2102 = CARTESIAN_POINT('',(110.2,60.,10.));
#2103 = VECTOR('',#2104,1.);
#2104 = DIRECTION('',(2.22044604925E-16,1.,1.110223024625E-16));
#2105 = ORIENTED_EDGE('',*,*,#2106,.F.);
#2106 = EDGE_CURVE('',#2107,#2097,#2109,.T.);
#2107 = VERTEX_POINT('',#2108);
#2108 = CARTESIAN_POINT('',(110.2,60.,30.));
#2109 = LINE('',#2110,#2111);
#2110 = CARTESIAN_POINT('',(110.2,60.,30.));
#2111 = VECTOR('',#2112,1.);
#2112 = DIRECTION('',(-1.110223024625E-16,-2.22044604925E-16,-1.));
#2113 = ORIENTED_EDGE('',*,*,#2114,.F.);
#2114 = EDGE_CURVE('',#2115,#2107,#2117,.T.);
#2115 = VERTEX_POINT('',#2116);
#2116 = CARTESIAN_POINT('',(110.2,88.,30.));
#2117 = LINE('',#2118,#2119);
#2118 = CARTESIAN_POINT('',(110.2,88.,30.));
#2119 = VECTOR('',#2120,1.);
#2120 = DIRECTION('',(-2.22044604925E-16,-1.,-1.110223024625E-16));
#2121 = ORIENTED_EDGE('',*,*,#2122,.F.);
#2122 = EDGE_CURVE('',#2099,#2115,#2123,.T.);
#2123 = LINE('',#2124,#2125);
#2124 = CARTESIAN_POINT('',(110.2,88.,10.));
#2125 = VECTOR('',#2126,1.);
#2126 = DIRECTION('',(1.110223024625E-16,2.22044604925E-16,1.));
#2127 = FACE_BOUND('',#2128,.T.);
#2128 = EDGE_LOOP('',(#2129,#2139,#2147,#2155));
#2129 = ORIENTED_EDGE('',*,*,#2130,.F.);
#2130 = EDGE_CURVE('',#2131,#2133,#2135,.T.);
#2131 = VERTEX_POINT('',#2132);
#2132 = CARTESIAN_POINT('',(110.2,96.,10.));
#2133 = VERTEX_POINT('',#2134);
#2134 = CARTESIAN_POINT('',(110.2,124.,10.));
#2135 = LINE('',#2136,#2137);
#2136 = CARTESIAN_POINT('',(110.2,96.,10.));
#2137 = VECTOR('',#2138,1.);
#2138 = DIRECTION('',(2.22044604925E-16,1.,1.110223024625E-16));
#2139 = ORIENTED_EDGE('',*,*,#2140,.F.);
#2140 = EDGE_CURVE('',#2141,#2131,#2143,.T.);
#2141 = VERTEX_POINT('',#2142);
#2142 = CARTESIAN_POINT('',(110.2,96.,30.));
#2143 = LINE('',#2144,#2145);
#2144 = CARTESIAN_POINT('',(110.2,96.,30.));
#2145 = VECTOR('',#2146,1.);
#2146 = DIRECTION('',(-1.110223024625E-16,-2.22044604925E-16,-1.));
#2147 = ORIENTED_EDGE('',*,*,#2148,.F.);
#2148 = EDGE_CURVE('',#2149,#2141,#2151,.T.);
#2149 = VERTEX_POINT('',#2150);
#2150 = CARTESIAN_POINT('',(110.2,124.,30.));
#2151 = LINE('',#2152,#2153);
#2152 = CARTESIAN_POINT('',(110.2,124.,30.));
#2153 = VECTOR('',#2154,1.);
#2154 = DIRECTION('',(-2.22044604925E-16,-1.,-1.110223024625E-16));
#2155 = ORIENTED_EDGE('',*,*,#2156,.F.);
#2156 = EDGE_CURVE('',#2133,#2149,#2157,.T.);
#2157 = LINE('',#2158,#2159);
#2158 = CARTESIAN_POINT('',(110.2,124.,10.));
#2159 = VECTOR('',#2160,1.);
#2160 = DIRECTION('',(1.110223024625E-16,2.22044604925E-16,1.));
#2161 = PLANE('',#2162);
#2162 = AXIS2_PLACEMENT_3D('',#2163,#2164,#2165);
#2163 = CARTESIAN_POINT('',(110.2,103.,20.15));
#2164 = DIRECTION('',(1.,1.113569392124E-16,8.046901994512E-16));
#2165 = DIRECTION('',(1.553977597725E-15,1.,5.551115123126E-16));
#2166 = ADVANCED_FACE('',(#2167,#2212,#2223,#2234,#2270,#2306),#2342,.T.
  );
#2167 = FACE_BOUND('',#2168,.T.);
#2168 = EDGE_LOOP('',(#2169,#2170,#2178,#2186,#2194,#2202,#2208,#2209,
    #2210,#2211));
#2169 = ORIENTED_EDGE('',*,*,#1775,.F.);
#2170 = ORIENTED_EDGE('',*,*,#2171,.F.);
#2171 = EDGE_CURVE('',#2172,#1768,#2174,.T.);
#2172 = VERTEX_POINT('',#2173);
#2173 = CARTESIAN_POINT('',(94.,4.934941344459E-14,44.45));
#2174 = LINE('',#2175,#2176);
#2175 = CARTESIAN_POINT('',(94.,2.6735280656E-13,44.45));
#2176 = VECTOR('',#2177,1.);
#2177 = DIRECTION('',(-8.881784197001E-16,-1.998401444325E-15,-1.));
#2178 = ORIENTED_EDGE('',*,*,#2179,.F.);
#2179 = EDGE_CURVE('',#2180,#2172,#2182,.T.);
#2180 = VERTEX_POINT('',#2181);
#2181 = CARTESIAN_POINT('',(123.,4.934941344459E-14,44.45));
#2182 = LINE('',#2183,#2184);
#2183 = CARTESIAN_POINT('',(123.,2.931099807313E-13,44.45));
#2184 = VECTOR('',#2185,1.);
#2185 = DIRECTION('',(-1.,-8.881784197001E-16,-1.7763568394E-15));
#2186 = ORIENTED_EDGE('',*,*,#2187,.F.);
#2187 = EDGE_CURVE('',#2188,#2180,#2190,.T.);
#2188 = VERTEX_POINT('',#2189);
#2189 = CARTESIAN_POINT('',(127.,4.490852134609E-14,40.45));
#2190 = LINE('',#2191,#2192);
#2191 = CARTESIAN_POINT('',(127.,2.886690886328E-13,40.45));
#2192 = VECTOR('',#2193,1.);
#2193 = DIRECTION('',(-0.707106781187,7.850462293419E-16,0.707106781187)
  );
#2194 = ORIENTED_EDGE('',*,*,#2195,.F.);
#2195 = EDGE_CURVE('',#2196,#2188,#2198,.T.);
#2196 = VERTEX_POINT('',#2197);
#2197 = CARTESIAN_POINT('',(127.,4.440892098501E-15,4.));
#2198 = LINE('',#2199,#2200);
#2199 = CARTESIAN_POINT('',(127.,2.158273559871E-13,4.));
#2200 = VECTOR('',#2201,1.);
#2201 = DIRECTION('',(8.881784197001E-16,1.998401444325E-15,1.));
#2202 = ORIENTED_EDGE('',*,*,#2203,.F.);
#2203 = EDGE_CURVE('',#1744,#2196,#2204,.T.);
#2204 = LINE('',#2205,#2206);
#2205 = CARTESIAN_POINT('',(123.,2.04281036531E-13,-7.105427357601E-14)
  );
#2206 = VECTOR('',#2207,1.);
#2207 = DIRECTION('',(0.707106781187,2.041120196289E-15,0.707106781187)
  );
#2208 = ORIENTED_EDGE('',*,*,#1743,.F.);
#2209 = ORIENTED_EDGE('',*,*,#2052,.F.);
#2210 = ORIENTED_EDGE('',*,*,#1839,.F.);
#2211 = ORIENTED_EDGE('',*,*,#1863,.T.);
#2212 = FACE_BOUND('',#2213,.T.);
#2213 = EDGE_LOOP('',(#2214));
#2214 = ORIENTED_EDGE('',*,*,#2215,.T.);
#2215 = EDGE_CURVE('',#2216,#2216,#2218,.T.);
#2216 = VERTEX_POINT('',#2217);
#2217 = CARTESIAN_POINT('',(103.2,7.932543510947E-15,14.29));
#2218 = CIRCLE('',#2219,3.2);
#2219 = AXIS2_PLACEMENT_3D('',#2220,#2221,#2222);
#2220 = CARTESIAN_POINT('',(100.,8.163691944674E-14,14.29));
#2221 = DIRECTION('',(3.330669073875E-16,-1.,8.881784197001E-16));
#2222 = DIRECTION('',(1.,3.330669073875E-16,6.661338147751E-16));
#2223 = FACE_BOUND('',#2224,.T.);
#2224 = EDGE_LOOP('',(#2225));
#2225 = ORIENTED_EDGE('',*,*,#2226,.T.);
#2226 = EDGE_CURVE('',#2227,#2227,#2229,.T.);
#2227 = VERTEX_POINT('',#2228);
#2228 = CARTESIAN_POINT('',(103.2,1.674216321135E-14,30.16));
#2229 = CIRCLE('',#2230,3.2);
#2230 = AXIS2_PLACEMENT_3D('',#2231,#2232,#2233);
#2231 = CARTESIAN_POINT('',(100.,9.573231096738E-14,30.16));
#2232 = DIRECTION('',(3.330669073875E-16,-1.,8.881784197001E-16));
#2233 = DIRECTION('',(1.,3.330669073875E-16,6.661338147751E-16));
#2234 = FACE_BOUND('',#2235,.T.);
#2235 = EDGE_LOOP('',(#2236,#2247,#2255,#2264));
#2236 = ORIENTED_EDGE('',*,*,#2237,.T.);
#2237 = EDGE_CURVE('',#2238,#2240,#2242,.T.);
#2238 = VERTEX_POINT('',#2239);
#2239 = CARTESIAN_POINT('',(116.0625,6.42819131258E-15,9.65));
#2240 = VERTEX_POINT('',#2241);
#2241 = CARTESIAN_POINT('',(116.0625,2.031708135064E-15,3.05));
#2242 = CIRCLE('',#2243,3.3);
#2243 = AXIS2_PLACEMENT_3D('',#2244,#2245,#2246);
#2244 = CARTESIAN_POINT('',(116.0625,1.061095655785E-13,6.35));
#2245 = DIRECTION('',(4.440892098501E-16,-1.,1.110223024625E-15));
#2246 = DIRECTION('',(1.,4.440892098501E-16,8.881784197001E-16));
#2247 = ORIENTED_EDGE('',*,*,#2248,.T.);
#2248 = EDGE_CURVE('',#2240,#2249,#2251,.T.);
#2249 = VERTEX_POINT('',#2250);
#2250 = CARTESIAN_POINT('',(120.4625,2.031708135064E-15,3.05));
#2251 = LINE('',#2252,#2253);
#2252 = CARTESIAN_POINT('',(116.0625,1.024458295973E-13,3.05));
#2253 = VECTOR('',#2254,1.);
#2254 = DIRECTION('',(1.,4.440892098501E-16,8.881784197001E-16));
#2255 = ORIENTED_EDGE('',*,*,#2256,.T.);
#2256 = EDGE_CURVE('',#2249,#2257,#2259,.T.);
#2257 = VERTEX_POINT('',#2258);
#2258 = CARTESIAN_POINT('',(120.4625,6.42819131258E-15,9.65));
#2259 = CIRCLE('',#2260,3.3);
#2260 = AXIS2_PLACEMENT_3D('',#2261,#2262,#2263);
#2261 = CARTESIAN_POINT('',(120.4625,1.080635581019E-13,6.35));
#2262 = DIRECTION('',(4.440892098501E-16,-1.,1.110223024625E-15));
#2263 = DIRECTION('',(1.,4.440892098501E-16,8.881784197001E-16));
#2264 = ORIENTED_EDGE('',*,*,#2265,.T.);
#2265 = EDGE_CURVE('',#2257,#2238,#2266,.T.);
#2266 = LINE('',#2267,#2268);
#2267 = CARTESIAN_POINT('',(120.4625,1.117272940832E-13,9.65));
#2268 = VECTOR('',#2269,1.);
#2269 = DIRECTION('',(-1.,-4.440892098501E-16,-8.881784197001E-16));
#2270 = FACE_BOUND('',#2271,.T.);
#2271 = EDGE_LOOP('',(#2272,#2283,#2291,#2300));
#2272 = ORIENTED_EDGE('',*,*,#2273,.T.);
#2273 = EDGE_CURVE('',#2274,#2276,#2278,.T.);
#2274 = VERTEX_POINT('',#2275);
#2275 = CARTESIAN_POINT('',(116.0625,1.700306562213E-14,25.525));
#2276 = VERTEX_POINT('',#2277);
#2277 = CARTESIAN_POINT('',(116.0625,1.260658244462E-14,18.925));
#2278 = CIRCLE('',#2279,3.3);
#2279 = AXIS2_PLACEMENT_3D('',#2280,#2281,#2282);
#2280 = CARTESIAN_POINT('',(116.0625,1.237343560945E-13,22.225));
#2281 = DIRECTION('',(4.440892098501E-16,-1.,1.110223024625E-15));
#2282 = DIRECTION('',(1.,4.440892098501E-16,8.881784197001E-16));
#2283 = ORIENTED_EDGE('',*,*,#2284,.T.);
#2284 = EDGE_CURVE('',#2276,#2285,#2287,.T.);
#2285 = VERTEX_POINT('',#2286);
#2286 = CARTESIAN_POINT('',(120.4625,1.260658244462E-14,18.925));
#2287 = LINE('',#2288,#2289);
#2288 = CARTESIAN_POINT('',(116.0625,1.200706201132E-13,18.925));
#2289 = VECTOR('',#2290,1.);
#2290 = DIRECTION('',(1.,4.440892098501E-16,8.881784197001E-16));
#2291 = ORIENTED_EDGE('',*,*,#2292,.T.);
#2292 = EDGE_CURVE('',#2285,#2293,#2295,.T.);
#2293 = VERTEX_POINT('',#2294);
#2294 = CARTESIAN_POINT('',(120.4625,1.700306562213E-14,25.525));
#2295 = CIRCLE('',#2296,3.3);
#2296 = AXIS2_PLACEMENT_3D('',#2297,#2298,#2299);
#2297 = CARTESIAN_POINT('',(120.4625,1.256883486178E-13,22.225));
#2298 = DIRECTION('',(4.440892098501E-16,-1.,1.110223024625E-15));
#2299 = DIRECTION('',(1.,4.440892098501E-16,8.881784197001E-16));
#2300 = ORIENTED_EDGE('',*,*,#2301,.T.);
#2301 = EDGE_CURVE('',#2293,#2274,#2302,.T.);
#2302 = LINE('',#2303,#2304);
#2303 = CARTESIAN_POINT('',(120.4625,1.293520845991E-13,25.525));
#2304 = VECTOR('',#2305,1.);
#2305 = DIRECTION('',(-1.,-4.440892098501E-16,-8.881784197001E-16));
#2306 = FACE_BOUND('',#2307,.T.);
#2307 = EDGE_LOOP('',(#2308,#2319,#2327,#2336));
#2308 = ORIENTED_EDGE('',*,*,#2309,.T.);
#2309 = EDGE_CURVE('',#2310,#2312,#2314,.T.);
#2310 = VERTEX_POINT('',#2311);
#2311 = CARTESIAN_POINT('',(116.0625,2.757793993169E-14,41.4));
#2312 = VERTEX_POINT('',#2313);
#2313 = CARTESIAN_POINT('',(116.0625,2.318145675417E-14,34.8));
#2314 = CIRCLE('',#2315,3.3);
#2315 = AXIS2_PLACEMENT_3D('',#2316,#2317,#2318);
#2316 = CARTESIAN_POINT('',(116.0625,1.413591466104E-13,38.1));
#2317 = DIRECTION('',(4.440892098501E-16,-1.,1.110223024625E-15));
#2318 = DIRECTION('',(1.,4.440892098501E-16,8.881784197001E-16));
#2319 = ORIENTED_EDGE('',*,*,#2320,.T.);
#2320 = EDGE_CURVE('',#2312,#2321,#2323,.T.);
#2321 = VERTEX_POINT('',#2322);
#2322 = CARTESIAN_POINT('',(120.4625,2.318145675417E-14,34.8));
#2323 = LINE('',#2324,#2325);
#2324 = CARTESIAN_POINT('',(116.0625,1.376954106291E-13,34.8));
#2325 = VECTOR('',#2326,1.);
#2326 = DIRECTION('',(1.,4.440892098501E-16,8.881784197001E-16));
#2327 = ORIENTED_EDGE('',*,*,#2328,.T.);
#2328 = EDGE_CURVE('',#2321,#2329,#2331,.T.);
#2329 = VERTEX_POINT('',#2330);
#2330 = CARTESIAN_POINT('',(120.4625,2.757793993169E-14,41.4));
#2331 = CIRCLE('',#2332,3.3);
#2332 = AXIS2_PLACEMENT_3D('',#2333,#2334,#2335);
#2333 = CARTESIAN_POINT('',(120.4625,1.433131391337E-13,38.1));
#2334 = DIRECTION('',(4.440892098501E-16,-1.,1.110223024625E-15));
#2335 = DIRECTION('',(1.,4.440892098501E-16,8.881784197001E-16));
#2336 = ORIENTED_EDGE('',*,*,#2337,.T.);
#2337 = EDGE_CURVE('',#2329,#2310,#2338,.T.);
#2338 = LINE('',#2339,#2340);
#2339 = CARTESIAN_POINT('',(120.4625,1.46976875115E-13,41.4));
#2340 = VECTOR('',#2341,1.);
#2341 = DIRECTION('',(-1.,-4.440892098501E-16,-8.881784197001E-16));
#2342 = PLANE('',#2343);
#2343 = AXIS2_PLACEMENT_3D('',#2344,#2345,#2346);
#2344 = CARTESIAN_POINT('',(109.94112140227,2.370968944752E-13,22.225));
#2345 = DIRECTION('',(1.7763568394E-15,1.,8.881784197001E-16));
#2346 = DIRECTION('',(8.881784197001E-16,1.7763568394E-15,1.));
#2347 = ADVANCED_FACE('',(#2348),#2366,.F.);
#2348 = FACE_BOUND('',#2349,.F.);
#2349 = EDGE_LOOP('',(#2350,#2351,#2359,#2365));
#2350 = ORIENTED_EDGE('',*,*,#1751,.T.);
#2351 = ORIENTED_EDGE('',*,*,#2352,.T.);
#2352 = EDGE_CURVE('',#1752,#2353,#2355,.T.);
#2353 = VERTEX_POINT('',#2354);
#2354 = CARTESIAN_POINT('',(127.,-6.5,4.));
#2355 = LINE('',#2356,#2357);
#2356 = CARTESIAN_POINT('',(123.,-6.5,-7.105427357601E-14));
#2357 = VECTOR('',#2358,1.);
#2358 = DIRECTION('',(0.707106781187,2.041120196289E-15,0.707106781187)
  );
#2359 = ORIENTED_EDGE('',*,*,#2360,.F.);
#2360 = EDGE_CURVE('',#2196,#2353,#2361,.T.);
#2361 = LINE('',#2362,#2363);
#2362 = CARTESIAN_POINT('',(127.,1.062483434566E-13,4.));
#2363 = VECTOR('',#2364,1.);
#2364 = DIRECTION('',(-1.665334536938E-15,-1.,-5.551115123126E-16));
#2365 = ORIENTED_EDGE('',*,*,#2203,.F.);
#2366 = PLANE('',#2367);
#2367 = AXIS2_PLACEMENT_3D('',#2368,#2369,#2370);
#2368 = CARTESIAN_POINT('',(123.,9.559020242023E-14,1.098010571354E-13)
  );
#2369 = DIRECTION('',(-0.707106781187,7.850462293419E-16,0.707106781187)
  );
#2370 = DIRECTION('',(0.707106781187,1.884110950421E-15,0.707106781187)
  );
#2371 = ADVANCED_FACE('',(#2372,#2406,#2417,#2428,#2464,#2500),#2536,.F.
  );
#2372 = FACE_BOUND('',#2373,.F.);
#2373 = EDGE_LOOP('',(#2374,#2375,#2383,#2391,#2399,#2405));
#2374 = ORIENTED_EDGE('',*,*,#1759,.F.);
#2375 = ORIENTED_EDGE('',*,*,#2376,.F.);
#2376 = EDGE_CURVE('',#2377,#1760,#2379,.T.);
#2377 = VERTEX_POINT('',#2378);
#2378 = CARTESIAN_POINT('',(94.,-6.5,44.45));
#2379 = LINE('',#2380,#2381);
#2380 = CARTESIAN_POINT('',(94.,-6.5,44.45));
#2381 = VECTOR('',#2382,1.);
#2382 = DIRECTION('',(-8.881784197001E-16,-1.998401444325E-15,-1.));
#2383 = ORIENTED_EDGE('',*,*,#2384,.F.);
#2384 = EDGE_CURVE('',#2385,#2377,#2387,.T.);
#2385 = VERTEX_POINT('',#2386);
#2386 = CARTESIAN_POINT('',(123.,-6.5,44.45));
#2387 = LINE('',#2388,#2389);
#2388 = CARTESIAN_POINT('',(123.,-6.5,44.45));
#2389 = VECTOR('',#2390,1.);
#2390 = DIRECTION('',(-1.,-8.881784197001E-16,-1.7763568394E-15));
#2391 = ORIENTED_EDGE('',*,*,#2392,.F.);
#2392 = EDGE_CURVE('',#2393,#2385,#2395,.T.);
#2393 = VERTEX_POINT('',#2394);
#2394 = CARTESIAN_POINT('',(127.,-6.5,40.45));
#2395 = LINE('',#2396,#2397);
#2396 = CARTESIAN_POINT('',(127.,-6.5,40.45));
#2397 = VECTOR('',#2398,1.);
#2398 = DIRECTION('',(-0.707106781187,7.850462293419E-16,0.707106781187)
  );
#2399 = ORIENTED_EDGE('',*,*,#2400,.F.);
#2400 = EDGE_CURVE('',#2353,#2393,#2401,.T.);
#2401 = LINE('',#2402,#2403);
#2402 = CARTESIAN_POINT('',(127.,-6.5,4.));
#2403 = VECTOR('',#2404,1.);
#2404 = DIRECTION('',(8.881784197001E-16,1.998401444325E-15,1.));
#2405 = ORIENTED_EDGE('',*,*,#2352,.F.);
#2406 = FACE_BOUND('',#2407,.F.);
#2407 = EDGE_LOOP('',(#2408));
#2408 = ORIENTED_EDGE('',*,*,#2409,.T.);
#2409 = EDGE_CURVE('',#2410,#2410,#2412,.T.);
#2410 = VERTEX_POINT('',#2411);
#2411 = CARTESIAN_POINT('',(105.5,-6.5,14.29));
#2412 = CIRCLE('',#2413,5.5);
#2413 = AXIS2_PLACEMENT_3D('',#2414,#2415,#2416);
#2414 = CARTESIAN_POINT('',(100.,-6.5,14.29));
#2415 = DIRECTION('',(2.22044604925E-16,-1.,6.661338147751E-16));
#2416 = DIRECTION('',(1.,2.22044604925E-16,4.440892098501E-16));
#2417 = FACE_BOUND('',#2418,.F.);
#2418 = EDGE_LOOP('',(#2419));
#2419 = ORIENTED_EDGE('',*,*,#2420,.T.);
#2420 = EDGE_CURVE('',#2421,#2421,#2423,.T.);
#2421 = VERTEX_POINT('',#2422);
#2422 = CARTESIAN_POINT('',(105.5,-6.5,30.16));
#2423 = CIRCLE('',#2424,5.5);
#2424 = AXIS2_PLACEMENT_3D('',#2425,#2426,#2427);
#2425 = CARTESIAN_POINT('',(100.,-6.5,30.16));
#2426 = DIRECTION('',(2.22044604925E-16,-1.,6.661338147751E-16));
#2427 = DIRECTION('',(1.,2.22044604925E-16,4.440892098501E-16));
#2428 = FACE_BOUND('',#2429,.F.);
#2429 = EDGE_LOOP('',(#2430,#2441,#2449,#2458));
#2430 = ORIENTED_EDGE('',*,*,#2431,.T.);
#2431 = EDGE_CURVE('',#2432,#2434,#2436,.T.);
#2432 = VERTEX_POINT('',#2433);
#2433 = CARTESIAN_POINT('',(116.0625,-6.5,9.65));
#2434 = VERTEX_POINT('',#2435);
#2435 = CARTESIAN_POINT('',(116.0625,-6.5,3.05));
#2436 = CIRCLE('',#2437,3.3);
#2437 = AXIS2_PLACEMENT_3D('',#2438,#2439,#2440);
#2438 = CARTESIAN_POINT('',(116.0625,-6.5,6.35));
#2439 = DIRECTION('',(4.440892098501E-16,-1.,1.110223024625E-15));
#2440 = DIRECTION('',(1.,4.440892098501E-16,8.881784197001E-16));
#2441 = ORIENTED_EDGE('',*,*,#2442,.T.);
#2442 = EDGE_CURVE('',#2434,#2443,#2445,.T.);
#2443 = VERTEX_POINT('',#2444);
#2444 = CARTESIAN_POINT('',(120.4625,-6.5,3.05));
#2445 = LINE('',#2446,#2447);
#2446 = CARTESIAN_POINT('',(116.0625,-6.5,3.05));
#2447 = VECTOR('',#2448,1.);
#2448 = DIRECTION('',(1.,4.440892098501E-16,8.881784197001E-16));
#2449 = ORIENTED_EDGE('',*,*,#2450,.T.);
#2450 = EDGE_CURVE('',#2443,#2451,#2453,.T.);
#2451 = VERTEX_POINT('',#2452);
#2452 = CARTESIAN_POINT('',(120.4625,-6.5,9.65));
#2453 = CIRCLE('',#2454,3.3);
#2454 = AXIS2_PLACEMENT_3D('',#2455,#2456,#2457);
#2455 = CARTESIAN_POINT('',(120.4625,-6.5,6.35));
#2456 = DIRECTION('',(4.440892098501E-16,-1.,1.110223024625E-15));
#2457 = DIRECTION('',(1.,4.440892098501E-16,8.881784197001E-16));
#2458 = ORIENTED_EDGE('',*,*,#2459,.T.);
#2459 = EDGE_CURVE('',#2451,#2432,#2460,.T.);
#2460 = LINE('',#2461,#2462);
#2461 = CARTESIAN_POINT('',(120.4625,-6.5,9.65));
#2462 = VECTOR('',#2463,1.);
#2463 = DIRECTION('',(-1.,-4.440892098501E-16,-8.881784197001E-16));
#2464 = FACE_BOUND('',#2465,.F.);
#2465 = EDGE_LOOP('',(#2466,#2477,#2485,#2494));
#2466 = ORIENTED_EDGE('',*,*,#2467,.T.);
#2467 = EDGE_CURVE('',#2468,#2470,#2472,.T.);
#2468 = VERTEX_POINT('',#2469);
#2469 = CARTESIAN_POINT('',(116.0625,-6.5,25.525));
#2470 = VERTEX_POINT('',#2471);
#2471 = CARTESIAN_POINT('',(116.0625,-6.5,18.925));
#2472 = CIRCLE('',#2473,3.3);
#2473 = AXIS2_PLACEMENT_3D('',#2474,#2475,#2476);
#2474 = CARTESIAN_POINT('',(116.0625,-6.5,22.225));
#2475 = DIRECTION('',(4.440892098501E-16,-1.,1.110223024625E-15));
#2476 = DIRECTION('',(1.,4.440892098501E-16,8.881784197001E-16));
#2477 = ORIENTED_EDGE('',*,*,#2478,.T.);
#2478 = EDGE_CURVE('',#2470,#2479,#2481,.T.);
#2479 = VERTEX_POINT('',#2480);
#2480 = CARTESIAN_POINT('',(120.4625,-6.5,18.925));
#2481 = LINE('',#2482,#2483);
#2482 = CARTESIAN_POINT('',(116.0625,-6.5,18.925));
#2483 = VECTOR('',#2484,1.);
#2484 = DIRECTION('',(1.,4.440892098501E-16,8.881784197001E-16));
#2485 = ORIENTED_EDGE('',*,*,#2486,.T.);
#2486 = EDGE_CURVE('',#2479,#2487,#2489,.T.);
#2487 = VERTEX_POINT('',#2488);
#2488 = CARTESIAN_POINT('',(120.4625,-6.5,25.525));
#2489 = CIRCLE('',#2490,3.3);
#2490 = AXIS2_PLACEMENT_3D('',#2491,#2492,#2493);
#2491 = CARTESIAN_POINT('',(120.4625,-6.5,22.225));
#2492 = DIRECTION('',(4.440892098501E-16,-1.,1.110223024625E-15));
#2493 = DIRECTION('',(1.,4.440892098501E-16,8.881784197001E-16));
#2494 = ORIENTED_EDGE('',*,*,#2495,.T.);
#2495 = EDGE_CURVE('',#2487,#2468,#2496,.T.);
#2496 = LINE('',#2497,#2498);
#2497 = CARTESIAN_POINT('',(120.4625,-6.5,25.525));
#2498 = VECTOR('',#2499,1.);
#2499 = DIRECTION('',(-1.,-4.440892098501E-16,-8.881784197001E-16));
#2500 = FACE_BOUND('',#2501,.F.);
#2501 = EDGE_LOOP('',(#2502,#2513,#2521,#2530));
#2502 = ORIENTED_EDGE('',*,*,#2503,.T.);
#2503 = EDGE_CURVE('',#2504,#2506,#2508,.T.);
#2504 = VERTEX_POINT('',#2505);
#2505 = CARTESIAN_POINT('',(116.0625,-6.5,41.4));
#2506 = VERTEX_POINT('',#2507);
#2507 = CARTESIAN_POINT('',(116.0625,-6.5,34.8));
#2508 = CIRCLE('',#2509,3.3);
#2509 = AXIS2_PLACEMENT_3D('',#2510,#2511,#2512);
#2510 = CARTESIAN_POINT('',(116.0625,-6.5,38.1));
#2511 = DIRECTION('',(4.440892098501E-16,-1.,1.110223024625E-15));
#2512 = DIRECTION('',(1.,4.440892098501E-16,8.881784197001E-16));
#2513 = ORIENTED_EDGE('',*,*,#2514,.T.);
#2514 = EDGE_CURVE('',#2506,#2515,#2517,.T.);
#2515 = VERTEX_POINT('',#2516);
#2516 = CARTESIAN_POINT('',(120.4625,-6.5,34.8));
#2517 = LINE('',#2518,#2519);
#2518 = CARTESIAN_POINT('',(116.0625,-6.5,34.8));
#2519 = VECTOR('',#2520,1.);
#2520 = DIRECTION('',(1.,4.440892098501E-16,8.881784197001E-16));
#2521 = ORIENTED_EDGE('',*,*,#2522,.T.);
#2522 = EDGE_CURVE('',#2515,#2523,#2525,.T.);
#2523 = VERTEX_POINT('',#2524);
#2524 = CARTESIAN_POINT('',(120.4625,-6.5,41.4));
#2525 = CIRCLE('',#2526,3.3);
#2526 = AXIS2_PLACEMENT_3D('',#2527,#2528,#2529);
#2527 = CARTESIAN_POINT('',(120.4625,-6.5,38.1));
#2528 = DIRECTION('',(4.440892098501E-16,-1.,1.110223024625E-15));
#2529 = DIRECTION('',(1.,4.440892098501E-16,8.881784197001E-16));
#2530 = ORIENTED_EDGE('',*,*,#2531,.T.);
#2531 = EDGE_CURVE('',#2523,#2504,#2532,.T.);
#2532 = LINE('',#2533,#2534);
#2533 = CARTESIAN_POINT('',(120.4625,-6.5,41.4));
#2534 = VECTOR('',#2535,1.);
#2535 = DIRECTION('',(-1.,-4.440892098501E-16,-8.881784197001E-16));
#2536 = PLANE('',#2537);
#2537 = AXIS2_PLACEMENT_3D('',#2538,#2539,#2540);
#2538 = CARTESIAN_POINT('',(109.94112140227,-6.5,22.225));
#2539 = DIRECTION('',(1.7763568394E-15,1.,8.881784197001E-16));
#2540 = DIRECTION('',(8.881784197001E-16,1.7763568394E-15,1.));
#2541 = ADVANCED_FACE('',(#2542),#2553,.F.);
#2542 = FACE_BOUND('',#2543,.F.);
#2543 = EDGE_LOOP('',(#2544,#2550,#2551,#2552));
#2544 = ORIENTED_EDGE('',*,*,#2545,.T.);
#2545 = EDGE_CURVE('',#2172,#2377,#2546,.T.);
#2546 = LINE('',#2547,#2548);
#2547 = CARTESIAN_POINT('',(94.,1.569466778761E-13,44.45));
#2548 = VECTOR('',#2549,1.);
#2549 = DIRECTION('',(-1.665334536938E-15,-1.,-5.551115123126E-16));
#2550 = ORIENTED_EDGE('',*,*,#2376,.T.);
#2551 = ORIENTED_EDGE('',*,*,#1767,.F.);
#2552 = ORIENTED_EDGE('',*,*,#2171,.F.);
#2553 = PLANE('',#2554);
#2554 = AXIS2_PLACEMENT_3D('',#2555,#2556,#2557);
#2555 = CARTESIAN_POINT('',(94.,1.569466778761E-13,44.45));
#2556 = DIRECTION('',(1.,6.661338147751E-16,1.554312234475E-15));
#2557 = DIRECTION('',(-7.771561172376E-16,-1.887379141863E-15,-1.));
#2558 = ADVANCED_FACE('',(#2559),#2577,.F.);
#2559 = FACE_BOUND('',#2560,.F.);
#2560 = EDGE_LOOP('',(#2561,#2569,#2575,#2576));
#2561 = ORIENTED_EDGE('',*,*,#2562,.F.);
#2562 = EDGE_CURVE('',#2563,#1792,#2565,.T.);
#2563 = VERTEX_POINT('',#2564);
#2564 = CARTESIAN_POINT('',(99.,8.3,3.));
#2565 = LINE('',#2566,#2567);
#2566 = CARTESIAN_POINT('',(99.,8.3,3.));
#2567 = VECTOR('',#2568,1.);
#2568 = DIRECTION('',(-7.771561172376E-16,-5.107025913276E-15,-1.));
#2569 = ORIENTED_EDGE('',*,*,#2570,.T.);
#2570 = EDGE_CURVE('',#2563,#1871,#2571,.T.);
#2571 = LINE('',#2572,#2573);
#2572 = CARTESIAN_POINT('',(99.,8.3,3.));
#2573 = VECTOR('',#2574,1.);
#2574 = DIRECTION('',(1.,6.661338147751E-16,1.443289932013E-15));
#2575 = ORIENTED_EDGE('',*,*,#1870,.F.);
#2576 = ORIENTED_EDGE('',*,*,#1791,.F.);
#2577 = PLANE('',#2578);
#2578 = AXIS2_PLACEMENT_3D('',#2579,#2580,#2581);
#2579 = CARTESIAN_POINT('',(99.,8.3,3.));
#2580 = DIRECTION('',(1.33226762955E-15,1.,-2.997602166488E-15));
#2581 = DIRECTION('',(-6.661338147751E-16,-4.996003610813E-15,-1.));
#2582 = ADVANCED_FACE('',(#2583),#2617,.T.);
#2583 = FACE_BOUND('',#2584,.T.);
#2584 = EDGE_LOOP('',(#2585,#2595,#2601,#2602,#2603,#2611));
#2585 = ORIENTED_EDGE('',*,*,#2586,.T.);
#2586 = EDGE_CURVE('',#2587,#2589,#2591,.T.);
#2587 = VERTEX_POINT('',#2588);
#2588 = CARTESIAN_POINT('',(99.,137.,36.));
#2589 = VERTEX_POINT('',#2590);
#2590 = CARTESIAN_POINT('',(99.,144.,36.));
#2591 = LINE('',#2592,#2593);
#2592 = CARTESIAN_POINT('',(99.,137.,36.));
#2593 = VECTOR('',#2594,1.);
#2594 = DIRECTION('',(1.221245327088E-15,1.,3.330669073875E-16));
#2595 = ORIENTED_EDGE('',*,*,#2596,.T.);
#2596 = EDGE_CURVE('',#2589,#1800,#2597,.T.);
#2597 = LINE('',#2598,#2599);
#2598 = CARTESIAN_POINT('',(99.,144.,36.));
#2599 = VECTOR('',#2600,1.);
#2600 = DIRECTION('',(-6.661338147751E-16,-1.554312234475E-15,-1.));
#2601 = ORIENTED_EDGE('',*,*,#1799,.F.);
#2602 = ORIENTED_EDGE('',*,*,#2562,.F.);
#2603 = ORIENTED_EDGE('',*,*,#2604,.F.);
#2604 = EDGE_CURVE('',#2605,#2563,#2607,.T.);
#2605 = VERTEX_POINT('',#2606);
#2606 = CARTESIAN_POINT('',(99.,137.,3.));
#2607 = LINE('',#2608,#2609);
#2608 = CARTESIAN_POINT('',(99.,137.,3.));
#2609 = VECTOR('',#2610,1.);
#2610 = DIRECTION('',(-1.554312234475E-15,-1.,-7.771561172376E-16));
#2611 = ORIENTED_EDGE('',*,*,#2612,.F.);
#2612 = EDGE_CURVE('',#2587,#2605,#2613,.T.);
#2613 = LINE('',#2614,#2615);
#2614 = CARTESIAN_POINT('',(99.,137.,36.));
#2615 = VECTOR('',#2616,1.);
#2616 = DIRECTION('',(-6.661338147751E-16,-1.554312234475E-15,-1.));
#2617 = PLANE('',#2618);
#2618 = AXIS2_PLACEMENT_3D('',#2619,#2620,#2621);
#2619 = CARTESIAN_POINT('',(99.,88.517792661619,5.632207338381));
#2620 = DIRECTION('',(-1.,-5.551115123126E-16,-1.459547759963E-15));
#2621 = DIRECTION('',(-2.05786776975E-16,-1.110223024625E-15,-1.));
#2622 = ADVANCED_FACE('',(#2623),#2657,.T.);
#2623 = FACE_BOUND('',#2624,.T.);
#2624 = EDGE_LOOP('',(#2625,#2626,#2627,#2633,#2634,#2642,#2650,#2656));
#2625 = ORIENTED_EDGE('',*,*,#1807,.F.);
#2626 = ORIENTED_EDGE('',*,*,#2596,.F.);
#2627 = ORIENTED_EDGE('',*,*,#2628,.F.);
#2628 = EDGE_CURVE('',#1895,#2589,#2629,.T.);
#2629 = LINE('',#2630,#2631);
#2630 = CARTESIAN_POINT('',(110.2,144.,36.));
#2631 = VECTOR('',#2632,1.);
#2632 = DIRECTION('',(-1.,-6.661338147751E-16,-1.33226762955E-15));
#2633 = ORIENTED_EDGE('',*,*,#1902,.F.);
#2634 = ORIENTED_EDGE('',*,*,#2635,.F.);
#2635 = EDGE_CURVE('',#2636,#1903,#2638,.T.);
#2636 = VERTEX_POINT('',#2637);
#2637 = CARTESIAN_POINT('',(103.,144.,29.));
#2638 = LINE('',#2639,#2640);
#2639 = CARTESIAN_POINT('',(103.,144.,29.));
#2640 = VECTOR('',#2641,1.);
#2641 = DIRECTION('',(0.707106781187,-5.495323605393E-16,-0.707106781187
    ));
#2642 = ORIENTED_EDGE('',*,*,#2643,.F.);
#2643 = EDGE_CURVE('',#2644,#2636,#2646,.T.);
#2644 = VERTEX_POINT('',#2645);
#2645 = CARTESIAN_POINT('',(103.,144.,11.));
#2646 = LINE('',#2647,#2648);
#2647 = CARTESIAN_POINT('',(103.,144.,11.));
#2648 = VECTOR('',#2649,1.);
#2649 = DIRECTION('',(5.551115123126E-16,1.33226762955E-15,1.));
#2650 = ORIENTED_EDGE('',*,*,#2651,.F.);
#2651 = EDGE_CURVE('',#1927,#2644,#2652,.T.);
#2652 = LINE('',#2653,#2654);
#2653 = CARTESIAN_POINT('',(107.,144.,15.));
#2654 = VECTOR('',#2655,1.);
#2655 = DIRECTION('',(-0.707106781187,-1.334578589881E-15,
    -0.707106781187));
#2656 = ORIENTED_EDGE('',*,*,#1934,.F.);
#2657 = PLANE('',#2658);
#2658 = AXIS2_PLACEMENT_3D('',#2659,#2660,#2661);
#2659 = CARTESIAN_POINT('',(104.6,144.,18.));
#2660 = DIRECTION('',(1.33226762955E-15,1.,6.661338147751E-16));
#2661 = DIRECTION('',(6.661338147751E-16,1.33226762955E-15,1.));
#2662 = ADVANCED_FACE('',(#2663),#2681,.F.);
#2663 = FACE_BOUND('',#2664,.F.);
#2664 = EDGE_LOOP('',(#2665,#2666,#2674,#2680));
#2665 = ORIENTED_EDGE('',*,*,#1926,.T.);
#2666 = ORIENTED_EDGE('',*,*,#2667,.T.);
#2667 = EDGE_CURVE('',#1919,#2668,#2670,.T.);
#2668 = VERTEX_POINT('',#2669);
#2669 = CARTESIAN_POINT('',(103.,202.,11.));
#2670 = LINE('',#2671,#2672);
#2671 = CARTESIAN_POINT('',(107.,202.,15.));
#2672 = VECTOR('',#2673,1.);
#2673 = DIRECTION('',(-0.707106781187,-1.334578589881E-15,
    -0.707106781187));
#2674 = ORIENTED_EDGE('',*,*,#2675,.F.);
#2675 = EDGE_CURVE('',#2644,#2668,#2676,.T.);
#2676 = LINE('',#2677,#2678);
#2677 = CARTESIAN_POINT('',(103.,144.,11.));
#2678 = VECTOR('',#2679,1.);
#2679 = DIRECTION('',(9.992007221626E-16,1.,2.22044604925E-16));
#2680 = ORIENTED_EDGE('',*,*,#2651,.F.);
#2681 = PLANE('',#2682);
#2682 = AXIS2_PLACEMENT_3D('',#2683,#2684,#2685);
#2683 = CARTESIAN_POINT('',(107.,144.,15.));
#2684 = DIRECTION('',(-0.707106781187,5.495323605393E-16,0.707106781187)
  );
#2685 = DIRECTION('',(-0.707106781187,-1.177569344013E-15,
    -0.707106781187));
#2686 = ADVANCED_FACE('',(#2687),#2705,.T.);
#2687 = FACE_BOUND('',#2688,.T.);
#2688 = EDGE_LOOP('',(#2689,#2690,#2691,#2699));
#2689 = ORIENTED_EDGE('',*,*,#1918,.F.);
#2690 = ORIENTED_EDGE('',*,*,#2667,.T.);
#2691 = ORIENTED_EDGE('',*,*,#2692,.T.);
#2692 = EDGE_CURVE('',#2668,#2693,#2695,.T.);
#2693 = VERTEX_POINT('',#2694);
#2694 = CARTESIAN_POINT('',(103.,202.,29.));
#2695 = LINE('',#2696,#2697);
#2696 = CARTESIAN_POINT('',(103.,202.,11.));
#2697 = VECTOR('',#2698,1.);
#2698 = DIRECTION('',(5.551115123126E-16,1.33226762955E-15,1.));
#2699 = ORIENTED_EDGE('',*,*,#2700,.T.);
#2700 = EDGE_CURVE('',#2693,#1911,#2701,.T.);
#2701 = LINE('',#2702,#2703);
#2702 = CARTESIAN_POINT('',(103.,202.,29.));
#2703 = VECTOR('',#2704,1.);
#2704 = DIRECTION('',(0.707106781187,-5.495323605393E-16,-0.707106781187
    ));
#2705 = PLANE('',#2706);
#2706 = AXIS2_PLACEMENT_3D('',#2707,#2708,#2709);
#2707 = CARTESIAN_POINT('',(104.78295224315,202.,20.));
#2708 = DIRECTION('',(1.110223024625E-15,1.,5.551115123126E-16));
#2709 = DIRECTION('',(5.551115123126E-16,1.110223024625E-15,1.));
#2710 = ADVANCED_FACE('',(#2711),#2722,.F.);
#2711 = FACE_BOUND('',#2712,.F.);
#2712 = EDGE_LOOP('',(#2713,#2719,#2720,#2721));
#2713 = ORIENTED_EDGE('',*,*,#2714,.T.);
#2714 = EDGE_CURVE('',#2636,#2693,#2715,.T.);
#2715 = LINE('',#2716,#2717);
#2716 = CARTESIAN_POINT('',(103.,144.,29.));
#2717 = VECTOR('',#2718,1.);
#2718 = DIRECTION('',(9.992007221626E-16,1.,2.22044604925E-16));
#2719 = ORIENTED_EDGE('',*,*,#2700,.T.);
#2720 = ORIENTED_EDGE('',*,*,#1910,.F.);
#2721 = ORIENTED_EDGE('',*,*,#2635,.F.);
#2722 = PLANE('',#2723);
#2723 = AXIS2_PLACEMENT_3D('',#2724,#2725,#2726);
#2724 = CARTESIAN_POINT('',(103.,144.,29.));
#2725 = DIRECTION('',(-0.707106781187,-1.020560098144E-15,
    -0.707106781187));
#2726 = DIRECTION('',(0.707106781187,-5.495323605393E-16,-0.707106781187
    ));
#2727 = ADVANCED_FACE('',(#2728),#2739,.F.);
#2728 = FACE_BOUND('',#2729,.F.);
#2729 = EDGE_LOOP('',(#2730,#2731,#2737,#2738));
#2730 = ORIENTED_EDGE('',*,*,#2604,.F.);
#2731 = ORIENTED_EDGE('',*,*,#2732,.T.);
#2732 = EDGE_CURVE('',#2605,#1879,#2733,.T.);
#2733 = LINE('',#2734,#2735);
#2734 = CARTESIAN_POINT('',(99.,137.,3.));
#2735 = VECTOR('',#2736,1.);
#2736 = DIRECTION('',(1.,6.661338147751E-16,1.443289932013E-15));
#2737 = ORIENTED_EDGE('',*,*,#1878,.F.);
#2738 = ORIENTED_EDGE('',*,*,#2570,.F.);
#2739 = PLANE('',#2740);
#2740 = AXIS2_PLACEMENT_3D('',#2741,#2742,#2743);
#2741 = CARTESIAN_POINT('',(99.,137.,3.));
#2742 = DIRECTION('',(-5.551115123126E-16,-1.33226762955E-15,-1.));
#2743 = DIRECTION('',(-1.443289932013E-15,-1.,-6.661338147751E-16));
#2744 = ADVANCED_FACE('',(#2745),#2756,.F.);
#2745 = FACE_BOUND('',#2746,.F.);
#2746 = EDGE_LOOP('',(#2747,#2748,#2749,#2755));
#2747 = ORIENTED_EDGE('',*,*,#2732,.F.);
#2748 = ORIENTED_EDGE('',*,*,#2612,.F.);
#2749 = ORIENTED_EDGE('',*,*,#2750,.F.);
#2750 = EDGE_CURVE('',#1887,#2587,#2751,.T.);
#2751 = LINE('',#2752,#2753);
#2752 = CARTESIAN_POINT('',(110.2,137.,36.));
#2753 = VECTOR('',#2754,1.);
#2754 = DIRECTION('',(-1.,-6.661338147751E-16,-1.33226762955E-15));
#2755 = ORIENTED_EDGE('',*,*,#1886,.F.);
#2756 = PLANE('',#2757);
#2757 = AXIS2_PLACEMENT_3D('',#2758,#2759,#2760);
#2758 = CARTESIAN_POINT('',(104.6,137.,18.));
#2759 = DIRECTION('',(1.33226762955E-15,1.,6.661338147751E-16));
#2760 = DIRECTION('',(6.661338147751E-16,1.33226762955E-15,1.));
#2761 = ADVANCED_FACE('',(#2762),#2768,.T.);
#2762 = FACE_BOUND('',#2763,.T.);
#2763 = EDGE_LOOP('',(#2764,#2765,#2766,#2767));
#2764 = ORIENTED_EDGE('',*,*,#2750,.F.);
#2765 = ORIENTED_EDGE('',*,*,#1894,.F.);
#2766 = ORIENTED_EDGE('',*,*,#2628,.T.);
#2767 = ORIENTED_EDGE('',*,*,#2586,.F.);
#2768 = PLANE('',#2769);
#2769 = AXIS2_PLACEMENT_3D('',#2770,#2771,#2772);
#2770 = CARTESIAN_POINT('',(110.2,137.,36.));
#2771 = DIRECTION('',(4.440892098501E-16,1.33226762955E-15,1.));
#2772 = DIRECTION('',(-1.,-5.551115123126E-16,-1.221245327088E-15));
#2773 = ADVANCED_FACE('',(#2774),#2790,.T.);
#2774 = FACE_BOUND('',#2775,.T.);
#2775 = EDGE_LOOP('',(#2776,#2782,#2783,#2789));
#2776 = ORIENTED_EDGE('',*,*,#2777,.T.);
#2777 = EDGE_CURVE('',#1944,#2131,#2778,.T.);
#2778 = LINE('',#2779,#2780);
#2779 = CARTESIAN_POINT('',(107.,96.,10.));
#2780 = VECTOR('',#2781,1.);
#2781 = DIRECTION('',(1.,0.,1.110223024625E-16));
#2782 = ORIENTED_EDGE('',*,*,#2130,.T.);
#2783 = ORIENTED_EDGE('',*,*,#2784,.F.);
#2784 = EDGE_CURVE('',#1946,#2133,#2785,.T.);
#2785 = LINE('',#2786,#2787);
#2786 = CARTESIAN_POINT('',(107.,124.,10.));
#2787 = VECTOR('',#2788,1.);
#2788 = DIRECTION('',(1.,0.,1.110223024625E-16));
#2789 = ORIENTED_EDGE('',*,*,#1943,.F.);
#2790 = PLANE('',#2791);
#2791 = AXIS2_PLACEMENT_3D('',#2792,#2793,#2794);
#2792 = CARTESIAN_POINT('',(107.,96.,10.));
#2793 = DIRECTION('',(-1.110223024625E-16,1.232595164408E-32,1.));
#2794 = DIRECTION('',(1.110223024625E-16,1.,0.));
#2795 = ADVANCED_FACE('',(#2796),#2807,.T.);
#2796 = FACE_BOUND('',#2797,.T.);
#2797 = EDGE_LOOP('',(#2798,#2799,#2800,#2806));
#2798 = ORIENTED_EDGE('',*,*,#2784,.T.);
#2799 = ORIENTED_EDGE('',*,*,#2156,.T.);
#2800 = ORIENTED_EDGE('',*,*,#2801,.F.);
#2801 = EDGE_CURVE('',#1962,#2149,#2802,.T.);
#2802 = LINE('',#2803,#2804);
#2803 = CARTESIAN_POINT('',(107.,124.,30.));
#2804 = VECTOR('',#2805,1.);
#2805 = DIRECTION('',(1.,0.,1.110223024625E-16));
#2806 = ORIENTED_EDGE('',*,*,#1969,.F.);
#2807 = PLANE('',#2808);
#2808 = AXIS2_PLACEMENT_3D('',#2809,#2810,#2811);
#2809 = CARTESIAN_POINT('',(107.,124.,10.));
#2810 = DIRECTION('',(-1.232595164408E-32,-1.,1.110223024625E-16));
#2811 = DIRECTION('',(0.,1.110223024625E-16,1.));
#2812 = ADVANCED_FACE('',(#2813),#2824,.T.);
#2813 = FACE_BOUND('',#2814,.T.);
#2814 = EDGE_LOOP('',(#2815,#2816,#2817,#2823));
#2815 = ORIENTED_EDGE('',*,*,#2801,.T.);
#2816 = ORIENTED_EDGE('',*,*,#2148,.T.);
#2817 = ORIENTED_EDGE('',*,*,#2818,.F.);
#2818 = EDGE_CURVE('',#1954,#2141,#2819,.T.);
#2819 = LINE('',#2820,#2821);
#2820 = CARTESIAN_POINT('',(107.,96.,30.));
#2821 = VECTOR('',#2822,1.);
#2822 = DIRECTION('',(1.,0.,1.110223024625E-16));
#2823 = ORIENTED_EDGE('',*,*,#1961,.F.);
#2824 = PLANE('',#2825);
#2825 = AXIS2_PLACEMENT_3D('',#2826,#2827,#2828);
#2826 = CARTESIAN_POINT('',(107.,124.,30.));
#2827 = DIRECTION('',(1.110223024625E-16,-1.232595164408E-32,-1.));
#2828 = DIRECTION('',(-1.110223024625E-16,-1.,0.));
#2829 = ADVANCED_FACE('',(#2830),#2836,.T.);
#2830 = FACE_BOUND('',#2831,.T.);
#2831 = EDGE_LOOP('',(#2832,#2833,#2834,#2835));
#2832 = ORIENTED_EDGE('',*,*,#2818,.T.);
#2833 = ORIENTED_EDGE('',*,*,#2140,.T.);
#2834 = ORIENTED_EDGE('',*,*,#2777,.F.);
#2835 = ORIENTED_EDGE('',*,*,#1953,.F.);
#2836 = PLANE('',#2837);
#2837 = AXIS2_PLACEMENT_3D('',#2838,#2839,#2840);
#2838 = CARTESIAN_POINT('',(107.,96.,30.));
#2839 = DIRECTION('',(1.232595164408E-32,1.,-1.110223024625E-16));
#2840 = DIRECTION('',(0.,-1.110223024625E-16,-1.));
#2841 = ADVANCED_FACE('',(#2842),#2858,.T.);
#2842 = FACE_BOUND('',#2843,.T.);
#2843 = EDGE_LOOP('',(#2844,#2850,#2851,#2857));
#2844 = ORIENTED_EDGE('',*,*,#2845,.T.);
#2845 = EDGE_CURVE('',#1978,#2063,#2846,.T.);
#2846 = LINE('',#2847,#2848);
#2847 = CARTESIAN_POINT('',(107.,24.,10.));
#2848 = VECTOR('',#2849,1.);
#2849 = DIRECTION('',(1.,0.,1.110223024625E-16));
#2850 = ORIENTED_EDGE('',*,*,#2062,.T.);
#2851 = ORIENTED_EDGE('',*,*,#2852,.F.);
#2852 = EDGE_CURVE('',#1980,#2065,#2853,.T.);
#2853 = LINE('',#2854,#2855);
#2854 = CARTESIAN_POINT('',(107.,52.,10.));
#2855 = VECTOR('',#2856,1.);
#2856 = DIRECTION('',(1.,0.,1.110223024625E-16));
#2857 = ORIENTED_EDGE('',*,*,#1977,.F.);
#2858 = PLANE('',#2859);
#2859 = AXIS2_PLACEMENT_3D('',#2860,#2861,#2862);
#2860 = CARTESIAN_POINT('',(107.,24.,10.));
#2861 = DIRECTION('',(-1.110223024625E-16,1.232595164408E-32,1.));
#2862 = DIRECTION('',(1.110223024625E-16,1.,0.));
#2863 = ADVANCED_FACE('',(#2864),#2875,.T.);
#2864 = FACE_BOUND('',#2865,.T.);
#2865 = EDGE_LOOP('',(#2866,#2867,#2868,#2874));
#2866 = ORIENTED_EDGE('',*,*,#2852,.T.);
#2867 = ORIENTED_EDGE('',*,*,#2088,.T.);
#2868 = ORIENTED_EDGE('',*,*,#2869,.F.);
#2869 = EDGE_CURVE('',#1996,#2081,#2870,.T.);
#2870 = LINE('',#2871,#2872);
#2871 = CARTESIAN_POINT('',(107.,52.,30.));
#2872 = VECTOR('',#2873,1.);
#2873 = DIRECTION('',(1.,0.,1.110223024625E-16));
#2874 = ORIENTED_EDGE('',*,*,#2003,.F.);
#2875 = PLANE('',#2876);
#2876 = AXIS2_PLACEMENT_3D('',#2877,#2878,#2879);
#2877 = CARTESIAN_POINT('',(107.,52.,10.));
#2878 = DIRECTION('',(-1.232595164408E-32,-1.,1.110223024625E-16));
#2879 = DIRECTION('',(0.,1.110223024625E-16,1.));
#2880 = ADVANCED_FACE('',(#2881),#2892,.T.);
#2881 = FACE_BOUND('',#2882,.T.);
#2882 = EDGE_LOOP('',(#2883,#2884,#2885,#2891));
#2883 = ORIENTED_EDGE('',*,*,#2869,.T.);
#2884 = ORIENTED_EDGE('',*,*,#2080,.T.);
#2885 = ORIENTED_EDGE('',*,*,#2886,.F.);
#2886 = EDGE_CURVE('',#1988,#2073,#2887,.T.);
#2887 = LINE('',#2888,#2889);
#2888 = CARTESIAN_POINT('',(107.,24.,30.));
#2889 = VECTOR('',#2890,1.);
#2890 = DIRECTION('',(1.,0.,1.110223024625E-16));
#2891 = ORIENTED_EDGE('',*,*,#1995,.F.);
#2892 = PLANE('',#2893);
#2893 = AXIS2_PLACEMENT_3D('',#2894,#2895,#2896);
#2894 = CARTESIAN_POINT('',(107.,52.,30.));
#2895 = DIRECTION('',(1.110223024625E-16,-1.232595164408E-32,-1.));
#2896 = DIRECTION('',(-1.110223024625E-16,-1.,0.));
#2897 = ADVANCED_FACE('',(#2898),#2904,.T.);
#2898 = FACE_BOUND('',#2899,.T.);
#2899 = EDGE_LOOP('',(#2900,#2901,#2902,#2903));
#2900 = ORIENTED_EDGE('',*,*,#2886,.T.);
#2901 = ORIENTED_EDGE('',*,*,#2072,.T.);
#2902 = ORIENTED_EDGE('',*,*,#2845,.F.);
#2903 = ORIENTED_EDGE('',*,*,#1987,.F.);
#2904 = PLANE('',#2905);
#2905 = AXIS2_PLACEMENT_3D('',#2906,#2907,#2908);
#2906 = CARTESIAN_POINT('',(107.,24.,30.));
#2907 = DIRECTION('',(1.232595164408E-32,1.,-1.110223024625E-16));
#2908 = DIRECTION('',(0.,-1.110223024625E-16,-1.));
#2909 = ADVANCED_FACE('',(#2910),#2926,.T.);
#2910 = FACE_BOUND('',#2911,.T.);
#2911 = EDGE_LOOP('',(#2912,#2918,#2919,#2925));
#2912 = ORIENTED_EDGE('',*,*,#2913,.T.);
#2913 = EDGE_CURVE('',#2012,#2097,#2914,.T.);
#2914 = LINE('',#2915,#2916);
#2915 = CARTESIAN_POINT('',(107.,60.,10.));
#2916 = VECTOR('',#2917,1.);
#2917 = DIRECTION('',(1.,0.,1.110223024625E-16));
#2918 = ORIENTED_EDGE('',*,*,#2096,.T.);
#2919 = ORIENTED_EDGE('',*,*,#2920,.F.);
#2920 = EDGE_CURVE('',#2014,#2099,#2921,.T.);
#2921 = LINE('',#2922,#2923);
#2922 = CARTESIAN_POINT('',(107.,88.,10.));
#2923 = VECTOR('',#2924,1.);
#2924 = DIRECTION('',(1.,0.,1.110223024625E-16));
#2925 = ORIENTED_EDGE('',*,*,#2011,.F.);
#2926 = PLANE('',#2927);
#2927 = AXIS2_PLACEMENT_3D('',#2928,#2929,#2930);
#2928 = CARTESIAN_POINT('',(107.,60.,10.));
#2929 = DIRECTION('',(-1.110223024625E-16,1.232595164408E-32,1.));
#2930 = DIRECTION('',(1.110223024625E-16,1.,0.));
#2931 = ADVANCED_FACE('',(#2932),#2943,.T.);
#2932 = FACE_BOUND('',#2933,.T.);
#2933 = EDGE_LOOP('',(#2934,#2935,#2936,#2942));
#2934 = ORIENTED_EDGE('',*,*,#2920,.T.);
#2935 = ORIENTED_EDGE('',*,*,#2122,.T.);
#2936 = ORIENTED_EDGE('',*,*,#2937,.F.);
#2937 = EDGE_CURVE('',#2030,#2115,#2938,.T.);
#2938 = LINE('',#2939,#2940);
#2939 = CARTESIAN_POINT('',(107.,88.,30.));
#2940 = VECTOR('',#2941,1.);
#2941 = DIRECTION('',(1.,0.,1.110223024625E-16));
#2942 = ORIENTED_EDGE('',*,*,#2037,.F.);
#2943 = PLANE('',#2944);
#2944 = AXIS2_PLACEMENT_3D('',#2945,#2946,#2947);
#2945 = CARTESIAN_POINT('',(107.,88.,10.));
#2946 = DIRECTION('',(-1.232595164408E-32,-1.,1.110223024625E-16));
#2947 = DIRECTION('',(0.,1.110223024625E-16,1.));
#2948 = ADVANCED_FACE('',(#2949),#2960,.T.);
#2949 = FACE_BOUND('',#2950,.T.);
#2950 = EDGE_LOOP('',(#2951,#2952,#2953,#2959));
#2951 = ORIENTED_EDGE('',*,*,#2937,.T.);
#2952 = ORIENTED_EDGE('',*,*,#2114,.T.);
#2953 = ORIENTED_EDGE('',*,*,#2954,.F.);
#2954 = EDGE_CURVE('',#2022,#2107,#2955,.T.);
#2955 = LINE('',#2956,#2957);
#2956 = CARTESIAN_POINT('',(107.,60.,30.));
#2957 = VECTOR('',#2958,1.);
#2958 = DIRECTION('',(1.,0.,1.110223024625E-16));
#2959 = ORIENTED_EDGE('',*,*,#2029,.F.);
#2960 = PLANE('',#2961);
#2961 = AXIS2_PLACEMENT_3D('',#2962,#2963,#2964);
#2962 = CARTESIAN_POINT('',(107.,88.,30.));
#2963 = DIRECTION('',(1.110223024625E-16,-1.232595164408E-32,-1.));
#2964 = DIRECTION('',(-1.110223024625E-16,-1.,0.));
#2965 = ADVANCED_FACE('',(#2966),#2972,.T.);
#2966 = FACE_BOUND('',#2967,.T.);
#2967 = EDGE_LOOP('',(#2968,#2969,#2970,#2971));
#2968 = ORIENTED_EDGE('',*,*,#2954,.T.);
#2969 = ORIENTED_EDGE('',*,*,#2106,.T.);
#2970 = ORIENTED_EDGE('',*,*,#2913,.F.);
#2971 = ORIENTED_EDGE('',*,*,#2021,.F.);
#2972 = PLANE('',#2973);
#2973 = AXIS2_PLACEMENT_3D('',#2974,#2975,#2976);
#2974 = CARTESIAN_POINT('',(107.,60.,30.));
#2975 = DIRECTION('',(1.232595164408E-32,1.,-1.110223024625E-16));
#2976 = DIRECTION('',(0.,-1.110223024625E-16,-1.));
#2977 = ADVANCED_FACE('',(#2978),#2989,.F.);
#2978 = FACE_BOUND('',#2979,.F.);
#2979 = EDGE_LOOP('',(#2980,#2986,#2987,#2988));
#2980 = ORIENTED_EDGE('',*,*,#2981,.T.);
#2981 = EDGE_CURVE('',#2180,#2385,#2982,.T.);
#2982 = LINE('',#2983,#2984);
#2983 = CARTESIAN_POINT('',(123.,1.79484205276E-13,44.45));
#2984 = VECTOR('',#2985,1.);
#2985 = DIRECTION('',(-1.665334536938E-15,-1.,-5.551115123126E-16));
#2986 = ORIENTED_EDGE('',*,*,#2384,.T.);
#2987 = ORIENTED_EDGE('',*,*,#2545,.F.);
#2988 = ORIENTED_EDGE('',*,*,#2179,.F.);
#2989 = PLANE('',#2990);
#2990 = AXIS2_PLACEMENT_3D('',#2991,#2992,#2993);
#2991 = CARTESIAN_POINT('',(123.,1.79484205276E-13,44.45));
#2992 = DIRECTION('',(-6.661338147751E-16,-1.7763568394E-15,-1.));
#2993 = DIRECTION('',(-1.,-7.771561172376E-16,-1.665334536938E-15));
#2994 = ADVANCED_FACE('',(#2995),#3006,.F.);
#2995 = FACE_BOUND('',#2996,.F.);
#2996 = EDGE_LOOP('',(#2997,#3003,#3004,#3005));
#2997 = ORIENTED_EDGE('',*,*,#2998,.T.);
#2998 = EDGE_CURVE('',#2188,#2393,#2999,.T.);
#2999 = LINE('',#3000,#3001);
#3000 = CARTESIAN_POINT('',(127.,1.750433131775E-13,40.45));
#3001 = VECTOR('',#3002,1.);
#3002 = DIRECTION('',(-1.665334536938E-15,-1.,-5.551115123126E-16));
#3003 = ORIENTED_EDGE('',*,*,#2392,.T.);
#3004 = ORIENTED_EDGE('',*,*,#2981,.F.);
#3005 = ORIENTED_EDGE('',*,*,#2187,.F.);
#3006 = PLANE('',#3007);
#3007 = AXIS2_PLACEMENT_3D('',#3008,#3009,#3010);
#3008 = CARTESIAN_POINT('',(127.,1.750433131775E-13,40.45));
#3009 = DIRECTION('',(-0.707106781187,-1.727101704552E-15,
    -0.707106781187));
#3010 = DIRECTION('',(-0.707106781187,7.850462293419E-16,0.707106781187)
  );
#3011 = ADVANCED_FACE('',(#3012),#3018,.F.);
#3012 = FACE_BOUND('',#3013,.F.);
#3013 = EDGE_LOOP('',(#3014,#3015,#3016,#3017));
#3014 = ORIENTED_EDGE('',*,*,#2360,.T.);
#3015 = ORIENTED_EDGE('',*,*,#2400,.T.);
#3016 = ORIENTED_EDGE('',*,*,#2998,.F.);
#3017 = ORIENTED_EDGE('',*,*,#2195,.F.);
#3018 = PLANE('',#3019);
#3019 = AXIS2_PLACEMENT_3D('',#3020,#3021,#3022);
#3020 = CARTESIAN_POINT('',(127.,1.062483434566E-13,4.));
#3021 = DIRECTION('',(-1.,-6.661338147751E-16,-1.554312234475E-15));
#3022 = DIRECTION('',(7.771561172376E-16,1.887379141863E-15,1.));
#3023 = ADVANCED_FACE('',(#3024),#3043,.F.);
#3024 = FACE_BOUND('',#3025,.T.);
#3025 = EDGE_LOOP('',(#3026,#3027,#3035,#3042));
#3026 = ORIENTED_EDGE('',*,*,#2215,.F.);
#3027 = ORIENTED_EDGE('',*,*,#3028,.T.);
#3028 = EDGE_CURVE('',#2216,#3029,#3031,.T.);
#3029 = VERTEX_POINT('',#3030);
#3030 = CARTESIAN_POINT('',(103.2,-5.5,14.29));
#3031 = LINE('',#3032,#3033);
#3032 = CARTESIAN_POINT('',(103.2,3.402056414359E-14,14.29));
#3033 = VECTOR('',#3034,1.);
#3034 = DIRECTION('',(-5.551115123126E-16,-1.,-1.355854680849E-31));
#3035 = ORIENTED_EDGE('',*,*,#3036,.F.);
#3036 = EDGE_CURVE('',#3029,#3029,#3037,.T.);
#3037 = CIRCLE('',#3038,3.2);
#3038 = AXIS2_PLACEMENT_3D('',#3039,#3040,#3041);
#3039 = CARTESIAN_POINT('',(100.,-5.5,14.29));
#3040 = DIRECTION('',(1.725633230171E-31,1.,-5.551115123126E-16));
#3041 = DIRECTION('',(1.,7.395570986447E-32,4.440892098501E-16));
#3042 = ORIENTED_EDGE('',*,*,#3028,.F.);
#3043 = CYLINDRICAL_SURFACE('',#3044,3.2);
#3044 = AXIS2_PLACEMENT_3D('',#3045,#3046,#3047);
#3045 = CARTESIAN_POINT('',(100.,3.331002140783E-14,14.29));
#3046 = DIRECTION('',(4.440892098501E-16,1.,-1.110223024625E-16));
#3047 = DIRECTION('',(1.,2.22044604925E-16,5.551115123126E-16));
#3048 = ADVANCED_FACE('',(#3049),#3068,.F.);
#3049 = FACE_BOUND('',#3050,.T.);
#3050 = EDGE_LOOP('',(#3051,#3052,#3060,#3067));
#3051 = ORIENTED_EDGE('',*,*,#2226,.F.);
#3052 = ORIENTED_EDGE('',*,*,#3053,.T.);
#3053 = EDGE_CURVE('',#2227,#3054,#3056,.T.);
#3054 = VERTEX_POINT('',#3055);
#3055 = CARTESIAN_POINT('',(103.2,-5.5,30.16));
#3056 = LINE('',#3057,#3058);
#3057 = CARTESIAN_POINT('',(103.2,4.635403172415E-14,30.16));
#3058 = VECTOR('',#3059,1.);
#3059 = DIRECTION('',(-5.551115123126E-16,-1.,-1.355854680849E-31));
#3060 = ORIENTED_EDGE('',*,*,#3061,.F.);
#3061 = EDGE_CURVE('',#3054,#3054,#3062,.T.);
#3062 = CIRCLE('',#3063,3.2);
#3063 = AXIS2_PLACEMENT_3D('',#3064,#3065,#3066);
#3064 = CARTESIAN_POINT('',(100.,-5.5,30.16));
#3065 = DIRECTION('',(1.725633230171E-31,1.,-5.551115123126E-16));
#3066 = DIRECTION('',(1.,7.395570986447E-32,4.440892098501E-16));
#3067 = ORIENTED_EDGE('',*,*,#3053,.F.);
#3068 = CYLINDRICAL_SURFACE('',#3069,3.2);
#3069 = AXIS2_PLACEMENT_3D('',#3070,#3071,#3072);
#3070 = CARTESIAN_POINT('',(100.,4.564348898839E-14,30.16));
#3071 = DIRECTION('',(4.440892098501E-16,1.,-1.110223024625E-16));
#3072 = DIRECTION('',(1.,2.22044604925E-16,5.551115123126E-16));
#3073 = ADVANCED_FACE('',(#3074),#3090,.F.);
#3074 = FACE_BOUND('',#3075,.T.);
#3075 = EDGE_LOOP('',(#3076,#3082,#3083,#3089));
#3076 = ORIENTED_EDGE('',*,*,#3077,.T.);
#3077 = EDGE_CURVE('',#2238,#2432,#3078,.T.);
#3078 = LINE('',#3079,#3080);
#3079 = CARTESIAN_POINT('',(116.0625,4.829886490754E-14,9.65));
#3080 = VECTOR('',#3081,1.);
#3081 = DIRECTION('',(-7.771561172376E-16,-1.,-1.110223024625E-16));
#3082 = ORIENTED_EDGE('',*,*,#2431,.T.);
#3083 = ORIENTED_EDGE('',*,*,#3084,.F.);
#3084 = EDGE_CURVE('',#2240,#2434,#3085,.T.);
#3085 = LINE('',#3086,#3087);
#3086 = CARTESIAN_POINT('',(116.0625,4.170414014126E-14,3.05));
#3087 = VECTOR('',#3088,1.);
#3088 = DIRECTION('',(-7.771561172376E-16,-1.,-1.110223024625E-16));
#3089 = ORIENTED_EDGE('',*,*,#2237,.F.);
#3090 = CYLINDRICAL_SURFACE('',#3091,3.3);
#3091 = AXIS2_PLACEMENT_3D('',#3092,#3093,#3094);
#3092 = CARTESIAN_POINT('',(116.0625,4.50015025244E-14,6.35));
#3093 = DIRECTION('',(6.661338147751E-16,1.,1.972152263053E-31));
#3094 = DIRECTION('',(1.,3.330669073875E-16,7.771561172376E-16));
#3095 = ADVANCED_FACE('',(#3096),#3107,.T.);
#3096 = FACE_BOUND('',#3097,.T.);
#3097 = EDGE_LOOP('',(#3098,#3104,#3105,#3106));
#3098 = ORIENTED_EDGE('',*,*,#3099,.T.);
#3099 = EDGE_CURVE('',#2257,#2451,#3100,.T.);
#3100 = LINE('',#3101,#3102);
#3101 = CARTESIAN_POINT('',(120.4625,4.976435930004E-14,9.65));
#3102 = VECTOR('',#3103,1.);
#3103 = DIRECTION('',(-7.771561172376E-16,-1.,-1.110223024625E-16));
#3104 = ORIENTED_EDGE('',*,*,#2459,.T.);
#3105 = ORIENTED_EDGE('',*,*,#3077,.F.);
#3106 = ORIENTED_EDGE('',*,*,#2265,.F.);
#3107 = PLANE('',#3108);
#3108 = AXIS2_PLACEMENT_3D('',#3109,#3110,#3111);
#3109 = CARTESIAN_POINT('',(120.4625,4.976435930004E-14,9.65));
#3110 = DIRECTION('',(-2.22044604925E-16,-8.881784197001E-16,-1.));
#3111 = DIRECTION('',(-1.,-3.330669073875E-16,-7.771561172376E-16));
#3112 = ADVANCED_FACE('',(#3113),#3124,.T.);
#3113 = FACE_BOUND('',#3114,.T.);
#3114 = EDGE_LOOP('',(#3115,#3116,#3117,#3123));
#3115 = ORIENTED_EDGE('',*,*,#3084,.T.);
#3116 = ORIENTED_EDGE('',*,*,#2442,.T.);
#3117 = ORIENTED_EDGE('',*,*,#3118,.F.);
#3118 = EDGE_CURVE('',#2249,#2443,#3119,.T.);
#3119 = LINE('',#3120,#3121);
#3120 = CARTESIAN_POINT('',(120.4625,4.316963453377E-14,3.05));
#3121 = VECTOR('',#3122,1.);
#3122 = DIRECTION('',(-7.771561172376E-16,-1.,-1.110223024625E-16));
#3123 = ORIENTED_EDGE('',*,*,#2248,.F.);
#3124 = PLANE('',#3125);
#3125 = AXIS2_PLACEMENT_3D('',#3126,#3127,#3128);
#3126 = CARTESIAN_POINT('',(116.0625,4.170414014126E-14,3.05));
#3127 = DIRECTION('',(2.22044604925E-16,8.881784197001E-16,1.));
#3128 = DIRECTION('',(1.,3.330669073875E-16,7.771561172376E-16));
#3129 = ADVANCED_FACE('',(#3130),#3136,.F.);
#3130 = FACE_BOUND('',#3131,.T.);
#3131 = EDGE_LOOP('',(#3132,#3133,#3134,#3135));
#3132 = ORIENTED_EDGE('',*,*,#3118,.T.);
#3133 = ORIENTED_EDGE('',*,*,#2450,.T.);
#3134 = ORIENTED_EDGE('',*,*,#3099,.F.);
#3135 = ORIENTED_EDGE('',*,*,#2256,.F.);
#3136 = CYLINDRICAL_SURFACE('',#3137,3.3);
#3137 = AXIS2_PLACEMENT_3D('',#3138,#3139,#3140);
#3138 = CARTESIAN_POINT('',(120.4625,4.646699691691E-14,6.35));
#3139 = DIRECTION('',(6.661338147751E-16,1.,1.972152263053E-31));
#3140 = DIRECTION('',(1.,3.330669073875E-16,7.771561172376E-16));
#3141 = ADVANCED_FACE('',(#3142),#3158,.F.);
#3142 = FACE_BOUND('',#3143,.T.);
#3143 = EDGE_LOOP('',(#3144,#3150,#3151,#3157));
#3144 = ORIENTED_EDGE('',*,*,#3145,.T.);
#3145 = EDGE_CURVE('',#2274,#2468,#3146,.T.);
#3146 = LINE('',#3147,#3148);
#3147 = CARTESIAN_POINT('',(116.0625,6.416117637187E-14,25.525));
#3148 = VECTOR('',#3149,1.);
#3149 = DIRECTION('',(-7.771561172376E-16,-1.,-1.110223024625E-16));
#3150 = ORIENTED_EDGE('',*,*,#2467,.T.);
#3151 = ORIENTED_EDGE('',*,*,#3152,.F.);
#3152 = EDGE_CURVE('',#2276,#2470,#3153,.T.);
#3153 = LINE('',#3154,#3155);
#3154 = CARTESIAN_POINT('',(116.0625,5.75664516056E-14,18.925));
#3155 = VECTOR('',#3156,1.);
#3156 = DIRECTION('',(-7.771561172376E-16,-1.,-1.110223024625E-16));
#3157 = ORIENTED_EDGE('',*,*,#2273,.F.);
#3158 = CYLINDRICAL_SURFACE('',#3159,3.3);
#3159 = AXIS2_PLACEMENT_3D('',#3160,#3161,#3162);
#3160 = CARTESIAN_POINT('',(116.0625,6.086381398873E-14,22.225));
#3161 = DIRECTION('',(6.661338147751E-16,1.,1.972152263053E-31));
#3162 = DIRECTION('',(1.,3.330669073875E-16,7.771561172376E-16));
#3163 = ADVANCED_FACE('',(#3164),#3175,.T.);
#3164 = FACE_BOUND('',#3165,.T.);
#3165 = EDGE_LOOP('',(#3166,#3172,#3173,#3174));
#3166 = ORIENTED_EDGE('',*,*,#3167,.T.);
#3167 = EDGE_CURVE('',#2293,#2487,#3168,.T.);
#3168 = LINE('',#3169,#3170);
#3169 = CARTESIAN_POINT('',(120.4625,6.562667076437E-14,25.525));
#3170 = VECTOR('',#3171,1.);
#3171 = DIRECTION('',(-7.771561172376E-16,-1.,-1.110223024625E-16));
#3172 = ORIENTED_EDGE('',*,*,#2495,.T.);
#3173 = ORIENTED_EDGE('',*,*,#3145,.F.);
#3174 = ORIENTED_EDGE('',*,*,#2301,.F.);
#3175 = PLANE('',#3176);
#3176 = AXIS2_PLACEMENT_3D('',#3177,#3178,#3179);
#3177 = CARTESIAN_POINT('',(120.4625,6.562667076437E-14,25.525));
#3178 = DIRECTION('',(-2.22044604925E-16,-8.881784197001E-16,-1.));
#3179 = DIRECTION('',(-1.,-3.330669073875E-16,-7.771561172376E-16));
#3180 = ADVANCED_FACE('',(#3181),#3192,.T.);
#3181 = FACE_BOUND('',#3182,.T.);
#3182 = EDGE_LOOP('',(#3183,#3184,#3185,#3191));
#3183 = ORIENTED_EDGE('',*,*,#3152,.T.);
#3184 = ORIENTED_EDGE('',*,*,#2478,.T.);
#3185 = ORIENTED_EDGE('',*,*,#3186,.F.);
#3186 = EDGE_CURVE('',#2285,#2479,#3187,.T.);
#3187 = LINE('',#3188,#3189);
#3188 = CARTESIAN_POINT('',(120.4625,5.90319459981E-14,18.925));
#3189 = VECTOR('',#3190,1.);
#3190 = DIRECTION('',(-7.771561172376E-16,-1.,-1.110223024625E-16));
#3191 = ORIENTED_EDGE('',*,*,#2284,.F.);
#3192 = PLANE('',#3193);
#3193 = AXIS2_PLACEMENT_3D('',#3194,#3195,#3196);
#3194 = CARTESIAN_POINT('',(116.0625,5.75664516056E-14,18.925));
#3195 = DIRECTION('',(2.22044604925E-16,8.881784197001E-16,1.));
#3196 = DIRECTION('',(1.,3.330669073875E-16,7.771561172376E-16));
#3197 = ADVANCED_FACE('',(#3198),#3204,.F.);
#3198 = FACE_BOUND('',#3199,.T.);
#3199 = EDGE_LOOP('',(#3200,#3201,#3202,#3203));
#3200 = ORIENTED_EDGE('',*,*,#3186,.T.);
#3201 = ORIENTED_EDGE('',*,*,#2486,.T.);
#3202 = ORIENTED_EDGE('',*,*,#3167,.F.);
#3203 = ORIENTED_EDGE('',*,*,#2292,.F.);
#3204 = CYLINDRICAL_SURFACE('',#3205,3.3);
#3205 = AXIS2_PLACEMENT_3D('',#3206,#3207,#3208);
#3206 = CARTESIAN_POINT('',(120.4625,6.232930838124E-14,22.225));
#3207 = DIRECTION('',(6.661338147751E-16,1.,1.972152263053E-31));
#3208 = DIRECTION('',(1.,3.330669073875E-16,7.771561172376E-16));
#3209 = ADVANCED_FACE('',(#3210),#3226,.F.);
#3210 = FACE_BOUND('',#3211,.T.);
#3211 = EDGE_LOOP('',(#3212,#3218,#3219,#3225));
#3212 = ORIENTED_EDGE('',*,*,#3213,.T.);
#3213 = EDGE_CURVE('',#2310,#2504,#3214,.T.);
#3214 = LINE('',#3215,#3216);
#3215 = CARTESIAN_POINT('',(116.0625,8.00234878362E-14,41.4));
#3216 = VECTOR('',#3217,1.);
#3217 = DIRECTION('',(-7.771561172376E-16,-1.,-1.110223024625E-16));
#3218 = ORIENTED_EDGE('',*,*,#2503,.T.);
#3219 = ORIENTED_EDGE('',*,*,#3220,.F.);
#3220 = EDGE_CURVE('',#2312,#2506,#3221,.T.);
#3221 = LINE('',#3222,#3223);
#3222 = CARTESIAN_POINT('',(116.0625,7.342876306993E-14,34.8));
#3223 = VECTOR('',#3224,1.);
#3224 = DIRECTION('',(-7.771561172376E-16,-1.,-1.110223024625E-16));
#3225 = ORIENTED_EDGE('',*,*,#2309,.F.);
#3226 = CYLINDRICAL_SURFACE('',#3227,3.3);
#3227 = AXIS2_PLACEMENT_3D('',#3228,#3229,#3230);
#3228 = CARTESIAN_POINT('',(116.0625,7.672612545306E-14,38.1));
#3229 = DIRECTION('',(6.661338147751E-16,1.,1.972152263053E-31));
#3230 = DIRECTION('',(1.,3.330669073875E-16,7.771561172376E-16));
#3231 = ADVANCED_FACE('',(#3232),#3243,.T.);
#3232 = FACE_BOUND('',#3233,.T.);
#3233 = EDGE_LOOP('',(#3234,#3240,#3241,#3242));
#3234 = ORIENTED_EDGE('',*,*,#3235,.T.);
#3235 = EDGE_CURVE('',#2329,#2523,#3236,.T.);
#3236 = LINE('',#3237,#3238);
#3237 = CARTESIAN_POINT('',(120.4625,8.148898222871E-14,41.4));
#3238 = VECTOR('',#3239,1.);
#3239 = DIRECTION('',(-7.771561172376E-16,-1.,-1.110223024625E-16));
#3240 = ORIENTED_EDGE('',*,*,#2531,.T.);
#3241 = ORIENTED_EDGE('',*,*,#3213,.F.);
#3242 = ORIENTED_EDGE('',*,*,#2337,.F.);
#3243 = PLANE('',#3244);
#3244 = AXIS2_PLACEMENT_3D('',#3245,#3246,#3247);
#3245 = CARTESIAN_POINT('',(120.4625,8.148898222871E-14,41.4));
#3246 = DIRECTION('',(-2.22044604925E-16,-8.881784197001E-16,-1.));
#3247 = DIRECTION('',(-1.,-3.330669073875E-16,-7.771561172376E-16));
#3248 = ADVANCED_FACE('',(#3249),#3260,.T.);
#3249 = FACE_BOUND('',#3250,.T.);
#3250 = EDGE_LOOP('',(#3251,#3252,#3253,#3259));
#3251 = ORIENTED_EDGE('',*,*,#3220,.T.);
#3252 = ORIENTED_EDGE('',*,*,#2514,.T.);
#3253 = ORIENTED_EDGE('',*,*,#3254,.F.);
#3254 = EDGE_CURVE('',#2321,#2515,#3255,.T.);
#3255 = LINE('',#3256,#3257);
#3256 = CARTESIAN_POINT('',(120.4625,7.489425746243E-14,34.8));
#3257 = VECTOR('',#3258,1.);
#3258 = DIRECTION('',(-7.771561172376E-16,-1.,-1.110223024625E-16));
#3259 = ORIENTED_EDGE('',*,*,#2320,.F.);
#3260 = PLANE('',#3261);
#3261 = AXIS2_PLACEMENT_3D('',#3262,#3263,#3264);
#3262 = CARTESIAN_POINT('',(116.0625,7.342876306993E-14,34.8));
#3263 = DIRECTION('',(2.22044604925E-16,8.881784197001E-16,1.));
#3264 = DIRECTION('',(1.,3.330669073875E-16,7.771561172376E-16));
#3265 = ADVANCED_FACE('',(#3266),#3272,.F.);
#3266 = FACE_BOUND('',#3267,.T.);
#3267 = EDGE_LOOP('',(#3268,#3269,#3270,#3271));
#3268 = ORIENTED_EDGE('',*,*,#3254,.T.);
#3269 = ORIENTED_EDGE('',*,*,#2522,.T.);
#3270 = ORIENTED_EDGE('',*,*,#3235,.F.);
#3271 = ORIENTED_EDGE('',*,*,#2328,.F.);
#3272 = CYLINDRICAL_SURFACE('',#3273,3.3);
#3273 = AXIS2_PLACEMENT_3D('',#3274,#3275,#3276);
#3274 = CARTESIAN_POINT('',(120.4625,7.819161984557E-14,38.1));
#3275 = DIRECTION('',(6.661338147751E-16,1.,1.972152263053E-31));
#3276 = DIRECTION('',(1.,3.330669073875E-16,7.771561172376E-16));
#3277 = ADVANCED_FACE('',(#3278),#3297,.F.);
#3278 = FACE_BOUND('',#3279,.F.);
#3279 = EDGE_LOOP('',(#3280,#3288,#3295,#3296));
#3280 = ORIENTED_EDGE('',*,*,#3281,.T.);
#3281 = EDGE_CURVE('',#2410,#3282,#3284,.T.);
#3282 = VERTEX_POINT('',#3283);
#3283 = CARTESIAN_POINT('',(105.5,-5.5,14.29));
#3284 = LINE('',#3285,#3286);
#3285 = CARTESIAN_POINT('',(105.5,-6.5,14.29));
#3286 = VECTOR('',#3287,1.);
#3287 = DIRECTION('',(3.330669073875E-16,1.,-1.110223024625E-16));
#3288 = ORIENTED_EDGE('',*,*,#3289,.T.);
#3289 = EDGE_CURVE('',#3282,#3282,#3290,.T.);
#3290 = CIRCLE('',#3291,5.5);
#3291 = AXIS2_PLACEMENT_3D('',#3292,#3293,#3294);
#3292 = CARTESIAN_POINT('',(100.,-5.5,14.29));
#3293 = DIRECTION('',(2.22044604925E-16,-1.,6.661338147751E-16));
#3294 = DIRECTION('',(1.,2.22044604925E-16,4.440892098501E-16));
#3295 = ORIENTED_EDGE('',*,*,#3281,.F.);
#3296 = ORIENTED_EDGE('',*,*,#2409,.F.);
#3297 = CYLINDRICAL_SURFACE('',#3298,5.5);
#3298 = AXIS2_PLACEMENT_3D('',#3299,#3300,#3301);
#3299 = CARTESIAN_POINT('',(100.,-6.5,14.29));
#3300 = DIRECTION('',(-2.22044604925E-16,-1.,2.22044604925E-16));
#3301 = DIRECTION('',(1.,1.110223024625E-16,3.330669073875E-16));
#3302 = ADVANCED_FACE('',(#3303),#3322,.F.);
#3303 = FACE_BOUND('',#3304,.F.);
#3304 = EDGE_LOOP('',(#3305,#3313,#3320,#3321));
#3305 = ORIENTED_EDGE('',*,*,#3306,.T.);
#3306 = EDGE_CURVE('',#2421,#3307,#3309,.T.);
#3307 = VERTEX_POINT('',#3308);
#3308 = CARTESIAN_POINT('',(105.5,-5.5,30.16));
#3309 = LINE('',#3310,#3311);
#3310 = CARTESIAN_POINT('',(105.5,-6.5,30.16));
#3311 = VECTOR('',#3312,1.);
#3312 = DIRECTION('',(3.330669073875E-16,1.,-1.110223024625E-16));
#3313 = ORIENTED_EDGE('',*,*,#3314,.T.);
#3314 = EDGE_CURVE('',#3307,#3307,#3315,.T.);
#3315 = CIRCLE('',#3316,5.5);
#3316 = AXIS2_PLACEMENT_3D('',#3317,#3318,#3319);
#3317 = CARTESIAN_POINT('',(100.,-5.5,30.16));
#3318 = DIRECTION('',(2.22044604925E-16,-1.,6.661338147751E-16));
#3319 = DIRECTION('',(1.,2.22044604925E-16,4.440892098501E-16));
#3320 = ORIENTED_EDGE('',*,*,#3306,.F.);
#3321 = ORIENTED_EDGE('',*,*,#2420,.F.);
#3322 = CYLINDRICAL_SURFACE('',#3323,5.5);
#3323 = AXIS2_PLACEMENT_3D('',#3324,#3325,#3326);
#3324 = CARTESIAN_POINT('',(100.,-6.5,30.16));
#3325 = DIRECTION('',(-2.22044604925E-16,-1.,2.22044604925E-16));
#3326 = DIRECTION('',(1.,1.110223024625E-16,3.330669073875E-16));
#3327 = ADVANCED_FACE('',(#3328),#3334,.F.);
#3328 = FACE_BOUND('',#3329,.F.);
#3329 = EDGE_LOOP('',(#3330,#3331,#3332,#3333));
#3330 = ORIENTED_EDGE('',*,*,#2675,.T.);
#3331 = ORIENTED_EDGE('',*,*,#2692,.T.);
#3332 = ORIENTED_EDGE('',*,*,#2714,.F.);
#3333 = ORIENTED_EDGE('',*,*,#2643,.F.);
#3334 = PLANE('',#3335);
#3335 = AXIS2_PLACEMENT_3D('',#3336,#3337,#3338);
#3336 = CARTESIAN_POINT('',(103.,144.,11.));
#3337 = DIRECTION('',(1.,3.330669073875E-16,8.881784197001E-16));
#3338 = DIRECTION('',(4.440892098501E-16,1.221245327088E-15,1.));
#3339 = ADVANCED_FACE('',(#3340,#3343),#3346,.F.);
#3340 = FACE_BOUND('',#3341,.F.);
#3341 = EDGE_LOOP('',(#3342));
#3342 = ORIENTED_EDGE('',*,*,#3289,.F.);
#3343 = FACE_BOUND('',#3344,.F.);
#3344 = EDGE_LOOP('',(#3345));
#3345 = ORIENTED_EDGE('',*,*,#3036,.F.);
#3346 = PLANE('',#3347);
#3347 = AXIS2_PLACEMENT_3D('',#3348,#3349,#3350);
#3348 = CARTESIAN_POINT('',(100.,-5.5,22.225));
#3349 = DIRECTION('',(4.440892098501E-16,1.,-1.263450004348E-17));
#3350 = DIRECTION('',(2.22044604925E-16,6.787683148186E-16,1.));
#3351 = ADVANCED_FACE('',(#3352,#3355),#3358,.F.);
#3352 = FACE_BOUND('',#3353,.F.);
#3353 = EDGE_LOOP('',(#3354));
#3354 = ORIENTED_EDGE('',*,*,#3314,.F.);
#3355 = FACE_BOUND('',#3356,.F.);
#3356 = EDGE_LOOP('',(#3357));
#3357 = ORIENTED_EDGE('',*,*,#3061,.F.);
#3358 = PLANE('',#3359);
#3359 = AXIS2_PLACEMENT_3D('',#3360,#3361,#3362);
#3360 = CARTESIAN_POINT('',(100.,-5.5,22.225));
#3361 = DIRECTION('',(4.440892098501E-16,1.,-1.263450004348E-17));
#3362 = DIRECTION('',(2.22044604925E-16,6.787683148186E-16,1.));
#3363 = MANIFOLD_SOLID_BREP('',#3364);
#3364 = CLOSED_SHELL('',(#3365,#3405,#3500,#3572,#3660,#3677,#3694,#3711
    ,#3728,#3761,#3785,#3809,#3833,#3857,#3874,#3914,#4077,#4101,#4249,
    #4266,#4290,#4314,#4331,#4343,#4360,#4377,#4389,#4411,#4428,#4445,
    #4457,#4479,#4496,#4513,#4525,#4547,#4564,#4581));
#3365 = ADVANCED_FACE('',(#3366),#3400,.T.);
#3366 = FACE_BOUND('',#3367,.T.);
#3367 = EDGE_LOOP('',(#3368,#3378,#3386,#3394));
#3368 = ORIENTED_EDGE('',*,*,#3369,.F.);
#3369 = EDGE_CURVE('',#3370,#3372,#3374,.T.);
#3370 = VERTEX_POINT('',#3371);
#3371 = CARTESIAN_POINT('',(-105.75,152.,12.396446609407));
#3372 = VERTEX_POINT('',#3373);
#3373 = CARTESIAN_POINT('',(-105.75,152.,0.));
#3374 = LINE('',#3375,#3376);
#3375 = CARTESIAN_POINT('',(-105.75,152.,12.396446609407));
#3376 = VECTOR('',#3377,1.);
#3377 = DIRECTION('',(-4.440892098501E-16,-1.110223024625E-15,-1.));
#3378 = ORIENTED_EDGE('',*,*,#3379,.T.);
#3379 = EDGE_CURVE('',#3370,#3380,#3382,.T.);
#3380 = VERTEX_POINT('',#3381);
#3381 = CARTESIAN_POINT('',(-105.75,158.,12.396446609407));
#3382 = LINE('',#3383,#3384);
#3383 = CARTESIAN_POINT('',(-105.75,152.,12.396446609407));
#3384 = VECTOR('',#3385,1.);
#3385 = DIRECTION('',(7.771561172376E-16,1.,1.110223024625E-16));
#3386 = ORIENTED_EDGE('',*,*,#3387,.T.);
#3387 = EDGE_CURVE('',#3380,#3388,#3390,.T.);
#3388 = VERTEX_POINT('',#3389);
#3389 = CARTESIAN_POINT('',(-105.75,158.,0.));
#3390 = LINE('',#3391,#3392);
#3391 = CARTESIAN_POINT('',(-105.75,158.,12.396446609407));
#3392 = VECTOR('',#3393,1.);
#3393 = DIRECTION('',(-4.440892098501E-16,-1.110223024625E-15,-1.));
#3394 = ORIENTED_EDGE('',*,*,#3395,.T.);
#3395 = EDGE_CURVE('',#3388,#3372,#3396,.T.);
#3396 = LINE('',#3397,#3398);
#3397 = CARTESIAN_POINT('',(-105.75,152.,1.579292252529E-14));
#3398 = VECTOR('',#3399,1.);
#3399 = DIRECTION('',(-7.771561172376E-16,-1.,-1.110223024625E-16));
#3400 = PLANE('',#3401);
#3401 = AXIS2_PLACEMENT_3D('',#3402,#3403,#3404);
#3402 = CARTESIAN_POINT('',(-105.75,152.,12.396446609407));
#3403 = DIRECTION('',(-1.,-2.22044604925E-16,-6.661338147751E-16));
#3404 = DIRECTION('',(-3.330669073875E-16,-9.992007221626E-16,-1.));
#3405 = ADVANCED_FACE('',(#3406),#3495,.T.);
#3406 = FACE_BOUND('',#3407,.T.);
#3407 = EDGE_LOOP('',(#3408,#3409,#3417,#3425,#3433,#3441,#3449,#3457,
    #3465,#3473,#3481,#3489));
#3408 = ORIENTED_EDGE('',*,*,#3369,.T.);
#3409 = ORIENTED_EDGE('',*,*,#3410,.T.);
#3410 = EDGE_CURVE('',#3372,#3411,#3413,.T.);
#3411 = VERTEX_POINT('',#3412);
#3412 = CARTESIAN_POINT('',(-103.55,152.,0.));
#3413 = LINE('',#3414,#3415);
#3414 = CARTESIAN_POINT('',(-106.75,152.,2.511879593214E-14));
#3415 = VECTOR('',#3416,1.);
#3416 = DIRECTION('',(1.,5.551115123126E-16,1.221245327088E-15));
#3417 = ORIENTED_EDGE('',*,*,#3418,.F.);
#3418 = EDGE_CURVE('',#3419,#3411,#3421,.T.);
#3419 = VERTEX_POINT('',#3420);
#3420 = CARTESIAN_POINT('',(-103.55,152.,6.));
#3421 = LINE('',#3422,#3423);
#3422 = CARTESIAN_POINT('',(-103.55,152.,40.3));
#3423 = VECTOR('',#3424,1.);
#3424 = DIRECTION('',(-6.661338147751E-16,-1.33226762955E-15,-1.));
#3425 = ORIENTED_EDGE('',*,*,#3426,.T.);
#3426 = EDGE_CURVE('',#3419,#3427,#3429,.T.);
#3427 = VERTEX_POINT('',#3428);
#3428 = CARTESIAN_POINT('',(-99.55,152.,6.));
#3429 = LINE('',#3430,#3431);
#3430 = CARTESIAN_POINT('',(-106.75,152.,6.));
#3431 = VECTOR('',#3432,1.);
#3432 = DIRECTION('',(1.,4.440892098501E-16,9.992007221626E-16));
#3433 = ORIENTED_EDGE('',*,*,#3434,.F.);
#3434 = EDGE_CURVE('',#3435,#3427,#3437,.T.);
#3435 = VERTEX_POINT('',#3436);
#3436 = CARTESIAN_POINT('',(-99.55,152.,34.));
#3437 = LINE('',#3438,#3439);
#3438 = CARTESIAN_POINT('',(-99.55,152.,34.));
#3439 = VECTOR('',#3440,1.);
#3440 = DIRECTION('',(-5.551115123126E-16,-1.110223024625E-15,-1.));
#3441 = ORIENTED_EDGE('',*,*,#3442,.F.);
#3442 = EDGE_CURVE('',#3443,#3435,#3445,.T.);
#3443 = VERTEX_POINT('',#3444);
#3444 = CARTESIAN_POINT('',(-103.55,152.,34.));
#3445 = LINE('',#3446,#3447);
#3446 = CARTESIAN_POINT('',(-106.75,152.,34.));
#3447 = VECTOR('',#3448,1.);
#3448 = DIRECTION('',(1.,4.440892098501E-16,9.992007221626E-16));
#3449 = ORIENTED_EDGE('',*,*,#3450,.F.);
#3450 = EDGE_CURVE('',#3451,#3443,#3453,.T.);
#3451 = VERTEX_POINT('',#3452);
#3452 = CARTESIAN_POINT('',(-103.55,152.,40.3));
#3453 = LINE('',#3454,#3455);
#3454 = CARTESIAN_POINT('',(-103.55,152.,40.3));
#3455 = VECTOR('',#3456,1.);
#3456 = DIRECTION('',(-6.661338147751E-16,-1.33226762955E-15,-1.));
#3457 = ORIENTED_EDGE('',*,*,#3458,.F.);
#3458 = EDGE_CURVE('',#3459,#3451,#3461,.T.);
#3459 = VERTEX_POINT('',#3460);
#3460 = CARTESIAN_POINT('',(-105.75,152.,40.3));
#3461 = LINE('',#3462,#3463);
#3462 = CARTESIAN_POINT('',(-106.75,152.,40.3));
#3463 = VECTOR('',#3464,1.);
#3464 = DIRECTION('',(1.,5.551115123126E-16,1.221245327088E-15));
#3465 = ORIENTED_EDGE('',*,*,#3466,.T.);
#3466 = EDGE_CURVE('',#3459,#3467,#3469,.T.);
#3467 = VERTEX_POINT('',#3468);
#3468 = CARTESIAN_POINT('',(-105.75,152.,27.603553390593));
#3469 = LINE('',#3470,#3471);
#3470 = CARTESIAN_POINT('',(-105.75,152.,41.3));
#3471 = VECTOR('',#3472,1.);
#3472 = DIRECTION('',(-4.440892098501E-16,-1.110223024625E-15,-1.));
#3473 = ORIENTED_EDGE('',*,*,#3474,.T.);
#3474 = EDGE_CURVE('',#3467,#3475,#3477,.T.);
#3475 = VERTEX_POINT('',#3476);
#3476 = CARTESIAN_POINT('',(-101.75,152.,31.603553390593));
#3477 = LINE('',#3478,#3479);
#3478 = CARTESIAN_POINT('',(-105.75,152.,27.603553390593));
#3479 = VECTOR('',#3480,1.);
#3480 = DIRECTION('',(0.707106781187,1.099064721079E-15,0.707106781187)
  );
#3481 = ORIENTED_EDGE('',*,*,#3482,.T.);
#3482 = EDGE_CURVE('',#3475,#3483,#3485,.T.);
#3483 = VERTEX_POINT('',#3484);
#3484 = CARTESIAN_POINT('',(-101.75,152.,8.396446609407));
#3485 = LINE('',#3486,#3487);
#3486 = CARTESIAN_POINT('',(-101.75,152.,31.603553390593));
#3487 = VECTOR('',#3488,1.);
#3488 = DIRECTION('',(-4.440892098501E-16,-1.110223024625E-15,-1.));
#3489 = ORIENTED_EDGE('',*,*,#3490,.T.);
#3490 = EDGE_CURVE('',#3483,#3370,#3491,.T.);
#3491 = LINE('',#3492,#3493);
#3492 = CARTESIAN_POINT('',(-101.75,152.,8.396446609407));
#3493 = VECTOR('',#3494,1.);
#3494 = DIRECTION('',(-0.707106781187,4.710277376051E-16,0.707106781187)
  );
#3495 = PLANE('',#3496);
#3496 = AXIS2_PLACEMENT_3D('',#3497,#3498,#3499);
#3497 = CARTESIAN_POINT('',(-103.6678947368,152.,20.137368421053));
#3498 = DIRECTION('',(-6.062094170508E-16,-1.,-4.440892098501E-16));
#3499 = DIRECTION('',(-1.,-7.260582124993E-16,-8.881784197001E-16));
#3500 = ADVANCED_FACE('',(#3501),#3567,.T.);
#3501 = FACE_BOUND('',#3502,.T.);
#3502 = EDGE_LOOP('',(#3503,#3504,#3512,#3520,#3528,#3536,#3544,#3552,
    #3560,#3566));
#3503 = ORIENTED_EDGE('',*,*,#3395,.F.);
#3504 = ORIENTED_EDGE('',*,*,#3505,.T.);
#3505 = EDGE_CURVE('',#3388,#3506,#3508,.T.);
#3506 = VERTEX_POINT('',#3507);
#3507 = CARTESIAN_POINT('',(-106.75,158.,0.));
#3508 = LINE('',#3509,#3510);
#3509 = CARTESIAN_POINT('',(-106.0173083984,158.,1.511525900105E-14));
#3510 = VECTOR('',#3511,1.);
#3511 = DIRECTION('',(-1.,-2.22044604925E-16,-7.771561172376E-16));
#3512 = ORIENTED_EDGE('',*,*,#3513,.T.);
#3513 = EDGE_CURVE('',#3506,#3514,#3516,.T.);
#3514 = VERTEX_POINT('',#3515);
#3515 = CARTESIAN_POINT('',(-106.75,235.,0.));
#3516 = LINE('',#3517,#3518);
#3517 = CARTESIAN_POINT('',(-106.75,152.,3.014255511857E-14));
#3518 = VECTOR('',#3519,1.);
#3519 = DIRECTION('',(1.33226762955E-15,1.,6.661338147751E-16));
#3520 = ORIENTED_EDGE('',*,*,#3521,.T.);
#3521 = EDGE_CURVE('',#3514,#3522,#3524,.T.);
#3522 = VERTEX_POINT('',#3523);
#3523 = CARTESIAN_POINT('',(-123.,235.,0.));
#3524 = LINE('',#3525,#3526);
#3525 = CARTESIAN_POINT('',(-94.,235.,4.263256414561E-14));
#3526 = VECTOR('',#3527,1.);
#3527 = DIRECTION('',(-1.,-2.22044604925E-16,-4.440892098501E-16));
#3528 = ORIENTED_EDGE('',*,*,#3529,.T.);
#3529 = EDGE_CURVE('',#3522,#3530,#3532,.T.);
#3530 = VERTEX_POINT('',#3531);
#3531 = CARTESIAN_POINT('',(-123.,241.5,0.));
#3532 = LINE('',#3533,#3534);
#3533 = CARTESIAN_POINT('',(-123.,235.,8.82627304577E-15));
#3534 = VECTOR('',#3535,1.);
#3535 = DIRECTION('',(3.330669073875E-16,1.,-1.110223024625E-16));
#3536 = ORIENTED_EDGE('',*,*,#3537,.F.);
#3537 = EDGE_CURVE('',#3538,#3530,#3540,.T.);
#3538 = VERTEX_POINT('',#3539);
#3539 = CARTESIAN_POINT('',(-94.,241.5,0.));
#3540 = LINE('',#3541,#3542);
#3541 = CARTESIAN_POINT('',(-94.,241.5,4.263256414561E-14));
#3542 = VECTOR('',#3543,1.);
#3543 = DIRECTION('',(-1.,-2.22044604925E-16,-4.440892098501E-16));
#3544 = ORIENTED_EDGE('',*,*,#3545,.F.);
#3545 = EDGE_CURVE('',#3546,#3538,#3548,.T.);
#3546 = VERTEX_POINT('',#3547);
#3547 = CARTESIAN_POINT('',(-94.,235.,0.));
#3548 = LINE('',#3549,#3550);
#3549 = CARTESIAN_POINT('',(-94.,235.,1.848521336001E-14));
#3550 = VECTOR('',#3551,1.);
#3551 = DIRECTION('',(3.330669073875E-16,1.,-1.110223024625E-16));
#3552 = ORIENTED_EDGE('',*,*,#3553,.T.);
#3553 = EDGE_CURVE('',#3546,#3554,#3556,.T.);
#3554 = VERTEX_POINT('',#3555);
#3555 = CARTESIAN_POINT('',(-103.55,235.,0.));
#3556 = LINE('',#3557,#3558);
#3557 = CARTESIAN_POINT('',(-94.,235.,4.263256414561E-14));
#3558 = VECTOR('',#3559,1.);
#3559 = DIRECTION('',(-1.,-2.22044604925E-16,-4.440892098501E-16));
#3560 = ORIENTED_EDGE('',*,*,#3561,.F.);
#3561 = EDGE_CURVE('',#3411,#3554,#3562,.T.);
#3562 = LINE('',#3563,#3564);
#3563 = CARTESIAN_POINT('',(-103.55,152.,3.685940441756E-14));
#3564 = VECTOR('',#3565,1.);
#3565 = DIRECTION('',(1.33226762955E-15,1.,6.661338147751E-16));
#3566 = ORIENTED_EDGE('',*,*,#3410,.F.);
#3567 = PLANE('',#3568);
#3568 = AXIS2_PLACEMENT_3D('',#3569,#3570,#3571);
#3569 = CARTESIAN_POINT('',(-106.1282700421,205.81075949367,
    1.147235017177E-14));
#3570 = DIRECTION('',(-1.110223024625E-16,-2.22044604925E-16,-1.));
#3571 = DIRECTION('',(-1.,-1.110223024625E-16,-2.22044604925E-16));
#3572 = ADVANCED_FACE('',(#3573),#3655,.F.);
#3573 = FACE_BOUND('',#3574,.F.);
#3574 = EDGE_LOOP('',(#3575,#3583,#3584,#3585,#3593,#3601,#3609,#3617,
    #3625,#3633,#3641,#3649));
#3575 = ORIENTED_EDGE('',*,*,#3576,.T.);
#3576 = EDGE_CURVE('',#3577,#3380,#3579,.T.);
#3577 = VERTEX_POINT('',#3578);
#3578 = CARTESIAN_POINT('',(-101.75,158.,8.396446609407));
#3579 = LINE('',#3580,#3581);
#3580 = CARTESIAN_POINT('',(-101.75,158.,8.396446609407));
#3581 = VECTOR('',#3582,1.);
#3582 = DIRECTION('',(-0.707106781187,4.710277376051E-16,0.707106781187)
  );
#3583 = ORIENTED_EDGE('',*,*,#3387,.T.);
#3584 = ORIENTED_EDGE('',*,*,#3505,.T.);
#3585 = ORIENTED_EDGE('',*,*,#3586,.F.);
#3586 = EDGE_CURVE('',#3587,#3506,#3589,.T.);
#3587 = VERTEX_POINT('',#3588);
#3588 = CARTESIAN_POINT('',(-106.75,158.,14.396446609407));
#3589 = LINE('',#3590,#3591);
#3590 = CARTESIAN_POINT('',(-106.75,158.,20.136451427438));
#3591 = VECTOR('',#3592,1.);
#3592 = DIRECTION('',(-2.22044604925E-16,-6.661338147751E-16,-1.));
#3593 = ORIENTED_EDGE('',*,*,#3594,.F.);
#3594 = EDGE_CURVE('',#3595,#3587,#3597,.T.);
#3595 = VERTEX_POINT('',#3596);
#3596 = CARTESIAN_POINT('',(-102.75,158.,10.396446609407));
#3597 = LINE('',#3598,#3599);
#3598 = CARTESIAN_POINT('',(-108.0652682605,158.,15.711714869985));
#3599 = VECTOR('',#3600,1.);
#3600 = DIRECTION('',(-0.707106781187,3.140184917368E-16,0.707106781187)
  );
#3601 = ORIENTED_EDGE('',*,*,#3602,.F.);
#3602 = EDGE_CURVE('',#3603,#3595,#3605,.T.);
#3603 = VERTEX_POINT('',#3604);
#3604 = CARTESIAN_POINT('',(-102.75,158.,29.603553390593));
#3605 = LINE('',#3606,#3607);
#3606 = CARTESIAN_POINT('',(-102.75,158.,15.259674732142));
#3607 = VECTOR('',#3608,1.);
#3608 = DIRECTION('',(-2.22044604925E-16,-4.440892098501E-16,-1.));
#3609 = ORIENTED_EDGE('',*,*,#3610,.F.);
#3610 = EDGE_CURVE('',#3611,#3603,#3613,.T.);
#3611 = VERTEX_POINT('',#3612);
#3612 = CARTESIAN_POINT('',(-106.75,158.,25.603553390593));
#3613 = LINE('',#3614,#3615);
#3614 = CARTESIAN_POINT('',(-105.7538168331,158.,26.599736557454));
#3615 = VECTOR('',#3616,1.);
#3616 = DIRECTION('',(0.707106781187,3.140184917368E-16,0.707106781187)
  );
#3617 = ORIENTED_EDGE('',*,*,#3618,.F.);
#3618 = EDGE_CURVE('',#3619,#3611,#3621,.T.);
#3619 = VERTEX_POINT('',#3620);
#3620 = CARTESIAN_POINT('',(-106.75,158.,40.3));
#3621 = LINE('',#3622,#3623);
#3622 = CARTESIAN_POINT('',(-106.75,158.,20.136451427438));
#3623 = VECTOR('',#3624,1.);
#3624 = DIRECTION('',(-2.22044604925E-16,-6.661338147751E-16,-1.));
#3625 = ORIENTED_EDGE('',*,*,#3626,.T.);
#3626 = EDGE_CURVE('',#3619,#3627,#3629,.T.);
#3627 = VERTEX_POINT('',#3628);
#3628 = CARTESIAN_POINT('',(-105.75,158.,40.3));
#3629 = LINE('',#3630,#3631);
#3630 = CARTESIAN_POINT('',(-106.0173083984,158.,40.3));
#3631 = VECTOR('',#3632,1.);
#3632 = DIRECTION('',(1.,2.22044604925E-16,7.771561172376E-16));
#3633 = ORIENTED_EDGE('',*,*,#3634,.T.);
#3634 = EDGE_CURVE('',#3627,#3635,#3637,.T.);
#3635 = VERTEX_POINT('',#3636);
#3636 = CARTESIAN_POINT('',(-105.75,158.,27.603553390593));
#3637 = LINE('',#3638,#3639);
#3638 = CARTESIAN_POINT('',(-105.75,158.,41.3));
#3639 = VECTOR('',#3640,1.);
#3640 = DIRECTION('',(-4.440892098501E-16,-1.110223024625E-15,-1.));
#3641 = ORIENTED_EDGE('',*,*,#3642,.T.);
#3642 = EDGE_CURVE('',#3635,#3643,#3645,.T.);
#3643 = VERTEX_POINT('',#3644);
#3644 = CARTESIAN_POINT('',(-101.75,158.,31.603553390593));
#3645 = LINE('',#3646,#3647);
#3646 = CARTESIAN_POINT('',(-105.75,158.,27.603553390593));
#3647 = VECTOR('',#3648,1.);
#3648 = DIRECTION('',(0.707106781187,1.099064721079E-15,0.707106781187)
  );
#3649 = ORIENTED_EDGE('',*,*,#3650,.T.);
#3650 = EDGE_CURVE('',#3643,#3577,#3651,.T.);
#3651 = LINE('',#3652,#3653);
#3652 = CARTESIAN_POINT('',(-101.75,158.,31.603553390593));
#3653 = VECTOR('',#3654,1.);
#3654 = DIRECTION('',(-4.440892098501E-16,-1.110223024625E-15,-1.));
#3655 = PLANE('',#3656);
#3656 = AXIS2_PLACEMENT_3D('',#3657,#3658,#3659);
#3657 = CARTESIAN_POINT('',(-105.2846167968,158.,20.122902854877));
#3658 = DIRECTION('',(8.881784197001E-16,1.,4.440892098501E-16));
#3659 = DIRECTION('',(4.440892098501E-16,8.881784197001E-16,1.));
#3660 = ADVANCED_FACE('',(#3661),#3672,.T.);
#3661 = FACE_BOUND('',#3662,.T.);
#3662 = EDGE_LOOP('',(#3663,#3669,#3670,#3671));
#3663 = ORIENTED_EDGE('',*,*,#3664,.T.);
#3664 = EDGE_CURVE('',#3483,#3577,#3665,.T.);
#3665 = LINE('',#3666,#3667);
#3666 = CARTESIAN_POINT('',(-101.75,152.,8.396446609407));
#3667 = VECTOR('',#3668,1.);
#3668 = DIRECTION('',(7.771561172376E-16,1.,1.110223024625E-16));
#3669 = ORIENTED_EDGE('',*,*,#3576,.T.);
#3670 = ORIENTED_EDGE('',*,*,#3379,.F.);
#3671 = ORIENTED_EDGE('',*,*,#3490,.F.);
#3672 = PLANE('',#3673);
#3673 = AXIS2_PLACEMENT_3D('',#3674,#3675,#3676);
#3674 = CARTESIAN_POINT('',(-101.75,152.,8.396446609407));
#3675 = DIRECTION('',(0.707106781187,7.850462293419E-16,0.707106781187)
  );
#3676 = DIRECTION('',(-0.707106781187,4.710277376051E-16,0.707106781187)
  );
#3677 = ADVANCED_FACE('',(#3678),#3689,.T.);
#3678 = FACE_BOUND('',#3679,.T.);
#3679 = EDGE_LOOP('',(#3680,#3686,#3687,#3688));
#3680 = ORIENTED_EDGE('',*,*,#3681,.T.);
#3681 = EDGE_CURVE('',#3475,#3643,#3682,.T.);
#3682 = LINE('',#3683,#3684);
#3683 = CARTESIAN_POINT('',(-101.75,152.,31.603553390593));
#3684 = VECTOR('',#3685,1.);
#3685 = DIRECTION('',(7.771561172376E-16,1.,1.110223024625E-16));
#3686 = ORIENTED_EDGE('',*,*,#3650,.T.);
#3687 = ORIENTED_EDGE('',*,*,#3664,.F.);
#3688 = ORIENTED_EDGE('',*,*,#3482,.F.);
#3689 = PLANE('',#3690);
#3690 = AXIS2_PLACEMENT_3D('',#3691,#3692,#3693);
#3691 = CARTESIAN_POINT('',(-101.75,152.,31.603553390593));
#3692 = DIRECTION('',(-1.,-2.22044604925E-16,-6.661338147751E-16));
#3693 = DIRECTION('',(-3.330669073875E-16,-9.992007221626E-16,-1.));
#3694 = ADVANCED_FACE('',(#3695),#3706,.T.);
#3695 = FACE_BOUND('',#3696,.T.);
#3696 = EDGE_LOOP('',(#3697,#3703,#3704,#3705));
#3697 = ORIENTED_EDGE('',*,*,#3698,.T.);
#3698 = EDGE_CURVE('',#3467,#3635,#3699,.T.);
#3699 = LINE('',#3700,#3701);
#3700 = CARTESIAN_POINT('',(-105.75,152.,27.603553390593));
#3701 = VECTOR('',#3702,1.);
#3702 = DIRECTION('',(7.771561172376E-16,1.,1.110223024625E-16));
#3703 = ORIENTED_EDGE('',*,*,#3642,.T.);
#3704 = ORIENTED_EDGE('',*,*,#3681,.F.);
#3705 = ORIENTED_EDGE('',*,*,#3474,.F.);
#3706 = PLANE('',#3707);
#3707 = AXIS2_PLACEMENT_3D('',#3708,#3709,#3710);
#3708 = CARTESIAN_POINT('',(-105.75,152.,27.603553390593));
#3709 = DIRECTION('',(0.707106781187,-4.710277376051E-16,-0.707106781187
    ));
#3710 = DIRECTION('',(0.707106781187,9.420554752103E-16,0.707106781187)
  );
#3711 = ADVANCED_FACE('',(#3712),#3723,.T.);
#3712 = FACE_BOUND('',#3713,.T.);
#3713 = EDGE_LOOP('',(#3714,#3715,#3721,#3722));
#3714 = ORIENTED_EDGE('',*,*,#3466,.F.);
#3715 = ORIENTED_EDGE('',*,*,#3716,.T.);
#3716 = EDGE_CURVE('',#3459,#3627,#3717,.T.);
#3717 = LINE('',#3718,#3719);
#3718 = CARTESIAN_POINT('',(-105.75,193.5,40.3));
#3719 = VECTOR('',#3720,1.);
#3720 = DIRECTION('',(7.771561172376E-16,1.,1.110223024625E-16));
#3721 = ORIENTED_EDGE('',*,*,#3634,.T.);
#3722 = ORIENTED_EDGE('',*,*,#3698,.F.);
#3723 = PLANE('',#3724);
#3724 = AXIS2_PLACEMENT_3D('',#3725,#3726,#3727);
#3725 = CARTESIAN_POINT('',(-105.75,152.,41.3));
#3726 = DIRECTION('',(-1.,-2.22044604925E-16,-6.661338147751E-16));
#3727 = DIRECTION('',(-3.330669073875E-16,-9.992007221626E-16,-1.));
#3728 = ADVANCED_FACE('',(#3729),#3756,.F.);
#3729 = FACE_BOUND('',#3730,.F.);
#3730 = EDGE_LOOP('',(#3731,#3739,#3747,#3753,#3754,#3755));
#3731 = ORIENTED_EDGE('',*,*,#3732,.F.);
#3732 = EDGE_CURVE('',#3733,#3619,#3735,.T.);
#3733 = VERTEX_POINT('',#3734);
#3734 = CARTESIAN_POINT('',(-106.75,235.,40.3));
#3735 = LINE('',#3736,#3737);
#3736 = CARTESIAN_POINT('',(-106.75,234.99999999999,40.3));
#3737 = VECTOR('',#3738,1.);
#3738 = DIRECTION('',(-1.33226762955E-15,-1.,-6.661338147751E-16));
#3739 = ORIENTED_EDGE('',*,*,#3740,.T.);
#3740 = EDGE_CURVE('',#3733,#3741,#3743,.T.);
#3741 = VERTEX_POINT('',#3742);
#3742 = CARTESIAN_POINT('',(-103.55,235.,40.3));
#3743 = LINE('',#3744,#3745);
#3744 = CARTESIAN_POINT('',(-106.75,235.,40.3));
#3745 = VECTOR('',#3746,1.);
#3746 = DIRECTION('',(1.,5.551115123126E-16,1.221245327088E-15));
#3747 = ORIENTED_EDGE('',*,*,#3748,.T.);
#3748 = EDGE_CURVE('',#3741,#3451,#3749,.T.);
#3749 = LINE('',#3750,#3751);
#3750 = CARTESIAN_POINT('',(-103.55,234.99999999999,40.3));
#3751 = VECTOR('',#3752,1.);
#3752 = DIRECTION('',(-1.33226762955E-15,-1.,-6.661338147751E-16));
#3753 = ORIENTED_EDGE('',*,*,#3458,.F.);
#3754 = ORIENTED_EDGE('',*,*,#3716,.T.);
#3755 = ORIENTED_EDGE('',*,*,#3626,.F.);
#3756 = PLANE('',#3757);
#3757 = AXIS2_PLACEMENT_3D('',#3758,#3759,#3760);
#3758 = CARTESIAN_POINT('',(-106.75,235.,40.3));
#3759 = DIRECTION('',(-4.440892098501E-16,-1.110223024625E-15,-1.));
#3760 = DIRECTION('',(-1.221245327088E-15,-1.,-5.551115123126E-16));
#3761 = ADVANCED_FACE('',(#3762),#3780,.T.);
#3762 = FACE_BOUND('',#3763,.T.);
#3763 = EDGE_LOOP('',(#3764,#3765,#3773,#3779));
#3764 = ORIENTED_EDGE('',*,*,#3450,.T.);
#3765 = ORIENTED_EDGE('',*,*,#3766,.T.);
#3766 = EDGE_CURVE('',#3443,#3767,#3769,.T.);
#3767 = VERTEX_POINT('',#3768);
#3768 = CARTESIAN_POINT('',(-103.55,235.,34.));
#3769 = LINE('',#3770,#3771);
#3770 = CARTESIAN_POINT('',(-103.55,214.25,34.));
#3771 = VECTOR('',#3772,1.);
#3772 = DIRECTION('',(8.881784197001E-16,1.,4.440892098501E-16));
#3773 = ORIENTED_EDGE('',*,*,#3774,.T.);
#3774 = EDGE_CURVE('',#3767,#3741,#3775,.T.);
#3775 = LINE('',#3776,#3777);
#3776 = CARTESIAN_POINT('',(-103.55,234.99999999999,9.192646643896E-14)
  );
#3777 = VECTOR('',#3778,1.);
#3778 = DIRECTION('',(6.661338147751E-16,1.33226762955E-15,1.));
#3779 = ORIENTED_EDGE('',*,*,#3748,.T.);
#3780 = PLANE('',#3781);
#3781 = AXIS2_PLACEMENT_3D('',#3782,#3783,#3784);
#3782 = CARTESIAN_POINT('',(-103.55,193.49999999999,20.15));
#3783 = DIRECTION('',(1.,6.661338147751E-16,1.33226762955E-15));
#3784 = DIRECTION('',(6.661338147751E-16,1.33226762955E-15,1.));
#3785 = ADVANCED_FACE('',(#3786),#3804,.F.);
#3786 = FACE_BOUND('',#3787,.F.);
#3787 = EDGE_LOOP('',(#3788,#3789,#3797,#3803));
#3788 = ORIENTED_EDGE('',*,*,#3766,.T.);
#3789 = ORIENTED_EDGE('',*,*,#3790,.T.);
#3790 = EDGE_CURVE('',#3767,#3791,#3793,.T.);
#3791 = VERTEX_POINT('',#3792);
#3792 = CARTESIAN_POINT('',(-99.55,235.,34.));
#3793 = LINE('',#3794,#3795);
#3794 = CARTESIAN_POINT('',(-106.75,235.,34.));
#3795 = VECTOR('',#3796,1.);
#3796 = DIRECTION('',(1.,4.440892098501E-16,9.992007221626E-16));
#3797 = ORIENTED_EDGE('',*,*,#3798,.T.);
#3798 = EDGE_CURVE('',#3791,#3435,#3799,.T.);
#3799 = LINE('',#3800,#3801);
#3800 = CARTESIAN_POINT('',(-99.55,235.,34.));
#3801 = VECTOR('',#3802,1.);
#3802 = DIRECTION('',(-1.110223024625E-15,-1.,-5.551115123126E-16));
#3803 = ORIENTED_EDGE('',*,*,#3442,.F.);
#3804 = PLANE('',#3805);
#3805 = AXIS2_PLACEMENT_3D('',#3806,#3807,#3808);
#3806 = CARTESIAN_POINT('',(-106.75,235.,34.));
#3807 = DIRECTION('',(-3.330669073875E-16,-8.881784197001E-16,-1.));
#3808 = DIRECTION('',(-9.992007221626E-16,-1.,-4.440892098501E-16));
#3809 = ADVANCED_FACE('',(#3810),#3828,.T.);
#3810 = FACE_BOUND('',#3811,.T.);
#3811 = EDGE_LOOP('',(#3812,#3820,#3826,#3827));
#3812 = ORIENTED_EDGE('',*,*,#3813,.T.);
#3813 = EDGE_CURVE('',#3427,#3814,#3816,.T.);
#3814 = VERTEX_POINT('',#3815);
#3815 = CARTESIAN_POINT('',(-99.55,235.,6.));
#3816 = LINE('',#3817,#3818);
#3817 = CARTESIAN_POINT('',(-99.55,152.,6.));
#3818 = VECTOR('',#3819,1.);
#3819 = DIRECTION('',(1.110223024625E-15,1.,5.551115123126E-16));
#3820 = ORIENTED_EDGE('',*,*,#3821,.T.);
#3821 = EDGE_CURVE('',#3814,#3791,#3822,.T.);
#3822 = LINE('',#3823,#3824);
#3823 = CARTESIAN_POINT('',(-99.55,235.,6.));
#3824 = VECTOR('',#3825,1.);
#3825 = DIRECTION('',(5.551115123126E-16,1.110223024625E-15,1.));
#3826 = ORIENTED_EDGE('',*,*,#3798,.T.);
#3827 = ORIENTED_EDGE('',*,*,#3434,.T.);
#3828 = PLANE('',#3829);
#3829 = AXIS2_PLACEMENT_3D('',#3830,#3831,#3832);
#3830 = CARTESIAN_POINT('',(-99.55,193.5,20.));
#3831 = DIRECTION('',(1.,5.551115123126E-16,1.110223024625E-15));
#3832 = DIRECTION('',(5.551115123126E-16,1.110223024625E-15,1.));
#3833 = ADVANCED_FACE('',(#3834),#3852,.F.);
#3834 = FACE_BOUND('',#3835,.F.);
#3835 = EDGE_LOOP('',(#3836,#3844,#3845,#3846));
#3836 = ORIENTED_EDGE('',*,*,#3837,.T.);
#3837 = EDGE_CURVE('',#3838,#3419,#3840,.T.);
#3838 = VERTEX_POINT('',#3839);
#3839 = CARTESIAN_POINT('',(-103.55,235.,6.));
#3840 = LINE('',#3841,#3842);
#3841 = CARTESIAN_POINT('',(-103.55,172.75,6.));
#3842 = VECTOR('',#3843,1.);
#3843 = DIRECTION('',(-8.881784197001E-16,-1.,-4.440892098501E-16));
#3844 = ORIENTED_EDGE('',*,*,#3426,.T.);
#3845 = ORIENTED_EDGE('',*,*,#3813,.T.);
#3846 = ORIENTED_EDGE('',*,*,#3847,.F.);
#3847 = EDGE_CURVE('',#3838,#3814,#3848,.T.);
#3848 = LINE('',#3849,#3850);
#3849 = CARTESIAN_POINT('',(-106.75,235.,6.));
#3850 = VECTOR('',#3851,1.);
#3851 = DIRECTION('',(1.,4.440892098501E-16,9.992007221626E-16));
#3852 = PLANE('',#3853);
#3853 = AXIS2_PLACEMENT_3D('',#3854,#3855,#3856);
#3854 = CARTESIAN_POINT('',(-106.75,152.,6.));
#3855 = DIRECTION('',(3.330669073875E-16,8.881784197001E-16,1.));
#3856 = DIRECTION('',(9.992007221626E-16,1.,4.440892098501E-16));
#3857 = ADVANCED_FACE('',(#3858),#3869,.T.);
#3858 = FACE_BOUND('',#3859,.T.);
#3859 = EDGE_LOOP('',(#3860,#3861,#3862,#3868));
#3860 = ORIENTED_EDGE('',*,*,#3418,.T.);
#3861 = ORIENTED_EDGE('',*,*,#3561,.T.);
#3862 = ORIENTED_EDGE('',*,*,#3863,.T.);
#3863 = EDGE_CURVE('',#3554,#3838,#3864,.T.);
#3864 = LINE('',#3865,#3866);
#3865 = CARTESIAN_POINT('',(-103.55,234.99999999999,9.192646643896E-14)
  );
#3866 = VECTOR('',#3867,1.);
#3867 = DIRECTION('',(6.661338147751E-16,1.33226762955E-15,1.));
#3868 = ORIENTED_EDGE('',*,*,#3837,.T.);
#3869 = PLANE('',#3870);
#3870 = AXIS2_PLACEMENT_3D('',#3871,#3872,#3873);
#3871 = CARTESIAN_POINT('',(-103.55,193.49999999999,20.15));
#3872 = DIRECTION('',(1.,6.661338147751E-16,1.33226762955E-15));
#3873 = DIRECTION('',(6.661338147751E-16,1.33226762955E-15,1.));
#3874 = ADVANCED_FACE('',(#3875),#3909,.T.);
#3875 = FACE_BOUND('',#3876,.T.);
#3876 = EDGE_LOOP('',(#3877,#3878,#3879,#3885,#3886,#3887,#3895,#3903));
#3877 = ORIENTED_EDGE('',*,*,#3618,.F.);
#3878 = ORIENTED_EDGE('',*,*,#3732,.F.);
#3879 = ORIENTED_EDGE('',*,*,#3880,.F.);
#3880 = EDGE_CURVE('',#3514,#3733,#3881,.T.);
#3881 = LINE('',#3882,#3883);
#3882 = CARTESIAN_POINT('',(-106.75,235.,5.695444116327E-14));
#3883 = VECTOR('',#3884,1.);
#3884 = DIRECTION('',(4.440892098501E-16,1.110223024625E-15,1.));
#3885 = ORIENTED_EDGE('',*,*,#3513,.F.);
#3886 = ORIENTED_EDGE('',*,*,#3586,.F.);
#3887 = ORIENTED_EDGE('',*,*,#3888,.F.);
#3888 = EDGE_CURVE('',#3889,#3587,#3891,.T.);
#3889 = VERTEX_POINT('',#3890);
#3890 = CARTESIAN_POINT('',(-106.75,214.,14.396446609407));
#3891 = LINE('',#3892,#3893);
#3892 = CARTESIAN_POINT('',(-106.75,172.75,14.396446609407));
#3893 = VECTOR('',#3894,1.);
#3894 = DIRECTION('',(-6.661338147751E-16,-1.,1.110223024625E-16));
#3895 = ORIENTED_EDGE('',*,*,#3896,.F.);
#3896 = EDGE_CURVE('',#3897,#3889,#3899,.T.);
#3897 = VERTEX_POINT('',#3898);
#3898 = CARTESIAN_POINT('',(-106.75,214.,25.603553390593));
#3899 = LINE('',#3900,#3901);
#3900 = CARTESIAN_POINT('',(-106.75,214.,20.075));
#3901 = VECTOR('',#3902,1.);
#3902 = DIRECTION('',(-6.162975822039E-32,-4.440892098501E-16,-1.));
#3903 = ORIENTED_EDGE('',*,*,#3904,.F.);
#3904 = EDGE_CURVE('',#3611,#3897,#3905,.T.);
#3905 = LINE('',#3906,#3907);
#3906 = CARTESIAN_POINT('',(-106.75,172.75,25.603553390593));
#3907 = VECTOR('',#3908,1.);
#3908 = DIRECTION('',(6.661338147751E-16,1.,1.110223024625E-16));
#3909 = PLANE('',#3910);
#3910 = AXIS2_PLACEMENT_3D('',#3911,#3912,#3913);
#3911 = CARTESIAN_POINT('',(-106.75,193.5,20.15));
#3912 = DIRECTION('',(-1.,-2.22044604925E-16,-8.881784197001E-16));
#3913 = DIRECTION('',(-1.110223024625E-15,-1.,-4.440892098501E-16));
#3914 = ADVANCED_FACE('',(#3915,#3964,#4000,#4036),#4072,.F.);
#3915 = FACE_BOUND('',#3916,.F.);
#3916 = EDGE_LOOP('',(#3917,#3925,#3926,#3927,#3928,#3929,#3930,#3931,
    #3932,#3933,#3934,#3942,#3950,#3958));
#3917 = ORIENTED_EDGE('',*,*,#3918,.T.);
#3918 = EDGE_CURVE('',#3919,#3546,#3921,.T.);
#3919 = VERTEX_POINT('',#3920);
#3920 = CARTESIAN_POINT('',(-94.,235.,44.45));
#3921 = LINE('',#3922,#3923);
#3922 = CARTESIAN_POINT('',(-94.,235.,44.45));
#3923 = VECTOR('',#3924,1.);
#3924 = DIRECTION('',(-2.22044604925E-16,-6.661338147751E-16,-1.));
#3925 = ORIENTED_EDGE('',*,*,#3553,.T.);
#3926 = ORIENTED_EDGE('',*,*,#3863,.T.);
#3927 = ORIENTED_EDGE('',*,*,#3847,.T.);
#3928 = ORIENTED_EDGE('',*,*,#3821,.T.);
#3929 = ORIENTED_EDGE('',*,*,#3790,.F.);
#3930 = ORIENTED_EDGE('',*,*,#3774,.T.);
#3931 = ORIENTED_EDGE('',*,*,#3740,.F.);
#3932 = ORIENTED_EDGE('',*,*,#3880,.F.);
#3933 = ORIENTED_EDGE('',*,*,#3521,.T.);
#3934 = ORIENTED_EDGE('',*,*,#3935,.T.);
#3935 = EDGE_CURVE('',#3522,#3936,#3938,.T.);
#3936 = VERTEX_POINT('',#3937);
#3937 = CARTESIAN_POINT('',(-127.,235.,4.));
#3938 = LINE('',#3939,#3940);
#3939 = CARTESIAN_POINT('',(-123.,235.,1.42108547152E-14));
#3940 = VECTOR('',#3941,1.);
#3941 = DIRECTION('',(-0.707106781187,3.140184917368E-16,0.707106781187)
  );
#3942 = ORIENTED_EDGE('',*,*,#3943,.T.);
#3943 = EDGE_CURVE('',#3936,#3944,#3946,.T.);
#3944 = VERTEX_POINT('',#3945);
#3945 = CARTESIAN_POINT('',(-127.,235.,40.45));
#3946 = LINE('',#3947,#3948);
#3947 = CARTESIAN_POINT('',(-127.,235.,4.));
#3948 = VECTOR('',#3949,1.);
#3949 = DIRECTION('',(2.22044604925E-16,6.661338147751E-16,1.));
#3950 = ORIENTED_EDGE('',*,*,#3951,.T.);
#3951 = EDGE_CURVE('',#3944,#3952,#3954,.T.);
#3952 = VERTEX_POINT('',#3953);
#3953 = CARTESIAN_POINT('',(-123.,235.,44.45));
#3954 = LINE('',#3955,#3956);
#3955 = CARTESIAN_POINT('',(-127.,235.,40.45));
#3956 = VECTOR('',#3957,1.);
#3957 = DIRECTION('',(0.707106781187,6.280369834735E-16,0.707106781187)
  );
#3958 = ORIENTED_EDGE('',*,*,#3959,.T.);
#3959 = EDGE_CURVE('',#3952,#3919,#3960,.T.);
#3960 = LINE('',#3961,#3962);
#3961 = CARTESIAN_POINT('',(-123.,235.,44.45));
#3962 = VECTOR('',#3963,1.);
#3963 = DIRECTION('',(1.,2.22044604925E-16,4.440892098501E-16));
#3964 = FACE_BOUND('',#3965,.F.);
#3965 = EDGE_LOOP('',(#3966,#3977,#3985,#3994));
#3966 = ORIENTED_EDGE('',*,*,#3967,.T.);
#3967 = EDGE_CURVE('',#3968,#3970,#3972,.T.);
#3968 = VERTEX_POINT('',#3969);
#3969 = CARTESIAN_POINT('',(-120.4625,235.,9.65));
#3970 = VERTEX_POINT('',#3971);
#3971 = CARTESIAN_POINT('',(-120.4625,235.,3.05));
#3972 = CIRCLE('',#3973,3.3);
#3973 = AXIS2_PLACEMENT_3D('',#3974,#3975,#3976);
#3974 = CARTESIAN_POINT('',(-120.4625,235.,6.35));
#3975 = DIRECTION('',(1.110223024625E-16,-1.,4.440892098501E-16));
#3976 = DIRECTION('',(1.,1.110223024625E-16,2.22044604925E-16));
#3977 = ORIENTED_EDGE('',*,*,#3978,.T.);
#3978 = EDGE_CURVE('',#3970,#3979,#3981,.T.);
#3979 = VERTEX_POINT('',#3980);
#3980 = CARTESIAN_POINT('',(-116.0625,235.,3.05));
#3981 = LINE('',#3982,#3983);
#3982 = CARTESIAN_POINT('',(-120.4625,235.,3.05));
#3983 = VECTOR('',#3984,1.);
#3984 = DIRECTION('',(1.,1.110223024625E-16,2.22044604925E-16));
#3985 = ORIENTED_EDGE('',*,*,#3986,.T.);
#3986 = EDGE_CURVE('',#3979,#3987,#3989,.T.);
#3987 = VERTEX_POINT('',#3988);
#3988 = CARTESIAN_POINT('',(-116.0625,235.,9.65));
#3989 = CIRCLE('',#3990,3.3);
#3990 = AXIS2_PLACEMENT_3D('',#3991,#3992,#3993);
#3991 = CARTESIAN_POINT('',(-116.0625,235.,6.35));
#3992 = DIRECTION('',(1.110223024625E-16,-1.,4.440892098501E-16));
#3993 = DIRECTION('',(1.,1.110223024625E-16,2.22044604925E-16));
#3994 = ORIENTED_EDGE('',*,*,#3995,.T.);
#3995 = EDGE_CURVE('',#3987,#3968,#3996,.T.);
#3996 = LINE('',#3997,#3998);
#3997 = CARTESIAN_POINT('',(-116.0625,235.,9.65));
#3998 = VECTOR('',#3999,1.);
#3999 = DIRECTION('',(-1.,-1.110223024625E-16,-2.22044604925E-16));
#4000 = FACE_BOUND('',#4001,.F.);
#4001 = EDGE_LOOP('',(#4002,#4013,#4021,#4030));
#4002 = ORIENTED_EDGE('',*,*,#4003,.T.);
#4003 = EDGE_CURVE('',#4004,#4006,#4008,.T.);
#4004 = VERTEX_POINT('',#4005);
#4005 = CARTESIAN_POINT('',(-120.4625,235.,25.525));
#4006 = VERTEX_POINT('',#4007);
#4007 = CARTESIAN_POINT('',(-120.4625,235.,18.925));
#4008 = CIRCLE('',#4009,3.3);
#4009 = AXIS2_PLACEMENT_3D('',#4010,#4011,#4012);
#4010 = CARTESIAN_POINT('',(-120.4625,235.,22.225));
#4011 = DIRECTION('',(1.110223024625E-16,-1.,4.440892098501E-16));
#4012 = DIRECTION('',(1.,1.110223024625E-16,2.22044604925E-16));
#4013 = ORIENTED_EDGE('',*,*,#4014,.T.);
#4014 = EDGE_CURVE('',#4006,#4015,#4017,.T.);
#4015 = VERTEX_POINT('',#4016);
#4016 = CARTESIAN_POINT('',(-116.0625,235.,18.925));
#4017 = LINE('',#4018,#4019);
#4018 = CARTESIAN_POINT('',(-120.4625,235.,18.925));
#4019 = VECTOR('',#4020,1.);
#4020 = DIRECTION('',(1.,1.110223024625E-16,2.22044604925E-16));
#4021 = ORIENTED_EDGE('',*,*,#4022,.T.);
#4022 = EDGE_CURVE('',#4015,#4023,#4025,.T.);
#4023 = VERTEX_POINT('',#4024);
#4024 = CARTESIAN_POINT('',(-116.0625,235.,25.525));
#4025 = CIRCLE('',#4026,3.3);
#4026 = AXIS2_PLACEMENT_3D('',#4027,#4028,#4029);
#4027 = CARTESIAN_POINT('',(-116.0625,235.,22.225));
#4028 = DIRECTION('',(1.110223024625E-16,-1.,4.440892098501E-16));
#4029 = DIRECTION('',(1.,1.110223024625E-16,2.22044604925E-16));
#4030 = ORIENTED_EDGE('',*,*,#4031,.T.);
#4031 = EDGE_CURVE('',#4023,#4004,#4032,.T.);
#4032 = LINE('',#4033,#4034);
#4033 = CARTESIAN_POINT('',(-116.0625,235.,25.525));
#4034 = VECTOR('',#4035,1.);
#4035 = DIRECTION('',(-1.,-1.110223024625E-16,-2.22044604925E-16));
#4036 = FACE_BOUND('',#4037,.F.);
#4037 = EDGE_LOOP('',(#4038,#4049,#4057,#4066));
#4038 = ORIENTED_EDGE('',*,*,#4039,.T.);
#4039 = EDGE_CURVE('',#4040,#4042,#4044,.T.);
#4040 = VERTEX_POINT('',#4041);
#4041 = CARTESIAN_POINT('',(-120.4625,235.,41.4));
#4042 = VERTEX_POINT('',#4043);
#4043 = CARTESIAN_POINT('',(-120.4625,235.,34.8));
#4044 = CIRCLE('',#4045,3.3);
#4045 = AXIS2_PLACEMENT_3D('',#4046,#4047,#4048);
#4046 = CARTESIAN_POINT('',(-120.4625,235.,38.1));
#4047 = DIRECTION('',(1.110223024625E-16,-1.,4.440892098501E-16));
#4048 = DIRECTION('',(1.,1.110223024625E-16,2.22044604925E-16));
#4049 = ORIENTED_EDGE('',*,*,#4050,.T.);
#4050 = EDGE_CURVE('',#4042,#4051,#4053,.T.);
#4051 = VERTEX_POINT('',#4052);
#4052 = CARTESIAN_POINT('',(-116.0625,235.,34.8));
#4053 = LINE('',#4054,#4055);
#4054 = CARTESIAN_POINT('',(-120.4625,235.,34.8));
#4055 = VECTOR('',#4056,1.);
#4056 = DIRECTION('',(1.,1.110223024625E-16,2.22044604925E-16));
#4057 = ORIENTED_EDGE('',*,*,#4058,.T.);
#4058 = EDGE_CURVE('',#4051,#4059,#4061,.T.);
#4059 = VERTEX_POINT('',#4060);
#4060 = CARTESIAN_POINT('',(-116.0625,235.,41.4));
#4061 = CIRCLE('',#4062,3.3);
#4062 = AXIS2_PLACEMENT_3D('',#4063,#4064,#4065);
#4063 = CARTESIAN_POINT('',(-116.0625,235.,38.1));
#4064 = DIRECTION('',(1.110223024625E-16,-1.,4.440892098501E-16));
#4065 = DIRECTION('',(1.,1.110223024625E-16,2.22044604925E-16));
#4066 = ORIENTED_EDGE('',*,*,#4067,.T.);
#4067 = EDGE_CURVE('',#4059,#4040,#4068,.T.);
#4068 = LINE('',#4069,#4070);
#4069 = CARTESIAN_POINT('',(-116.0625,235.,41.4));
#4070 = VECTOR('',#4071,1.);
#4071 = DIRECTION('',(-1.,-1.110223024625E-16,-2.22044604925E-16));
#4072 = PLANE('',#4073);
#4073 = AXIS2_PLACEMENT_3D('',#4074,#4075,#4076);
#4074 = CARTESIAN_POINT('',(-109.9411214022,235.,22.225));
#4075 = DIRECTION('',(4.440892098501E-16,1.,2.22044604925E-16));
#4076 = DIRECTION('',(2.22044604925E-16,4.440892098501E-16,1.));
#4077 = ADVANCED_FACE('',(#4078),#4096,.F.);
#4078 = FACE_BOUND('',#4079,.F.);
#4079 = EDGE_LOOP('',(#4080,#4081,#4089,#4095));
#4080 = ORIENTED_EDGE('',*,*,#3529,.T.);
#4081 = ORIENTED_EDGE('',*,*,#4082,.T.);
#4082 = EDGE_CURVE('',#3530,#4083,#4085,.T.);
#4083 = VERTEX_POINT('',#4084);
#4084 = CARTESIAN_POINT('',(-127.,241.5,4.));
#4085 = LINE('',#4086,#4087);
#4086 = CARTESIAN_POINT('',(-123.,241.5,1.42108547152E-14));
#4087 = VECTOR('',#4088,1.);
#4088 = DIRECTION('',(-0.707106781187,3.140184917368E-16,0.707106781187)
  );
#4089 = ORIENTED_EDGE('',*,*,#4090,.F.);
#4090 = EDGE_CURVE('',#3936,#4083,#4091,.T.);
#4091 = LINE('',#4092,#4093);
#4092 = CARTESIAN_POINT('',(-127.,235.,4.));
#4093 = VECTOR('',#4094,1.);
#4094 = DIRECTION('',(3.330669073875E-16,1.,-1.110223024625E-16));
#4095 = ORIENTED_EDGE('',*,*,#3935,.F.);
#4096 = PLANE('',#4097);
#4097 = AXIS2_PLACEMENT_3D('',#4098,#4099,#4100);
#4098 = CARTESIAN_POINT('',(-123.,235.,8.82627304577E-15));
#4099 = DIRECTION('',(0.707106781187,3.140184917368E-16,0.707106781187)
  );
#4100 = DIRECTION('',(-0.707106781187,3.140184917368E-16,0.707106781187)
  );
#4101 = ADVANCED_FACE('',(#4102,#4136,#4172,#4208),#4244,.T.);
#4102 = FACE_BOUND('',#4103,.T.);
#4103 = EDGE_LOOP('',(#4104,#4105,#4106,#4114,#4122,#4130));
#4104 = ORIENTED_EDGE('',*,*,#3537,.T.);
#4105 = ORIENTED_EDGE('',*,*,#4082,.T.);
#4106 = ORIENTED_EDGE('',*,*,#4107,.T.);
#4107 = EDGE_CURVE('',#4083,#4108,#4110,.T.);
#4108 = VERTEX_POINT('',#4109);
#4109 = CARTESIAN_POINT('',(-127.,241.5,40.45));
#4110 = LINE('',#4111,#4112);
#4111 = CARTESIAN_POINT('',(-127.,241.5,4.));
#4112 = VECTOR('',#4113,1.);
#4113 = DIRECTION('',(2.22044604925E-16,6.661338147751E-16,1.));
#4114 = ORIENTED_EDGE('',*,*,#4115,.T.);
#4115 = EDGE_CURVE('',#4108,#4116,#4118,.T.);
#4116 = VERTEX_POINT('',#4117);
#4117 = CARTESIAN_POINT('',(-123.,241.5,44.45));
#4118 = LINE('',#4119,#4120);
#4119 = CARTESIAN_POINT('',(-127.,241.5,40.45));
#4120 = VECTOR('',#4121,1.);
#4121 = DIRECTION('',(0.707106781187,6.280369834735E-16,0.707106781187)
  );
#4122 = ORIENTED_EDGE('',*,*,#4123,.T.);
#4123 = EDGE_CURVE('',#4116,#4124,#4126,.T.);
#4124 = VERTEX_POINT('',#4125);
#4125 = CARTESIAN_POINT('',(-94.,241.5,44.45));
#4126 = LINE('',#4127,#4128);
#4127 = CARTESIAN_POINT('',(-123.,241.5,44.45));
#4128 = VECTOR('',#4129,1.);
#4129 = DIRECTION('',(1.,2.22044604925E-16,4.440892098501E-16));
#4130 = ORIENTED_EDGE('',*,*,#4131,.T.);
#4131 = EDGE_CURVE('',#4124,#3538,#4132,.T.);
#4132 = LINE('',#4133,#4134);
#4133 = CARTESIAN_POINT('',(-94.,241.5,44.45));
#4134 = VECTOR('',#4135,1.);
#4135 = DIRECTION('',(-2.22044604925E-16,-6.661338147751E-16,-1.));
#4136 = FACE_BOUND('',#4137,.T.);
#4137 = EDGE_LOOP('',(#4138,#4149,#4157,#4166));
#4138 = ORIENTED_EDGE('',*,*,#4139,.T.);
#4139 = EDGE_CURVE('',#4140,#4142,#4144,.T.);
#4140 = VERTEX_POINT('',#4141);
#4141 = CARTESIAN_POINT('',(-120.4625,241.5,9.65));
#4142 = VERTEX_POINT('',#4143);
#4143 = CARTESIAN_POINT('',(-120.4625,241.5,3.05));
#4144 = CIRCLE('',#4145,3.3);
#4145 = AXIS2_PLACEMENT_3D('',#4146,#4147,#4148);
#4146 = CARTESIAN_POINT('',(-120.4625,241.5,6.35));
#4147 = DIRECTION('',(1.110223024625E-16,-1.,4.440892098501E-16));
#4148 = DIRECTION('',(1.,1.110223024625E-16,2.22044604925E-16));
#4149 = ORIENTED_EDGE('',*,*,#4150,.T.);
#4150 = EDGE_CURVE('',#4142,#4151,#4153,.T.);
#4151 = VERTEX_POINT('',#4152);
#4152 = CARTESIAN_POINT('',(-116.0625,241.5,3.05));
#4153 = LINE('',#4154,#4155);
#4154 = CARTESIAN_POINT('',(-120.4625,241.5,3.05));
#4155 = VECTOR('',#4156,1.);
#4156 = DIRECTION('',(1.,1.110223024625E-16,2.22044604925E-16));
#4157 = ORIENTED_EDGE('',*,*,#4158,.T.);
#4158 = EDGE_CURVE('',#4151,#4159,#4161,.T.);
#4159 = VERTEX_POINT('',#4160);
#4160 = CARTESIAN_POINT('',(-116.0625,241.5,9.65));
#4161 = CIRCLE('',#4162,3.3);
#4162 = AXIS2_PLACEMENT_3D('',#4163,#4164,#4165);
#4163 = CARTESIAN_POINT('',(-116.0625,241.5,6.35));
#4164 = DIRECTION('',(1.110223024625E-16,-1.,4.440892098501E-16));
#4165 = DIRECTION('',(1.,1.110223024625E-16,2.22044604925E-16));
#4166 = ORIENTED_EDGE('',*,*,#4167,.T.);
#4167 = EDGE_CURVE('',#4159,#4140,#4168,.T.);
#4168 = LINE('',#4169,#4170);
#4169 = CARTESIAN_POINT('',(-116.0625,241.5,9.65));
#4170 = VECTOR('',#4171,1.);
#4171 = DIRECTION('',(-1.,-1.110223024625E-16,-2.22044604925E-16));
#4172 = FACE_BOUND('',#4173,.T.);
#4173 = EDGE_LOOP('',(#4174,#4185,#4193,#4202));
#4174 = ORIENTED_EDGE('',*,*,#4175,.T.);
#4175 = EDGE_CURVE('',#4176,#4178,#4180,.T.);
#4176 = VERTEX_POINT('',#4177);
#4177 = CARTESIAN_POINT('',(-120.4625,241.5,25.525));
#4178 = VERTEX_POINT('',#4179);
#4179 = CARTESIAN_POINT('',(-120.4625,241.5,18.925));
#4180 = CIRCLE('',#4181,3.3);
#4181 = AXIS2_PLACEMENT_3D('',#4182,#4183,#4184);
#4182 = CARTESIAN_POINT('',(-120.4625,241.5,22.225));
#4183 = DIRECTION('',(1.110223024625E-16,-1.,4.440892098501E-16));
#4184 = DIRECTION('',(1.,1.110223024625E-16,2.22044604925E-16));
#4185 = ORIENTED_EDGE('',*,*,#4186,.T.);
#4186 = EDGE_CURVE('',#4178,#4187,#4189,.T.);
#4187 = VERTEX_POINT('',#4188);
#4188 = CARTESIAN_POINT('',(-116.0625,241.5,18.925));
#4189 = LINE('',#4190,#4191);
#4190 = CARTESIAN_POINT('',(-120.4625,241.5,18.925));
#4191 = VECTOR('',#4192,1.);
#4192 = DIRECTION('',(1.,1.110223024625E-16,2.22044604925E-16));
#4193 = ORIENTED_EDGE('',*,*,#4194,.T.);
#4194 = EDGE_CURVE('',#4187,#4195,#4197,.T.);
#4195 = VERTEX_POINT('',#4196);
#4196 = CARTESIAN_POINT('',(-116.0625,241.5,25.525));
#4197 = CIRCLE('',#4198,3.3);
#4198 = AXIS2_PLACEMENT_3D('',#4199,#4200,#4201);
#4199 = CARTESIAN_POINT('',(-116.0625,241.5,22.225));
#4200 = DIRECTION('',(1.110223024625E-16,-1.,4.440892098501E-16));
#4201 = DIRECTION('',(1.,1.110223024625E-16,2.22044604925E-16));
#4202 = ORIENTED_EDGE('',*,*,#4203,.T.);
#4203 = EDGE_CURVE('',#4195,#4176,#4204,.T.);
#4204 = LINE('',#4205,#4206);
#4205 = CARTESIAN_POINT('',(-116.0625,241.5,25.525));
#4206 = VECTOR('',#4207,1.);
#4207 = DIRECTION('',(-1.,-1.110223024625E-16,-2.22044604925E-16));
#4208 = FACE_BOUND('',#4209,.T.);
#4209 = EDGE_LOOP('',(#4210,#4221,#4229,#4238));
#4210 = ORIENTED_EDGE('',*,*,#4211,.T.);
#4211 = EDGE_CURVE('',#4212,#4214,#4216,.T.);
#4212 = VERTEX_POINT('',#4213);
#4213 = CARTESIAN_POINT('',(-120.4625,241.5,41.4));
#4214 = VERTEX_POINT('',#4215);
#4215 = CARTESIAN_POINT('',(-120.4625,241.5,34.8));
#4216 = CIRCLE('',#4217,3.3);
#4217 = AXIS2_PLACEMENT_3D('',#4218,#4219,#4220);
#4218 = CARTESIAN_POINT('',(-120.4625,241.5,38.1));
#4219 = DIRECTION('',(1.110223024625E-16,-1.,4.440892098501E-16));
#4220 = DIRECTION('',(1.,1.110223024625E-16,2.22044604925E-16));
#4221 = ORIENTED_EDGE('',*,*,#4222,.T.);
#4222 = EDGE_CURVE('',#4214,#4223,#4225,.T.);
#4223 = VERTEX_POINT('',#4224);
#4224 = CARTESIAN_POINT('',(-116.0625,241.5,34.8));
#4225 = LINE('',#4226,#4227);
#4226 = CARTESIAN_POINT('',(-120.4625,241.5,34.8));
#4227 = VECTOR('',#4228,1.);
#4228 = DIRECTION('',(1.,1.110223024625E-16,2.22044604925E-16));
#4229 = ORIENTED_EDGE('',*,*,#4230,.T.);
#4230 = EDGE_CURVE('',#4223,#4231,#4233,.T.);
#4231 = VERTEX_POINT('',#4232);
#4232 = CARTESIAN_POINT('',(-116.0625,241.5,41.4));
#4233 = CIRCLE('',#4234,3.3);
#4234 = AXIS2_PLACEMENT_3D('',#4235,#4236,#4237);
#4235 = CARTESIAN_POINT('',(-116.0625,241.5,38.1));
#4236 = DIRECTION('',(1.110223024625E-16,-1.,4.440892098501E-16));
#4237 = DIRECTION('',(1.,1.110223024625E-16,2.22044604925E-16));
#4238 = ORIENTED_EDGE('',*,*,#4239,.T.);
#4239 = EDGE_CURVE('',#4231,#4212,#4240,.T.);
#4240 = LINE('',#4241,#4242);
#4241 = CARTESIAN_POINT('',(-116.0625,241.5,41.4));
#4242 = VECTOR('',#4243,1.);
#4243 = DIRECTION('',(-1.,-1.110223024625E-16,-2.22044604925E-16));
#4244 = PLANE('',#4245);
#4245 = AXIS2_PLACEMENT_3D('',#4246,#4247,#4248);
#4246 = CARTESIAN_POINT('',(-109.9411214022,241.5,22.225));
#4247 = DIRECTION('',(4.440892098501E-16,1.,2.22044604925E-16));
#4248 = DIRECTION('',(2.22044604925E-16,4.440892098501E-16,1.));
#4249 = ADVANCED_FACE('',(#4250),#4261,.F.);
#4250 = FACE_BOUND('',#4251,.F.);
#4251 = EDGE_LOOP('',(#4252,#4258,#4259,#4260));
#4252 = ORIENTED_EDGE('',*,*,#4253,.T.);
#4253 = EDGE_CURVE('',#3919,#4124,#4254,.T.);
#4254 = LINE('',#4255,#4256);
#4255 = CARTESIAN_POINT('',(-94.,235.,44.45));
#4256 = VECTOR('',#4257,1.);
#4257 = DIRECTION('',(3.330669073875E-16,1.,-1.110223024625E-16));
#4258 = ORIENTED_EDGE('',*,*,#4131,.T.);
#4259 = ORIENTED_EDGE('',*,*,#3545,.F.);
#4260 = ORIENTED_EDGE('',*,*,#3918,.F.);
#4261 = PLANE('',#4262);
#4262 = AXIS2_PLACEMENT_3D('',#4263,#4264,#4265);
#4263 = CARTESIAN_POINT('',(-94.,235.,44.45));
#4264 = DIRECTION('',(-1.,-2.736911063134E-48,-2.22044604925E-16));
#4265 = DIRECTION('',(-1.110223024625E-16,-5.551115123126E-16,-1.));
#4266 = ADVANCED_FACE('',(#4267),#4285,.F.);
#4267 = FACE_BOUND('',#4268,.F.);
#4268 = EDGE_LOOP('',(#4269,#4270,#4278,#4284));
#4269 = ORIENTED_EDGE('',*,*,#3610,.T.);
#4270 = ORIENTED_EDGE('',*,*,#4271,.T.);
#4271 = EDGE_CURVE('',#3603,#4272,#4274,.T.);
#4272 = VERTEX_POINT('',#4273);
#4273 = CARTESIAN_POINT('',(-102.75,214.,29.603553390593));
#4274 = LINE('',#4275,#4276);
#4275 = CARTESIAN_POINT('',(-102.75,152.,29.603553390593));
#4276 = VECTOR('',#4277,1.);
#4277 = DIRECTION('',(5.551115123126E-16,1.,1.355854680849E-31));
#4278 = ORIENTED_EDGE('',*,*,#4279,.T.);
#4279 = EDGE_CURVE('',#4272,#3897,#4280,.T.);
#4280 = LINE('',#4281,#4282);
#4281 = CARTESIAN_POINT('',(-102.75,214.,29.603553390593));
#4282 = VECTOR('',#4283,1.);
#4283 = DIRECTION('',(-0.707106781187,-8.635508522761E-16,
    -0.707106781187));
#4284 = ORIENTED_EDGE('',*,*,#3904,.F.);
#4285 = PLANE('',#4286);
#4286 = AXIS2_PLACEMENT_3D('',#4287,#4288,#4289);
#4287 = CARTESIAN_POINT('',(-102.75,152.,29.603553390593));
#4288 = DIRECTION('',(-0.707106781187,3.925231146709E-16,0.707106781187)
  );
#4289 = DIRECTION('',(-0.707106781187,-7.065416064077E-16,
    -0.707106781187));
#4290 = ADVANCED_FACE('',(#4291),#4309,.F.);
#4291 = FACE_BOUND('',#4292,.F.);
#4292 = EDGE_LOOP('',(#4293,#4294,#4302,#4308));
#4293 = ORIENTED_EDGE('',*,*,#3602,.T.);
#4294 = ORIENTED_EDGE('',*,*,#4295,.T.);
#4295 = EDGE_CURVE('',#3595,#4296,#4298,.T.);
#4296 = VERTEX_POINT('',#4297);
#4297 = CARTESIAN_POINT('',(-102.75,214.,10.396446609407));
#4298 = LINE('',#4299,#4300);
#4299 = CARTESIAN_POINT('',(-102.75,152.,10.396446609407));
#4300 = VECTOR('',#4301,1.);
#4301 = DIRECTION('',(5.551115123126E-16,1.,1.355854680849E-31));
#4302 = ORIENTED_EDGE('',*,*,#4303,.T.);
#4303 = EDGE_CURVE('',#4296,#4272,#4304,.T.);
#4304 = LINE('',#4305,#4306);
#4305 = CARTESIAN_POINT('',(-102.75,214.,10.396446609407));
#4306 = VECTOR('',#4307,1.);
#4307 = DIRECTION('',(3.330669073875E-16,8.881784197001E-16,1.));
#4308 = ORIENTED_EDGE('',*,*,#4271,.F.);
#4309 = PLANE('',#4310);
#4310 = AXIS2_PLACEMENT_3D('',#4311,#4312,#4313);
#4311 = CARTESIAN_POINT('',(-102.75,152.,10.396446609407));
#4312 = DIRECTION('',(1.,1.110223024625E-16,4.440892098501E-16));
#4313 = DIRECTION('',(2.22044604925E-16,7.771561172376E-16,1.));
#4314 = ADVANCED_FACE('',(#4315),#4326,.F.);
#4315 = FACE_BOUND('',#4316,.F.);
#4316 = EDGE_LOOP('',(#4317,#4318,#4324,#4325));
#4317 = ORIENTED_EDGE('',*,*,#3888,.F.);
#4318 = ORIENTED_EDGE('',*,*,#4319,.T.);
#4319 = EDGE_CURVE('',#3889,#4296,#4320,.T.);
#4320 = LINE('',#4321,#4322);
#4321 = CARTESIAN_POINT('',(-107.25,214.,14.896446609407));
#4322 = VECTOR('',#4323,1.);
#4323 = DIRECTION('',(0.707106781187,-3.925231146709E-16,-0.707106781187
    ));
#4324 = ORIENTED_EDGE('',*,*,#4295,.F.);
#4325 = ORIENTED_EDGE('',*,*,#3594,.T.);
#4326 = PLANE('',#4327);
#4327 = AXIS2_PLACEMENT_3D('',#4328,#4329,#4330);
#4328 = CARTESIAN_POINT('',(-107.25,152.,14.896446609407));
#4329 = DIRECTION('',(-0.707106781187,-5.495323605393E-16,
    -0.707106781187));
#4330 = DIRECTION('',(0.707106781187,-3.925231146709E-16,-0.707106781187
    ));
#4331 = ADVANCED_FACE('',(#4332),#4338,.F.);
#4332 = FACE_BOUND('',#4333,.F.);
#4333 = EDGE_LOOP('',(#4334,#4335,#4336,#4337));
#4334 = ORIENTED_EDGE('',*,*,#4319,.F.);
#4335 = ORIENTED_EDGE('',*,*,#3896,.F.);
#4336 = ORIENTED_EDGE('',*,*,#4279,.F.);
#4337 = ORIENTED_EDGE('',*,*,#4303,.F.);
#4338 = PLANE('',#4339);
#4339 = AXIS2_PLACEMENT_3D('',#4340,#4341,#4342);
#4340 = CARTESIAN_POINT('',(-104.5194832985,214.,20.));
#4341 = DIRECTION('',(6.661338147751E-16,1.,3.330669073875E-16));
#4342 = DIRECTION('',(3.330669073875E-16,6.661338147751E-16,1.));
#4343 = ADVANCED_FACE('',(#4344),#4355,.F.);
#4344 = FACE_BOUND('',#4345,.F.);
#4345 = EDGE_LOOP('',(#4346,#4352,#4353,#4354));
#4346 = ORIENTED_EDGE('',*,*,#4347,.T.);
#4347 = EDGE_CURVE('',#3952,#4116,#4348,.T.);
#4348 = LINE('',#4349,#4350);
#4349 = CARTESIAN_POINT('',(-123.,235.,44.45));
#4350 = VECTOR('',#4351,1.);
#4351 = DIRECTION('',(3.330669073875E-16,1.,-1.110223024625E-16));
#4352 = ORIENTED_EDGE('',*,*,#4123,.T.);
#4353 = ORIENTED_EDGE('',*,*,#4253,.F.);
#4354 = ORIENTED_EDGE('',*,*,#3959,.F.);
#4355 = PLANE('',#4356);
#4356 = AXIS2_PLACEMENT_3D('',#4357,#4358,#4359);
#4357 = CARTESIAN_POINT('',(-123.,235.,44.45));
#4358 = DIRECTION('',(-3.697785493223E-32,-4.440892098501E-16,-1.));
#4359 = DIRECTION('',(1.,1.110223024625E-16,3.330669073875E-16));
#4360 = ADVANCED_FACE('',(#4361),#4372,.F.);
#4361 = FACE_BOUND('',#4362,.F.);
#4362 = EDGE_LOOP('',(#4363,#4369,#4370,#4371));
#4363 = ORIENTED_EDGE('',*,*,#4364,.T.);
#4364 = EDGE_CURVE('',#3944,#4108,#4365,.T.);
#4365 = LINE('',#4366,#4367);
#4366 = CARTESIAN_POINT('',(-127.,235.,40.45));
#4367 = VECTOR('',#4368,1.);
#4368 = DIRECTION('',(3.330669073875E-16,1.,-1.110223024625E-16));
#4369 = ORIENTED_EDGE('',*,*,#4115,.T.);
#4370 = ORIENTED_EDGE('',*,*,#4347,.F.);
#4371 = ORIENTED_EDGE('',*,*,#3951,.F.);
#4372 = PLANE('',#4373);
#4373 = AXIS2_PLACEMENT_3D('',#4374,#4375,#4376);
#4374 = CARTESIAN_POINT('',(-127.,235.,40.45));
#4375 = DIRECTION('',(0.707106781187,-3.140184917368E-16,-0.707106781187
    ));
#4376 = DIRECTION('',(0.707106781187,4.710277376051E-16,0.707106781187)
  );
#4377 = ADVANCED_FACE('',(#4378),#4384,.F.);
#4378 = FACE_BOUND('',#4379,.F.);
#4379 = EDGE_LOOP('',(#4380,#4381,#4382,#4383));
#4380 = ORIENTED_EDGE('',*,*,#4090,.T.);
#4381 = ORIENTED_EDGE('',*,*,#4107,.T.);
#4382 = ORIENTED_EDGE('',*,*,#4364,.F.);
#4383 = ORIENTED_EDGE('',*,*,#3943,.F.);
#4384 = PLANE('',#4385);
#4385 = AXIS2_PLACEMENT_3D('',#4386,#4387,#4388);
#4386 = CARTESIAN_POINT('',(-127.,235.,4.));
#4387 = DIRECTION('',(1.,2.736911063134E-48,2.22044604925E-16));
#4388 = DIRECTION('',(1.110223024625E-16,5.551115123126E-16,1.));
#4389 = ADVANCED_FACE('',(#4390),#4406,.F.);
#4390 = FACE_BOUND('',#4391,.T.);
#4391 = EDGE_LOOP('',(#4392,#4398,#4399,#4405));
#4392 = ORIENTED_EDGE('',*,*,#4393,.T.);
#4393 = EDGE_CURVE('',#4140,#3968,#4394,.T.);
#4394 = LINE('',#4395,#4396);
#4395 = CARTESIAN_POINT('',(-120.4625,241.5,9.65));
#4396 = VECTOR('',#4397,1.);
#4397 = DIRECTION('',(-1.110223024625E-16,-1.,2.22044604925E-16));
#4398 = ORIENTED_EDGE('',*,*,#3967,.T.);
#4399 = ORIENTED_EDGE('',*,*,#4400,.F.);
#4400 = EDGE_CURVE('',#4142,#3970,#4401,.T.);
#4401 = LINE('',#4402,#4403);
#4402 = CARTESIAN_POINT('',(-120.4625,241.5,3.05));
#4403 = VECTOR('',#4404,1.);
#4404 = DIRECTION('',(-1.110223024625E-16,-1.,2.22044604925E-16));
#4405 = ORIENTED_EDGE('',*,*,#4139,.F.);
#4406 = CYLINDRICAL_SURFACE('',#4407,3.3);
#4407 = AXIS2_PLACEMENT_3D('',#4408,#4409,#4410);
#4408 = CARTESIAN_POINT('',(-120.4625,241.5,6.35));
#4409 = DIRECTION('',(3.697785493223E-32,1.,-3.330669073875E-16));
#4410 = DIRECTION('',(1.,0.,1.110223024625E-16));
#4411 = ADVANCED_FACE('',(#4412),#4423,.T.);
#4412 = FACE_BOUND('',#4413,.T.);
#4413 = EDGE_LOOP('',(#4414,#4420,#4421,#4422));
#4414 = ORIENTED_EDGE('',*,*,#4415,.T.);
#4415 = EDGE_CURVE('',#4159,#3987,#4416,.T.);
#4416 = LINE('',#4417,#4418);
#4417 = CARTESIAN_POINT('',(-116.0625,241.5,9.65));
#4418 = VECTOR('',#4419,1.);
#4419 = DIRECTION('',(-1.110223024625E-16,-1.,2.22044604925E-16));
#4420 = ORIENTED_EDGE('',*,*,#3995,.T.);
#4421 = ORIENTED_EDGE('',*,*,#4393,.F.);
#4422 = ORIENTED_EDGE('',*,*,#4167,.F.);
#4423 = PLANE('',#4424);
#4424 = AXIS2_PLACEMENT_3D('',#4425,#4426,#4427);
#4425 = CARTESIAN_POINT('',(-116.0625,241.5,9.65));
#4426 = DIRECTION('',(1.110223024625E-16,-2.22044604925E-16,-1.));
#4427 = DIRECTION('',(-1.,0.,-1.110223024625E-16));
#4428 = ADVANCED_FACE('',(#4429),#4440,.F.);
#4429 = FACE_BOUND('',#4430,.T.);
#4430 = EDGE_LOOP('',(#4431,#4437,#4438,#4439));
#4431 = ORIENTED_EDGE('',*,*,#4432,.T.);
#4432 = EDGE_CURVE('',#4151,#3979,#4433,.T.);
#4433 = LINE('',#4434,#4435);
#4434 = CARTESIAN_POINT('',(-116.0625,241.5,3.05));
#4435 = VECTOR('',#4436,1.);
#4436 = DIRECTION('',(-1.110223024625E-16,-1.,2.22044604925E-16));
#4437 = ORIENTED_EDGE('',*,*,#3986,.T.);
#4438 = ORIENTED_EDGE('',*,*,#4415,.F.);
#4439 = ORIENTED_EDGE('',*,*,#4158,.F.);
#4440 = CYLINDRICAL_SURFACE('',#4441,3.3);
#4441 = AXIS2_PLACEMENT_3D('',#4442,#4443,#4444);
#4442 = CARTESIAN_POINT('',(-116.0625,241.5,6.35));
#4443 = DIRECTION('',(3.697785493223E-32,1.,-3.330669073875E-16));
#4444 = DIRECTION('',(1.,0.,1.110223024625E-16));
#4445 = ADVANCED_FACE('',(#4446),#4452,.T.);
#4446 = FACE_BOUND('',#4447,.T.);
#4447 = EDGE_LOOP('',(#4448,#4449,#4450,#4451));
#4448 = ORIENTED_EDGE('',*,*,#4400,.T.);
#4449 = ORIENTED_EDGE('',*,*,#3978,.T.);
#4450 = ORIENTED_EDGE('',*,*,#4432,.F.);
#4451 = ORIENTED_EDGE('',*,*,#4150,.F.);
#4452 = PLANE('',#4453);
#4453 = AXIS2_PLACEMENT_3D('',#4454,#4455,#4456);
#4454 = CARTESIAN_POINT('',(-120.4625,241.5,3.05));
#4455 = DIRECTION('',(-1.110223024625E-16,2.22044604925E-16,1.));
#4456 = DIRECTION('',(1.,0.,1.110223024625E-16));
#4457 = ADVANCED_FACE('',(#4458),#4474,.F.);
#4458 = FACE_BOUND('',#4459,.T.);
#4459 = EDGE_LOOP('',(#4460,#4466,#4467,#4473));
#4460 = ORIENTED_EDGE('',*,*,#4461,.T.);
#4461 = EDGE_CURVE('',#4176,#4004,#4462,.T.);
#4462 = LINE('',#4463,#4464);
#4463 = CARTESIAN_POINT('',(-120.4625,241.5,25.525));
#4464 = VECTOR('',#4465,1.);
#4465 = DIRECTION('',(-1.110223024625E-16,-1.,2.22044604925E-16));
#4466 = ORIENTED_EDGE('',*,*,#4003,.T.);
#4467 = ORIENTED_EDGE('',*,*,#4468,.F.);
#4468 = EDGE_CURVE('',#4178,#4006,#4469,.T.);
#4469 = LINE('',#4470,#4471);
#4470 = CARTESIAN_POINT('',(-120.4625,241.5,18.925));
#4471 = VECTOR('',#4472,1.);
#4472 = DIRECTION('',(-1.110223024625E-16,-1.,2.22044604925E-16));
#4473 = ORIENTED_EDGE('',*,*,#4175,.F.);
#4474 = CYLINDRICAL_SURFACE('',#4475,3.3);
#4475 = AXIS2_PLACEMENT_3D('',#4476,#4477,#4478);
#4476 = CARTESIAN_POINT('',(-120.4625,241.5,22.225));
#4477 = DIRECTION('',(3.697785493223E-32,1.,-3.330669073875E-16));
#4478 = DIRECTION('',(1.,0.,1.110223024625E-16));
#4479 = ADVANCED_FACE('',(#4480),#4491,.T.);
#4480 = FACE_BOUND('',#4481,.T.);
#4481 = EDGE_LOOP('',(#4482,#4488,#4489,#4490));
#4482 = ORIENTED_EDGE('',*,*,#4483,.T.);
#4483 = EDGE_CURVE('',#4195,#4023,#4484,.T.);
#4484 = LINE('',#4485,#4486);
#4485 = CARTESIAN_POINT('',(-116.0625,241.5,25.525));
#4486 = VECTOR('',#4487,1.);
#4487 = DIRECTION('',(-1.110223024625E-16,-1.,2.22044604925E-16));
#4488 = ORIENTED_EDGE('',*,*,#4031,.T.);
#4489 = ORIENTED_EDGE('',*,*,#4461,.F.);
#4490 = ORIENTED_EDGE('',*,*,#4203,.F.);
#4491 = PLANE('',#4492);
#4492 = AXIS2_PLACEMENT_3D('',#4493,#4494,#4495);
#4493 = CARTESIAN_POINT('',(-116.0625,241.5,25.525));
#4494 = DIRECTION('',(1.110223024625E-16,-2.22044604925E-16,-1.));
#4495 = DIRECTION('',(-1.,0.,-1.110223024625E-16));
#4496 = ADVANCED_FACE('',(#4497),#4508,.F.);
#4497 = FACE_BOUND('',#4498,.T.);
#4498 = EDGE_LOOP('',(#4499,#4505,#4506,#4507));
#4499 = ORIENTED_EDGE('',*,*,#4500,.T.);
#4500 = EDGE_CURVE('',#4187,#4015,#4501,.T.);
#4501 = LINE('',#4502,#4503);
#4502 = CARTESIAN_POINT('',(-116.0625,241.5,18.925));
#4503 = VECTOR('',#4504,1.);
#4504 = DIRECTION('',(-1.110223024625E-16,-1.,2.22044604925E-16));
#4505 = ORIENTED_EDGE('',*,*,#4022,.T.);
#4506 = ORIENTED_EDGE('',*,*,#4483,.F.);
#4507 = ORIENTED_EDGE('',*,*,#4194,.F.);
#4508 = CYLINDRICAL_SURFACE('',#4509,3.3);
#4509 = AXIS2_PLACEMENT_3D('',#4510,#4511,#4512);
#4510 = CARTESIAN_POINT('',(-116.0625,241.5,22.225));
#4511 = DIRECTION('',(3.697785493223E-32,1.,-3.330669073875E-16));
#4512 = DIRECTION('',(1.,0.,1.110223024625E-16));
#4513 = ADVANCED_FACE('',(#4514),#4520,.T.);
#4514 = FACE_BOUND('',#4515,.T.);
#4515 = EDGE_LOOP('',(#4516,#4517,#4518,#4519));
#4516 = ORIENTED_EDGE('',*,*,#4468,.T.);
#4517 = ORIENTED_EDGE('',*,*,#4014,.T.);
#4518 = ORIENTED_EDGE('',*,*,#4500,.F.);
#4519 = ORIENTED_EDGE('',*,*,#4186,.F.);
#4520 = PLANE('',#4521);
#4521 = AXIS2_PLACEMENT_3D('',#4522,#4523,#4524);
#4522 = CARTESIAN_POINT('',(-120.4625,241.5,18.925));
#4523 = DIRECTION('',(-1.110223024625E-16,2.22044604925E-16,1.));
#4524 = DIRECTION('',(1.,0.,1.110223024625E-16));
#4525 = ADVANCED_FACE('',(#4526),#4542,.F.);
#4526 = FACE_BOUND('',#4527,.T.);
#4527 = EDGE_LOOP('',(#4528,#4534,#4535,#4541));
#4528 = ORIENTED_EDGE('',*,*,#4529,.T.);
#4529 = EDGE_CURVE('',#4212,#4040,#4530,.T.);
#4530 = LINE('',#4531,#4532);
#4531 = CARTESIAN_POINT('',(-120.4625,241.5,41.4));
#4532 = VECTOR('',#4533,1.);
#4533 = DIRECTION('',(-1.110223024625E-16,-1.,2.22044604925E-16));
#4534 = ORIENTED_EDGE('',*,*,#4039,.T.);
#4535 = ORIENTED_EDGE('',*,*,#4536,.F.);
#4536 = EDGE_CURVE('',#4214,#4042,#4537,.T.);
#4537 = LINE('',#4538,#4539);
#4538 = CARTESIAN_POINT('',(-120.4625,241.5,34.8));
#4539 = VECTOR('',#4540,1.);
#4540 = DIRECTION('',(-1.110223024625E-16,-1.,2.22044604925E-16));
#4541 = ORIENTED_EDGE('',*,*,#4211,.F.);
#4542 = CYLINDRICAL_SURFACE('',#4543,3.3);
#4543 = AXIS2_PLACEMENT_3D('',#4544,#4545,#4546);
#4544 = CARTESIAN_POINT('',(-120.4625,241.5,38.1));
#4545 = DIRECTION('',(3.697785493223E-32,1.,-3.330669073875E-16));
#4546 = DIRECTION('',(1.,0.,1.110223024625E-16));
#4547 = ADVANCED_FACE('',(#4548),#4559,.T.);
#4548 = FACE_BOUND('',#4549,.T.);
#4549 = EDGE_LOOP('',(#4550,#4556,#4557,#4558));
#4550 = ORIENTED_EDGE('',*,*,#4551,.T.);
#4551 = EDGE_CURVE('',#4231,#4059,#4552,.T.);
#4552 = LINE('',#4553,#4554);
#4553 = CARTESIAN_POINT('',(-116.0625,241.5,41.4));
#4554 = VECTOR('',#4555,1.);
#4555 = DIRECTION('',(-1.110223024625E-16,-1.,2.22044604925E-16));
#4556 = ORIENTED_EDGE('',*,*,#4067,.T.);
#4557 = ORIENTED_EDGE('',*,*,#4529,.F.);
#4558 = ORIENTED_EDGE('',*,*,#4239,.F.);
#4559 = PLANE('',#4560);
#4560 = AXIS2_PLACEMENT_3D('',#4561,#4562,#4563);
#4561 = CARTESIAN_POINT('',(-116.0625,241.5,41.4));
#4562 = DIRECTION('',(1.110223024625E-16,-2.22044604925E-16,-1.));
#4563 = DIRECTION('',(-1.,0.,-1.110223024625E-16));
#4564 = ADVANCED_FACE('',(#4565),#4576,.F.);
#4565 = FACE_BOUND('',#4566,.T.);
#4566 = EDGE_LOOP('',(#4567,#4573,#4574,#4575));
#4567 = ORIENTED_EDGE('',*,*,#4568,.T.);
#4568 = EDGE_CURVE('',#4223,#4051,#4569,.T.);
#4569 = LINE('',#4570,#4571);
#4570 = CARTESIAN_POINT('',(-116.0625,241.5,34.8));
#4571 = VECTOR('',#4572,1.);
#4572 = DIRECTION('',(-1.110223024625E-16,-1.,2.22044604925E-16));
#4573 = ORIENTED_EDGE('',*,*,#4058,.T.);
#4574 = ORIENTED_EDGE('',*,*,#4551,.F.);
#4575 = ORIENTED_EDGE('',*,*,#4230,.F.);
#4576 = CYLINDRICAL_SURFACE('',#4577,3.3);
#4577 = AXIS2_PLACEMENT_3D('',#4578,#4579,#4580);
#4578 = CARTESIAN_POINT('',(-116.0625,241.5,38.1));
#4579 = DIRECTION('',(3.697785493223E-32,1.,-3.330669073875E-16));
#4580 = DIRECTION('',(1.,0.,1.110223024625E-16));
#4581 = ADVANCED_FACE('',(#4582),#4588,.T.);
#4582 = FACE_BOUND('',#4583,.T.);
#4583 = EDGE_LOOP('',(#4584,#4585,#4586,#4587));
#4584 = ORIENTED_EDGE('',*,*,#4536,.T.);
#4585 = ORIENTED_EDGE('',*,*,#4050,.T.);
#4586 = ORIENTED_EDGE('',*,*,#4568,.F.);
#4587 = ORIENTED_EDGE('',*,*,#4222,.F.);
#4588 = PLANE('',#4589);
#4589 = AXIS2_PLACEMENT_3D('',#4590,#4591,#4592);
#4590 = CARTESIAN_POINT('',(-120.4625,241.5,34.8));
#4591 = DIRECTION('',(-1.110223024625E-16,2.22044604925E-16,1.));
#4592 = DIRECTION('',(1.,0.,1.110223024625E-16));
#4593 = MANIFOLD_SOLID_BREP('',#4594);
#4594 = CLOSED_SHELL('',(#4595,#4635,#4730,#4802,#4890,#4907,#4929,#4946
    ,#4958,#4982,#5006,#5030,#5054,#5078,#5104,#5272,#5296,#5444,#5461,
    #5496,#5520,#5544,#5561,#5578,#5595,#5607,#5629,#5646,#5663,#5675,
    #5697,#5714,#5731,#5743,#5765,#5782,#5799,#5811));
#4595 = ADVANCED_FACE('',(#4596),#4630,.F.);
#4596 = FACE_BOUND('',#4597,.F.);
#4597 = EDGE_LOOP('',(#4598,#4608,#4616,#4624));
#4598 = ORIENTED_EDGE('',*,*,#4599,.F.);
#4599 = EDGE_CURVE('',#4600,#4602,#4604,.T.);
#4600 = VERTEX_POINT('',#4601);
#4601 = CARTESIAN_POINT('',(105.75,152.,12.396446609407));
#4602 = VERTEX_POINT('',#4603);
#4603 = CARTESIAN_POINT('',(105.75,152.,0.));
#4604 = LINE('',#4605,#4606);
#4605 = CARTESIAN_POINT('',(105.75,152.,12.396446609407));
#4606 = VECTOR('',#4607,1.);
#4607 = DIRECTION('',(-4.440892098501E-16,-1.110223024625E-15,-1.));
#4608 = ORIENTED_EDGE('',*,*,#4609,.T.);
#4609 = EDGE_CURVE('',#4600,#4610,#4612,.T.);
#4610 = VERTEX_POINT('',#4611);
#4611 = CARTESIAN_POINT('',(105.75,158.,12.396446609407));
#4612 = LINE('',#4613,#4614);
#4613 = CARTESIAN_POINT('',(105.75,152.,12.396446609407));
#4614 = VECTOR('',#4615,1.);
#4615 = DIRECTION('',(7.771561172376E-16,1.,1.110223024625E-16));
#4616 = ORIENTED_EDGE('',*,*,#4617,.T.);
#4617 = EDGE_CURVE('',#4610,#4618,#4620,.T.);
#4618 = VERTEX_POINT('',#4619);
#4619 = CARTESIAN_POINT('',(105.75,158.,0.));
#4620 = LINE('',#4621,#4622);
#4621 = CARTESIAN_POINT('',(105.75,158.,12.396446609407));
#4622 = VECTOR('',#4623,1.);
#4623 = DIRECTION('',(-4.440892098501E-16,-1.110223024625E-15,-1.));
#4624 = ORIENTED_EDGE('',*,*,#4625,.F.);
#4625 = EDGE_CURVE('',#4602,#4618,#4626,.T.);
#4626 = LINE('',#4627,#4628);
#4627 = CARTESIAN_POINT('',(105.75,152.,8.545941732052E-14));
#4628 = VECTOR('',#4629,1.);
#4629 = DIRECTION('',(7.771561172376E-16,1.,1.110223024625E-16));
#4630 = PLANE('',#4631);
#4631 = AXIS2_PLACEMENT_3D('',#4632,#4633,#4634);
#4632 = CARTESIAN_POINT('',(105.75,152.,12.396446609407));
#4633 = DIRECTION('',(-1.,-2.22044604925E-16,-6.661338147751E-16));
#4634 = DIRECTION('',(-3.330669073875E-16,-9.992007221626E-16,-1.));
#4635 = ADVANCED_FACE('',(#4636),#4725,.T.);
#4636 = FACE_BOUND('',#4637,.T.);
#4637 = EDGE_LOOP('',(#4638,#4648,#4656,#4664,#4672,#4680,#4688,#4696,
    #4702,#4703,#4711,#4719));
#4638 = ORIENTED_EDGE('',*,*,#4639,.F.);
#4639 = EDGE_CURVE('',#4640,#4642,#4644,.T.);
#4640 = VERTEX_POINT('',#4641);
#4641 = CARTESIAN_POINT('',(105.75,152.,40.3));
#4642 = VERTEX_POINT('',#4643);
#4643 = CARTESIAN_POINT('',(105.75,152.,27.603553390593));
#4644 = LINE('',#4645,#4646);
#4645 = CARTESIAN_POINT('',(105.75,152.,41.3));
#4646 = VECTOR('',#4647,1.);
#4647 = DIRECTION('',(-4.440892098501E-16,-1.110223024625E-15,-1.));
#4648 = ORIENTED_EDGE('',*,*,#4649,.T.);
#4649 = EDGE_CURVE('',#4640,#4650,#4652,.T.);
#4650 = VERTEX_POINT('',#4651);
#4651 = CARTESIAN_POINT('',(103.55,152.,40.3));
#4652 = LINE('',#4653,#4654);
#4653 = CARTESIAN_POINT('',(106.75,152.,40.3));
#4654 = VECTOR('',#4655,1.);
#4655 = DIRECTION('',(-1.,-5.551115123126E-16,-1.221245327088E-15));
#4656 = ORIENTED_EDGE('',*,*,#4657,.T.);
#4657 = EDGE_CURVE('',#4650,#4658,#4660,.T.);
#4658 = VERTEX_POINT('',#4659);
#4659 = CARTESIAN_POINT('',(103.55,152.,34.));
#4660 = LINE('',#4661,#4662);
#4661 = CARTESIAN_POINT('',(103.55,152.,40.3));
#4662 = VECTOR('',#4663,1.);
#4663 = DIRECTION('',(-6.661338147751E-16,-1.33226762955E-15,-1.));
#4664 = ORIENTED_EDGE('',*,*,#4665,.T.);
#4665 = EDGE_CURVE('',#4658,#4666,#4668,.T.);
#4666 = VERTEX_POINT('',#4667);
#4667 = CARTESIAN_POINT('',(99.55,152.,34.));
#4668 = LINE('',#4669,#4670);
#4669 = CARTESIAN_POINT('',(106.75,152.,34.));
#4670 = VECTOR('',#4671,1.);
#4671 = DIRECTION('',(-1.,-4.440892098501E-16,-9.992007221626E-16));
#4672 = ORIENTED_EDGE('',*,*,#4673,.T.);
#4673 = EDGE_CURVE('',#4666,#4674,#4676,.T.);
#4674 = VERTEX_POINT('',#4675);
#4675 = CARTESIAN_POINT('',(99.55,152.,6.));
#4676 = LINE('',#4677,#4678);
#4677 = CARTESIAN_POINT('',(99.55,152.,34.));
#4678 = VECTOR('',#4679,1.);
#4679 = DIRECTION('',(-5.551115123126E-16,-1.110223024625E-15,-1.));
#4680 = ORIENTED_EDGE('',*,*,#4681,.F.);
#4681 = EDGE_CURVE('',#4682,#4674,#4684,.T.);
#4682 = VERTEX_POINT('',#4683);
#4683 = CARTESIAN_POINT('',(103.55,152.,6.));
#4684 = LINE('',#4685,#4686);
#4685 = CARTESIAN_POINT('',(106.75,152.,6.));
#4686 = VECTOR('',#4687,1.);
#4687 = DIRECTION('',(-1.,-4.440892098501E-16,-9.992007221626E-16));
#4688 = ORIENTED_EDGE('',*,*,#4689,.T.);
#4689 = EDGE_CURVE('',#4682,#4690,#4692,.T.);
#4690 = VERTEX_POINT('',#4691);
#4691 = CARTESIAN_POINT('',(103.55,152.,0.));
#4692 = LINE('',#4693,#4694);
#4693 = CARTESIAN_POINT('',(103.55,152.,40.3));
#4694 = VECTOR('',#4695,1.);
#4695 = DIRECTION('',(-6.661338147751E-16,-1.33226762955E-15,-1.));
#4696 = ORIENTED_EDGE('',*,*,#4697,.F.);
#4697 = EDGE_CURVE('',#4602,#4690,#4698,.T.);
#4698 = LINE('',#4699,#4700);
#4699 = CARTESIAN_POINT('',(106.75,152.,1.436351038109E-13));
#4700 = VECTOR('',#4701,1.);
#4701 = DIRECTION('',(-1.,-5.551115123126E-16,-1.221245327088E-15));
#4702 = ORIENTED_EDGE('',*,*,#4599,.F.);
#4703 = ORIENTED_EDGE('',*,*,#4704,.F.);
#4704 = EDGE_CURVE('',#4705,#4600,#4707,.T.);
#4705 = VERTEX_POINT('',#4706);
#4706 = CARTESIAN_POINT('',(101.75,152.,8.396446609407));
#4707 = LINE('',#4708,#4709);
#4708 = CARTESIAN_POINT('',(101.75,152.,8.396446609407));
#4709 = VECTOR('',#4710,1.);
#4710 = DIRECTION('',(0.707106781187,1.099064721079E-15,0.707106781187)
  );
#4711 = ORIENTED_EDGE('',*,*,#4712,.F.);
#4712 = EDGE_CURVE('',#4713,#4705,#4715,.T.);
#4713 = VERTEX_POINT('',#4714);
#4714 = CARTESIAN_POINT('',(101.75,152.,31.603553390593));
#4715 = LINE('',#4716,#4717);
#4716 = CARTESIAN_POINT('',(101.75,152.,31.603553390593));
#4717 = VECTOR('',#4718,1.);
#4718 = DIRECTION('',(-4.440892098501E-16,-1.110223024625E-15,-1.));
#4719 = ORIENTED_EDGE('',*,*,#4720,.F.);
#4720 = EDGE_CURVE('',#4642,#4713,#4721,.T.);
#4721 = LINE('',#4722,#4723);
#4722 = CARTESIAN_POINT('',(105.75,152.,27.603553390593));
#4723 = VECTOR('',#4724,1.);
#4724 = DIRECTION('',(-0.707106781187,4.710277376051E-16,0.707106781187)
  );
#4725 = PLANE('',#4726);
#4726 = AXIS2_PLACEMENT_3D('',#4727,#4728,#4729);
#4727 = CARTESIAN_POINT('',(103.66789473684,152.,20.137368421053));
#4728 = DIRECTION('',(-1.170147422349E-15,-1.,-4.440892098501E-16));
#4729 = DIRECTION('',(-1.,-1.621202072008E-16,-8.881784197001E-16));
#4730 = ADVANCED_FACE('',(#4731),#4797,.T.);
#4731 = FACE_BOUND('',#4732,.T.);
#4732 = EDGE_LOOP('',(#4733,#4734,#4735,#4743,#4751,#4759,#4767,#4775,
    #4783,#4791));
#4733 = ORIENTED_EDGE('',*,*,#4625,.F.);
#4734 = ORIENTED_EDGE('',*,*,#4697,.T.);
#4735 = ORIENTED_EDGE('',*,*,#4736,.T.);
#4736 = EDGE_CURVE('',#4690,#4737,#4739,.T.);
#4737 = VERTEX_POINT('',#4738);
#4738 = CARTESIAN_POINT('',(103.55,235.,0.));
#4739 = LINE('',#4740,#4741);
#4740 = CARTESIAN_POINT('',(103.55,152.,1.656452752741E-13));
#4741 = VECTOR('',#4742,1.);
#4742 = DIRECTION('',(1.33226762955E-15,1.,6.661338147751E-16));
#4743 = ORIENTED_EDGE('',*,*,#4744,.F.);
#4744 = EDGE_CURVE('',#4745,#4737,#4747,.T.);
#4745 = VERTEX_POINT('',#4746);
#4746 = CARTESIAN_POINT('',(94.,235.,0.));
#4747 = LINE('',#4748,#4749);
#4748 = CARTESIAN_POINT('',(94.,235.,-4.263256414561E-14));
#4749 = VECTOR('',#4750,1.);
#4750 = DIRECTION('',(1.,2.22044604925E-16,4.440892098501E-16));
#4751 = ORIENTED_EDGE('',*,*,#4752,.T.);
#4752 = EDGE_CURVE('',#4745,#4753,#4755,.T.);
#4753 = VERTEX_POINT('',#4754);
#4754 = CARTESIAN_POINT('',(94.,241.5,0.));
#4755 = LINE('',#4756,#4757);
#4756 = CARTESIAN_POINT('',(94.,235.,3.369526879737E-14));
#4757 = VECTOR('',#4758,1.);
#4758 = DIRECTION('',(3.330669073875E-16,1.,-1.110223024625E-16));
#4759 = ORIENTED_EDGE('',*,*,#4760,.T.);
#4760 = EDGE_CURVE('',#4753,#4761,#4763,.T.);
#4761 = VERTEX_POINT('',#4762);
#4762 = CARTESIAN_POINT('',(123.,241.5,0.));
#4763 = LINE('',#4764,#4765);
#4764 = CARTESIAN_POINT('',(94.,241.5,-4.263256414561E-14));
#4765 = VECTOR('',#4766,1.);
#4766 = DIRECTION('',(1.,2.22044604925E-16,4.440892098501E-16));
#4767 = ORIENTED_EDGE('',*,*,#4768,.F.);
#4768 = EDGE_CURVE('',#4769,#4761,#4771,.T.);
#4769 = VERTEX_POINT('',#4770);
#4770 = CARTESIAN_POINT('',(123.,235.,0.));
#4771 = LINE('',#4772,#4773);
#4772 = CARTESIAN_POINT('',(123.,235.,4.335420911161E-14));
#4773 = VECTOR('',#4774,1.);
#4774 = DIRECTION('',(3.330669073875E-16,1.,-1.110223024625E-16));
#4775 = ORIENTED_EDGE('',*,*,#4776,.F.);
#4776 = EDGE_CURVE('',#4777,#4769,#4779,.T.);
#4777 = VERTEX_POINT('',#4778);
#4778 = CARTESIAN_POINT('',(106.75,235.,0.));
#4779 = LINE('',#4780,#4781);
#4780 = CARTESIAN_POINT('',(94.,235.,-4.263256414561E-14));
#4781 = VECTOR('',#4782,1.);
#4782 = DIRECTION('',(1.,2.22044604925E-16,4.440892098501E-16));
#4783 = ORIENTED_EDGE('',*,*,#4784,.F.);
#4784 = EDGE_CURVE('',#4785,#4777,#4787,.T.);
#4785 = VERTEX_POINT('',#4786);
#4786 = CARTESIAN_POINT('',(106.75,158.,0.));
#4787 = LINE('',#4788,#4789);
#4788 = CARTESIAN_POINT('',(106.75,152.,1.723621245731E-13));
#4789 = VECTOR('',#4790,1.);
#4790 = DIRECTION('',(1.33226762955E-15,1.,6.661338147751E-16));
#4791 = ORIENTED_EDGE('',*,*,#4792,.F.);
#4792 = EDGE_CURVE('',#4618,#4785,#4793,.T.);
#4793 = LINE('',#4794,#4795);
#4794 = CARTESIAN_POINT('',(106.01730839842,158.,8.524890242506E-14));
#4795 = VECTOR('',#4796,1.);
#4796 = DIRECTION('',(1.,2.22044604925E-16,7.771561172376E-16));
#4797 = PLANE('',#4798);
#4798 = AXIS2_PLACEMENT_3D('',#4799,#4800,#4801);
#4799 = CARTESIAN_POINT('',(106.12827004219,205.81075949367,
    3.374010058292E-14));
#4800 = DIRECTION('',(-1.110223024625E-16,-2.22044604925E-16,-1.));
#4801 = DIRECTION('',(-1.,-1.110223024625E-16,-2.22044604925E-16));
#4802 = ADVANCED_FACE('',(#4803),#4885,.F.);
#4803 = FACE_BOUND('',#4804,.F.);
#4804 = EDGE_LOOP('',(#4805,#4806,#4807,#4815,#4823,#4831,#4839,#4847,
    #4855,#4863,#4871,#4879));
#4805 = ORIENTED_EDGE('',*,*,#4792,.F.);
#4806 = ORIENTED_EDGE('',*,*,#4617,.F.);
#4807 = ORIENTED_EDGE('',*,*,#4808,.F.);
#4808 = EDGE_CURVE('',#4809,#4610,#4811,.T.);
#4809 = VERTEX_POINT('',#4810);
#4810 = CARTESIAN_POINT('',(101.75,158.,8.396446609407));
#4811 = LINE('',#4812,#4813);
#4812 = CARTESIAN_POINT('',(101.75,158.,8.396446609407));
#4813 = VECTOR('',#4814,1.);
#4814 = DIRECTION('',(0.707106781187,1.099064721079E-15,0.707106781187)
  );
#4815 = ORIENTED_EDGE('',*,*,#4816,.F.);
#4816 = EDGE_CURVE('',#4817,#4809,#4819,.T.);
#4817 = VERTEX_POINT('',#4818);
#4818 = CARTESIAN_POINT('',(101.75,158.,31.603553390593));
#4819 = LINE('',#4820,#4821);
#4820 = CARTESIAN_POINT('',(101.75,158.,31.603553390593));
#4821 = VECTOR('',#4822,1.);
#4822 = DIRECTION('',(-4.440892098501E-16,-1.110223024625E-15,-1.));
#4823 = ORIENTED_EDGE('',*,*,#4824,.F.);
#4824 = EDGE_CURVE('',#4825,#4817,#4827,.T.);
#4825 = VERTEX_POINT('',#4826);
#4826 = CARTESIAN_POINT('',(105.75,158.,27.603553390593));
#4827 = LINE('',#4828,#4829);
#4828 = CARTESIAN_POINT('',(105.75,158.,27.603553390593));
#4829 = VECTOR('',#4830,1.);
#4830 = DIRECTION('',(-0.707106781187,4.710277376051E-16,0.707106781187)
  );
#4831 = ORIENTED_EDGE('',*,*,#4832,.F.);
#4832 = EDGE_CURVE('',#4833,#4825,#4835,.T.);
#4833 = VERTEX_POINT('',#4834);
#4834 = CARTESIAN_POINT('',(105.75,158.,40.3));
#4835 = LINE('',#4836,#4837);
#4836 = CARTESIAN_POINT('',(105.75,158.,41.3));
#4837 = VECTOR('',#4838,1.);
#4838 = DIRECTION('',(-4.440892098501E-16,-1.110223024625E-15,-1.));
#4839 = ORIENTED_EDGE('',*,*,#4840,.F.);
#4840 = EDGE_CURVE('',#4841,#4833,#4843,.T.);
#4841 = VERTEX_POINT('',#4842);
#4842 = CARTESIAN_POINT('',(106.75,158.,40.3));
#4843 = LINE('',#4844,#4845);
#4844 = CARTESIAN_POINT('',(106.01730839842,158.,40.3));
#4845 = VECTOR('',#4846,1.);
#4846 = DIRECTION('',(-1.,-2.22044604925E-16,-7.771561172376E-16));
#4847 = ORIENTED_EDGE('',*,*,#4848,.F.);
#4848 = EDGE_CURVE('',#4849,#4841,#4851,.T.);
#4849 = VERTEX_POINT('',#4850);
#4850 = CARTESIAN_POINT('',(106.75,158.,25.603553390593));
#4851 = LINE('',#4852,#4853);
#4852 = CARTESIAN_POINT('',(106.75,158.,20.136451427439));
#4853 = VECTOR('',#4854,1.);
#4854 = DIRECTION('',(2.22044604925E-16,6.661338147751E-16,1.));
#4855 = ORIENTED_EDGE('',*,*,#4856,.T.);
#4856 = EDGE_CURVE('',#4849,#4857,#4859,.T.);
#4857 = VERTEX_POINT('',#4858);
#4858 = CARTESIAN_POINT('',(102.75,158.,29.603553390593));
#4859 = LINE('',#4860,#4861);
#4860 = CARTESIAN_POINT('',(105.75381683314,158.,26.599736557454));
#4861 = VECTOR('',#4862,1.);
#4862 = DIRECTION('',(-0.707106781187,3.140184917368E-16,0.707106781187)
  );
#4863 = ORIENTED_EDGE('',*,*,#4864,.T.);
#4864 = EDGE_CURVE('',#4857,#4865,#4867,.T.);
#4865 = VERTEX_POINT('',#4866);
#4866 = CARTESIAN_POINT('',(102.75,158.,10.396446609407));
#4867 = LINE('',#4868,#4869);
#4868 = CARTESIAN_POINT('',(102.75,158.,15.259674732142));
#4869 = VECTOR('',#4870,1.);
#4870 = DIRECTION('',(-2.22044604925E-16,-4.440892098501E-16,-1.));
#4871 = ORIENTED_EDGE('',*,*,#4872,.T.);
#4872 = EDGE_CURVE('',#4865,#4873,#4875,.T.);
#4873 = VERTEX_POINT('',#4874);
#4874 = CARTESIAN_POINT('',(106.75,158.,14.396446609407));
#4875 = LINE('',#4876,#4877);
#4876 = CARTESIAN_POINT('',(108.06526826057,158.,15.711714869985));
#4877 = VECTOR('',#4878,1.);
#4878 = DIRECTION('',(0.707106781187,3.140184917368E-16,0.707106781187)
  );
#4879 = ORIENTED_EDGE('',*,*,#4880,.F.);
#4880 = EDGE_CURVE('',#4785,#4873,#4881,.T.);
#4881 = LINE('',#4882,#4883);
#4882 = CARTESIAN_POINT('',(106.75,158.,20.136451427439));
#4883 = VECTOR('',#4884,1.);
#4884 = DIRECTION('',(2.22044604925E-16,6.661338147751E-16,1.));
#4885 = PLANE('',#4886);
#4886 = AXIS2_PLACEMENT_3D('',#4887,#4888,#4889);
#4887 = CARTESIAN_POINT('',(105.28461679684,158.,20.122902854877));
#4888 = DIRECTION('',(8.881784197001E-16,1.,4.440892098501E-16));
#4889 = DIRECTION('',(4.440892098501E-16,8.881784197001E-16,1.));
#4890 = ADVANCED_FACE('',(#4891),#4902,.F.);
#4891 = FACE_BOUND('',#4892,.F.);
#4892 = EDGE_LOOP('',(#4893,#4899,#4900,#4901));
#4893 = ORIENTED_EDGE('',*,*,#4894,.T.);
#4894 = EDGE_CURVE('',#4705,#4809,#4895,.T.);
#4895 = LINE('',#4896,#4897);
#4896 = CARTESIAN_POINT('',(101.75,152.,8.396446609407));
#4897 = VECTOR('',#4898,1.);
#4898 = DIRECTION('',(7.771561172376E-16,1.,1.110223024625E-16));
#4899 = ORIENTED_EDGE('',*,*,#4808,.T.);
#4900 = ORIENTED_EDGE('',*,*,#4609,.F.);
#4901 = ORIENTED_EDGE('',*,*,#4704,.F.);
#4902 = PLANE('',#4903);
#4903 = AXIS2_PLACEMENT_3D('',#4904,#4905,#4906);
#4904 = CARTESIAN_POINT('',(101.75,152.,8.396446609407));
#4905 = DIRECTION('',(0.707106781187,-4.710277376051E-16,-0.707106781187
    ));
#4906 = DIRECTION('',(0.707106781187,9.420554752103E-16,0.707106781187)
  );
#4907 = ADVANCED_FACE('',(#4908),#4924,.F.);
#4908 = FACE_BOUND('',#4909,.F.);
#4909 = EDGE_LOOP('',(#4910,#4911,#4917,#4918));
#4910 = ORIENTED_EDGE('',*,*,#4639,.F.);
#4911 = ORIENTED_EDGE('',*,*,#4912,.F.);
#4912 = EDGE_CURVE('',#4833,#4640,#4913,.T.);
#4913 = LINE('',#4914,#4915);
#4914 = CARTESIAN_POINT('',(105.75,193.5,40.3));
#4915 = VECTOR('',#4916,1.);
#4916 = DIRECTION('',(-7.771561172376E-16,-1.,-1.110223024625E-16));
#4917 = ORIENTED_EDGE('',*,*,#4832,.T.);
#4918 = ORIENTED_EDGE('',*,*,#4919,.F.);
#4919 = EDGE_CURVE('',#4642,#4825,#4920,.T.);
#4920 = LINE('',#4921,#4922);
#4921 = CARTESIAN_POINT('',(105.75,152.,27.603553390593));
#4922 = VECTOR('',#4923,1.);
#4923 = DIRECTION('',(7.771561172376E-16,1.,1.110223024625E-16));
#4924 = PLANE('',#4925);
#4925 = AXIS2_PLACEMENT_3D('',#4926,#4927,#4928);
#4926 = CARTESIAN_POINT('',(105.75,152.,41.3));
#4927 = DIRECTION('',(-1.,-2.22044604925E-16,-6.661338147751E-16));
#4928 = DIRECTION('',(-3.330669073875E-16,-9.992007221626E-16,-1.));
#4929 = ADVANCED_FACE('',(#4930),#4941,.F.);
#4930 = FACE_BOUND('',#4931,.F.);
#4931 = EDGE_LOOP('',(#4932,#4933,#4934,#4940));
#4932 = ORIENTED_EDGE('',*,*,#4919,.T.);
#4933 = ORIENTED_EDGE('',*,*,#4824,.T.);
#4934 = ORIENTED_EDGE('',*,*,#4935,.F.);
#4935 = EDGE_CURVE('',#4713,#4817,#4936,.T.);
#4936 = LINE('',#4937,#4938);
#4937 = CARTESIAN_POINT('',(101.75,152.,31.603553390593));
#4938 = VECTOR('',#4939,1.);
#4939 = DIRECTION('',(7.771561172376E-16,1.,1.110223024625E-16));
#4940 = ORIENTED_EDGE('',*,*,#4720,.F.);
#4941 = PLANE('',#4942);
#4942 = AXIS2_PLACEMENT_3D('',#4943,#4944,#4945);
#4943 = CARTESIAN_POINT('',(105.75,152.,27.603553390593));
#4944 = DIRECTION('',(0.707106781187,7.850462293419E-16,0.707106781187)
  );
#4945 = DIRECTION('',(-0.707106781187,4.710277376051E-16,0.707106781187)
  );
#4946 = ADVANCED_FACE('',(#4947),#4953,.F.);
#4947 = FACE_BOUND('',#4948,.F.);
#4948 = EDGE_LOOP('',(#4949,#4950,#4951,#4952));
#4949 = ORIENTED_EDGE('',*,*,#4935,.T.);
#4950 = ORIENTED_EDGE('',*,*,#4816,.T.);
#4951 = ORIENTED_EDGE('',*,*,#4894,.F.);
#4952 = ORIENTED_EDGE('',*,*,#4712,.F.);
#4953 = PLANE('',#4954);
#4954 = AXIS2_PLACEMENT_3D('',#4955,#4956,#4957);
#4955 = CARTESIAN_POINT('',(101.75,152.,31.603553390593));
#4956 = DIRECTION('',(-1.,-2.22044604925E-16,-6.661338147751E-16));
#4957 = DIRECTION('',(-3.330669073875E-16,-9.992007221626E-16,-1.));
#4958 = ADVANCED_FACE('',(#4959),#4977,.F.);
#4959 = FACE_BOUND('',#4960,.F.);
#4960 = EDGE_LOOP('',(#4961,#4962,#4963,#4971));
#4961 = ORIENTED_EDGE('',*,*,#4689,.T.);
#4962 = ORIENTED_EDGE('',*,*,#4736,.T.);
#4963 = ORIENTED_EDGE('',*,*,#4964,.T.);
#4964 = EDGE_CURVE('',#4737,#4965,#4967,.T.);
#4965 = VERTEX_POINT('',#4966);
#4966 = CARTESIAN_POINT('',(103.55,235.,6.));
#4967 = LINE('',#4968,#4969);
#4968 = CARTESIAN_POINT('',(103.55,235.,2.207123372955E-13));
#4969 = VECTOR('',#4970,1.);
#4970 = DIRECTION('',(6.661338147751E-16,1.33226762955E-15,1.));
#4971 = ORIENTED_EDGE('',*,*,#4972,.F.);
#4972 = EDGE_CURVE('',#4682,#4965,#4973,.T.);
#4973 = LINE('',#4974,#4975);
#4974 = CARTESIAN_POINT('',(103.55,172.75,6.));
#4975 = VECTOR('',#4976,1.);
#4976 = DIRECTION('',(8.881784197001E-16,1.,4.440892098501E-16));
#4977 = PLANE('',#4978);
#4978 = AXIS2_PLACEMENT_3D('',#4979,#4980,#4981);
#4979 = CARTESIAN_POINT('',(103.55,193.5,20.15));
#4980 = DIRECTION('',(1.,6.661338147751E-16,1.33226762955E-15));
#4981 = DIRECTION('',(6.661338147751E-16,1.33226762955E-15,1.));
#4982 = ADVANCED_FACE('',(#4983),#5001,.T.);
#4983 = FACE_BOUND('',#4984,.T.);
#4984 = EDGE_LOOP('',(#4985,#4986,#4987,#4995));
#4985 = ORIENTED_EDGE('',*,*,#4972,.F.);
#4986 = ORIENTED_EDGE('',*,*,#4681,.T.);
#4987 = ORIENTED_EDGE('',*,*,#4988,.T.);
#4988 = EDGE_CURVE('',#4674,#4989,#4991,.T.);
#4989 = VERTEX_POINT('',#4990);
#4990 = CARTESIAN_POINT('',(99.55,235.,6.));
#4991 = LINE('',#4992,#4993);
#4992 = CARTESIAN_POINT('',(99.55,152.,6.));
#4993 = VECTOR('',#4994,1.);
#4994 = DIRECTION('',(1.110223024625E-15,1.,5.551115123126E-16));
#4995 = ORIENTED_EDGE('',*,*,#4996,.F.);
#4996 = EDGE_CURVE('',#4965,#4989,#4997,.T.);
#4997 = LINE('',#4998,#4999);
#4998 = CARTESIAN_POINT('',(106.75,235.,6.));
#4999 = VECTOR('',#5000,1.);
#5000 = DIRECTION('',(-1.,-4.440892098501E-16,-9.992007221626E-16));
#5001 = PLANE('',#5002);
#5002 = AXIS2_PLACEMENT_3D('',#5003,#5004,#5005);
#5003 = CARTESIAN_POINT('',(106.75,152.,6.));
#5004 = DIRECTION('',(-3.330669073875E-16,-8.881784197001E-16,-1.));
#5005 = DIRECTION('',(9.992007221626E-16,1.,4.440892098501E-16));
#5006 = ADVANCED_FACE('',(#5007),#5025,.F.);
#5007 = FACE_BOUND('',#5008,.F.);
#5008 = EDGE_LOOP('',(#5009,#5010,#5018,#5024));
#5009 = ORIENTED_EDGE('',*,*,#4988,.T.);
#5010 = ORIENTED_EDGE('',*,*,#5011,.T.);
#5011 = EDGE_CURVE('',#4989,#5012,#5014,.T.);
#5012 = VERTEX_POINT('',#5013);
#5013 = CARTESIAN_POINT('',(99.55,235.,34.));
#5014 = LINE('',#5015,#5016);
#5015 = CARTESIAN_POINT('',(99.55,235.,6.));
#5016 = VECTOR('',#5017,1.);
#5017 = DIRECTION('',(5.551115123126E-16,1.110223024625E-15,1.));
#5018 = ORIENTED_EDGE('',*,*,#5019,.T.);
#5019 = EDGE_CURVE('',#5012,#4666,#5020,.T.);
#5020 = LINE('',#5021,#5022);
#5021 = CARTESIAN_POINT('',(99.55,235.,34.));
#5022 = VECTOR('',#5023,1.);
#5023 = DIRECTION('',(-1.110223024625E-15,-1.,-5.551115123126E-16));
#5024 = ORIENTED_EDGE('',*,*,#4673,.T.);
#5025 = PLANE('',#5026);
#5026 = AXIS2_PLACEMENT_3D('',#5027,#5028,#5029);
#5027 = CARTESIAN_POINT('',(99.55,193.5,20.));
#5028 = DIRECTION('',(1.,5.551115123126E-16,1.110223024625E-15));
#5029 = DIRECTION('',(5.551115123126E-16,1.110223024625E-15,1.));
#5030 = ADVANCED_FACE('',(#5031),#5049,.T.);
#5031 = FACE_BOUND('',#5032,.T.);
#5032 = EDGE_LOOP('',(#5033,#5041,#5047,#5048));
#5033 = ORIENTED_EDGE('',*,*,#5034,.F.);
#5034 = EDGE_CURVE('',#5035,#4658,#5037,.T.);
#5035 = VERTEX_POINT('',#5036);
#5036 = CARTESIAN_POINT('',(103.55,235.,34.));
#5037 = LINE('',#5038,#5039);
#5038 = CARTESIAN_POINT('',(103.55,214.25,34.));
#5039 = VECTOR('',#5040,1.);
#5040 = DIRECTION('',(-8.881784197001E-16,-1.,-4.440892098501E-16));
#5041 = ORIENTED_EDGE('',*,*,#5042,.T.);
#5042 = EDGE_CURVE('',#5035,#5012,#5043,.T.);
#5043 = LINE('',#5044,#5045);
#5044 = CARTESIAN_POINT('',(106.75,235.,34.));
#5045 = VECTOR('',#5046,1.);
#5046 = DIRECTION('',(-1.,-4.440892098501E-16,-9.992007221626E-16));
#5047 = ORIENTED_EDGE('',*,*,#5019,.T.);
#5048 = ORIENTED_EDGE('',*,*,#4665,.F.);
#5049 = PLANE('',#5050);
#5050 = AXIS2_PLACEMENT_3D('',#5051,#5052,#5053);
#5051 = CARTESIAN_POINT('',(106.75,235.,34.));
#5052 = DIRECTION('',(3.330669073875E-16,8.881784197001E-16,1.));
#5053 = DIRECTION('',(-9.992007221626E-16,-1.,-4.440892098501E-16));
#5054 = ADVANCED_FACE('',(#5055),#5073,.F.);
#5055 = FACE_BOUND('',#5056,.F.);
#5056 = EDGE_LOOP('',(#5057,#5058,#5059,#5067));
#5057 = ORIENTED_EDGE('',*,*,#4657,.T.);
#5058 = ORIENTED_EDGE('',*,*,#5034,.F.);
#5059 = ORIENTED_EDGE('',*,*,#5060,.T.);
#5060 = EDGE_CURVE('',#5035,#5061,#5063,.T.);
#5061 = VERTEX_POINT('',#5062);
#5062 = CARTESIAN_POINT('',(103.55,235.,40.3));
#5063 = LINE('',#5064,#5065);
#5064 = CARTESIAN_POINT('',(103.55,235.,2.207123372955E-13));
#5065 = VECTOR('',#5066,1.);
#5066 = DIRECTION('',(6.661338147751E-16,1.33226762955E-15,1.));
#5067 = ORIENTED_EDGE('',*,*,#5068,.T.);
#5068 = EDGE_CURVE('',#5061,#4650,#5069,.T.);
#5069 = LINE('',#5070,#5071);
#5070 = CARTESIAN_POINT('',(103.55,235.,40.3));
#5071 = VECTOR('',#5072,1.);
#5072 = DIRECTION('',(-1.33226762955E-15,-1.,-6.661338147751E-16));
#5073 = PLANE('',#5074);
#5074 = AXIS2_PLACEMENT_3D('',#5075,#5076,#5077);
#5075 = CARTESIAN_POINT('',(103.55,193.5,20.15));
#5076 = DIRECTION('',(1.,6.661338147751E-16,1.33226762955E-15));
#5077 = DIRECTION('',(6.661338147751E-16,1.33226762955E-15,1.));
#5078 = ADVANCED_FACE('',(#5079),#5099,.T.);
#5079 = FACE_BOUND('',#5080,.T.);
#5080 = EDGE_LOOP('',(#5081,#5089,#5095,#5096,#5097,#5098));
#5081 = ORIENTED_EDGE('',*,*,#5082,.F.);
#5082 = EDGE_CURVE('',#5083,#4841,#5085,.T.);
#5083 = VERTEX_POINT('',#5084);
#5084 = CARTESIAN_POINT('',(106.75,235.,40.3));
#5085 = LINE('',#5086,#5087);
#5086 = CARTESIAN_POINT('',(106.75,235.,40.3));
#5087 = VECTOR('',#5088,1.);
#5088 = DIRECTION('',(-1.33226762955E-15,-1.,-6.661338147751E-16));
#5089 = ORIENTED_EDGE('',*,*,#5090,.T.);
#5090 = EDGE_CURVE('',#5083,#5061,#5091,.T.);
#5091 = LINE('',#5092,#5093);
#5092 = CARTESIAN_POINT('',(106.75,235.,40.3));
#5093 = VECTOR('',#5094,1.);
#5094 = DIRECTION('',(-1.,-5.551115123126E-16,-1.221245327088E-15));
#5095 = ORIENTED_EDGE('',*,*,#5068,.T.);
#5096 = ORIENTED_EDGE('',*,*,#4649,.F.);
#5097 = ORIENTED_EDGE('',*,*,#4912,.F.);
#5098 = ORIENTED_EDGE('',*,*,#4840,.F.);
#5099 = PLANE('',#5100);
#5100 = AXIS2_PLACEMENT_3D('',#5101,#5102,#5103);
#5101 = CARTESIAN_POINT('',(106.75,235.,40.3));
#5102 = DIRECTION('',(4.440892098501E-16,1.110223024625E-15,1.));
#5103 = DIRECTION('',(-1.221245327088E-15,-1.,-5.551115123126E-16));
#5104 = ADVANCED_FACE('',(#5105,#5159,#5195,#5231),#5267,.F.);
#5105 = FACE_BOUND('',#5106,.F.);
#5106 = EDGE_LOOP('',(#5107,#5108,#5116,#5124,#5132,#5140,#5146,#5147,
    #5153,#5154,#5155,#5156,#5157,#5158));
#5107 = ORIENTED_EDGE('',*,*,#4744,.F.);
#5108 = ORIENTED_EDGE('',*,*,#5109,.F.);
#5109 = EDGE_CURVE('',#5110,#4745,#5112,.T.);
#5110 = VERTEX_POINT('',#5111);
#5111 = CARTESIAN_POINT('',(94.,235.,44.45));
#5112 = LINE('',#5113,#5114);
#5113 = CARTESIAN_POINT('',(94.,235.,44.45));
#5114 = VECTOR('',#5115,1.);
#5115 = DIRECTION('',(-2.22044604925E-16,-6.661338147751E-16,-1.));
#5116 = ORIENTED_EDGE('',*,*,#5117,.F.);
#5117 = EDGE_CURVE('',#5118,#5110,#5120,.T.);
#5118 = VERTEX_POINT('',#5119);
#5119 = CARTESIAN_POINT('',(123.,235.,44.45));
#5120 = LINE('',#5121,#5122);
#5121 = CARTESIAN_POINT('',(123.,235.,44.45));
#5122 = VECTOR('',#5123,1.);
#5123 = DIRECTION('',(-1.,-2.22044604925E-16,-4.440892098501E-16));
#5124 = ORIENTED_EDGE('',*,*,#5125,.F.);
#5125 = EDGE_CURVE('',#5126,#5118,#5128,.T.);
#5126 = VERTEX_POINT('',#5127);
#5127 = CARTESIAN_POINT('',(127.,235.,40.45));
#5128 = LINE('',#5129,#5130);
#5129 = CARTESIAN_POINT('',(127.,235.,40.45));
#5130 = VECTOR('',#5131,1.);
#5131 = DIRECTION('',(-0.707106781187,3.140184917368E-16,0.707106781187)
  );
#5132 = ORIENTED_EDGE('',*,*,#5133,.F.);
#5133 = EDGE_CURVE('',#5134,#5126,#5136,.T.);
#5134 = VERTEX_POINT('',#5135);
#5135 = CARTESIAN_POINT('',(127.,235.,4.));
#5136 = LINE('',#5137,#5138);
#5137 = CARTESIAN_POINT('',(127.,235.,4.));
#5138 = VECTOR('',#5139,1.);
#5139 = DIRECTION('',(2.22044604925E-16,6.661338147751E-16,1.));
#5140 = ORIENTED_EDGE('',*,*,#5141,.F.);
#5141 = EDGE_CURVE('',#4769,#5134,#5142,.T.);
#5142 = LINE('',#5143,#5144);
#5143 = CARTESIAN_POINT('',(123.,235.,-2.84217094304E-14));
#5144 = VECTOR('',#5145,1.);
#5145 = DIRECTION('',(0.707106781187,6.280369834735E-16,0.707106781187)
  );
#5146 = ORIENTED_EDGE('',*,*,#4776,.F.);
#5147 = ORIENTED_EDGE('',*,*,#5148,.T.);
#5148 = EDGE_CURVE('',#4777,#5083,#5149,.T.);
#5149 = LINE('',#5150,#5151);
#5150 = CARTESIAN_POINT('',(106.75,235.,1.517674874663E-13));
#5151 = VECTOR('',#5152,1.);
#5152 = DIRECTION('',(4.440892098501E-16,1.110223024625E-15,1.));
#5153 = ORIENTED_EDGE('',*,*,#5090,.T.);
#5154 = ORIENTED_EDGE('',*,*,#5060,.F.);
#5155 = ORIENTED_EDGE('',*,*,#5042,.T.);
#5156 = ORIENTED_EDGE('',*,*,#5011,.F.);
#5157 = ORIENTED_EDGE('',*,*,#4996,.F.);
#5158 = ORIENTED_EDGE('',*,*,#4964,.F.);
#5159 = FACE_BOUND('',#5160,.F.);
#5160 = EDGE_LOOP('',(#5161,#5172,#5180,#5189));
#5161 = ORIENTED_EDGE('',*,*,#5162,.T.);
#5162 = EDGE_CURVE('',#5163,#5165,#5167,.T.);
#5163 = VERTEX_POINT('',#5164);
#5164 = CARTESIAN_POINT('',(116.0625,235.,9.65));
#5165 = VERTEX_POINT('',#5166);
#5166 = CARTESIAN_POINT('',(116.0625,235.,3.05));
#5167 = CIRCLE('',#5168,3.3);
#5168 = AXIS2_PLACEMENT_3D('',#5169,#5170,#5171);
#5169 = CARTESIAN_POINT('',(116.0625,235.,6.35));
#5170 = DIRECTION('',(1.110223024625E-16,-1.,4.440892098501E-16));
#5171 = DIRECTION('',(1.,1.110223024625E-16,2.22044604925E-16));
#5172 = ORIENTED_EDGE('',*,*,#5173,.T.);
#5173 = EDGE_CURVE('',#5165,#5174,#5176,.T.);
#5174 = VERTEX_POINT('',#5175);
#5175 = CARTESIAN_POINT('',(120.4625,235.,3.05));
#5176 = LINE('',#5177,#5178);
#5177 = CARTESIAN_POINT('',(116.0625,235.,3.05));
#5178 = VECTOR('',#5179,1.);
#5179 = DIRECTION('',(1.,1.110223024625E-16,2.22044604925E-16));
#5180 = ORIENTED_EDGE('',*,*,#5181,.T.);
#5181 = EDGE_CURVE('',#5174,#5182,#5184,.T.);
#5182 = VERTEX_POINT('',#5183);
#5183 = CARTESIAN_POINT('',(120.4625,235.,9.65));
#5184 = CIRCLE('',#5185,3.3);
#5185 = AXIS2_PLACEMENT_3D('',#5186,#5187,#5188);
#5186 = CARTESIAN_POINT('',(120.4625,235.,6.35));
#5187 = DIRECTION('',(1.110223024625E-16,-1.,4.440892098501E-16));
#5188 = DIRECTION('',(1.,1.110223024625E-16,2.22044604925E-16));
#5189 = ORIENTED_EDGE('',*,*,#5190,.T.);
#5190 = EDGE_CURVE('',#5182,#5163,#5191,.T.);
#5191 = LINE('',#5192,#5193);
#5192 = CARTESIAN_POINT('',(120.4625,235.,9.65));
#5193 = VECTOR('',#5194,1.);
#5194 = DIRECTION('',(-1.,-1.110223024625E-16,-2.22044604925E-16));
#5195 = FACE_BOUND('',#5196,.F.);
#5196 = EDGE_LOOP('',(#5197,#5208,#5216,#5225));
#5197 = ORIENTED_EDGE('',*,*,#5198,.T.);
#5198 = EDGE_CURVE('',#5199,#5201,#5203,.T.);
#5199 = VERTEX_POINT('',#5200);
#5200 = CARTESIAN_POINT('',(116.0625,235.,25.525));
#5201 = VERTEX_POINT('',#5202);
#5202 = CARTESIAN_POINT('',(116.0625,235.,18.925));
#5203 = CIRCLE('',#5204,3.3);
#5204 = AXIS2_PLACEMENT_3D('',#5205,#5206,#5207);
#5205 = CARTESIAN_POINT('',(116.0625,235.,22.225));
#5206 = DIRECTION('',(1.110223024625E-16,-1.,4.440892098501E-16));
#5207 = DIRECTION('',(1.,1.110223024625E-16,2.22044604925E-16));
#5208 = ORIENTED_EDGE('',*,*,#5209,.T.);
#5209 = EDGE_CURVE('',#5201,#5210,#5212,.T.);
#5210 = VERTEX_POINT('',#5211);
#5211 = CARTESIAN_POINT('',(120.4625,235.,18.925));
#5212 = LINE('',#5213,#5214);
#5213 = CARTESIAN_POINT('',(116.0625,235.,18.925));
#5214 = VECTOR('',#5215,1.);
#5215 = DIRECTION('',(1.,1.110223024625E-16,2.22044604925E-16));
#5216 = ORIENTED_EDGE('',*,*,#5217,.T.);
#5217 = EDGE_CURVE('',#5210,#5218,#5220,.T.);
#5218 = VERTEX_POINT('',#5219);
#5219 = CARTESIAN_POINT('',(120.4625,235.,25.525));
#5220 = CIRCLE('',#5221,3.3);
#5221 = AXIS2_PLACEMENT_3D('',#5222,#5223,#5224);
#5222 = CARTESIAN_POINT('',(120.4625,235.,22.225));
#5223 = DIRECTION('',(1.110223024625E-16,-1.,4.440892098501E-16));
#5224 = DIRECTION('',(1.,1.110223024625E-16,2.22044604925E-16));
#5225 = ORIENTED_EDGE('',*,*,#5226,.T.);
#5226 = EDGE_CURVE('',#5218,#5199,#5227,.T.);
#5227 = LINE('',#5228,#5229);
#5228 = CARTESIAN_POINT('',(120.4625,235.,25.525));
#5229 = VECTOR('',#5230,1.);
#5230 = DIRECTION('',(-1.,-1.110223024625E-16,-2.22044604925E-16));
#5231 = FACE_BOUND('',#5232,.F.);
#5232 = EDGE_LOOP('',(#5233,#5244,#5252,#5261));
#5233 = ORIENTED_EDGE('',*,*,#5234,.T.);
#5234 = EDGE_CURVE('',#5235,#5237,#5239,.T.);
#5235 = VERTEX_POINT('',#5236);
#5236 = CARTESIAN_POINT('',(116.0625,235.,41.4));
#5237 = VERTEX_POINT('',#5238);
#5238 = CARTESIAN_POINT('',(116.0625,235.,34.8));
#5239 = CIRCLE('',#5240,3.3);
#5240 = AXIS2_PLACEMENT_3D('',#5241,#5242,#5243);
#5241 = CARTESIAN_POINT('',(116.0625,235.,38.1));
#5242 = DIRECTION('',(1.110223024625E-16,-1.,4.440892098501E-16));
#5243 = DIRECTION('',(1.,1.110223024625E-16,2.22044604925E-16));
#5244 = ORIENTED_EDGE('',*,*,#5245,.T.);
#5245 = EDGE_CURVE('',#5237,#5246,#5248,.T.);
#5246 = VERTEX_POINT('',#5247);
#5247 = CARTESIAN_POINT('',(120.4625,235.,34.8));
#5248 = LINE('',#5249,#5250);
#5249 = CARTESIAN_POINT('',(116.0625,235.,34.8));
#5250 = VECTOR('',#5251,1.);
#5251 = DIRECTION('',(1.,1.110223024625E-16,2.22044604925E-16));
#5252 = ORIENTED_EDGE('',*,*,#5253,.T.);
#5253 = EDGE_CURVE('',#5246,#5254,#5256,.T.);
#5254 = VERTEX_POINT('',#5255);
#5255 = CARTESIAN_POINT('',(120.4625,235.,41.4));
#5256 = CIRCLE('',#5257,3.3);
#5257 = AXIS2_PLACEMENT_3D('',#5258,#5259,#5260);
#5258 = CARTESIAN_POINT('',(120.4625,235.,38.1));
#5259 = DIRECTION('',(1.110223024625E-16,-1.,4.440892098501E-16));
#5260 = DIRECTION('',(1.,1.110223024625E-16,2.22044604925E-16));
#5261 = ORIENTED_EDGE('',*,*,#5262,.T.);
#5262 = EDGE_CURVE('',#5254,#5235,#5263,.T.);
#5263 = LINE('',#5264,#5265);
#5264 = CARTESIAN_POINT('',(120.4625,235.,41.4));
#5265 = VECTOR('',#5266,1.);
#5266 = DIRECTION('',(-1.,-1.110223024625E-16,-2.22044604925E-16));
#5267 = PLANE('',#5268);
#5268 = AXIS2_PLACEMENT_3D('',#5269,#5270,#5271);
#5269 = CARTESIAN_POINT('',(109.94112140227,235.,22.225));
#5270 = DIRECTION('',(4.440892098501E-16,1.,2.22044604925E-16));
#5271 = DIRECTION('',(2.22044604925E-16,4.440892098501E-16,1.));
#5272 = ADVANCED_FACE('',(#5273),#5291,.T.);
#5273 = FACE_BOUND('',#5274,.T.);
#5274 = EDGE_LOOP('',(#5275,#5283,#5289,#5290));
#5275 = ORIENTED_EDGE('',*,*,#5276,.T.);
#5276 = EDGE_CURVE('',#5110,#5277,#5279,.T.);
#5277 = VERTEX_POINT('',#5278);
#5278 = CARTESIAN_POINT('',(94.,241.5,44.45));
#5279 = LINE('',#5280,#5281);
#5280 = CARTESIAN_POINT('',(94.,235.,44.45));
#5281 = VECTOR('',#5282,1.);
#5282 = DIRECTION('',(3.330669073875E-16,1.,-1.110223024625E-16));
#5283 = ORIENTED_EDGE('',*,*,#5284,.T.);
#5284 = EDGE_CURVE('',#5277,#4753,#5285,.T.);
#5285 = LINE('',#5286,#5287);
#5286 = CARTESIAN_POINT('',(94.,241.5,44.45));
#5287 = VECTOR('',#5288,1.);
#5288 = DIRECTION('',(-2.22044604925E-16,-6.661338147751E-16,-1.));
#5289 = ORIENTED_EDGE('',*,*,#4752,.F.);
#5290 = ORIENTED_EDGE('',*,*,#5109,.F.);
#5291 = PLANE('',#5292);
#5292 = AXIS2_PLACEMENT_3D('',#5293,#5294,#5295);
#5293 = CARTESIAN_POINT('',(94.,235.,44.45));
#5294 = DIRECTION('',(-1.,-2.736911063134E-48,-2.22044604925E-16));
#5295 = DIRECTION('',(-1.110223024625E-16,-5.551115123126E-16,-1.));
#5296 = ADVANCED_FACE('',(#5297,#5331,#5367,#5403),#5439,.T.);
#5297 = FACE_BOUND('',#5298,.T.);
#5298 = EDGE_LOOP('',(#5299,#5300,#5301,#5309,#5317,#5325));
#5299 = ORIENTED_EDGE('',*,*,#4760,.F.);
#5300 = ORIENTED_EDGE('',*,*,#5284,.F.);
#5301 = ORIENTED_EDGE('',*,*,#5302,.F.);
#5302 = EDGE_CURVE('',#5303,#5277,#5305,.T.);
#5303 = VERTEX_POINT('',#5304);
#5304 = CARTESIAN_POINT('',(123.,241.5,44.45));
#5305 = LINE('',#5306,#5307);
#5306 = CARTESIAN_POINT('',(123.,241.5,44.45));
#5307 = VECTOR('',#5308,1.);
#5308 = DIRECTION('',(-1.,-2.22044604925E-16,-4.440892098501E-16));
#5309 = ORIENTED_EDGE('',*,*,#5310,.F.);
#5310 = EDGE_CURVE('',#5311,#5303,#5313,.T.);
#5311 = VERTEX_POINT('',#5312);
#5312 = CARTESIAN_POINT('',(127.,241.5,40.45));
#5313 = LINE('',#5314,#5315);
#5314 = CARTESIAN_POINT('',(127.,241.5,40.45));
#5315 = VECTOR('',#5316,1.);
#5316 = DIRECTION('',(-0.707106781187,3.140184917368E-16,0.707106781187)
  );
#5317 = ORIENTED_EDGE('',*,*,#5318,.F.);
#5318 = EDGE_CURVE('',#5319,#5311,#5321,.T.);
#5319 = VERTEX_POINT('',#5320);
#5320 = CARTESIAN_POINT('',(127.,241.5,4.));
#5321 = LINE('',#5322,#5323);
#5322 = CARTESIAN_POINT('',(127.,241.5,4.));
#5323 = VECTOR('',#5324,1.);
#5324 = DIRECTION('',(2.22044604925E-16,6.661338147751E-16,1.));
#5325 = ORIENTED_EDGE('',*,*,#5326,.F.);
#5326 = EDGE_CURVE('',#4761,#5319,#5327,.T.);
#5327 = LINE('',#5328,#5329);
#5328 = CARTESIAN_POINT('',(123.,241.5,-2.84217094304E-14));
#5329 = VECTOR('',#5330,1.);
#5330 = DIRECTION('',(0.707106781187,6.280369834735E-16,0.707106781187)
  );
#5331 = FACE_BOUND('',#5332,.T.);
#5332 = EDGE_LOOP('',(#5333,#5344,#5352,#5361));
#5333 = ORIENTED_EDGE('',*,*,#5334,.T.);
#5334 = EDGE_CURVE('',#5335,#5337,#5339,.T.);
#5335 = VERTEX_POINT('',#5336);
#5336 = CARTESIAN_POINT('',(116.0625,241.5,9.65));
#5337 = VERTEX_POINT('',#5338);
#5338 = CARTESIAN_POINT('',(116.0625,241.5,3.05));
#5339 = CIRCLE('',#5340,3.3);
#5340 = AXIS2_PLACEMENT_3D('',#5341,#5342,#5343);
#5341 = CARTESIAN_POINT('',(116.0625,241.5,6.35));
#5342 = DIRECTION('',(1.110223024625E-16,-1.,4.440892098501E-16));
#5343 = DIRECTION('',(1.,1.110223024625E-16,2.22044604925E-16));
#5344 = ORIENTED_EDGE('',*,*,#5345,.T.);
#5345 = EDGE_CURVE('',#5337,#5346,#5348,.T.);
#5346 = VERTEX_POINT('',#5347);
#5347 = CARTESIAN_POINT('',(120.4625,241.5,3.05));
#5348 = LINE('',#5349,#5350);
#5349 = CARTESIAN_POINT('',(116.0625,241.5,3.05));
#5350 = VECTOR('',#5351,1.);
#5351 = DIRECTION('',(1.,1.110223024625E-16,2.22044604925E-16));
#5352 = ORIENTED_EDGE('',*,*,#5353,.T.);
#5353 = EDGE_CURVE('',#5346,#5354,#5356,.T.);
#5354 = VERTEX_POINT('',#5355);
#5355 = CARTESIAN_POINT('',(120.4625,241.5,9.65));
#5356 = CIRCLE('',#5357,3.3);
#5357 = AXIS2_PLACEMENT_3D('',#5358,#5359,#5360);
#5358 = CARTESIAN_POINT('',(120.4625,241.5,6.35));
#5359 = DIRECTION('',(1.110223024625E-16,-1.,4.440892098501E-16));
#5360 = DIRECTION('',(1.,1.110223024625E-16,2.22044604925E-16));
#5361 = ORIENTED_EDGE('',*,*,#5362,.T.);
#5362 = EDGE_CURVE('',#5354,#5335,#5363,.T.);
#5363 = LINE('',#5364,#5365);
#5364 = CARTESIAN_POINT('',(120.4625,241.5,9.65));
#5365 = VECTOR('',#5366,1.);
#5366 = DIRECTION('',(-1.,-1.110223024625E-16,-2.22044604925E-16));
#5367 = FACE_BOUND('',#5368,.T.);
#5368 = EDGE_LOOP('',(#5369,#5380,#5388,#5397));
#5369 = ORIENTED_EDGE('',*,*,#5370,.T.);
#5370 = EDGE_CURVE('',#5371,#5373,#5375,.T.);
#5371 = VERTEX_POINT('',#5372);
#5372 = CARTESIAN_POINT('',(116.0625,241.5,25.525));
#5373 = VERTEX_POINT('',#5374);
#5374 = CARTESIAN_POINT('',(116.0625,241.5,18.925));
#5375 = CIRCLE('',#5376,3.3);
#5376 = AXIS2_PLACEMENT_3D('',#5377,#5378,#5379);
#5377 = CARTESIAN_POINT('',(116.0625,241.5,22.225));
#5378 = DIRECTION('',(1.110223024625E-16,-1.,4.440892098501E-16));
#5379 = DIRECTION('',(1.,1.110223024625E-16,2.22044604925E-16));
#5380 = ORIENTED_EDGE('',*,*,#5381,.T.);
#5381 = EDGE_CURVE('',#5373,#5382,#5384,.T.);
#5382 = VERTEX_POINT('',#5383);
#5383 = CARTESIAN_POINT('',(120.4625,241.5,18.925));
#5384 = LINE('',#5385,#5386);
#5385 = CARTESIAN_POINT('',(116.0625,241.5,18.925));
#5386 = VECTOR('',#5387,1.);
#5387 = DIRECTION('',(1.,1.110223024625E-16,2.22044604925E-16));
#5388 = ORIENTED_EDGE('',*,*,#5389,.T.);
#5389 = EDGE_CURVE('',#5382,#5390,#5392,.T.);
#5390 = VERTEX_POINT('',#5391);
#5391 = CARTESIAN_POINT('',(120.4625,241.5,25.525));
#5392 = CIRCLE('',#5393,3.3);
#5393 = AXIS2_PLACEMENT_3D('',#5394,#5395,#5396);
#5394 = CARTESIAN_POINT('',(120.4625,241.5,22.225));
#5395 = DIRECTION('',(1.110223024625E-16,-1.,4.440892098501E-16));
#5396 = DIRECTION('',(1.,1.110223024625E-16,2.22044604925E-16));
#5397 = ORIENTED_EDGE('',*,*,#5398,.T.);
#5398 = EDGE_CURVE('',#5390,#5371,#5399,.T.);
#5399 = LINE('',#5400,#5401);
#5400 = CARTESIAN_POINT('',(120.4625,241.5,25.525));
#5401 = VECTOR('',#5402,1.);
#5402 = DIRECTION('',(-1.,-1.110223024625E-16,-2.22044604925E-16));
#5403 = FACE_BOUND('',#5404,.T.);
#5404 = EDGE_LOOP('',(#5405,#5416,#5424,#5433));
#5405 = ORIENTED_EDGE('',*,*,#5406,.T.);
#5406 = EDGE_CURVE('',#5407,#5409,#5411,.T.);
#5407 = VERTEX_POINT('',#5408);
#5408 = CARTESIAN_POINT('',(116.0625,241.5,41.4));
#5409 = VERTEX_POINT('',#5410);
#5410 = CARTESIAN_POINT('',(116.0625,241.5,34.8));
#5411 = CIRCLE('',#5412,3.3);
#5412 = AXIS2_PLACEMENT_3D('',#5413,#5414,#5415);
#5413 = CARTESIAN_POINT('',(116.0625,241.5,38.1));
#5414 = DIRECTION('',(1.110223024625E-16,-1.,4.440892098501E-16));
#5415 = DIRECTION('',(1.,1.110223024625E-16,2.22044604925E-16));
#5416 = ORIENTED_EDGE('',*,*,#5417,.T.);
#5417 = EDGE_CURVE('',#5409,#5418,#5420,.T.);
#5418 = VERTEX_POINT('',#5419);
#5419 = CARTESIAN_POINT('',(120.4625,241.5,34.8));
#5420 = LINE('',#5421,#5422);
#5421 = CARTESIAN_POINT('',(116.0625,241.5,34.8));
#5422 = VECTOR('',#5423,1.);
#5423 = DIRECTION('',(1.,1.110223024625E-16,2.22044604925E-16));
#5424 = ORIENTED_EDGE('',*,*,#5425,.T.);
#5425 = EDGE_CURVE('',#5418,#5426,#5428,.T.);
#5426 = VERTEX_POINT('',#5427);
#5427 = CARTESIAN_POINT('',(120.4625,241.5,41.4));
#5428 = CIRCLE('',#5429,3.3);
#5429 = AXIS2_PLACEMENT_3D('',#5430,#5431,#5432);
#5430 = CARTESIAN_POINT('',(120.4625,241.5,38.1));
#5431 = DIRECTION('',(1.110223024625E-16,-1.,4.440892098501E-16));
#5432 = DIRECTION('',(1.,1.110223024625E-16,2.22044604925E-16));
#5433 = ORIENTED_EDGE('',*,*,#5434,.T.);
#5434 = EDGE_CURVE('',#5426,#5407,#5435,.T.);
#5435 = LINE('',#5436,#5437);
#5436 = CARTESIAN_POINT('',(120.4625,241.5,41.4));
#5437 = VECTOR('',#5438,1.);
#5438 = DIRECTION('',(-1.,-1.110223024625E-16,-2.22044604925E-16));
#5439 = PLANE('',#5440);
#5440 = AXIS2_PLACEMENT_3D('',#5441,#5442,#5443);
#5441 = CARTESIAN_POINT('',(109.94112140227,241.5,22.225));
#5442 = DIRECTION('',(4.440892098501E-16,1.,2.22044604925E-16));
#5443 = DIRECTION('',(2.22044604925E-16,4.440892098501E-16,1.));
#5444 = ADVANCED_FACE('',(#5445),#5456,.T.);
#5445 = FACE_BOUND('',#5446,.T.);
#5446 = EDGE_LOOP('',(#5447,#5448,#5449,#5455));
#5447 = ORIENTED_EDGE('',*,*,#4768,.T.);
#5448 = ORIENTED_EDGE('',*,*,#5326,.T.);
#5449 = ORIENTED_EDGE('',*,*,#5450,.F.);
#5450 = EDGE_CURVE('',#5134,#5319,#5451,.T.);
#5451 = LINE('',#5452,#5453);
#5452 = CARTESIAN_POINT('',(127.,235.,4.));
#5453 = VECTOR('',#5454,1.);
#5454 = DIRECTION('',(3.330669073875E-16,1.,-1.110223024625E-16));
#5455 = ORIENTED_EDGE('',*,*,#5141,.F.);
#5456 = PLANE('',#5457);
#5457 = AXIS2_PLACEMENT_3D('',#5458,#5459,#5460);
#5458 = CARTESIAN_POINT('',(123.,235.,4.335420911161E-14));
#5459 = DIRECTION('',(0.707106781187,-3.140184917368E-16,-0.707106781187
    ));
#5460 = DIRECTION('',(0.707106781187,4.710277376051E-16,0.707106781187)
  );
#5461 = ADVANCED_FACE('',(#5462),#5491,.T.);
#5462 = FACE_BOUND('',#5463,.T.);
#5463 = EDGE_LOOP('',(#5464,#5465,#5466,#5467,#5475,#5483,#5489,#5490));
#5464 = ORIENTED_EDGE('',*,*,#5148,.T.);
#5465 = ORIENTED_EDGE('',*,*,#5082,.T.);
#5466 = ORIENTED_EDGE('',*,*,#4848,.F.);
#5467 = ORIENTED_EDGE('',*,*,#5468,.T.);
#5468 = EDGE_CURVE('',#4849,#5469,#5471,.T.);
#5469 = VERTEX_POINT('',#5470);
#5470 = CARTESIAN_POINT('',(106.75,214.,25.603553390593));
#5471 = LINE('',#5472,#5473);
#5472 = CARTESIAN_POINT('',(106.75,172.75,25.603553390593));
#5473 = VECTOR('',#5474,1.);
#5474 = DIRECTION('',(6.661338147751E-16,1.,-1.110223024625E-16));
#5475 = ORIENTED_EDGE('',*,*,#5476,.F.);
#5476 = EDGE_CURVE('',#5477,#5469,#5479,.T.);
#5477 = VERTEX_POINT('',#5478);
#5478 = CARTESIAN_POINT('',(106.75,214.,14.396446609407));
#5479 = LINE('',#5480,#5481);
#5480 = CARTESIAN_POINT('',(106.75,214.,20.075));
#5481 = VECTOR('',#5482,1.);
#5482 = DIRECTION('',(6.162975822039E-32,4.440892098501E-16,1.));
#5483 = ORIENTED_EDGE('',*,*,#5484,.T.);
#5484 = EDGE_CURVE('',#5477,#4873,#5485,.T.);
#5485 = LINE('',#5486,#5487);
#5486 = CARTESIAN_POINT('',(106.75,172.75,14.396446609407));
#5487 = VECTOR('',#5488,1.);
#5488 = DIRECTION('',(-6.661338147751E-16,-1.,-1.110223024625E-16));
#5489 = ORIENTED_EDGE('',*,*,#4880,.F.);
#5490 = ORIENTED_EDGE('',*,*,#4784,.T.);
#5491 = PLANE('',#5492);
#5492 = AXIS2_PLACEMENT_3D('',#5493,#5494,#5495);
#5493 = CARTESIAN_POINT('',(106.75,193.5,20.15));
#5494 = DIRECTION('',(1.,2.22044604925E-16,8.881784197001E-16));
#5495 = DIRECTION('',(1.110223024625E-15,1.,4.440892098501E-16));
#5496 = ADVANCED_FACE('',(#5497),#5515,.T.);
#5497 = FACE_BOUND('',#5498,.T.);
#5498 = EDGE_LOOP('',(#5499,#5500,#5508,#5514));
#5499 = ORIENTED_EDGE('',*,*,#5484,.F.);
#5500 = ORIENTED_EDGE('',*,*,#5501,.T.);
#5501 = EDGE_CURVE('',#5477,#5502,#5504,.T.);
#5502 = VERTEX_POINT('',#5503);
#5503 = CARTESIAN_POINT('',(102.75,214.,10.396446609407));
#5504 = LINE('',#5505,#5506);
#5505 = CARTESIAN_POINT('',(107.25,214.,14.896446609407));
#5506 = VECTOR('',#5507,1.);
#5507 = DIRECTION('',(-0.707106781187,-8.635508522761E-16,
    -0.707106781187));
#5508 = ORIENTED_EDGE('',*,*,#5509,.F.);
#5509 = EDGE_CURVE('',#4865,#5502,#5510,.T.);
#5510 = LINE('',#5511,#5512);
#5511 = CARTESIAN_POINT('',(102.75,152.,10.396446609407));
#5512 = VECTOR('',#5513,1.);
#5513 = DIRECTION('',(5.551115123126E-16,1.,1.355854680849E-31));
#5514 = ORIENTED_EDGE('',*,*,#4872,.T.);
#5515 = PLANE('',#5516);
#5516 = AXIS2_PLACEMENT_3D('',#5517,#5518,#5519);
#5517 = CARTESIAN_POINT('',(107.25,152.,14.896446609407));
#5518 = DIRECTION('',(-0.707106781187,3.925231146709E-16,0.707106781187)
  );
#5519 = DIRECTION('',(-0.707106781187,-7.065416064077E-16,
    -0.707106781187));
#5520 = ADVANCED_FACE('',(#5521),#5539,.T.);
#5521 = FACE_BOUND('',#5522,.T.);
#5522 = EDGE_LOOP('',(#5523,#5524,#5525,#5533));
#5523 = ORIENTED_EDGE('',*,*,#4864,.T.);
#5524 = ORIENTED_EDGE('',*,*,#5509,.T.);
#5525 = ORIENTED_EDGE('',*,*,#5526,.T.);
#5526 = EDGE_CURVE('',#5502,#5527,#5529,.T.);
#5527 = VERTEX_POINT('',#5528);
#5528 = CARTESIAN_POINT('',(102.75,214.,29.603553390593));
#5529 = LINE('',#5530,#5531);
#5530 = CARTESIAN_POINT('',(102.75,214.,10.396446609407));
#5531 = VECTOR('',#5532,1.);
#5532 = DIRECTION('',(3.330669073875E-16,8.881784197001E-16,1.));
#5533 = ORIENTED_EDGE('',*,*,#5534,.F.);
#5534 = EDGE_CURVE('',#4857,#5527,#5535,.T.);
#5535 = LINE('',#5536,#5537);
#5536 = CARTESIAN_POINT('',(102.75,152.,29.603553390593));
#5537 = VECTOR('',#5538,1.);
#5538 = DIRECTION('',(5.551115123126E-16,1.,1.355854680849E-31));
#5539 = PLANE('',#5540);
#5540 = AXIS2_PLACEMENT_3D('',#5541,#5542,#5543);
#5541 = CARTESIAN_POINT('',(102.75,152.,10.396446609407));
#5542 = DIRECTION('',(1.,1.110223024625E-16,4.440892098501E-16));
#5543 = DIRECTION('',(2.22044604925E-16,7.771561172376E-16,1.));
#5544 = ADVANCED_FACE('',(#5545),#5556,.T.);
#5545 = FACE_BOUND('',#5546,.T.);
#5546 = EDGE_LOOP('',(#5547,#5548,#5549,#5555));
#5547 = ORIENTED_EDGE('',*,*,#4856,.T.);
#5548 = ORIENTED_EDGE('',*,*,#5534,.T.);
#5549 = ORIENTED_EDGE('',*,*,#5550,.T.);
#5550 = EDGE_CURVE('',#5527,#5469,#5551,.T.);
#5551 = LINE('',#5552,#5553);
#5552 = CARTESIAN_POINT('',(102.75,214.,29.603553390593));
#5553 = VECTOR('',#5554,1.);
#5554 = DIRECTION('',(0.707106781187,-3.925231146709E-16,-0.707106781187
    ));
#5555 = ORIENTED_EDGE('',*,*,#5468,.F.);
#5556 = PLANE('',#5557);
#5557 = AXIS2_PLACEMENT_3D('',#5558,#5559,#5560);
#5558 = CARTESIAN_POINT('',(102.75,152.,29.603553390593));
#5559 = DIRECTION('',(-0.707106781187,-5.495323605393E-16,
    -0.707106781187));
#5560 = DIRECTION('',(0.707106781187,-3.925231146709E-16,-0.707106781187
    ));
#5561 = ADVANCED_FACE('',(#5562),#5573,.T.);
#5562 = FACE_BOUND('',#5563,.T.);
#5563 = EDGE_LOOP('',(#5564,#5570,#5571,#5572));
#5564 = ORIENTED_EDGE('',*,*,#5565,.T.);
#5565 = EDGE_CURVE('',#5118,#5303,#5566,.T.);
#5566 = LINE('',#5567,#5568);
#5567 = CARTESIAN_POINT('',(123.,235.,44.45));
#5568 = VECTOR('',#5569,1.);
#5569 = DIRECTION('',(3.330669073875E-16,1.,-1.110223024625E-16));
#5570 = ORIENTED_EDGE('',*,*,#5302,.T.);
#5571 = ORIENTED_EDGE('',*,*,#5276,.F.);
#5572 = ORIENTED_EDGE('',*,*,#5117,.F.);
#5573 = PLANE('',#5574);
#5574 = AXIS2_PLACEMENT_3D('',#5575,#5576,#5577);
#5575 = CARTESIAN_POINT('',(123.,235.,44.45));
#5576 = DIRECTION('',(3.697785493223E-32,4.440892098501E-16,1.));
#5577 = DIRECTION('',(-1.,-1.110223024625E-16,-3.330669073875E-16));
#5578 = ADVANCED_FACE('',(#5579),#5590,.T.);
#5579 = FACE_BOUND('',#5580,.T.);
#5580 = EDGE_LOOP('',(#5581,#5587,#5588,#5589));
#5581 = ORIENTED_EDGE('',*,*,#5582,.T.);
#5582 = EDGE_CURVE('',#5126,#5311,#5583,.T.);
#5583 = LINE('',#5584,#5585);
#5584 = CARTESIAN_POINT('',(127.,235.,40.45));
#5585 = VECTOR('',#5586,1.);
#5586 = DIRECTION('',(3.330669073875E-16,1.,-1.110223024625E-16));
#5587 = ORIENTED_EDGE('',*,*,#5310,.T.);
#5588 = ORIENTED_EDGE('',*,*,#5565,.F.);
#5589 = ORIENTED_EDGE('',*,*,#5125,.F.);
#5590 = PLANE('',#5591);
#5591 = AXIS2_PLACEMENT_3D('',#5592,#5593,#5594);
#5592 = CARTESIAN_POINT('',(127.,235.,40.45));
#5593 = DIRECTION('',(0.707106781187,3.140184917368E-16,0.707106781187)
  );
#5594 = DIRECTION('',(-0.707106781187,3.140184917368E-16,0.707106781187)
  );
#5595 = ADVANCED_FACE('',(#5596),#5602,.T.);
#5596 = FACE_BOUND('',#5597,.T.);
#5597 = EDGE_LOOP('',(#5598,#5599,#5600,#5601));
#5598 = ORIENTED_EDGE('',*,*,#5450,.T.);
#5599 = ORIENTED_EDGE('',*,*,#5318,.T.);
#5600 = ORIENTED_EDGE('',*,*,#5582,.F.);
#5601 = ORIENTED_EDGE('',*,*,#5133,.F.);
#5602 = PLANE('',#5603);
#5603 = AXIS2_PLACEMENT_3D('',#5604,#5605,#5606);
#5604 = CARTESIAN_POINT('',(127.,235.,4.));
#5605 = DIRECTION('',(1.,2.736911063134E-48,2.22044604925E-16));
#5606 = DIRECTION('',(1.110223024625E-16,5.551115123126E-16,1.));
#5607 = ADVANCED_FACE('',(#5608),#5624,.F.);
#5608 = FACE_BOUND('',#5609,.T.);
#5609 = EDGE_LOOP('',(#5610,#5616,#5617,#5623));
#5610 = ORIENTED_EDGE('',*,*,#5611,.T.);
#5611 = EDGE_CURVE('',#5335,#5163,#5612,.T.);
#5612 = LINE('',#5613,#5614);
#5613 = CARTESIAN_POINT('',(116.0625,241.5,9.65));
#5614 = VECTOR('',#5615,1.);
#5615 = DIRECTION('',(-1.110223024625E-16,-1.,2.22044604925E-16));
#5616 = ORIENTED_EDGE('',*,*,#5162,.T.);
#5617 = ORIENTED_EDGE('',*,*,#5618,.F.);
#5618 = EDGE_CURVE('',#5337,#5165,#5619,.T.);
#5619 = LINE('',#5620,#5621);
#5620 = CARTESIAN_POINT('',(116.0625,241.5,3.05));
#5621 = VECTOR('',#5622,1.);
#5622 = DIRECTION('',(-1.110223024625E-16,-1.,2.22044604925E-16));
#5623 = ORIENTED_EDGE('',*,*,#5334,.F.);
#5624 = CYLINDRICAL_SURFACE('',#5625,3.3);
#5625 = AXIS2_PLACEMENT_3D('',#5626,#5627,#5628);
#5626 = CARTESIAN_POINT('',(116.0625,241.5,6.35));
#5627 = DIRECTION('',(3.697785493223E-32,1.,-3.330669073875E-16));
#5628 = DIRECTION('',(1.,0.,1.110223024625E-16));
#5629 = ADVANCED_FACE('',(#5630),#5641,.T.);
#5630 = FACE_BOUND('',#5631,.T.);
#5631 = EDGE_LOOP('',(#5632,#5638,#5639,#5640));
#5632 = ORIENTED_EDGE('',*,*,#5633,.T.);
#5633 = EDGE_CURVE('',#5354,#5182,#5634,.T.);
#5634 = LINE('',#5635,#5636);
#5635 = CARTESIAN_POINT('',(120.4625,241.5,9.65));
#5636 = VECTOR('',#5637,1.);
#5637 = DIRECTION('',(-1.110223024625E-16,-1.,2.22044604925E-16));
#5638 = ORIENTED_EDGE('',*,*,#5190,.T.);
#5639 = ORIENTED_EDGE('',*,*,#5611,.F.);
#5640 = ORIENTED_EDGE('',*,*,#5362,.F.);
#5641 = PLANE('',#5642);
#5642 = AXIS2_PLACEMENT_3D('',#5643,#5644,#5645);
#5643 = CARTESIAN_POINT('',(120.4625,241.5,9.65));
#5644 = DIRECTION('',(1.110223024625E-16,-2.22044604925E-16,-1.));
#5645 = DIRECTION('',(-1.,0.,-1.110223024625E-16));
#5646 = ADVANCED_FACE('',(#5647),#5658,.F.);
#5647 = FACE_BOUND('',#5648,.T.);
#5648 = EDGE_LOOP('',(#5649,#5655,#5656,#5657));
#5649 = ORIENTED_EDGE('',*,*,#5650,.T.);
#5650 = EDGE_CURVE('',#5346,#5174,#5651,.T.);
#5651 = LINE('',#5652,#5653);
#5652 = CARTESIAN_POINT('',(120.4625,241.5,3.05));
#5653 = VECTOR('',#5654,1.);
#5654 = DIRECTION('',(-1.110223024625E-16,-1.,2.22044604925E-16));
#5655 = ORIENTED_EDGE('',*,*,#5181,.T.);
#5656 = ORIENTED_EDGE('',*,*,#5633,.F.);
#5657 = ORIENTED_EDGE('',*,*,#5353,.F.);
#5658 = CYLINDRICAL_SURFACE('',#5659,3.3);
#5659 = AXIS2_PLACEMENT_3D('',#5660,#5661,#5662);
#5660 = CARTESIAN_POINT('',(120.4625,241.5,6.35));
#5661 = DIRECTION('',(3.697785493223E-32,1.,-3.330669073875E-16));
#5662 = DIRECTION('',(1.,0.,1.110223024625E-16));
#5663 = ADVANCED_FACE('',(#5664),#5670,.T.);
#5664 = FACE_BOUND('',#5665,.T.);
#5665 = EDGE_LOOP('',(#5666,#5667,#5668,#5669));
#5666 = ORIENTED_EDGE('',*,*,#5618,.T.);
#5667 = ORIENTED_EDGE('',*,*,#5173,.T.);
#5668 = ORIENTED_EDGE('',*,*,#5650,.F.);
#5669 = ORIENTED_EDGE('',*,*,#5345,.F.);
#5670 = PLANE('',#5671);
#5671 = AXIS2_PLACEMENT_3D('',#5672,#5673,#5674);
#5672 = CARTESIAN_POINT('',(116.0625,241.5,3.05));
#5673 = DIRECTION('',(-1.110223024625E-16,2.22044604925E-16,1.));
#5674 = DIRECTION('',(1.,0.,1.110223024625E-16));
#5675 = ADVANCED_FACE('',(#5676),#5692,.F.);
#5676 = FACE_BOUND('',#5677,.T.);
#5677 = EDGE_LOOP('',(#5678,#5684,#5685,#5691));
#5678 = ORIENTED_EDGE('',*,*,#5679,.T.);
#5679 = EDGE_CURVE('',#5371,#5199,#5680,.T.);
#5680 = LINE('',#5681,#5682);
#5681 = CARTESIAN_POINT('',(116.0625,241.5,25.525));
#5682 = VECTOR('',#5683,1.);
#5683 = DIRECTION('',(-1.110223024625E-16,-1.,2.22044604925E-16));
#5684 = ORIENTED_EDGE('',*,*,#5198,.T.);
#5685 = ORIENTED_EDGE('',*,*,#5686,.F.);
#5686 = EDGE_CURVE('',#5373,#5201,#5687,.T.);
#5687 = LINE('',#5688,#5689);
#5688 = CARTESIAN_POINT('',(116.0625,241.5,18.925));
#5689 = VECTOR('',#5690,1.);
#5690 = DIRECTION('',(-1.110223024625E-16,-1.,2.22044604925E-16));
#5691 = ORIENTED_EDGE('',*,*,#5370,.F.);
#5692 = CYLINDRICAL_SURFACE('',#5693,3.3);
#5693 = AXIS2_PLACEMENT_3D('',#5694,#5695,#5696);
#5694 = CARTESIAN_POINT('',(116.0625,241.5,22.225));
#5695 = DIRECTION('',(3.697785493223E-32,1.,-3.330669073875E-16));
#5696 = DIRECTION('',(1.,0.,1.110223024625E-16));
#5697 = ADVANCED_FACE('',(#5698),#5709,.T.);
#5698 = FACE_BOUND('',#5699,.T.);
#5699 = EDGE_LOOP('',(#5700,#5706,#5707,#5708));
#5700 = ORIENTED_EDGE('',*,*,#5701,.T.);
#5701 = EDGE_CURVE('',#5390,#5218,#5702,.T.);
#5702 = LINE('',#5703,#5704);
#5703 = CARTESIAN_POINT('',(120.4625,241.5,25.525));
#5704 = VECTOR('',#5705,1.);
#5705 = DIRECTION('',(-1.110223024625E-16,-1.,2.22044604925E-16));
#5706 = ORIENTED_EDGE('',*,*,#5226,.T.);
#5707 = ORIENTED_EDGE('',*,*,#5679,.F.);
#5708 = ORIENTED_EDGE('',*,*,#5398,.F.);
#5709 = PLANE('',#5710);
#5710 = AXIS2_PLACEMENT_3D('',#5711,#5712,#5713);
#5711 = CARTESIAN_POINT('',(120.4625,241.5,25.525));
#5712 = DIRECTION('',(1.110223024625E-16,-2.22044604925E-16,-1.));
#5713 = DIRECTION('',(-1.,0.,-1.110223024625E-16));
#5714 = ADVANCED_FACE('',(#5715),#5726,.F.);
#5715 = FACE_BOUND('',#5716,.T.);
#5716 = EDGE_LOOP('',(#5717,#5723,#5724,#5725));
#5717 = ORIENTED_EDGE('',*,*,#5718,.T.);
#5718 = EDGE_CURVE('',#5382,#5210,#5719,.T.);
#5719 = LINE('',#5720,#5721);
#5720 = CARTESIAN_POINT('',(120.4625,241.5,18.925));
#5721 = VECTOR('',#5722,1.);
#5722 = DIRECTION('',(-1.110223024625E-16,-1.,2.22044604925E-16));
#5723 = ORIENTED_EDGE('',*,*,#5217,.T.);
#5724 = ORIENTED_EDGE('',*,*,#5701,.F.);
#5725 = ORIENTED_EDGE('',*,*,#5389,.F.);
#5726 = CYLINDRICAL_SURFACE('',#5727,3.3);
#5727 = AXIS2_PLACEMENT_3D('',#5728,#5729,#5730);
#5728 = CARTESIAN_POINT('',(120.4625,241.5,22.225));
#5729 = DIRECTION('',(3.697785493223E-32,1.,-3.330669073875E-16));
#5730 = DIRECTION('',(1.,0.,1.110223024625E-16));
#5731 = ADVANCED_FACE('',(#5732),#5738,.T.);
#5732 = FACE_BOUND('',#5733,.T.);
#5733 = EDGE_LOOP('',(#5734,#5735,#5736,#5737));
#5734 = ORIENTED_EDGE('',*,*,#5686,.T.);
#5735 = ORIENTED_EDGE('',*,*,#5209,.T.);
#5736 = ORIENTED_EDGE('',*,*,#5718,.F.);
#5737 = ORIENTED_EDGE('',*,*,#5381,.F.);
#5738 = PLANE('',#5739);
#5739 = AXIS2_PLACEMENT_3D('',#5740,#5741,#5742);
#5740 = CARTESIAN_POINT('',(116.0625,241.5,18.925));
#5741 = DIRECTION('',(-1.110223024625E-16,2.22044604925E-16,1.));
#5742 = DIRECTION('',(1.,0.,1.110223024625E-16));
#5743 = ADVANCED_FACE('',(#5744),#5760,.F.);
#5744 = FACE_BOUND('',#5745,.T.);
#5745 = EDGE_LOOP('',(#5746,#5752,#5753,#5759));
#5746 = ORIENTED_EDGE('',*,*,#5747,.T.);
#5747 = EDGE_CURVE('',#5407,#5235,#5748,.T.);
#5748 = LINE('',#5749,#5750);
#5749 = CARTESIAN_POINT('',(116.0625,241.5,41.4));
#5750 = VECTOR('',#5751,1.);
#5751 = DIRECTION('',(-1.110223024625E-16,-1.,2.22044604925E-16));
#5752 = ORIENTED_EDGE('',*,*,#5234,.T.);
#5753 = ORIENTED_EDGE('',*,*,#5754,.F.);
#5754 = EDGE_CURVE('',#5409,#5237,#5755,.T.);
#5755 = LINE('',#5756,#5757);
#5756 = CARTESIAN_POINT('',(116.0625,241.5,34.8));
#5757 = VECTOR('',#5758,1.);
#5758 = DIRECTION('',(-1.110223024625E-16,-1.,2.22044604925E-16));
#5759 = ORIENTED_EDGE('',*,*,#5406,.F.);
#5760 = CYLINDRICAL_SURFACE('',#5761,3.3);
#5761 = AXIS2_PLACEMENT_3D('',#5762,#5763,#5764);
#5762 = CARTESIAN_POINT('',(116.0625,241.5,38.1));
#5763 = DIRECTION('',(3.697785493223E-32,1.,-3.330669073875E-16));
#5764 = DIRECTION('',(1.,0.,1.110223024625E-16));
#5765 = ADVANCED_FACE('',(#5766),#5777,.T.);
#5766 = FACE_BOUND('',#5767,.T.);
#5767 = EDGE_LOOP('',(#5768,#5774,#5775,#5776));
#5768 = ORIENTED_EDGE('',*,*,#5769,.T.);
#5769 = EDGE_CURVE('',#5426,#5254,#5770,.T.);
#5770 = LINE('',#5771,#5772);
#5771 = CARTESIAN_POINT('',(120.4625,241.5,41.4));
#5772 = VECTOR('',#5773,1.);
#5773 = DIRECTION('',(-1.110223024625E-16,-1.,2.22044604925E-16));
#5774 = ORIENTED_EDGE('',*,*,#5262,.T.);
#5775 = ORIENTED_EDGE('',*,*,#5747,.F.);
#5776 = ORIENTED_EDGE('',*,*,#5434,.F.);
#5777 = PLANE('',#5778);
#5778 = AXIS2_PLACEMENT_3D('',#5779,#5780,#5781);
#5779 = CARTESIAN_POINT('',(120.4625,241.5,41.4));
#5780 = DIRECTION('',(1.110223024625E-16,-2.22044604925E-16,-1.));
#5781 = DIRECTION('',(-1.,0.,-1.110223024625E-16));
#5782 = ADVANCED_FACE('',(#5783),#5794,.F.);
#5783 = FACE_BOUND('',#5784,.T.);
#5784 = EDGE_LOOP('',(#5785,#5791,#5792,#5793));
#5785 = ORIENTED_EDGE('',*,*,#5786,.T.);
#5786 = EDGE_CURVE('',#5418,#5246,#5787,.T.);
#5787 = LINE('',#5788,#5789);
#5788 = CARTESIAN_POINT('',(120.4625,241.5,34.8));
#5789 = VECTOR('',#5790,1.);
#5790 = DIRECTION('',(-1.110223024625E-16,-1.,2.22044604925E-16));
#5791 = ORIENTED_EDGE('',*,*,#5253,.T.);
#5792 = ORIENTED_EDGE('',*,*,#5769,.F.);
#5793 = ORIENTED_EDGE('',*,*,#5425,.F.);
#5794 = CYLINDRICAL_SURFACE('',#5795,3.3);
#5795 = AXIS2_PLACEMENT_3D('',#5796,#5797,#5798);
#5796 = CARTESIAN_POINT('',(120.4625,241.5,38.1));
#5797 = DIRECTION('',(3.697785493223E-32,1.,-3.330669073875E-16));
#5798 = DIRECTION('',(1.,0.,1.110223024625E-16));
#5799 = ADVANCED_FACE('',(#5800),#5806,.T.);
#5800 = FACE_BOUND('',#5801,.T.);
#5801 = EDGE_LOOP('',(#5802,#5803,#5804,#5805));
#5802 = ORIENTED_EDGE('',*,*,#5754,.T.);
#5803 = ORIENTED_EDGE('',*,*,#5245,.T.);
#5804 = ORIENTED_EDGE('',*,*,#5786,.F.);
#5805 = ORIENTED_EDGE('',*,*,#5417,.F.);
#5806 = PLANE('',#5807);
#5807 = AXIS2_PLACEMENT_3D('',#5808,#5809,#5810);
#5808 = CARTESIAN_POINT('',(116.0625,241.5,34.8));
#5809 = DIRECTION('',(-1.110223024625E-16,2.22044604925E-16,1.));
#5810 = DIRECTION('',(1.,0.,1.110223024625E-16));
#5811 = ADVANCED_FACE('',(#5812),#5818,.F.);
#5812 = FACE_BOUND('',#5813,.F.);
#5813 = EDGE_LOOP('',(#5814,#5815,#5816,#5817));
#5814 = ORIENTED_EDGE('',*,*,#5476,.F.);
#5815 = ORIENTED_EDGE('',*,*,#5501,.T.);
#5816 = ORIENTED_EDGE('',*,*,#5526,.T.);
#5817 = ORIENTED_EDGE('',*,*,#5550,.T.);
#5818 = PLANE('',#5819);
#5819 = AXIS2_PLACEMENT_3D('',#5820,#5821,#5822);
#5820 = CARTESIAN_POINT('',(104.51948329859,214.,20.));
#5821 = DIRECTION('',(6.661338147751E-16,1.,3.330669073875E-16));
#5822 = DIRECTION('',(3.330669073875E-16,6.661338147751E-16,1.));
#5823 = MANIFOLD_SOLID_BREP('',#5824);
#5824 = CLOSED_SHELL('',(#5825,#5865,#5896,#5927,#5976,#6009,#6034,#6065
    ,#6133,#6172,#6196,#6220,#6245,#6270,#6295,#6320,#6344,#6368,#6401)
  );
#5825 = ADVANCED_FACE('',(#5826),#5860,.T.);
#5826 = FACE_BOUND('',#5827,.T.);
#5827 = EDGE_LOOP('',(#5828,#5838,#5846,#5854));
#5828 = ORIENTED_EDGE('',*,*,#5829,.T.);
#5829 = EDGE_CURVE('',#5830,#5832,#5834,.T.);
#5830 = VERTEX_POINT('',#5831);
#5831 = CARTESIAN_POINT('',(-106.8,8.,3.));
#5832 = VERTEX_POINT('',#5833);
#5833 = CARTESIAN_POINT('',(-106.8,136.4,3.));
#5834 = LINE('',#5835,#5836);
#5835 = CARTESIAN_POINT('',(-106.8,8.,3.));
#5836 = VECTOR('',#5837,1.);
#5837 = DIRECTION('',(0.,1.,-5.551115123126E-16));
#5838 = ORIENTED_EDGE('',*,*,#5839,.T.);
#5839 = EDGE_CURVE('',#5832,#5840,#5842,.T.);
#5840 = VERTEX_POINT('',#5841);
#5841 = CARTESIAN_POINT('',(-98.8,136.4,3.));
#5842 = LINE('',#5843,#5844);
#5843 = CARTESIAN_POINT('',(-106.8,136.4,3.));
#5844 = VECTOR('',#5845,1.);
#5845 = DIRECTION('',(1.,0.,0.));
#5846 = ORIENTED_EDGE('',*,*,#5847,.F.);
#5847 = EDGE_CURVE('',#5848,#5840,#5850,.T.);
#5848 = VERTEX_POINT('',#5849);
#5849 = CARTESIAN_POINT('',(-98.8,8.,3.));
#5850 = LINE('',#5851,#5852);
#5851 = CARTESIAN_POINT('',(-98.8,8.,3.));
#5852 = VECTOR('',#5853,1.);
#5853 = DIRECTION('',(0.,1.,-5.551115123126E-16));
#5854 = ORIENTED_EDGE('',*,*,#5855,.F.);
#5855 = EDGE_CURVE('',#5830,#5848,#5856,.T.);
#5856 = LINE('',#5857,#5858);
#5857 = CARTESIAN_POINT('',(-106.8,8.,3.));
#5858 = VECTOR('',#5859,1.);
#5859 = DIRECTION('',(1.,0.,0.));
#5860 = PLANE('',#5861);
#5861 = AXIS2_PLACEMENT_3D('',#5862,#5863,#5864);
#5862 = CARTESIAN_POINT('',(-106.8,8.,3.));
#5863 = DIRECTION('',(0.,-5.551115123126E-16,-1.));
#5864 = DIRECTION('',(1.,0.,0.));
#5865 = ADVANCED_FACE('',(#5866),#5891,.T.);
#5866 = FACE_BOUND('',#5867,.T.);
#5867 = EDGE_LOOP('',(#5868,#5878,#5884,#5885));
#5868 = ORIENTED_EDGE('',*,*,#5869,.T.);
#5869 = EDGE_CURVE('',#5870,#5872,#5874,.T.);
#5870 = VERTEX_POINT('',#5871);
#5871 = CARTESIAN_POINT('',(-106.8,8.,6.));
#5872 = VERTEX_POINT('',#5873);
#5873 = CARTESIAN_POINT('',(-106.8,136.4,6.));
#5874 = LINE('',#5875,#5876);
#5875 = CARTESIAN_POINT('',(-106.8,8.,6.));
#5876 = VECTOR('',#5877,1.);
#5877 = DIRECTION('',(0.,1.,-5.551115123126E-16));
#5878 = ORIENTED_EDGE('',*,*,#5879,.T.);
#5879 = EDGE_CURVE('',#5872,#5832,#5880,.T.);
#5880 = LINE('',#5881,#5882);
#5881 = CARTESIAN_POINT('',(-106.8,136.4,6.));
#5882 = VECTOR('',#5883,1.);
#5883 = DIRECTION('',(0.,-5.551115123126E-16,-1.));
#5884 = ORIENTED_EDGE('',*,*,#5829,.F.);
#5885 = ORIENTED_EDGE('',*,*,#5886,.F.);
#5886 = EDGE_CURVE('',#5870,#5830,#5887,.T.);
#5887 = LINE('',#5888,#5889);
#5888 = CARTESIAN_POINT('',(-106.8,8.,6.));
#5889 = VECTOR('',#5890,1.);
#5890 = DIRECTION('',(0.,-5.551115123126E-16,-1.));
#5891 = PLANE('',#5892);
#5892 = AXIS2_PLACEMENT_3D('',#5893,#5894,#5895);
#5893 = CARTESIAN_POINT('',(-106.8,8.,6.));
#5894 = DIRECTION('',(-1.,0.,0.));
#5895 = DIRECTION('',(0.,-5.551115123126E-16,-1.));
#5896 = ADVANCED_FACE('',(#5897),#5922,.T.);
#5897 = FACE_BOUND('',#5898,.T.);
#5898 = EDGE_LOOP('',(#5899,#5900,#5908,#5916));
#5899 = ORIENTED_EDGE('',*,*,#5847,.T.);
#5900 = ORIENTED_EDGE('',*,*,#5901,.T.);
#5901 = EDGE_CURVE('',#5840,#5902,#5904,.T.);
#5902 = VERTEX_POINT('',#5903);
#5903 = CARTESIAN_POINT('',(-98.8,136.4,-7.105427357601E-14));
#5904 = LINE('',#5905,#5906);
#5905 = CARTESIAN_POINT('',(-98.8,136.4,3.));
#5906 = VECTOR('',#5907,1.);
#5907 = DIRECTION('',(0.,-5.551115123126E-16,-1.));
#5908 = ORIENTED_EDGE('',*,*,#5909,.F.);
#5909 = EDGE_CURVE('',#5910,#5902,#5912,.T.);
#5910 = VERTEX_POINT('',#5911);
#5911 = CARTESIAN_POINT('',(-98.8,8.,0.));
#5912 = LINE('',#5913,#5914);
#5913 = CARTESIAN_POINT('',(-98.8,8.,0.));
#5914 = VECTOR('',#5915,1.);
#5915 = DIRECTION('',(0.,1.,-5.551115123126E-16));
#5916 = ORIENTED_EDGE('',*,*,#5917,.F.);
#5917 = EDGE_CURVE('',#5848,#5910,#5918,.T.);
#5918 = LINE('',#5919,#5920);
#5919 = CARTESIAN_POINT('',(-98.8,8.,3.));
#5920 = VECTOR('',#5921,1.);
#5921 = DIRECTION('',(0.,-5.551115123126E-16,-1.));
#5922 = PLANE('',#5923);
#5923 = AXIS2_PLACEMENT_3D('',#5924,#5925,#5926);
#5924 = CARTESIAN_POINT('',(-98.8,8.,3.));
#5925 = DIRECTION('',(-1.,0.,0.));
#5926 = DIRECTION('',(0.,-5.551115123126E-16,-1.));
#5927 = ADVANCED_FACE('',(#5928),#5971,.F.);
#5928 = FACE_BOUND('',#5929,.T.);
#5929 = EDGE_LOOP('',(#5930,#5931,#5932,#5940,#5948,#5956,#5964,#5970));
#5930 = ORIENTED_EDGE('',*,*,#5855,.T.);
#5931 = ORIENTED_EDGE('',*,*,#5917,.T.);
#5932 = ORIENTED_EDGE('',*,*,#5933,.T.);
#5933 = EDGE_CURVE('',#5910,#5934,#5936,.T.);
#5934 = VERTEX_POINT('',#5935);
#5935 = CARTESIAN_POINT('',(29.7,8.,0.));
#5936 = LINE('',#5937,#5938);
#5937 = CARTESIAN_POINT('',(-98.8,8.,0.));
#5938 = VECTOR('',#5939,1.);
#5939 = DIRECTION('',(1.,0.,0.));
#5940 = ORIENTED_EDGE('',*,*,#5941,.T.);
#5941 = EDGE_CURVE('',#5934,#5942,#5944,.T.);
#5942 = VERTEX_POINT('',#5943);
#5943 = CARTESIAN_POINT('',(29.7,8.,3.));
#5944 = LINE('',#5945,#5946);
#5945 = CARTESIAN_POINT('',(29.7,8.,0.));
#5946 = VECTOR('',#5947,1.);
#5947 = DIRECTION('',(-1.184237892934E-15,5.551115123126E-16,1.));
#5948 = ORIENTED_EDGE('',*,*,#5949,.T.);
#5949 = EDGE_CURVE('',#5942,#5950,#5952,.T.);
#5950 = VERTEX_POINT('',#5951);
#5951 = CARTESIAN_POINT('',(-30.,8.,3.));
#5952 = LINE('',#5953,#5954);
#5953 = CARTESIAN_POINT('',(29.7,8.,3.));
#5954 = VECTOR('',#5955,1.);
#5955 = DIRECTION('',(-1.,0.,0.));
#5956 = ORIENTED_EDGE('',*,*,#5957,.T.);
#5957 = EDGE_CURVE('',#5950,#5958,#5960,.T.);
#5958 = VERTEX_POINT('',#5959);
#5959 = CARTESIAN_POINT('',(-30.,8.,6.));
#5960 = LINE('',#5961,#5962);
#5961 = CARTESIAN_POINT('',(-30.,8.,3.));
#5962 = VECTOR('',#5963,1.);
#5963 = DIRECTION('',(1.184237892934E-15,5.551115123126E-16,1.));
#5964 = ORIENTED_EDGE('',*,*,#5965,.T.);
#5965 = EDGE_CURVE('',#5958,#5870,#5966,.T.);
#5966 = LINE('',#5967,#5968);
#5967 = CARTESIAN_POINT('',(-30.,8.,6.));
#5968 = VECTOR('',#5969,1.);
#5969 = DIRECTION('',(-1.,0.,0.));
#5970 = ORIENTED_EDGE('',*,*,#5886,.T.);
#5971 = PLANE('',#5972);
#5972 = AXIS2_PLACEMENT_3D('',#5973,#5974,#5975);
#5973 = CARTESIAN_POINT('',(-39.09421052631,8.,2.455789473684));
#5974 = DIRECTION('',(0.,1.,-6.001074319334E-16));
#5975 = DIRECTION('',(0.,6.001074319334E-16,1.));
#5976 = ADVANCED_FACE('',(#5977),#6004,.T.);
#5977 = FACE_BOUND('',#5978,.T.);
#5978 = EDGE_LOOP('',(#5979,#5980,#5981,#5989,#5997,#6003));
#5979 = ORIENTED_EDGE('',*,*,#5839,.F.);
#5980 = ORIENTED_EDGE('',*,*,#5879,.F.);
#5981 = ORIENTED_EDGE('',*,*,#5982,.F.);
#5982 = EDGE_CURVE('',#5983,#5872,#5985,.T.);
#5983 = VERTEX_POINT('',#5984);
#5984 = CARTESIAN_POINT('',(-98.7,136.4,6.));
#5985 = LINE('',#5986,#5987);
#5986 = CARTESIAN_POINT('',(-30.,136.4,6.));
#5987 = VECTOR('',#5988,1.);
#5988 = DIRECTION('',(-1.,0.,0.));
#5989 = ORIENTED_EDGE('',*,*,#5990,.T.);
#5990 = EDGE_CURVE('',#5983,#5991,#5993,.T.);
#5991 = VERTEX_POINT('',#5992);
#5992 = CARTESIAN_POINT('',(-98.7,136.4,-1.42108547152E-14));
#5993 = LINE('',#5994,#5995);
#5994 = CARTESIAN_POINT('',(-98.7,136.4,9.));
#5995 = VECTOR('',#5996,1.);
#5996 = DIRECTION('',(0.,-3.330669073875E-16,-1.));
#5997 = ORIENTED_EDGE('',*,*,#5998,.F.);
#5998 = EDGE_CURVE('',#5902,#5991,#5999,.T.);
#5999 = LINE('',#6000,#6001);
#6000 = CARTESIAN_POINT('',(-98.8,136.4,-8.526512829121E-14));
#6001 = VECTOR('',#6002,1.);
#6002 = DIRECTION('',(1.,0.,0.));
#6003 = ORIENTED_EDGE('',*,*,#5901,.F.);
#6004 = PLANE('',#6005);
#6005 = AXIS2_PLACEMENT_3D('',#6006,#6007,#6008);
#6006 = CARTESIAN_POINT('',(-39.09421052631,136.4,2.455789473684));
#6007 = DIRECTION('',(0.,1.,-6.001074319334E-16));
#6008 = DIRECTION('',(0.,6.001074319334E-16,1.));
#6009 = ADVANCED_FACE('',(#6010),#6029,.T.);
#6010 = FACE_BOUND('',#6011,.T.);
#6011 = EDGE_LOOP('',(#6012,#6020,#6026,#6027,#6028));
#6012 = ORIENTED_EDGE('',*,*,#6013,.T.);
#6013 = EDGE_CURVE('',#5958,#6014,#6016,.T.);
#6014 = VERTEX_POINT('',#6015);
#6015 = CARTESIAN_POINT('',(-30.,136.4,6.));
#6016 = LINE('',#6017,#6018);
#6017 = CARTESIAN_POINT('',(-30.,8.,6.));
#6018 = VECTOR('',#6019,1.);
#6019 = DIRECTION('',(0.,1.,-5.551115123126E-16));
#6020 = ORIENTED_EDGE('',*,*,#6021,.T.);
#6021 = EDGE_CURVE('',#6014,#5983,#6022,.T.);
#6022 = LINE('',#6023,#6024);
#6023 = CARTESIAN_POINT('',(-30.,136.4,6.));
#6024 = VECTOR('',#6025,1.);
#6025 = DIRECTION('',(-1.,0.,0.));
#6026 = ORIENTED_EDGE('',*,*,#5982,.T.);
#6027 = ORIENTED_EDGE('',*,*,#5869,.F.);
#6028 = ORIENTED_EDGE('',*,*,#5965,.F.);
#6029 = PLANE('',#6030);
#6030 = AXIS2_PLACEMENT_3D('',#6031,#6032,#6033);
#6031 = CARTESIAN_POINT('',(-30.,8.,6.));
#6032 = DIRECTION('',(0.,5.551115123126E-16,1.));
#6033 = DIRECTION('',(-1.,0.,0.));
#6034 = ADVANCED_FACE('',(#6035),#6060,.T.);
#6035 = FACE_BOUND('',#6036,.T.);
#6036 = EDGE_LOOP('',(#6037,#6045,#6053,#6059));
#6037 = ORIENTED_EDGE('',*,*,#6038,.T.);
#6038 = EDGE_CURVE('',#5934,#6039,#6041,.T.);
#6039 = VERTEX_POINT('',#6040);
#6040 = CARTESIAN_POINT('',(29.7,136.4,-7.105427357601E-14));
#6041 = LINE('',#6042,#6043);
#6042 = CARTESIAN_POINT('',(29.7,8.,0.));
#6043 = VECTOR('',#6044,1.);
#6044 = DIRECTION('',(0.,1.,-5.551115123126E-16));
#6045 = ORIENTED_EDGE('',*,*,#6046,.T.);
#6046 = EDGE_CURVE('',#6039,#6047,#6049,.T.);
#6047 = VERTEX_POINT('',#6048);
#6048 = CARTESIAN_POINT('',(29.7,136.4,3.));
#6049 = LINE('',#6050,#6051);
#6050 = CARTESIAN_POINT('',(29.7,136.4,-8.526512829121E-14));
#6051 = VECTOR('',#6052,1.);
#6052 = DIRECTION('',(-1.184237892934E-15,5.551115123126E-16,1.));
#6053 = ORIENTED_EDGE('',*,*,#6054,.F.);
#6054 = EDGE_CURVE('',#5942,#6047,#6055,.T.);
#6055 = LINE('',#6056,#6057);
#6056 = CARTESIAN_POINT('',(29.7,8.,3.));
#6057 = VECTOR('',#6058,1.);
#6058 = DIRECTION('',(0.,1.,-5.551115123126E-16));
#6059 = ORIENTED_EDGE('',*,*,#5941,.F.);
#6060 = PLANE('',#6061);
#6061 = AXIS2_PLACEMENT_3D('',#6062,#6063,#6064);
#6062 = CARTESIAN_POINT('',(29.7,8.,0.));
#6063 = DIRECTION('',(1.,6.573840876842E-31,1.184237892934E-15));
#6064 = DIRECTION('',(-1.184237892934E-15,5.551115123126E-16,1.));
#6065 = ADVANCED_FACE('',(#6066,#6084,#6095,#6106,#6117),#6128,.T.);
#6066 = FACE_BOUND('',#6067,.T.);
#6067 = EDGE_LOOP('',(#6068,#6069,#6077,#6083));
#6068 = ORIENTED_EDGE('',*,*,#6054,.T.);
#6069 = ORIENTED_EDGE('',*,*,#6070,.T.);
#6070 = EDGE_CURVE('',#6047,#6071,#6073,.T.);
#6071 = VERTEX_POINT('',#6072);
#6072 = CARTESIAN_POINT('',(-30.,136.4,3.));
#6073 = LINE('',#6074,#6075);
#6074 = CARTESIAN_POINT('',(29.7,136.4,3.));
#6075 = VECTOR('',#6076,1.);
#6076 = DIRECTION('',(-1.,0.,0.));
#6077 = ORIENTED_EDGE('',*,*,#6078,.F.);
#6078 = EDGE_CURVE('',#5950,#6071,#6079,.T.);
#6079 = LINE('',#6080,#6081);
#6080 = CARTESIAN_POINT('',(-30.,8.,3.));
#6081 = VECTOR('',#6082,1.);
#6082 = DIRECTION('',(0.,1.,-5.551115123126E-16));
#6083 = ORIENTED_EDGE('',*,*,#5949,.F.);
#6084 = FACE_BOUND('',#6085,.T.);
#6085 = EDGE_LOOP('',(#6086));
#6086 = ORIENTED_EDGE('',*,*,#6087,.F.);
#6087 = EDGE_CURVE('',#6088,#6088,#6090,.T.);
#6088 = VERTEX_POINT('',#6089);
#6089 = CARTESIAN_POINT('',(24.75,116.,3.));
#6090 = CIRCLE('',#6091,2.75);
#6091 = AXIS2_PLACEMENT_3D('',#6092,#6093,#6094);
#6092 = CARTESIAN_POINT('',(22.,116.,3.));
#6093 = DIRECTION('',(-0.,2.22044604925E-16,1.));
#6094 = DIRECTION('',(1.,0.,0.));
#6095 = FACE_BOUND('',#6096,.T.);
#6096 = EDGE_LOOP('',(#6097));
#6097 = ORIENTED_EDGE('',*,*,#6098,.F.);
#6098 = EDGE_CURVE('',#6099,#6099,#6101,.T.);
#6099 = VERTEX_POINT('',#6100);
#6100 = CARTESIAN_POINT('',(-19.25,116.,3.));
#6101 = CIRCLE('',#6102,2.75);
#6102 = AXIS2_PLACEMENT_3D('',#6103,#6104,#6105);
#6103 = CARTESIAN_POINT('',(-22.,116.,3.));
#6104 = DIRECTION('',(-0.,2.22044604925E-16,1.));
#6105 = DIRECTION('',(1.,0.,0.));
#6106 = FACE_BOUND('',#6107,.T.);
#6107 = EDGE_LOOP('',(#6108));
#6108 = ORIENTED_EDGE('',*,*,#6109,.F.);
#6109 = EDGE_CURVE('',#6110,#6110,#6112,.T.);
#6110 = VERTEX_POINT('',#6111);
#6111 = CARTESIAN_POINT('',(24.75,20.,3.));
#6112 = CIRCLE('',#6113,2.75);
#6113 = AXIS2_PLACEMENT_3D('',#6114,#6115,#6116);
#6114 = CARTESIAN_POINT('',(22.,20.,3.));
#6115 = DIRECTION('',(-0.,2.22044604925E-16,1.));
#6116 = DIRECTION('',(1.,0.,0.));
#6117 = FACE_BOUND('',#6118,.T.);
#6118 = EDGE_LOOP('',(#6119));
#6119 = ORIENTED_EDGE('',*,*,#6120,.F.);
#6120 = EDGE_CURVE('',#6121,#6121,#6123,.T.);
#6121 = VERTEX_POINT('',#6122);
#6122 = CARTESIAN_POINT('',(-19.25,20.,3.));
#6123 = CIRCLE('',#6124,2.75);
#6124 = AXIS2_PLACEMENT_3D('',#6125,#6126,#6127);
#6125 = CARTESIAN_POINT('',(-22.,20.,3.));
#6126 = DIRECTION('',(-0.,2.22044604925E-16,1.));
#6127 = DIRECTION('',(1.,0.,0.));
#6128 = PLANE('',#6129);
#6129 = AXIS2_PLACEMENT_3D('',#6130,#6131,#6132);
#6130 = CARTESIAN_POINT('',(29.7,8.,3.));
#6131 = DIRECTION('',(0.,5.551115123126E-16,1.));
#6132 = DIRECTION('',(-1.,0.,0.));
#6133 = ADVANCED_FACE('',(#6134),#6167,.T.);
#6134 = FACE_BOUND('',#6135,.T.);
#6135 = EDGE_LOOP('',(#6136,#6146,#6154,#6160,#6161));
#6136 = ORIENTED_EDGE('',*,*,#6137,.T.);
#6137 = EDGE_CURVE('',#6138,#6140,#6142,.T.);
#6138 = VERTEX_POINT('',#6139);
#6139 = CARTESIAN_POINT('',(-98.7,136.4,9.));
#6140 = VERTEX_POINT('',#6141);
#6141 = CARTESIAN_POINT('',(-98.7,139.4,9.));
#6142 = LINE('',#6143,#6144);
#6143 = CARTESIAN_POINT('',(-98.7,136.4,9.));
#6144 = VECTOR('',#6145,1.);
#6145 = DIRECTION('',(0.,1.,-3.330669073875E-16));
#6146 = ORIENTED_EDGE('',*,*,#6147,.T.);
#6147 = EDGE_CURVE('',#6140,#6148,#6150,.T.);
#6148 = VERTEX_POINT('',#6149);
#6149 = CARTESIAN_POINT('',(-98.7,139.4,-1.59872115546E-14));
#6150 = LINE('',#6151,#6152);
#6151 = CARTESIAN_POINT('',(-98.7,139.4,9.));
#6152 = VECTOR('',#6153,1.);
#6153 = DIRECTION('',(0.,-3.330669073875E-16,-1.));
#6154 = ORIENTED_EDGE('',*,*,#6155,.F.);
#6155 = EDGE_CURVE('',#5991,#6148,#6156,.T.);
#6156 = LINE('',#6157,#6158);
#6157 = CARTESIAN_POINT('',(-98.7,136.4,-1.425526363619E-14));
#6158 = VECTOR('',#6159,1.);
#6159 = DIRECTION('',(0.,1.,-3.330669073875E-16));
#6160 = ORIENTED_EDGE('',*,*,#5990,.F.);
#6161 = ORIENTED_EDGE('',*,*,#6162,.F.);
#6162 = EDGE_CURVE('',#6138,#5983,#6163,.T.);
#6163 = LINE('',#6164,#6165);
#6164 = CARTESIAN_POINT('',(-98.7,136.4,9.));
#6165 = VECTOR('',#6166,1.);
#6166 = DIRECTION('',(0.,-3.330669073875E-16,-1.));
#6167 = PLANE('',#6168);
#6168 = AXIS2_PLACEMENT_3D('',#6169,#6170,#6171);
#6169 = CARTESIAN_POINT('',(-98.7,136.4,9.));
#6170 = DIRECTION('',(-1.,0.,0.));
#6171 = DIRECTION('',(0.,-3.330669073875E-16,-1.));
#6172 = ADVANCED_FACE('',(#6173),#6191,.F.);
#6173 = FACE_BOUND('',#6174,.F.);
#6174 = EDGE_LOOP('',(#6175,#6176,#6177,#6185));
#6175 = ORIENTED_EDGE('',*,*,#6021,.T.);
#6176 = ORIENTED_EDGE('',*,*,#6162,.F.);
#6177 = ORIENTED_EDGE('',*,*,#6178,.F.);
#6178 = EDGE_CURVE('',#6179,#6138,#6181,.T.);
#6179 = VERTEX_POINT('',#6180);
#6180 = CARTESIAN_POINT('',(-30.,136.4,9.));
#6181 = LINE('',#6182,#6183);
#6182 = CARTESIAN_POINT('',(-30.,136.4,9.));
#6183 = VECTOR('',#6184,1.);
#6184 = DIRECTION('',(-1.,0.,0.));
#6185 = ORIENTED_EDGE('',*,*,#6186,.F.);
#6186 = EDGE_CURVE('',#6014,#6179,#6187,.T.);
#6187 = LINE('',#6188,#6189);
#6188 = CARTESIAN_POINT('',(-30.,136.4,-2.84217094304E-14));
#6189 = VECTOR('',#6190,1.);
#6190 = DIRECTION('',(0.,3.330669073875E-16,1.));
#6191 = PLANE('',#6192);
#6192 = AXIS2_PLACEMENT_3D('',#6193,#6194,#6195);
#6193 = CARTESIAN_POINT('',(-64.35,136.4,4.5));
#6194 = DIRECTION('',(0.,1.,-1.110223024625E-16));
#6195 = DIRECTION('',(0.,1.110223024625E-16,1.));
#6196 = ADVANCED_FACE('',(#6197),#6215,.T.);
#6197 = FACE_BOUND('',#6198,.T.);
#6198 = EDGE_LOOP('',(#6199,#6207,#6213,#6214));
#6199 = ORIENTED_EDGE('',*,*,#6200,.F.);
#6200 = EDGE_CURVE('',#6201,#6039,#6203,.T.);
#6201 = VERTEX_POINT('',#6202);
#6202 = CARTESIAN_POINT('',(-30.,136.4,-1.42108547152E-14));
#6203 = LINE('',#6204,#6205);
#6204 = CARTESIAN_POINT('',(-98.8,136.4,-8.526512829121E-14));
#6205 = VECTOR('',#6206,1.);
#6206 = DIRECTION('',(1.,0.,0.));
#6207 = ORIENTED_EDGE('',*,*,#6208,.T.);
#6208 = EDGE_CURVE('',#6201,#6071,#6209,.T.);
#6209 = LINE('',#6210,#6211);
#6210 = CARTESIAN_POINT('',(-30.,136.4,-2.84217094304E-14));
#6211 = VECTOR('',#6212,1.);
#6212 = DIRECTION('',(0.,3.330669073875E-16,1.));
#6213 = ORIENTED_EDGE('',*,*,#6070,.F.);
#6214 = ORIENTED_EDGE('',*,*,#6046,.F.);
#6215 = PLANE('',#6216);
#6216 = AXIS2_PLACEMENT_3D('',#6217,#6218,#6219);
#6217 = CARTESIAN_POINT('',(-39.09421052631,136.4,2.455789473684));
#6218 = DIRECTION('',(0.,1.,-6.001074319334E-16));
#6219 = DIRECTION('',(0.,6.001074319334E-16,1.));
#6220 = ADVANCED_FACE('',(#6221),#6240,.F.);
#6221 = FACE_BOUND('',#6222,.F.);
#6222 = EDGE_LOOP('',(#6223,#6231,#6238,#6239));
#6223 = ORIENTED_EDGE('',*,*,#6224,.T.);
#6224 = EDGE_CURVE('',#6099,#6225,#6227,.T.);
#6225 = VERTEX_POINT('',#6226);
#6226 = CARTESIAN_POINT('',(-19.25,116.,-2.48689957516E-14));
#6227 = LINE('',#6228,#6229);
#6228 = CARTESIAN_POINT('',(-19.25,116.,3.));
#6229 = VECTOR('',#6230,1.);
#6230 = DIRECTION('',(-0.,-2.22044604925E-16,-1.));
#6231 = ORIENTED_EDGE('',*,*,#6232,.T.);
#6232 = EDGE_CURVE('',#6225,#6225,#6233,.T.);
#6233 = CIRCLE('',#6234,2.75);
#6234 = AXIS2_PLACEMENT_3D('',#6235,#6236,#6237);
#6235 = CARTESIAN_POINT('',(-22.,116.,-2.48689957516E-14));
#6236 = DIRECTION('',(-0.,2.22044604925E-16,1.));
#6237 = DIRECTION('',(1.,0.,0.));
#6238 = ORIENTED_EDGE('',*,*,#6224,.F.);
#6239 = ORIENTED_EDGE('',*,*,#6098,.F.);
#6240 = CYLINDRICAL_SURFACE('',#6241,2.75);
#6241 = AXIS2_PLACEMENT_3D('',#6242,#6243,#6244);
#6242 = CARTESIAN_POINT('',(-22.,116.,3.));
#6243 = DIRECTION('',(0.,2.22044604925E-16,1.));
#6244 = DIRECTION('',(1.,0.,0.));
#6245 = ADVANCED_FACE('',(#6246),#6265,.F.);
#6246 = FACE_BOUND('',#6247,.F.);
#6247 = EDGE_LOOP('',(#6248,#6256,#6263,#6264));
#6248 = ORIENTED_EDGE('',*,*,#6249,.T.);
#6249 = EDGE_CURVE('',#6088,#6250,#6252,.T.);
#6250 = VERTEX_POINT('',#6251);
#6251 = CARTESIAN_POINT('',(24.75,116.,-2.48689957516E-14));
#6252 = LINE('',#6253,#6254);
#6253 = CARTESIAN_POINT('',(24.75,116.,3.));
#6254 = VECTOR('',#6255,1.);
#6255 = DIRECTION('',(-0.,-2.22044604925E-16,-1.));
#6256 = ORIENTED_EDGE('',*,*,#6257,.T.);
#6257 = EDGE_CURVE('',#6250,#6250,#6258,.T.);
#6258 = CIRCLE('',#6259,2.75);
#6259 = AXIS2_PLACEMENT_3D('',#6260,#6261,#6262);
#6260 = CARTESIAN_POINT('',(22.,116.,-2.48689957516E-14));
#6261 = DIRECTION('',(-0.,2.22044604925E-16,1.));
#6262 = DIRECTION('',(1.,0.,0.));
#6263 = ORIENTED_EDGE('',*,*,#6249,.F.);
#6264 = ORIENTED_EDGE('',*,*,#6087,.F.);
#6265 = CYLINDRICAL_SURFACE('',#6266,2.75);
#6266 = AXIS2_PLACEMENT_3D('',#6267,#6268,#6269);
#6267 = CARTESIAN_POINT('',(22.,116.,3.));
#6268 = DIRECTION('',(0.,2.22044604925E-16,1.));
#6269 = DIRECTION('',(1.,0.,0.));
#6270 = ADVANCED_FACE('',(#6271),#6290,.F.);
#6271 = FACE_BOUND('',#6272,.F.);
#6272 = EDGE_LOOP('',(#6273,#6281,#6288,#6289));
#6273 = ORIENTED_EDGE('',*,*,#6274,.T.);
#6274 = EDGE_CURVE('',#6121,#6275,#6277,.T.);
#6275 = VERTEX_POINT('',#6276);
#6276 = CARTESIAN_POINT('',(-19.25,20.,-3.552713678801E-15));
#6277 = LINE('',#6278,#6279);
#6278 = CARTESIAN_POINT('',(-19.25,20.,3.));
#6279 = VECTOR('',#6280,1.);
#6280 = DIRECTION('',(-0.,-2.22044604925E-16,-1.));
#6281 = ORIENTED_EDGE('',*,*,#6282,.T.);
#6282 = EDGE_CURVE('',#6275,#6275,#6283,.T.);
#6283 = CIRCLE('',#6284,2.75);
#6284 = AXIS2_PLACEMENT_3D('',#6285,#6286,#6287);
#6285 = CARTESIAN_POINT('',(-22.,20.,-3.552713678801E-15));
#6286 = DIRECTION('',(-0.,2.22044604925E-16,1.));
#6287 = DIRECTION('',(1.,0.,0.));
#6288 = ORIENTED_EDGE('',*,*,#6274,.F.);
#6289 = ORIENTED_EDGE('',*,*,#6120,.F.);
#6290 = CYLINDRICAL_SURFACE('',#6291,2.75);
#6291 = AXIS2_PLACEMENT_3D('',#6292,#6293,#6294);
#6292 = CARTESIAN_POINT('',(-22.,20.,3.));
#6293 = DIRECTION('',(0.,2.22044604925E-16,1.));
#6294 = DIRECTION('',(1.,0.,0.));
#6295 = ADVANCED_FACE('',(#6296),#6315,.F.);
#6296 = FACE_BOUND('',#6297,.F.);
#6297 = EDGE_LOOP('',(#6298,#6306,#6313,#6314));
#6298 = ORIENTED_EDGE('',*,*,#6299,.T.);
#6299 = EDGE_CURVE('',#6110,#6300,#6302,.T.);
#6300 = VERTEX_POINT('',#6301);
#6301 = CARTESIAN_POINT('',(24.75,20.,-3.552713678801E-15));
#6302 = LINE('',#6303,#6304);
#6303 = CARTESIAN_POINT('',(24.75,20.,3.));
#6304 = VECTOR('',#6305,1.);
#6305 = DIRECTION('',(-0.,-2.22044604925E-16,-1.));
#6306 = ORIENTED_EDGE('',*,*,#6307,.T.);
#6307 = EDGE_CURVE('',#6300,#6300,#6308,.T.);
#6308 = CIRCLE('',#6309,2.75);
#6309 = AXIS2_PLACEMENT_3D('',#6310,#6311,#6312);
#6310 = CARTESIAN_POINT('',(22.,20.,-3.552713678801E-15));
#6311 = DIRECTION('',(-0.,2.22044604925E-16,1.));
#6312 = DIRECTION('',(1.,0.,0.));
#6313 = ORIENTED_EDGE('',*,*,#6299,.F.);
#6314 = ORIENTED_EDGE('',*,*,#6109,.F.);
#6315 = CYLINDRICAL_SURFACE('',#6316,2.75);
#6316 = AXIS2_PLACEMENT_3D('',#6317,#6318,#6319);
#6317 = CARTESIAN_POINT('',(22.,20.,3.));
#6318 = DIRECTION('',(0.,2.22044604925E-16,1.));
#6319 = DIRECTION('',(1.,0.,0.));
#6320 = ADVANCED_FACE('',(#6321),#6339,.T.);
#6321 = FACE_BOUND('',#6322,.T.);
#6322 = EDGE_LOOP('',(#6323,#6331,#6337,#6338));
#6323 = ORIENTED_EDGE('',*,*,#6324,.T.);
#6324 = EDGE_CURVE('',#6179,#6325,#6327,.T.);
#6325 = VERTEX_POINT('',#6326);
#6326 = CARTESIAN_POINT('',(-30.,139.4,9.));
#6327 = LINE('',#6328,#6329);
#6328 = CARTESIAN_POINT('',(-30.,136.4,9.));
#6329 = VECTOR('',#6330,1.);
#6330 = DIRECTION('',(0.,1.,-3.330669073875E-16));
#6331 = ORIENTED_EDGE('',*,*,#6332,.T.);
#6332 = EDGE_CURVE('',#6325,#6140,#6333,.T.);
#6333 = LINE('',#6334,#6335);
#6334 = CARTESIAN_POINT('',(-30.,139.4,9.));
#6335 = VECTOR('',#6336,1.);
#6336 = DIRECTION('',(-1.,0.,0.));
#6337 = ORIENTED_EDGE('',*,*,#6137,.F.);
#6338 = ORIENTED_EDGE('',*,*,#6178,.F.);
#6339 = PLANE('',#6340);
#6340 = AXIS2_PLACEMENT_3D('',#6341,#6342,#6343);
#6341 = CARTESIAN_POINT('',(-30.,136.4,9.));
#6342 = DIRECTION('',(0.,3.330669073875E-16,1.));
#6343 = DIRECTION('',(-1.,0.,0.));
#6344 = ADVANCED_FACE('',(#6345),#6363,.T.);
#6345 = FACE_BOUND('',#6346,.F.);
#6346 = EDGE_LOOP('',(#6347,#6355,#6361,#6362));
#6347 = ORIENTED_EDGE('',*,*,#6348,.T.);
#6348 = EDGE_CURVE('',#6148,#6349,#6351,.T.);
#6349 = VERTEX_POINT('',#6350);
#6350 = CARTESIAN_POINT('',(-30.,139.4,-1.59872115546E-14));
#6351 = LINE('',#6352,#6353);
#6352 = CARTESIAN_POINT('',(-98.7,139.4,-2.84217094304E-14));
#6353 = VECTOR('',#6354,1.);
#6354 = DIRECTION('',(1.,0.,0.));
#6355 = ORIENTED_EDGE('',*,*,#6356,.T.);
#6356 = EDGE_CURVE('',#6349,#6325,#6357,.T.);
#6357 = LINE('',#6358,#6359);
#6358 = CARTESIAN_POINT('',(-30.,139.4,-2.84217094304E-14));
#6359 = VECTOR('',#6360,1.);
#6360 = DIRECTION('',(0.,3.330669073875E-16,1.));
#6361 = ORIENTED_EDGE('',*,*,#6332,.T.);
#6362 = ORIENTED_EDGE('',*,*,#6147,.T.);
#6363 = PLANE('',#6364);
#6364 = AXIS2_PLACEMENT_3D('',#6365,#6366,#6367);
#6365 = CARTESIAN_POINT('',(-64.35,139.4,4.5));
#6366 = DIRECTION('',(0.,1.,-1.110223024625E-16));
#6367 = DIRECTION('',(0.,1.110223024625E-16,1.));
#6368 = ADVANCED_FACE('',(#6369,#6384,#6387,#6390,#6393),#6396,.T.);
#6369 = FACE_BOUND('',#6370,.T.);
#6370 = EDGE_LOOP('',(#6371,#6372,#6373,#6374,#6375,#6381,#6382,#6383));
#6371 = ORIENTED_EDGE('',*,*,#5909,.T.);
#6372 = ORIENTED_EDGE('',*,*,#5998,.T.);
#6373 = ORIENTED_EDGE('',*,*,#6155,.T.);
#6374 = ORIENTED_EDGE('',*,*,#6348,.T.);
#6375 = ORIENTED_EDGE('',*,*,#6376,.F.);
#6376 = EDGE_CURVE('',#6201,#6349,#6377,.T.);
#6377 = LINE('',#6378,#6379);
#6378 = CARTESIAN_POINT('',(-30.,136.4,-1.425526363619E-14));
#6379 = VECTOR('',#6380,1.);
#6380 = DIRECTION('',(0.,1.,-3.330669073875E-16));
#6381 = ORIENTED_EDGE('',*,*,#6200,.T.);
#6382 = ORIENTED_EDGE('',*,*,#6038,.F.);
#6383 = ORIENTED_EDGE('',*,*,#5933,.F.);
#6384 = FACE_BOUND('',#6385,.T.);
#6385 = EDGE_LOOP('',(#6386));
#6386 = ORIENTED_EDGE('',*,*,#6232,.T.);
#6387 = FACE_BOUND('',#6388,.T.);
#6388 = EDGE_LOOP('',(#6389));
#6389 = ORIENTED_EDGE('',*,*,#6257,.T.);
#6390 = FACE_BOUND('',#6391,.T.);
#6391 = EDGE_LOOP('',(#6392));
#6392 = ORIENTED_EDGE('',*,*,#6282,.T.);
#6393 = FACE_BOUND('',#6394,.T.);
#6394 = EDGE_LOOP('',(#6395));
#6395 = ORIENTED_EDGE('',*,*,#6307,.T.);
#6396 = PLANE('',#6397);
#6397 = AXIS2_PLACEMENT_3D('',#6398,#6399,#6400);
#6398 = CARTESIAN_POINT('',(-34.89397845325,73.354867256637,
    -2.79929087477E-14));
#6399 = DIRECTION('',(-0.,-2.22044604925E-16,-1.));
#6400 = DIRECTION('',(0.,1.,-2.22044604925E-16));
#6401 = ADVANCED_FACE('',(#6402),#6412,.T.);
#6402 = FACE_BOUND('',#6403,.T.);
#6403 = EDGE_LOOP('',(#6404,#6405,#6406,#6407,#6408,#6409,#6410,#6411));
#6404 = ORIENTED_EDGE('',*,*,#6078,.T.);
#6405 = ORIENTED_EDGE('',*,*,#6208,.F.);
#6406 = ORIENTED_EDGE('',*,*,#6376,.T.);
#6407 = ORIENTED_EDGE('',*,*,#6356,.T.);
#6408 = ORIENTED_EDGE('',*,*,#6324,.F.);
#6409 = ORIENTED_EDGE('',*,*,#6186,.F.);
#6410 = ORIENTED_EDGE('',*,*,#6013,.F.);
#6411 = ORIENTED_EDGE('',*,*,#5957,.F.);
#6412 = PLANE('',#6413);
#6413 = AXIS2_PLACEMENT_3D('',#6414,#6415,#6416);
#6414 = CARTESIAN_POINT('',(-30.,76.44358974359,4.5));
#6415 = DIRECTION('',(1.,-1.60817689247E-31,-7.242584853675E-16));
#6416 = DIRECTION('',(7.242584853675E-16,2.22044604925E-16,1.));
#6417 = MANIFOLD_SOLID_BREP('',#6418);
#6418 = CLOSED_SHELL('',(#6419,#6491,#6530,#6561,#6585,#6602,#6628,#6659
    ,#6690,#6737,#6755,#6821,#6846,#6855,#6880,#6889,#6914,#6923,#6948,
    #6957,#6971,#6988));
#6419 = ADVANCED_FACE('',(#6420),#6486,.F.);
#6420 = FACE_BOUND('',#6421,.T.);
#6421 = EDGE_LOOP('',(#6422,#6432,#6440,#6448,#6456,#6464,#6472,#6480));
#6422 = ORIENTED_EDGE('',*,*,#6423,.T.);
#6423 = EDGE_CURVE('',#6424,#6426,#6428,.T.);
#6424 = VERTEX_POINT('',#6425);
#6425 = CARTESIAN_POINT('',(-29.7,8.,3.));
#6426 = VERTEX_POINT('',#6427);
#6427 = CARTESIAN_POINT('',(30.,8.,3.));
#6428 = LINE('',#6429,#6430);
#6429 = CARTESIAN_POINT('',(-29.7,8.,3.));
#6430 = VECTOR('',#6431,1.);
#6431 = DIRECTION('',(1.,0.,0.));
#6432 = ORIENTED_EDGE('',*,*,#6433,.T.);
#6433 = EDGE_CURVE('',#6426,#6434,#6436,.T.);
#6434 = VERTEX_POINT('',#6435);
#6435 = CARTESIAN_POINT('',(30.,8.,0.));
#6436 = LINE('',#6437,#6438);
#6437 = CARTESIAN_POINT('',(30.,8.,3.));
#6438 = VECTOR('',#6439,1.);
#6439 = DIRECTION('',(-1.184237892934E-15,-5.551115123126E-16,-1.));
#6440 = ORIENTED_EDGE('',*,*,#6441,.T.);
#6441 = EDGE_CURVE('',#6434,#6442,#6444,.T.);
#6442 = VERTEX_POINT('',#6443);
#6443 = CARTESIAN_POINT('',(98.8,8.,0.));
#6444 = LINE('',#6445,#6446);
#6445 = CARTESIAN_POINT('',(30.,8.,0.));
#6446 = VECTOR('',#6447,1.);
#6447 = DIRECTION('',(1.,0.,0.));
#6448 = ORIENTED_EDGE('',*,*,#6449,.T.);
#6449 = EDGE_CURVE('',#6442,#6450,#6452,.T.);
#6450 = VERTEX_POINT('',#6451);
#6451 = CARTESIAN_POINT('',(98.8,8.,3.));
#6452 = LINE('',#6453,#6454);
#6453 = CARTESIAN_POINT('',(98.8,8.,0.));
#6454 = VECTOR('',#6455,1.);
#6455 = DIRECTION('',(0.,5.551115123126E-16,1.));
#6456 = ORIENTED_EDGE('',*,*,#6457,.T.);
#6457 = EDGE_CURVE('',#6450,#6458,#6460,.T.);
#6458 = VERTEX_POINT('',#6459);
#6459 = CARTESIAN_POINT('',(106.8,8.,3.));
#6460 = LINE('',#6461,#6462);
#6461 = CARTESIAN_POINT('',(98.8,8.,3.));
#6462 = VECTOR('',#6463,1.);
#6463 = DIRECTION('',(1.,0.,0.));
#6464 = ORIENTED_EDGE('',*,*,#6465,.T.);
#6465 = EDGE_CURVE('',#6458,#6466,#6468,.T.);
#6466 = VERTEX_POINT('',#6467);
#6467 = CARTESIAN_POINT('',(106.8,8.,6.));
#6468 = LINE('',#6469,#6470);
#6469 = CARTESIAN_POINT('',(106.8,8.,3.));
#6470 = VECTOR('',#6471,1.);
#6471 = DIRECTION('',(0.,5.551115123126E-16,1.));
#6472 = ORIENTED_EDGE('',*,*,#6473,.T.);
#6473 = EDGE_CURVE('',#6466,#6474,#6476,.T.);
#6474 = VERTEX_POINT('',#6475);
#6475 = CARTESIAN_POINT('',(-29.7,8.,6.));
#6476 = LINE('',#6477,#6478);
#6477 = CARTESIAN_POINT('',(106.8,8.,6.));
#6478 = VECTOR('',#6479,1.);
#6479 = DIRECTION('',(-1.,0.,0.));
#6480 = ORIENTED_EDGE('',*,*,#6481,.T.);
#6481 = EDGE_CURVE('',#6474,#6424,#6482,.T.);
#6482 = LINE('',#6483,#6484);
#6483 = CARTESIAN_POINT('',(-29.7,8.,6.));
#6484 = VECTOR('',#6485,1.);
#6485 = DIRECTION('',(1.184237892934E-15,-5.551115123126E-16,-1.));
#6486 = PLANE('',#6487);
#6487 = AXIS2_PLACEMENT_3D('',#6488,#6489,#6490);
#6488 = CARTESIAN_POINT('',(39.094210526316,8.,3.712631578947));
#6489 = DIRECTION('',(0.,1.,-6.61401117266E-16));
#6490 = DIRECTION('',(0.,6.61401117266E-16,1.));
#6491 = ADVANCED_FACE('',(#6492),#6525,.T.);
#6492 = FACE_BOUND('',#6493,.T.);
#6493 = EDGE_LOOP('',(#6494,#6502,#6510,#6518,#6524));
#6494 = ORIENTED_EDGE('',*,*,#6495,.T.);
#6495 = EDGE_CURVE('',#6466,#6496,#6498,.T.);
#6496 = VERTEX_POINT('',#6497);
#6497 = CARTESIAN_POINT('',(106.8,136.4,6.));
#6498 = LINE('',#6499,#6500);
#6499 = CARTESIAN_POINT('',(106.8,8.,6.));
#6500 = VECTOR('',#6501,1.);
#6501 = DIRECTION('',(0.,1.,-5.551115123126E-16));
#6502 = ORIENTED_EDGE('',*,*,#6503,.T.);
#6503 = EDGE_CURVE('',#6496,#6504,#6506,.T.);
#6504 = VERTEX_POINT('',#6505);
#6505 = CARTESIAN_POINT('',(98.7,136.4,6.));
#6506 = LINE('',#6507,#6508);
#6507 = CARTESIAN_POINT('',(106.8,136.4,6.));
#6508 = VECTOR('',#6509,1.);
#6509 = DIRECTION('',(-1.,0.,0.));
#6510 = ORIENTED_EDGE('',*,*,#6511,.T.);
#6511 = EDGE_CURVE('',#6504,#6512,#6514,.T.);
#6512 = VERTEX_POINT('',#6513);
#6513 = CARTESIAN_POINT('',(-29.7,136.4,6.));
#6514 = LINE('',#6515,#6516);
#6515 = CARTESIAN_POINT('',(106.8,136.4,6.));
#6516 = VECTOR('',#6517,1.);
#6517 = DIRECTION('',(-1.,0.,0.));
#6518 = ORIENTED_EDGE('',*,*,#6519,.F.);
#6519 = EDGE_CURVE('',#6474,#6512,#6520,.T.);
#6520 = LINE('',#6521,#6522);
#6521 = CARTESIAN_POINT('',(-29.7,8.,6.));
#6522 = VECTOR('',#6523,1.);
#6523 = DIRECTION('',(0.,1.,-5.551115123126E-16));
#6524 = ORIENTED_EDGE('',*,*,#6473,.F.);
#6525 = PLANE('',#6526);
#6526 = AXIS2_PLACEMENT_3D('',#6527,#6528,#6529);
#6527 = CARTESIAN_POINT('',(106.8,8.,6.));
#6528 = DIRECTION('',(0.,5.551115123126E-16,1.));
#6529 = DIRECTION('',(-1.,0.,0.));
#6530 = ADVANCED_FACE('',(#6531),#6556,.T.);
#6531 = FACE_BOUND('',#6532,.T.);
#6532 = EDGE_LOOP('',(#6533,#6541,#6549,#6555));
#6533 = ORIENTED_EDGE('',*,*,#6534,.T.);
#6534 = EDGE_CURVE('',#6442,#6535,#6537,.T.);
#6535 = VERTEX_POINT('',#6536);
#6536 = CARTESIAN_POINT('',(98.8,136.4,-7.105427357601E-14));
#6537 = LINE('',#6538,#6539);
#6538 = CARTESIAN_POINT('',(98.8,8.,0.));
#6539 = VECTOR('',#6540,1.);
#6540 = DIRECTION('',(0.,1.,-5.551115123126E-16));
#6541 = ORIENTED_EDGE('',*,*,#6542,.T.);
#6542 = EDGE_CURVE('',#6535,#6543,#6545,.T.);
#6543 = VERTEX_POINT('',#6544);
#6544 = CARTESIAN_POINT('',(98.8,136.4,3.));
#6545 = LINE('',#6546,#6547);
#6546 = CARTESIAN_POINT('',(98.8,136.4,-8.526512829121E-14));
#6547 = VECTOR('',#6548,1.);
#6548 = DIRECTION('',(0.,5.551115123126E-16,1.));
#6549 = ORIENTED_EDGE('',*,*,#6550,.F.);
#6550 = EDGE_CURVE('',#6450,#6543,#6551,.T.);
#6551 = LINE('',#6552,#6553);
#6552 = CARTESIAN_POINT('',(98.8,8.,3.));
#6553 = VECTOR('',#6554,1.);
#6554 = DIRECTION('',(0.,1.,-5.551115123126E-16));
#6555 = ORIENTED_EDGE('',*,*,#6449,.F.);
#6556 = PLANE('',#6557);
#6557 = AXIS2_PLACEMENT_3D('',#6558,#6559,#6560);
#6558 = CARTESIAN_POINT('',(98.8,8.,0.));
#6559 = DIRECTION('',(1.,0.,0.));
#6560 = DIRECTION('',(0.,5.551115123126E-16,1.));
#6561 = ADVANCED_FACE('',(#6562),#6580,.T.);
#6562 = FACE_BOUND('',#6563,.T.);
#6563 = EDGE_LOOP('',(#6564,#6565,#6573,#6579));
#6564 = ORIENTED_EDGE('',*,*,#6550,.T.);
#6565 = ORIENTED_EDGE('',*,*,#6566,.T.);
#6566 = EDGE_CURVE('',#6543,#6567,#6569,.T.);
#6567 = VERTEX_POINT('',#6568);
#6568 = CARTESIAN_POINT('',(106.8,136.4,3.));
#6569 = LINE('',#6570,#6571);
#6570 = CARTESIAN_POINT('',(98.8,136.4,3.));
#6571 = VECTOR('',#6572,1.);
#6572 = DIRECTION('',(1.,0.,0.));
#6573 = ORIENTED_EDGE('',*,*,#6574,.F.);
#6574 = EDGE_CURVE('',#6458,#6567,#6575,.T.);
#6575 = LINE('',#6576,#6577);
#6576 = CARTESIAN_POINT('',(106.8,8.,3.));
#6577 = VECTOR('',#6578,1.);
#6578 = DIRECTION('',(0.,1.,-5.551115123126E-16));
#6579 = ORIENTED_EDGE('',*,*,#6457,.F.);
#6580 = PLANE('',#6581);
#6581 = AXIS2_PLACEMENT_3D('',#6582,#6583,#6584);
#6582 = CARTESIAN_POINT('',(98.8,8.,3.));
#6583 = DIRECTION('',(0.,-5.551115123126E-16,-1.));
#6584 = DIRECTION('',(1.,0.,0.));
#6585 = ADVANCED_FACE('',(#6586),#6597,.T.);
#6586 = FACE_BOUND('',#6587,.T.);
#6587 = EDGE_LOOP('',(#6588,#6589,#6595,#6596));
#6588 = ORIENTED_EDGE('',*,*,#6574,.T.);
#6589 = ORIENTED_EDGE('',*,*,#6590,.T.);
#6590 = EDGE_CURVE('',#6567,#6496,#6591,.T.);
#6591 = LINE('',#6592,#6593);
#6592 = CARTESIAN_POINT('',(106.8,136.4,3.));
#6593 = VECTOR('',#6594,1.);
#6594 = DIRECTION('',(0.,5.551115123126E-16,1.));
#6595 = ORIENTED_EDGE('',*,*,#6495,.F.);
#6596 = ORIENTED_EDGE('',*,*,#6465,.F.);
#6597 = PLANE('',#6598);
#6598 = AXIS2_PLACEMENT_3D('',#6599,#6600,#6601);
#6599 = CARTESIAN_POINT('',(106.8,8.,3.));
#6600 = DIRECTION('',(1.,0.,0.));
#6601 = DIRECTION('',(0.,5.551115123126E-16,1.));
#6602 = ADVANCED_FACE('',(#6603),#6623,.T.);
#6603 = FACE_BOUND('',#6604,.T.);
#6604 = EDGE_LOOP('',(#6605,#6613,#6614,#6615,#6616,#6617));
#6605 = ORIENTED_EDGE('',*,*,#6606,.T.);
#6606 = EDGE_CURVE('',#6607,#6504,#6609,.T.);
#6607 = VERTEX_POINT('',#6608);
#6608 = CARTESIAN_POINT('',(98.7,136.4,-1.42108547152E-14));
#6609 = LINE('',#6610,#6611);
#6610 = CARTESIAN_POINT('',(98.7,136.4,-2.84217094304E-14));
#6611 = VECTOR('',#6612,1.);
#6612 = DIRECTION('',(0.,3.330669073875E-16,1.));
#6613 = ORIENTED_EDGE('',*,*,#6503,.F.);
#6614 = ORIENTED_EDGE('',*,*,#6590,.F.);
#6615 = ORIENTED_EDGE('',*,*,#6566,.F.);
#6616 = ORIENTED_EDGE('',*,*,#6542,.F.);
#6617 = ORIENTED_EDGE('',*,*,#6618,.F.);
#6618 = EDGE_CURVE('',#6607,#6535,#6619,.T.);
#6619 = LINE('',#6620,#6621);
#6620 = CARTESIAN_POINT('',(30.,136.4,-8.526512829121E-14));
#6621 = VECTOR('',#6622,1.);
#6622 = DIRECTION('',(1.,0.,0.));
#6623 = PLANE('',#6624);
#6624 = AXIS2_PLACEMENT_3D('',#6625,#6626,#6627);
#6625 = CARTESIAN_POINT('',(39.094210526316,136.4,3.712631578947));
#6626 = DIRECTION('',(0.,1.,-6.61401117266E-16));
#6627 = DIRECTION('',(0.,6.61401117266E-16,1.));
#6628 = ADVANCED_FACE('',(#6629),#6654,.F.);
#6629 = FACE_BOUND('',#6630,.F.);
#6630 = EDGE_LOOP('',(#6631,#6632,#6640,#6648));
#6631 = ORIENTED_EDGE('',*,*,#6511,.T.);
#6632 = ORIENTED_EDGE('',*,*,#6633,.F.);
#6633 = EDGE_CURVE('',#6634,#6512,#6636,.T.);
#6634 = VERTEX_POINT('',#6635);
#6635 = CARTESIAN_POINT('',(-29.7,136.4,9.));
#6636 = LINE('',#6637,#6638);
#6637 = CARTESIAN_POINT('',(-29.7,136.4,9.));
#6638 = VECTOR('',#6639,1.);
#6639 = DIRECTION('',(5.921189464668E-16,-3.330669073875E-16,-1.));
#6640 = ORIENTED_EDGE('',*,*,#6641,.F.);
#6641 = EDGE_CURVE('',#6642,#6634,#6644,.T.);
#6642 = VERTEX_POINT('',#6643);
#6643 = CARTESIAN_POINT('',(98.7,136.4,9.));
#6644 = LINE('',#6645,#6646);
#6645 = CARTESIAN_POINT('',(98.7,136.4,9.));
#6646 = VECTOR('',#6647,1.);
#6647 = DIRECTION('',(-1.,0.,0.));
#6648 = ORIENTED_EDGE('',*,*,#6649,.F.);
#6649 = EDGE_CURVE('',#6504,#6642,#6650,.T.);
#6650 = LINE('',#6651,#6652);
#6651 = CARTESIAN_POINT('',(98.7,136.4,-2.84217094304E-14));
#6652 = VECTOR('',#6653,1.);
#6653 = DIRECTION('',(0.,3.330669073875E-16,1.));
#6654 = PLANE('',#6655);
#6655 = AXIS2_PLACEMENT_3D('',#6656,#6657,#6658);
#6656 = CARTESIAN_POINT('',(35.151746724891,136.4,5.151746724891));
#6657 = DIRECTION('',(0.,1.,-1.110223024625E-16));
#6658 = DIRECTION('',(0.,1.110223024625E-16,1.));
#6659 = ADVANCED_FACE('',(#6660),#6685,.T.);
#6660 = FACE_BOUND('',#6661,.T.);
#6661 = EDGE_LOOP('',(#6662,#6670,#6678,#6684));
#6662 = ORIENTED_EDGE('',*,*,#6663,.T.);
#6663 = EDGE_CURVE('',#6642,#6664,#6666,.T.);
#6664 = VERTEX_POINT('',#6665);
#6665 = CARTESIAN_POINT('',(98.7,139.4,9.));
#6666 = LINE('',#6667,#6668);
#6667 = CARTESIAN_POINT('',(98.7,136.4,9.));
#6668 = VECTOR('',#6669,1.);
#6669 = DIRECTION('',(0.,1.,-3.330669073875E-16));
#6670 = ORIENTED_EDGE('',*,*,#6671,.T.);
#6671 = EDGE_CURVE('',#6664,#6672,#6674,.T.);
#6672 = VERTEX_POINT('',#6673);
#6673 = CARTESIAN_POINT('',(-29.7,139.4,9.));
#6674 = LINE('',#6675,#6676);
#6675 = CARTESIAN_POINT('',(98.7,139.4,9.));
#6676 = VECTOR('',#6677,1.);
#6677 = DIRECTION('',(-1.,0.,0.));
#6678 = ORIENTED_EDGE('',*,*,#6679,.F.);
#6679 = EDGE_CURVE('',#6634,#6672,#6680,.T.);
#6680 = LINE('',#6681,#6682);
#6681 = CARTESIAN_POINT('',(-29.7,136.4,9.));
#6682 = VECTOR('',#6683,1.);
#6683 = DIRECTION('',(0.,1.,-3.330669073875E-16));
#6684 = ORIENTED_EDGE('',*,*,#6641,.F.);
#6685 = PLANE('',#6686);
#6686 = AXIS2_PLACEMENT_3D('',#6687,#6688,#6689);
#6687 = CARTESIAN_POINT('',(98.7,136.4,9.));
#6688 = DIRECTION('',(0.,3.330669073875E-16,1.));
#6689 = DIRECTION('',(-1.,0.,0.));
#6690 = ADVANCED_FACE('',(#6691),#6732,.T.);
#6691 = FACE_BOUND('',#6692,.F.);
#6692 = EDGE_LOOP('',(#6693,#6703,#6711,#6719,#6725,#6726));
#6693 = ORIENTED_EDGE('',*,*,#6694,.T.);
#6694 = EDGE_CURVE('',#6695,#6697,#6699,.T.);
#6695 = VERTEX_POINT('',#6696);
#6696 = CARTESIAN_POINT('',(-29.7,139.4,3.));
#6697 = VERTEX_POINT('',#6698);
#6698 = CARTESIAN_POINT('',(30.,139.4,3.));
#6699 = LINE('',#6700,#6701);
#6700 = CARTESIAN_POINT('',(-29.7,139.4,3.));
#6701 = VECTOR('',#6702,1.);
#6702 = DIRECTION('',(1.,0.,0.));
#6703 = ORIENTED_EDGE('',*,*,#6704,.T.);
#6704 = EDGE_CURVE('',#6697,#6705,#6707,.T.);
#6705 = VERTEX_POINT('',#6706);
#6706 = CARTESIAN_POINT('',(30.,139.4,-1.59872115546E-14));
#6707 = LINE('',#6708,#6709);
#6708 = CARTESIAN_POINT('',(30.,139.4,3.));
#6709 = VECTOR('',#6710,1.);
#6710 = DIRECTION('',(-1.184237892934E-15,-3.330669073875E-16,-1.));
#6711 = ORIENTED_EDGE('',*,*,#6712,.T.);
#6712 = EDGE_CURVE('',#6705,#6713,#6715,.T.);
#6713 = VERTEX_POINT('',#6714);
#6714 = CARTESIAN_POINT('',(98.7,139.4,-1.59872115546E-14));
#6715 = LINE('',#6716,#6717);
#6716 = CARTESIAN_POINT('',(30.,139.4,-2.84217094304E-14));
#6717 = VECTOR('',#6718,1.);
#6718 = DIRECTION('',(1.,0.,0.));
#6719 = ORIENTED_EDGE('',*,*,#6720,.T.);
#6720 = EDGE_CURVE('',#6713,#6664,#6721,.T.);
#6721 = LINE('',#6722,#6723);
#6722 = CARTESIAN_POINT('',(98.7,139.4,-2.84217094304E-14));
#6723 = VECTOR('',#6724,1.);
#6724 = DIRECTION('',(0.,3.330669073875E-16,1.));
#6725 = ORIENTED_EDGE('',*,*,#6671,.T.);
#6726 = ORIENTED_EDGE('',*,*,#6727,.T.);
#6727 = EDGE_CURVE('',#6672,#6695,#6728,.T.);
#6728 = LINE('',#6729,#6730);
#6729 = CARTESIAN_POINT('',(-29.7,139.4,9.));
#6730 = VECTOR('',#6731,1.);
#6731 = DIRECTION('',(5.921189464668E-16,-3.330669073875E-16,-1.));
#6732 = PLANE('',#6733);
#6733 = AXIS2_PLACEMENT_3D('',#6734,#6735,#6736);
#6734 = CARTESIAN_POINT('',(35.151746724891,139.4,5.151746724891));
#6735 = DIRECTION('',(0.,1.,-1.110223024625E-16));
#6736 = DIRECTION('',(0.,1.110223024625E-16,1.));
#6737 = ADVANCED_FACE('',(#6738),#6750,.T.);
#6738 = FACE_BOUND('',#6739,.T.);
#6739 = EDGE_LOOP('',(#6740,#6746,#6747,#6748,#6749));
#6740 = ORIENTED_EDGE('',*,*,#6741,.T.);
#6741 = EDGE_CURVE('',#6607,#6713,#6742,.T.);
#6742 = LINE('',#6743,#6744);
#6743 = CARTESIAN_POINT('',(98.7,136.4,-1.425526363619E-14));
#6744 = VECTOR('',#6745,1.);
#6745 = DIRECTION('',(0.,1.,-3.330669073875E-16));
#6746 = ORIENTED_EDGE('',*,*,#6720,.T.);
#6747 = ORIENTED_EDGE('',*,*,#6663,.F.);
#6748 = ORIENTED_EDGE('',*,*,#6649,.F.);
#6749 = ORIENTED_EDGE('',*,*,#6606,.F.);
#6750 = PLANE('',#6751);
#6751 = AXIS2_PLACEMENT_3D('',#6752,#6753,#6754);
#6752 = CARTESIAN_POINT('',(98.7,136.4,-1.425526363619E-14));
#6753 = DIRECTION('',(1.,0.,0.));
#6754 = DIRECTION('',(0.,3.330669073875E-16,1.));
#6755 = ADVANCED_FACE('',(#6756,#6772,#6783,#6794,#6805),#6816,.T.);
#6756 = FACE_BOUND('',#6757,.T.);
#6757 = EDGE_LOOP('',(#6758,#6764,#6765,#6771));
#6758 = ORIENTED_EDGE('',*,*,#6759,.T.);
#6759 = EDGE_CURVE('',#6424,#6695,#6760,.T.);
#6760 = LINE('',#6761,#6762);
#6761 = CARTESIAN_POINT('',(-29.7,8.,3.));
#6762 = VECTOR('',#6763,1.);
#6763 = DIRECTION('',(0.,1.,-5.551115123126E-16));
#6764 = ORIENTED_EDGE('',*,*,#6694,.T.);
#6765 = ORIENTED_EDGE('',*,*,#6766,.F.);
#6766 = EDGE_CURVE('',#6426,#6697,#6767,.T.);
#6767 = LINE('',#6768,#6769);
#6768 = CARTESIAN_POINT('',(30.,136.4,3.));
#6769 = VECTOR('',#6770,1.);
#6770 = DIRECTION('',(0.,1.,-3.330669073875E-16));
#6771 = ORIENTED_EDGE('',*,*,#6423,.F.);
#6772 = FACE_BOUND('',#6773,.T.);
#6773 = EDGE_LOOP('',(#6774));
#6774 = ORIENTED_EDGE('',*,*,#6775,.T.);
#6775 = EDGE_CURVE('',#6776,#6776,#6778,.T.);
#6776 = VERTEX_POINT('',#6777);
#6777 = CARTESIAN_POINT('',(-19.5,116.,3.));
#6778 = CIRCLE('',#6779,2.5);
#6779 = AXIS2_PLACEMENT_3D('',#6780,#6781,#6782);
#6780 = CARTESIAN_POINT('',(-22.,116.,3.));
#6781 = DIRECTION('',(-0.,2.22044604925E-16,1.));
#6782 = DIRECTION('',(1.,0.,0.));
#6783 = FACE_BOUND('',#6784,.T.);
#6784 = EDGE_LOOP('',(#6785));
#6785 = ORIENTED_EDGE('',*,*,#6786,.T.);
#6786 = EDGE_CURVE('',#6787,#6787,#6789,.T.);
#6787 = VERTEX_POINT('',#6788);
#6788 = CARTESIAN_POINT('',(24.5,116.,3.));
#6789 = CIRCLE('',#6790,2.5);
#6790 = AXIS2_PLACEMENT_3D('',#6791,#6792,#6793);
#6791 = CARTESIAN_POINT('',(22.,116.,3.));
#6792 = DIRECTION('',(-0.,2.22044604925E-16,1.));
#6793 = DIRECTION('',(1.,0.,0.));
#6794 = FACE_BOUND('',#6795,.T.);
#6795 = EDGE_LOOP('',(#6796));
#6796 = ORIENTED_EDGE('',*,*,#6797,.T.);
#6797 = EDGE_CURVE('',#6798,#6798,#6800,.T.);
#6798 = VERTEX_POINT('',#6799);
#6799 = CARTESIAN_POINT('',(-19.5,20.,3.));
#6800 = CIRCLE('',#6801,2.5);
#6801 = AXIS2_PLACEMENT_3D('',#6802,#6803,#6804);
#6802 = CARTESIAN_POINT('',(-22.,20.,3.));
#6803 = DIRECTION('',(-0.,2.22044604925E-16,1.));
#6804 = DIRECTION('',(1.,0.,0.));
#6805 = FACE_BOUND('',#6806,.T.);
#6806 = EDGE_LOOP('',(#6807));
#6807 = ORIENTED_EDGE('',*,*,#6808,.T.);
#6808 = EDGE_CURVE('',#6809,#6809,#6811,.T.);
#6809 = VERTEX_POINT('',#6810);
#6810 = CARTESIAN_POINT('',(24.5,20.,3.));
#6811 = CIRCLE('',#6812,2.5);
#6812 = AXIS2_PLACEMENT_3D('',#6813,#6814,#6815);
#6813 = CARTESIAN_POINT('',(22.,20.,3.));
#6814 = DIRECTION('',(-0.,2.22044604925E-16,1.));
#6815 = DIRECTION('',(1.,0.,0.));
#6816 = PLANE('',#6817);
#6817 = AXIS2_PLACEMENT_3D('',#6818,#6819,#6820);
#6818 = CARTESIAN_POINT('',(0.15,73.7,3.));
#6819 = DIRECTION('',(-0.,-2.22044604925E-16,-1.));
#6820 = DIRECTION('',(0.,1.,-2.22044604925E-16));
#6821 = ADVANCED_FACE('',(#6822),#6841,.T.);
#6822 = FACE_BOUND('',#6823,.T.);
#6823 = EDGE_LOOP('',(#6824,#6832,#6839,#6840));
#6824 = ORIENTED_EDGE('',*,*,#6825,.T.);
#6825 = EDGE_CURVE('',#6776,#6826,#6828,.T.);
#6826 = VERTEX_POINT('',#6827);
#6827 = CARTESIAN_POINT('',(-19.5,116.,-2.48689957516E-14));
#6828 = LINE('',#6829,#6830);
#6829 = CARTESIAN_POINT('',(-19.5,116.,3.));
#6830 = VECTOR('',#6831,1.);
#6831 = DIRECTION('',(-0.,-2.22044604925E-16,-1.));
#6832 = ORIENTED_EDGE('',*,*,#6833,.T.);
#6833 = EDGE_CURVE('',#6826,#6826,#6834,.T.);
#6834 = CIRCLE('',#6835,2.5);
#6835 = AXIS2_PLACEMENT_3D('',#6836,#6837,#6838);
#6836 = CARTESIAN_POINT('',(-22.,116.,-2.48689957516E-14));
#6837 = DIRECTION('',(-0.,2.22044604925E-16,1.));
#6838 = DIRECTION('',(1.,0.,0.));
#6839 = ORIENTED_EDGE('',*,*,#6825,.F.);
#6840 = ORIENTED_EDGE('',*,*,#6775,.F.);
#6841 = CYLINDRICAL_SURFACE('',#6842,2.5);
#6842 = AXIS2_PLACEMENT_3D('',#6843,#6844,#6845);
#6843 = CARTESIAN_POINT('',(-22.,116.,3.));
#6844 = DIRECTION('',(0.,2.22044604925E-16,1.));
#6845 = DIRECTION('',(1.,0.,0.));
#6846 = ADVANCED_FACE('',(#6847),#6850,.F.);
#6847 = FACE_BOUND('',#6848,.F.);
#6848 = EDGE_LOOP('',(#6849));
#6849 = ORIENTED_EDGE('',*,*,#6833,.T.);
#6850 = PLANE('',#6851);
#6851 = AXIS2_PLACEMENT_3D('',#6852,#6853,#6854);
#6852 = CARTESIAN_POINT('',(9.572080927776E-16,68.,-1.24344978758E-14));
#6853 = DIRECTION('',(0.,2.22044604925E-16,1.));
#6854 = DIRECTION('',(1.,0.,0.));
#6855 = ADVANCED_FACE('',(#6856),#6875,.T.);
#6856 = FACE_BOUND('',#6857,.T.);
#6857 = EDGE_LOOP('',(#6858,#6866,#6873,#6874));
#6858 = ORIENTED_EDGE('',*,*,#6859,.T.);
#6859 = EDGE_CURVE('',#6787,#6860,#6862,.T.);
#6860 = VERTEX_POINT('',#6861);
#6861 = CARTESIAN_POINT('',(24.5,116.,-2.48689957516E-14));
#6862 = LINE('',#6863,#6864);
#6863 = CARTESIAN_POINT('',(24.5,116.,3.));
#6864 = VECTOR('',#6865,1.);
#6865 = DIRECTION('',(-0.,-2.22044604925E-16,-1.));
#6866 = ORIENTED_EDGE('',*,*,#6867,.T.);
#6867 = EDGE_CURVE('',#6860,#6860,#6868,.T.);
#6868 = CIRCLE('',#6869,2.5);
#6869 = AXIS2_PLACEMENT_3D('',#6870,#6871,#6872);
#6870 = CARTESIAN_POINT('',(22.,116.,-2.48689957516E-14));
#6871 = DIRECTION('',(-0.,2.22044604925E-16,1.));
#6872 = DIRECTION('',(1.,0.,0.));
#6873 = ORIENTED_EDGE('',*,*,#6859,.F.);
#6874 = ORIENTED_EDGE('',*,*,#6786,.F.);
#6875 = CYLINDRICAL_SURFACE('',#6876,2.5);
#6876 = AXIS2_PLACEMENT_3D('',#6877,#6878,#6879);
#6877 = CARTESIAN_POINT('',(22.,116.,3.));
#6878 = DIRECTION('',(0.,2.22044604925E-16,1.));
#6879 = DIRECTION('',(1.,0.,0.));
#6880 = ADVANCED_FACE('',(#6881),#6884,.F.);
#6881 = FACE_BOUND('',#6882,.F.);
#6882 = EDGE_LOOP('',(#6883));
#6883 = ORIENTED_EDGE('',*,*,#6867,.T.);
#6884 = PLANE('',#6885);
#6885 = AXIS2_PLACEMENT_3D('',#6886,#6887,#6888);
#6886 = CARTESIAN_POINT('',(9.572080927776E-16,68.,-1.24344978758E-14));
#6887 = DIRECTION('',(0.,2.22044604925E-16,1.));
#6888 = DIRECTION('',(1.,0.,0.));
#6889 = ADVANCED_FACE('',(#6890),#6909,.T.);
#6890 = FACE_BOUND('',#6891,.T.);
#6891 = EDGE_LOOP('',(#6892,#6900,#6907,#6908));
#6892 = ORIENTED_EDGE('',*,*,#6893,.T.);
#6893 = EDGE_CURVE('',#6798,#6894,#6896,.T.);
#6894 = VERTEX_POINT('',#6895);
#6895 = CARTESIAN_POINT('',(-19.5,20.,-3.552713678801E-15));
#6896 = LINE('',#6897,#6898);
#6897 = CARTESIAN_POINT('',(-19.5,20.,3.));
#6898 = VECTOR('',#6899,1.);
#6899 = DIRECTION('',(-0.,-2.22044604925E-16,-1.));
#6900 = ORIENTED_EDGE('',*,*,#6901,.T.);
#6901 = EDGE_CURVE('',#6894,#6894,#6902,.T.);
#6902 = CIRCLE('',#6903,2.5);
#6903 = AXIS2_PLACEMENT_3D('',#6904,#6905,#6906);
#6904 = CARTESIAN_POINT('',(-22.,20.,-3.552713678801E-15));
#6905 = DIRECTION('',(-0.,2.22044604925E-16,1.));
#6906 = DIRECTION('',(1.,0.,0.));
#6907 = ORIENTED_EDGE('',*,*,#6893,.F.);
#6908 = ORIENTED_EDGE('',*,*,#6797,.F.);
#6909 = CYLINDRICAL_SURFACE('',#6910,2.5);
#6910 = AXIS2_PLACEMENT_3D('',#6911,#6912,#6913);
#6911 = CARTESIAN_POINT('',(-22.,20.,3.));
#6912 = DIRECTION('',(0.,2.22044604925E-16,1.));
#6913 = DIRECTION('',(1.,0.,0.));
#6914 = ADVANCED_FACE('',(#6915),#6918,.F.);
#6915 = FACE_BOUND('',#6916,.F.);
#6916 = EDGE_LOOP('',(#6917));
#6917 = ORIENTED_EDGE('',*,*,#6901,.T.);
#6918 = PLANE('',#6919);
#6919 = AXIS2_PLACEMENT_3D('',#6920,#6921,#6922);
#6920 = CARTESIAN_POINT('',(9.572080927776E-16,68.,-1.24344978758E-14));
#6921 = DIRECTION('',(0.,2.22044604925E-16,1.));
#6922 = DIRECTION('',(1.,0.,0.));
#6923 = ADVANCED_FACE('',(#6924),#6943,.T.);
#6924 = FACE_BOUND('',#6925,.T.);
#6925 = EDGE_LOOP('',(#6926,#6934,#6941,#6942));
#6926 = ORIENTED_EDGE('',*,*,#6927,.T.);
#6927 = EDGE_CURVE('',#6809,#6928,#6930,.T.);
#6928 = VERTEX_POINT('',#6929);
#6929 = CARTESIAN_POINT('',(24.5,20.,-3.552713678801E-15));
#6930 = LINE('',#6931,#6932);
#6931 = CARTESIAN_POINT('',(24.5,20.,3.));
#6932 = VECTOR('',#6933,1.);
#6933 = DIRECTION('',(-0.,-2.22044604925E-16,-1.));
#6934 = ORIENTED_EDGE('',*,*,#6935,.T.);
#6935 = EDGE_CURVE('',#6928,#6928,#6936,.T.);
#6936 = CIRCLE('',#6937,2.5);
#6937 = AXIS2_PLACEMENT_3D('',#6938,#6939,#6940);
#6938 = CARTESIAN_POINT('',(22.,20.,-3.552713678801E-15));
#6939 = DIRECTION('',(-0.,2.22044604925E-16,1.));
#6940 = DIRECTION('',(1.,0.,0.));
#6941 = ORIENTED_EDGE('',*,*,#6927,.F.);
#6942 = ORIENTED_EDGE('',*,*,#6808,.F.);
#6943 = CYLINDRICAL_SURFACE('',#6944,2.5);
#6944 = AXIS2_PLACEMENT_3D('',#6945,#6946,#6947);
#6945 = CARTESIAN_POINT('',(22.,20.,3.));
#6946 = DIRECTION('',(0.,2.22044604925E-16,1.));
#6947 = DIRECTION('',(1.,0.,0.));
#6948 = ADVANCED_FACE('',(#6949),#6952,.F.);
#6949 = FACE_BOUND('',#6950,.F.);
#6950 = EDGE_LOOP('',(#6951));
#6951 = ORIENTED_EDGE('',*,*,#6935,.T.);
#6952 = PLANE('',#6953);
#6953 = AXIS2_PLACEMENT_3D('',#6954,#6955,#6956);
#6954 = CARTESIAN_POINT('',(9.572080927776E-16,68.,-1.24344978758E-14));
#6955 = DIRECTION('',(0.,2.22044604925E-16,1.));
#6956 = DIRECTION('',(1.,0.,0.));
#6957 = ADVANCED_FACE('',(#6958),#6966,.T.);
#6958 = FACE_BOUND('',#6959,.T.);
#6959 = EDGE_LOOP('',(#6960,#6961,#6962,#6963,#6964,#6965));
#6960 = ORIENTED_EDGE('',*,*,#6519,.T.);
#6961 = ORIENTED_EDGE('',*,*,#6633,.F.);
#6962 = ORIENTED_EDGE('',*,*,#6679,.T.);
#6963 = ORIENTED_EDGE('',*,*,#6727,.T.);
#6964 = ORIENTED_EDGE('',*,*,#6759,.F.);
#6965 = ORIENTED_EDGE('',*,*,#6481,.F.);
#6966 = PLANE('',#6967);
#6967 = AXIS2_PLACEMENT_3D('',#6968,#6969,#6970);
#6968 = CARTESIAN_POINT('',(-29.7,75.101746724891,4.598253275109));
#6969 = DIRECTION('',(-1.,-2.268163812898E-31,-1.021490170258E-15));
#6970 = DIRECTION('',(1.021490170258E-15,-2.22044604925E-16,-1.));
#6971 = ADVANCED_FACE('',(#6972),#6983,.T.);
#6972 = FACE_BOUND('',#6973,.T.);
#6973 = EDGE_LOOP('',(#6974,#6975,#6976,#6982));
#6974 = ORIENTED_EDGE('',*,*,#6766,.T.);
#6975 = ORIENTED_EDGE('',*,*,#6704,.T.);
#6976 = ORIENTED_EDGE('',*,*,#6977,.F.);
#6977 = EDGE_CURVE('',#6434,#6705,#6978,.T.);
#6978 = LINE('',#6979,#6980);
#6979 = CARTESIAN_POINT('',(30.,136.4,-1.425526363619E-14));
#6980 = VECTOR('',#6981,1.);
#6981 = DIRECTION('',(0.,1.,-3.330669073875E-16));
#6982 = ORIENTED_EDGE('',*,*,#6433,.F.);
#6983 = PLANE('',#6984);
#6984 = AXIS2_PLACEMENT_3D('',#6985,#6986,#6987);
#6985 = CARTESIAN_POINT('',(30.,73.7,1.5));
#6986 = DIRECTION('',(-1.,2.629536350737E-31,1.184237892934E-15));
#6987 = DIRECTION('',(-1.184237892934E-15,-2.22044604925E-16,-1.));
#6988 = ADVANCED_FACE('',(#6989),#6997,.T.);
#6989 = FACE_BOUND('',#6990,.T.);
#6990 = EDGE_LOOP('',(#6991,#6992,#6993,#6994,#6995,#6996));
#6991 = ORIENTED_EDGE('',*,*,#6977,.T.);
#6992 = ORIENTED_EDGE('',*,*,#6712,.T.);
#6993 = ORIENTED_EDGE('',*,*,#6741,.F.);
#6994 = ORIENTED_EDGE('',*,*,#6618,.T.);
#6995 = ORIENTED_EDGE('',*,*,#6534,.F.);
#6996 = ORIENTED_EDGE('',*,*,#6441,.F.);
#6997 = PLANE('',#6998);
#6998 = AXIS2_PLACEMENT_3D('',#6999,#7000,#7001);
#6999 = CARTESIAN_POINT('',(64.399250749251,73.699250749251,
    -2.571308134778E-14));
#7000 = DIRECTION('',(-0.,-2.22044604925E-16,-1.));
#7001 = DIRECTION('',(0.,1.,-2.22044604925E-16));
#7002 = MANIFOLD_SOLID_BREP('',#7003);
#7003 = CLOSED_SHELL('',(#7004,#7124,#7158,#7183,#7208,#7226,#7257,#7365
    ,#7473,#7490,#7515,#7540,#7565,#7590,#7622,#7646,#7670,#7688,#7755,
    #7772,#7784,#7818,#7842,#7877,#7894,#7928,#7952,#7987,#8004,#8035,
    #8070,#8094,#8114,#8145,#8180,#8204,#8224,#8241,#8258,#8275,#8292,
    #8304,#8316,#8328));
#7004 = ADVANCED_FACE('',(#7005,#7041,#7075,#7086,#7097,#7108),#7119,.F.
  );
#7005 = FACE_BOUND('',#7006,.F.);
#7006 = EDGE_LOOP('',(#7007,#7018,#7026,#7035));
#7007 = ORIENTED_EDGE('',*,*,#7008,.T.);
#7008 = EDGE_CURVE('',#7009,#7011,#7013,.T.);
#7009 = VERTEX_POINT('',#7010);
#7010 = CARTESIAN_POINT('',(-5.75,2.482458683062E-14,35.8));
#7011 = VERTEX_POINT('',#7012);
#7012 = CARTESIAN_POINT('',(-5.75,1.261213355974E-14,12.8));
#7013 = CIRCLE('',#7014,11.5);
#7014 = AXIS2_PLACEMENT_3D('',#7015,#7016,#7017);
#7015 = CARTESIAN_POINT('',(-5.75,1.842415109365E-14,24.3));
#7016 = DIRECTION('',(0.,-1.,5.551115123126E-16));
#7017 = DIRECTION('',(0.,5.551115123126E-16,1.));
#7018 = ORIENTED_EDGE('',*,*,#7019,.T.);
#7019 = EDGE_CURVE('',#7011,#7020,#7022,.T.);
#7020 = VERTEX_POINT('',#7021);
#7021 = CARTESIAN_POINT('',(5.75,1.172395514004E-14,12.8));
#7022 = LINE('',#7023,#7024);
#7023 = CARTESIAN_POINT('',(-5.75,1.172395514004E-14,12.8));
#7024 = VECTOR('',#7025,1.);
#7025 = DIRECTION('',(1.,0.,0.));
#7026 = ORIENTED_EDGE('',*,*,#7027,.T.);
#7027 = EDGE_CURVE('',#7020,#7028,#7030,.T.);
#7028 = VERTEX_POINT('',#7029);
#7029 = CARTESIAN_POINT('',(5.75,2.482458683062E-14,35.8));
#7030 = CIRCLE('',#7031,11.5);
#7031 = AXIS2_PLACEMENT_3D('',#7032,#7033,#7034);
#7032 = CARTESIAN_POINT('',(5.75,1.842415109365E-14,24.3));
#7033 = DIRECTION('',(0.,-1.,5.551115123126E-16));
#7034 = DIRECTION('',(-1.614869854E-16,-5.551115123126E-16,-1.));
#7035 = ORIENTED_EDGE('',*,*,#7036,.T.);
#7036 = EDGE_CURVE('',#7028,#7009,#7037,.T.);
#7037 = LINE('',#7038,#7039);
#7038 = CARTESIAN_POINT('',(5.75,2.482458683062E-14,35.8));
#7039 = VECTOR('',#7040,1.);
#7040 = DIRECTION('',(-1.,0.,0.));
#7041 = FACE_BOUND('',#7042,.F.);
#7042 = EDGE_LOOP('',(#7043,#7053,#7061,#7069));
#7043 = ORIENTED_EDGE('',*,*,#7044,.F.);
#7044 = EDGE_CURVE('',#7045,#7047,#7049,.T.);
#7045 = VERTEX_POINT('',#7046);
#7046 = CARTESIAN_POINT('',(-106.8,0.,0.));
#7047 = VERTEX_POINT('',#7048);
#7048 = CARTESIAN_POINT('',(106.8,0.,0.));
#7049 = LINE('',#7050,#7051);
#7050 = CARTESIAN_POINT('',(-106.8,0.,0.));
#7051 = VECTOR('',#7052,1.);
#7052 = DIRECTION('',(1.,0.,0.));
#7053 = ORIENTED_EDGE('',*,*,#7054,.F.);
#7054 = EDGE_CURVE('',#7055,#7045,#7057,.T.);
#7055 = VERTEX_POINT('',#7056);
#7056 = CARTESIAN_POINT('',(-106.8,3.454458941121E-14,44.45));
#7057 = LINE('',#7058,#7059);
#7058 = CARTESIAN_POINT('',(-106.8,3.454458941121E-14,44.45));
#7059 = VECTOR('',#7060,1.);
#7060 = DIRECTION('',(0.,-7.771561172376E-16,-1.));
#7061 = ORIENTED_EDGE('',*,*,#7062,.F.);
#7062 = EDGE_CURVE('',#7063,#7055,#7065,.T.);
#7063 = VERTEX_POINT('',#7064);
#7064 = CARTESIAN_POINT('',(106.8,3.454458941121E-14,44.45));
#7065 = LINE('',#7066,#7067);
#7066 = CARTESIAN_POINT('',(106.8,3.454458941121E-14,44.45));
#7067 = VECTOR('',#7068,1.);
#7068 = DIRECTION('',(-1.,0.,0.));
#7069 = ORIENTED_EDGE('',*,*,#7070,.F.);
#7070 = EDGE_CURVE('',#7047,#7063,#7071,.T.);
#7071 = LINE('',#7072,#7073);
#7072 = CARTESIAN_POINT('',(106.8,0.,0.));
#7073 = VECTOR('',#7074,1.);
#7074 = DIRECTION('',(0.,7.771561172376E-16,1.));
#7075 = FACE_BOUND('',#7076,.F.);
#7076 = EDGE_LOOP('',(#7077));
#7077 = ORIENTED_EDGE('',*,*,#7078,.T.);
#7078 = EDGE_CURVE('',#7079,#7079,#7081,.T.);
#7079 = VERTEX_POINT('',#7080);
#7080 = CARTESIAN_POINT('',(-96.8,6.346034808757E-15,14.29));
#7081 = CIRCLE('',#7082,3.2);
#7082 = AXIS2_PLACEMENT_3D('',#7083,#7084,#7085);
#7083 = CARTESIAN_POINT('',(-100.,6.346034808757E-15,14.29));
#7084 = DIRECTION('',(0.,-1.,4.440892098501E-16));
#7085 = DIRECTION('',(1.,0.,0.));
#7086 = FACE_BOUND('',#7087,.F.);
#7087 = EDGE_LOOP('',(#7088));
#7088 = ORIENTED_EDGE('',*,*,#7089,.T.);
#7089 = EDGE_CURVE('',#7090,#7090,#7092,.T.);
#7090 = VERTEX_POINT('',#7091);
#7091 = CARTESIAN_POINT('',(-96.8,1.339373056908E-14,30.16));
#7092 = CIRCLE('',#7093,3.2);
#7093 = AXIS2_PLACEMENT_3D('',#7094,#7095,#7096);
#7094 = CARTESIAN_POINT('',(-100.,1.339373056908E-14,30.16));
#7095 = DIRECTION('',(0.,-1.,4.440892098501E-16));
#7096 = DIRECTION('',(1.,0.,0.));
#7097 = FACE_BOUND('',#7098,.F.);
#7098 = EDGE_LOOP('',(#7099));
#7099 = ORIENTED_EDGE('',*,*,#7100,.T.);
#7100 = EDGE_CURVE('',#7101,#7101,#7103,.T.);
#7101 = VERTEX_POINT('',#7102);
#7102 = CARTESIAN_POINT('',(103.2,6.346034808757E-15,14.29));
#7103 = CIRCLE('',#7104,3.2);
#7104 = AXIS2_PLACEMENT_3D('',#7105,#7106,#7107);
#7105 = CARTESIAN_POINT('',(100.,6.346034808757E-15,14.29));
#7106 = DIRECTION('',(0.,-1.,4.440892098501E-16));
#7107 = DIRECTION('',(1.,0.,0.));
#7108 = FACE_BOUND('',#7109,.F.);
#7109 = EDGE_LOOP('',(#7110));
#7110 = ORIENTED_EDGE('',*,*,#7111,.T.);
#7111 = EDGE_CURVE('',#7112,#7112,#7114,.T.);
#7112 = VERTEX_POINT('',#7113);
#7113 = CARTESIAN_POINT('',(103.2,1.339373056908E-14,30.16));
#7114 = CIRCLE('',#7115,3.2);
#7115 = AXIS2_PLACEMENT_3D('',#7116,#7117,#7118);
#7116 = CARTESIAN_POINT('',(100.,1.339373056908E-14,30.16));
#7117 = DIRECTION('',(0.,-1.,4.440892098501E-16));
#7118 = DIRECTION('',(1.,0.,0.));
#7119 = PLANE('',#7120);
#7120 = AXIS2_PLACEMENT_3D('',#7121,#7122,#7123);
#7121 = CARTESIAN_POINT('',(0.,1.727229470561E-14,22.225));
#7122 = DIRECTION('',(0.,1.,-5.551115123126E-16));
#7123 = DIRECTION('',(0.,5.551115123126E-16,1.));
#7124 = ADVANCED_FACE('',(#7125),#7153,.T.);
#7125 = FACE_BOUND('',#7126,.T.);
#7126 = EDGE_LOOP('',(#7127,#7136,#7137,#7146));
#7127 = ORIENTED_EDGE('',*,*,#7128,.F.);
#7128 = EDGE_CURVE('',#7009,#7129,#7131,.T.);
#7129 = VERTEX_POINT('',#7130);
#7130 = CARTESIAN_POINT('',(-5.75,6.,29.8));
#7131 = CIRCLE('',#7132,6.);
#7132 = AXIS2_PLACEMENT_3D('',#7133,#7134,#7135);
#7133 = CARTESIAN_POINT('',(-5.75,6.,35.8));
#7134 = DIRECTION('',(1.,0.,-0.));
#7135 = DIRECTION('',(0.,5.551115123126E-16,1.));
#7136 = ORIENTED_EDGE('',*,*,#7008,.T.);
#7137 = ORIENTED_EDGE('',*,*,#7138,.T.);
#7138 = EDGE_CURVE('',#7011,#7139,#7141,.T.);
#7139 = VERTEX_POINT('',#7140);
#7140 = CARTESIAN_POINT('',(-5.75,6.,18.8));
#7141 = CIRCLE('',#7142,6.);
#7142 = AXIS2_PLACEMENT_3D('',#7143,#7144,#7145);
#7143 = CARTESIAN_POINT('',(-5.75,6.,12.8));
#7144 = DIRECTION('',(-1.,6.798155367234E-32,1.224646799147E-16));
#7145 = DIRECTION('',(-1.224646799147E-16,-5.551115123126E-16,-1.));
#7146 = ORIENTED_EDGE('',*,*,#7147,.F.);
#7147 = EDGE_CURVE('',#7129,#7139,#7148,.T.);
#7148 = CIRCLE('',#7149,5.5);
#7149 = AXIS2_PLACEMENT_3D('',#7150,#7151,#7152);
#7150 = CARTESIAN_POINT('',(-5.75,6.,24.3));
#7151 = DIRECTION('',(0.,-1.,5.551115123126E-16));
#7152 = DIRECTION('',(0.,5.551115123126E-16,1.));
#7153 = TOROIDAL_SURFACE('',#7154,11.5,6.);
#7154 = AXIS2_PLACEMENT_3D('',#7155,#7156,#7157);
#7155 = CARTESIAN_POINT('',(-5.75,6.,24.3));
#7156 = DIRECTION('',(0.,-1.,5.551115123126E-16));
#7157 = DIRECTION('',(0.,5.551115123126E-16,1.));
#7158 = ADVANCED_FACE('',(#7159),#7178,.T.);
#7159 = FACE_BOUND('',#7160,.F.);
#7160 = EDGE_LOOP('',(#7161,#7170,#7176,#7177));
#7161 = ORIENTED_EDGE('',*,*,#7162,.T.);
#7162 = EDGE_CURVE('',#7028,#7163,#7165,.T.);
#7163 = VERTEX_POINT('',#7164);
#7164 = CARTESIAN_POINT('',(5.75,6.,29.8));
#7165 = CIRCLE('',#7166,6.);
#7166 = AXIS2_PLACEMENT_3D('',#7167,#7168,#7169);
#7167 = CARTESIAN_POINT('',(5.75,6.,35.8));
#7168 = DIRECTION('',(1.,-1.576248383566E-31,-2.839516653148E-16));
#7169 = DIRECTION('',(2.839516653148E-16,5.551115123126E-16,1.));
#7170 = ORIENTED_EDGE('',*,*,#7171,.T.);
#7171 = EDGE_CURVE('',#7163,#7129,#7172,.T.);
#7172 = LINE('',#7173,#7174);
#7173 = CARTESIAN_POINT('',(5.75,6.,29.8));
#7174 = VECTOR('',#7175,1.);
#7175 = DIRECTION('',(-1.,0.,0.));
#7176 = ORIENTED_EDGE('',*,*,#7128,.F.);
#7177 = ORIENTED_EDGE('',*,*,#7036,.F.);
#7178 = CYLINDRICAL_SURFACE('',#7179,6.);
#7179 = AXIS2_PLACEMENT_3D('',#7180,#7181,#7182);
#7180 = CARTESIAN_POINT('',(5.75,6.,35.8));
#7181 = DIRECTION('',(-1.,0.,0.));
#7182 = DIRECTION('',(0.,-1.,5.551115123126E-16));
#7183 = ADVANCED_FACE('',(#7184),#7203,.T.);
#7184 = FACE_BOUND('',#7185,.F.);
#7185 = EDGE_LOOP('',(#7186,#7187,#7195,#7202));
#7186 = ORIENTED_EDGE('',*,*,#7138,.T.);
#7187 = ORIENTED_EDGE('',*,*,#7188,.T.);
#7188 = EDGE_CURVE('',#7139,#7189,#7191,.T.);
#7189 = VERTEX_POINT('',#7190);
#7190 = CARTESIAN_POINT('',(5.75,6.,18.8));
#7191 = LINE('',#7192,#7193);
#7192 = CARTESIAN_POINT('',(-5.75,6.,18.8));
#7193 = VECTOR('',#7194,1.);
#7194 = DIRECTION('',(1.,0.,0.));
#7195 = ORIENTED_EDGE('',*,*,#7196,.F.);
#7196 = EDGE_CURVE('',#7020,#7189,#7197,.T.);
#7197 = CIRCLE('',#7198,6.);
#7198 = AXIS2_PLACEMENT_3D('',#7199,#7200,#7201);
#7199 = CARTESIAN_POINT('',(5.75,6.,12.8));
#7200 = DIRECTION('',(-1.,0.,0.));
#7201 = DIRECTION('',(0.,-1.,5.551115123126E-16));
#7202 = ORIENTED_EDGE('',*,*,#7019,.F.);
#7203 = CYLINDRICAL_SURFACE('',#7204,6.);
#7204 = AXIS2_PLACEMENT_3D('',#7205,#7206,#7207);
#7205 = CARTESIAN_POINT('',(-5.75,6.,12.8));
#7206 = DIRECTION('',(1.,0.,0.));
#7207 = DIRECTION('',(0.,-1.,5.551115123126E-16));
#7208 = ADVANCED_FACE('',(#7209),#7221,.T.);
#7209 = FACE_BOUND('',#7210,.T.);
#7210 = EDGE_LOOP('',(#7211,#7212,#7213,#7214));
#7211 = ORIENTED_EDGE('',*,*,#7196,.F.);
#7212 = ORIENTED_EDGE('',*,*,#7027,.T.);
#7213 = ORIENTED_EDGE('',*,*,#7162,.T.);
#7214 = ORIENTED_EDGE('',*,*,#7215,.F.);
#7215 = EDGE_CURVE('',#7189,#7163,#7216,.T.);
#7216 = CIRCLE('',#7217,5.5);
#7217 = AXIS2_PLACEMENT_3D('',#7218,#7219,#7220);
#7218 = CARTESIAN_POINT('',(5.75,6.,24.3));
#7219 = DIRECTION('',(0.,-1.,5.551115123126E-16));
#7220 = DIRECTION('',(-1.614869854E-16,-5.551115123126E-16,-1.));
#7221 = TOROIDAL_SURFACE('',#7222,11.5,6.);
#7222 = AXIS2_PLACEMENT_3D('',#7223,#7224,#7225);
#7223 = CARTESIAN_POINT('',(5.75,6.,24.3));
#7224 = DIRECTION('',(0.,-1.,5.551115123126E-16));
#7225 = DIRECTION('',(-1.614869854E-16,-5.551115123126E-16,-1.));
#7226 = ADVANCED_FACE('',(#7227),#7252,.T.);
#7227 = FACE_BOUND('',#7228,.T.);
#7228 = EDGE_LOOP('',(#7229,#7237,#7245,#7251));
#7229 = ORIENTED_EDGE('',*,*,#7230,.T.);
#7230 = EDGE_CURVE('',#7045,#7231,#7233,.T.);
#7231 = VERTEX_POINT('',#7232);
#7232 = CARTESIAN_POINT('',(-106.8,8.,-6.217248937901E-15));
#7233 = LINE('',#7234,#7235);
#7234 = CARTESIAN_POINT('',(-106.8,0.,0.));
#7235 = VECTOR('',#7236,1.);
#7236 = DIRECTION('',(0.,1.,-7.771561172376E-16));
#7237 = ORIENTED_EDGE('',*,*,#7238,.T.);
#7238 = EDGE_CURVE('',#7231,#7239,#7241,.T.);
#7239 = VERTEX_POINT('',#7240);
#7240 = CARTESIAN_POINT('',(106.8,8.,-6.217248937901E-15));
#7241 = LINE('',#7242,#7243);
#7242 = CARTESIAN_POINT('',(-106.8,8.,-6.217248937901E-15));
#7243 = VECTOR('',#7244,1.);
#7244 = DIRECTION('',(1.,0.,0.));
#7245 = ORIENTED_EDGE('',*,*,#7246,.F.);
#7246 = EDGE_CURVE('',#7047,#7239,#7247,.T.);
#7247 = LINE('',#7248,#7249);
#7248 = CARTESIAN_POINT('',(106.8,0.,0.));
#7249 = VECTOR('',#7250,1.);
#7250 = DIRECTION('',(0.,1.,-7.771561172376E-16));
#7251 = ORIENTED_EDGE('',*,*,#7044,.F.);
#7252 = PLANE('',#7253);
#7253 = AXIS2_PLACEMENT_3D('',#7254,#7255,#7256);
#7254 = CARTESIAN_POINT('',(-106.8,0.,0.));
#7255 = DIRECTION('',(0.,-7.771561172376E-16,-1.));
#7256 = DIRECTION('',(1.,0.,0.));
#7257 = ADVANCED_FACE('',(#7258,#7292,#7326),#7360,.T.);
#7258 = FACE_BOUND('',#7259,.T.);
#7259 = EDGE_LOOP('',(#7260,#7268,#7276,#7284,#7290,#7291));
#7260 = ORIENTED_EDGE('',*,*,#7261,.T.);
#7261 = EDGE_CURVE('',#7055,#7262,#7264,.T.);
#7262 = VERTEX_POINT('',#7263);
#7263 = CARTESIAN_POINT('',(-106.8,20.,44.45));
#7264 = LINE('',#7265,#7266);
#7265 = CARTESIAN_POINT('',(-106.8,3.454458941121E-14,44.45));
#7266 = VECTOR('',#7267,1.);
#7267 = DIRECTION('',(0.,1.,-7.771561172376E-16));
#7268 = ORIENTED_EDGE('',*,*,#7269,.T.);
#7269 = EDGE_CURVE('',#7262,#7270,#7272,.T.);
#7270 = VERTEX_POINT('',#7271);
#7271 = CARTESIAN_POINT('',(-106.8,20.,36.8));
#7272 = LINE('',#7273,#7274);
#7273 = CARTESIAN_POINT('',(-106.8,20.,44.45));
#7274 = VECTOR('',#7275,1.);
#7275 = DIRECTION('',(0.,-5.551115123126E-16,-1.));
#7276 = ORIENTED_EDGE('',*,*,#7277,.F.);
#7277 = EDGE_CURVE('',#7278,#7270,#7280,.T.);
#7278 = VERTEX_POINT('',#7279);
#7279 = CARTESIAN_POINT('',(-106.8,8.,36.8));
#7280 = LINE('',#7281,#7282);
#7281 = CARTESIAN_POINT('',(-106.8,8.,36.8));
#7282 = VECTOR('',#7283,1.);
#7283 = DIRECTION('',(0.,1.,-5.551115123126E-16));
#7284 = ORIENTED_EDGE('',*,*,#7285,.T.);
#7285 = EDGE_CURVE('',#7278,#7231,#7286,.T.);
#7286 = LINE('',#7287,#7288);
#7287 = CARTESIAN_POINT('',(-106.8,8.,44.45));
#7288 = VECTOR('',#7289,1.);
#7289 = DIRECTION('',(0.,-7.771561172376E-16,-1.));
#7290 = ORIENTED_EDGE('',*,*,#7230,.F.);
#7291 = ORIENTED_EDGE('',*,*,#7054,.F.);
#7292 = FACE_BOUND('',#7293,.T.);
#7293 = EDGE_LOOP('',(#7294,#7304,#7312,#7320));
#7294 = ORIENTED_EDGE('',*,*,#7295,.T.);
#7295 = EDGE_CURVE('',#7296,#7298,#7300,.T.);
#7296 = VERTEX_POINT('',#7297);
#7297 = CARTESIAN_POINT('',(-106.8,1.35,35.355));
#7298 = VERTEX_POINT('',#7299);
#7299 = CARTESIAN_POINT('',(-106.8,1.35,24.965));
#7300 = LINE('',#7301,#7302);
#7301 = CARTESIAN_POINT('',(-106.8,1.35,23.937955779674));
#7302 = VECTOR('',#7303,1.);
#7303 = DIRECTION('',(0.,-1.110223024625E-16,-1.));
#7304 = ORIENTED_EDGE('',*,*,#7305,.T.);
#7305 = EDGE_CURVE('',#7298,#7306,#7308,.T.);
#7306 = VERTEX_POINT('',#7307);
#7307 = CARTESIAN_POINT('',(-106.8,6.65,24.965));
#7308 = LINE('',#7309,#7310);
#7309 = CARTESIAN_POINT('',(-106.8,3.962044220326,24.965));
#7310 = VECTOR('',#7311,1.);
#7311 = DIRECTION('',(0.,1.,-3.330669073875E-16));
#7312 = ORIENTED_EDGE('',*,*,#7313,.F.);
#7313 = EDGE_CURVE('',#7314,#7306,#7316,.T.);
#7314 = VERTEX_POINT('',#7315);
#7315 = CARTESIAN_POINT('',(-106.8,6.65,35.355));
#7316 = LINE('',#7317,#7318);
#7317 = CARTESIAN_POINT('',(-106.8,6.65,23.937955779674));
#7318 = VECTOR('',#7319,1.);
#7319 = DIRECTION('',(0.,-1.110223024625E-16,-1.));
#7320 = ORIENTED_EDGE('',*,*,#7321,.T.);
#7321 = EDGE_CURVE('',#7314,#7296,#7322,.T.);
#7322 = LINE('',#7323,#7324);
#7323 = CARTESIAN_POINT('',(-106.8,3.962044220326,35.355));
#7324 = VECTOR('',#7325,1.);
#7325 = DIRECTION('',(0.,-1.,3.330669073875E-16));
#7326 = FACE_BOUND('',#7327,.T.);
#7327 = EDGE_LOOP('',(#7328,#7338,#7346,#7354));
#7328 = ORIENTED_EDGE('',*,*,#7329,.T.);
#7329 = EDGE_CURVE('',#7330,#7332,#7334,.T.);
#7330 = VERTEX_POINT('',#7331);
#7331 = CARTESIAN_POINT('',(-106.8,1.35,19.485));
#7332 = VERTEX_POINT('',#7333);
#7333 = CARTESIAN_POINT('',(-106.8,1.35,9.095));
#7334 = LINE('',#7335,#7336);
#7335 = CARTESIAN_POINT('',(-106.8,1.35,23.937955779674));
#7336 = VECTOR('',#7337,1.);
#7337 = DIRECTION('',(0.,-1.110223024625E-16,-1.));
#7338 = ORIENTED_EDGE('',*,*,#7339,.T.);
#7339 = EDGE_CURVE('',#7332,#7340,#7342,.T.);
#7340 = VERTEX_POINT('',#7341);
#7341 = CARTESIAN_POINT('',(-106.8,6.65,9.095));
#7342 = LINE('',#7343,#7344);
#7343 = CARTESIAN_POINT('',(-106.8,3.962044220326,9.095));
#7344 = VECTOR('',#7345,1.);
#7345 = DIRECTION('',(0.,1.,-3.330669073875E-16));
#7346 = ORIENTED_EDGE('',*,*,#7347,.F.);
#7347 = EDGE_CURVE('',#7348,#7340,#7350,.T.);
#7348 = VERTEX_POINT('',#7349);
#7349 = CARTESIAN_POINT('',(-106.8,6.65,19.485));
#7350 = LINE('',#7351,#7352);
#7351 = CARTESIAN_POINT('',(-106.8,6.65,23.937955779674));
#7352 = VECTOR('',#7353,1.);
#7353 = DIRECTION('',(0.,-1.110223024625E-16,-1.));
#7354 = ORIENTED_EDGE('',*,*,#7355,.T.);
#7355 = EDGE_CURVE('',#7348,#7330,#7356,.T.);
#7356 = LINE('',#7357,#7358);
#7357 = CARTESIAN_POINT('',(-106.8,3.962044220326,19.485));
#7358 = VECTOR('',#7359,1.);
#7359 = DIRECTION('',(0.,-1.,3.330669073875E-16));
#7360 = PLANE('',#7361);
#7361 = AXIS2_PLACEMENT_3D('',#7362,#7363,#7364);
#7362 = CARTESIAN_POINT('',(-106.8,6.574088440652,25.650911559348));
#7363 = DIRECTION('',(-1.,0.,-0.));
#7364 = DIRECTION('',(0.,1.,-4.440892098501E-16));
#7365 = ADVANCED_FACE('',(#7366,#7400,#7434),#7468,.T.);
#7366 = FACE_BOUND('',#7367,.T.);
#7367 = EDGE_LOOP('',(#7368,#7369,#7377,#7385,#7393,#7399));
#7368 = ORIENTED_EDGE('',*,*,#7246,.T.);
#7369 = ORIENTED_EDGE('',*,*,#7370,.T.);
#7370 = EDGE_CURVE('',#7239,#7371,#7373,.T.);
#7371 = VERTEX_POINT('',#7372);
#7372 = CARTESIAN_POINT('',(106.8,8.,36.8));
#7373 = LINE('',#7374,#7375);
#7374 = CARTESIAN_POINT('',(106.8,8.,-6.217248937901E-15));
#7375 = VECTOR('',#7376,1.);
#7376 = DIRECTION('',(0.,7.771561172376E-16,1.));
#7377 = ORIENTED_EDGE('',*,*,#7378,.T.);
#7378 = EDGE_CURVE('',#7371,#7379,#7381,.T.);
#7379 = VERTEX_POINT('',#7380);
#7380 = CARTESIAN_POINT('',(106.8,20.,36.8));
#7381 = LINE('',#7382,#7383);
#7382 = CARTESIAN_POINT('',(106.8,8.,36.8));
#7383 = VECTOR('',#7384,1.);
#7384 = DIRECTION('',(0.,1.,-5.551115123126E-16));
#7385 = ORIENTED_EDGE('',*,*,#7386,.T.);
#7386 = EDGE_CURVE('',#7379,#7387,#7389,.T.);
#7387 = VERTEX_POINT('',#7388);
#7388 = CARTESIAN_POINT('',(106.8,20.,44.45));
#7389 = LINE('',#7390,#7391);
#7390 = CARTESIAN_POINT('',(106.8,20.,36.8));
#7391 = VECTOR('',#7392,1.);
#7392 = DIRECTION('',(0.,5.551115123126E-16,1.));
#7393 = ORIENTED_EDGE('',*,*,#7394,.F.);
#7394 = EDGE_CURVE('',#7063,#7387,#7395,.T.);
#7395 = LINE('',#7396,#7397);
#7396 = CARTESIAN_POINT('',(106.8,8.,44.45));
#7397 = VECTOR('',#7398,1.);
#7398 = DIRECTION('',(0.,1.,-5.551115123126E-16));
#7399 = ORIENTED_EDGE('',*,*,#7070,.F.);
#7400 = FACE_BOUND('',#7401,.T.);
#7401 = EDGE_LOOP('',(#7402,#7412,#7420,#7428));
#7402 = ORIENTED_EDGE('',*,*,#7403,.F.);
#7403 = EDGE_CURVE('',#7404,#7406,#7408,.T.);
#7404 = VERTEX_POINT('',#7405);
#7405 = CARTESIAN_POINT('',(106.8,1.35,24.965));
#7406 = VERTEX_POINT('',#7407);
#7407 = CARTESIAN_POINT('',(106.8,6.65,24.965));
#7408 = LINE('',#7409,#7410);
#7409 = CARTESIAN_POINT('',(106.8,3.962044220326,24.965));
#7410 = VECTOR('',#7411,1.);
#7411 = DIRECTION('',(0.,1.,-3.330669073875E-16));
#7412 = ORIENTED_EDGE('',*,*,#7413,.T.);
#7413 = EDGE_CURVE('',#7404,#7414,#7416,.T.);
#7414 = VERTEX_POINT('',#7415);
#7415 = CARTESIAN_POINT('',(106.8,1.35,35.355));
#7416 = LINE('',#7417,#7418);
#7417 = CARTESIAN_POINT('',(106.8,1.35,23.937955779674));
#7418 = VECTOR('',#7419,1.);
#7419 = DIRECTION('',(0.,1.110223024625E-16,1.));
#7420 = ORIENTED_EDGE('',*,*,#7421,.F.);
#7421 = EDGE_CURVE('',#7422,#7414,#7424,.T.);
#7422 = VERTEX_POINT('',#7423);
#7423 = CARTESIAN_POINT('',(106.8,6.65,35.355));
#7424 = LINE('',#7425,#7426);
#7425 = CARTESIAN_POINT('',(106.8,3.962044220326,35.355));
#7426 = VECTOR('',#7427,1.);
#7427 = DIRECTION('',(0.,-1.,3.330669073875E-16));
#7428 = ORIENTED_EDGE('',*,*,#7429,.F.);
#7429 = EDGE_CURVE('',#7406,#7422,#7430,.T.);
#7430 = LINE('',#7431,#7432);
#7431 = CARTESIAN_POINT('',(106.8,6.65,23.937955779674));
#7432 = VECTOR('',#7433,1.);
#7433 = DIRECTION('',(0.,1.110223024625E-16,1.));
#7434 = FACE_BOUND('',#7435,.T.);
#7435 = EDGE_LOOP('',(#7436,#7446,#7454,#7462));
#7436 = ORIENTED_EDGE('',*,*,#7437,.F.);
#7437 = EDGE_CURVE('',#7438,#7440,#7442,.T.);
#7438 = VERTEX_POINT('',#7439);
#7439 = CARTESIAN_POINT('',(106.8,1.35,9.095));
#7440 = VERTEX_POINT('',#7441);
#7441 = CARTESIAN_POINT('',(106.8,6.65,9.095));
#7442 = LINE('',#7443,#7444);
#7443 = CARTESIAN_POINT('',(106.8,3.962044220326,9.095));
#7444 = VECTOR('',#7445,1.);
#7445 = DIRECTION('',(0.,1.,-3.330669073875E-16));
#7446 = ORIENTED_EDGE('',*,*,#7447,.T.);
#7447 = EDGE_CURVE('',#7438,#7448,#7450,.T.);
#7448 = VERTEX_POINT('',#7449);
#7449 = CARTESIAN_POINT('',(106.8,1.35,19.485));
#7450 = LINE('',#7451,#7452);
#7451 = CARTESIAN_POINT('',(106.8,1.35,23.937955779674));
#7452 = VECTOR('',#7453,1.);
#7453 = DIRECTION('',(0.,1.110223024625E-16,1.));
#7454 = ORIENTED_EDGE('',*,*,#7455,.F.);
#7455 = EDGE_CURVE('',#7456,#7448,#7458,.T.);
#7456 = VERTEX_POINT('',#7457);
#7457 = CARTESIAN_POINT('',(106.8,6.65,19.485));
#7458 = LINE('',#7459,#7460);
#7459 = CARTESIAN_POINT('',(106.8,3.962044220326,19.485));
#7460 = VECTOR('',#7461,1.);
#7461 = DIRECTION('',(0.,-1.,3.330669073875E-16));
#7462 = ORIENTED_EDGE('',*,*,#7463,.F.);
#7463 = EDGE_CURVE('',#7440,#7456,#7464,.T.);
#7464 = LINE('',#7465,#7466);
#7465 = CARTESIAN_POINT('',(106.8,6.65,23.937955779674));
#7466 = VECTOR('',#7467,1.);
#7467 = DIRECTION('',(0.,1.110223024625E-16,1.));
#7468 = PLANE('',#7469);
#7469 = AXIS2_PLACEMENT_3D('',#7470,#7471,#7472);
#7470 = CARTESIAN_POINT('',(106.8,6.574088440652,25.650911559348));
#7471 = DIRECTION('',(1.,0.,0.));
#7472 = DIRECTION('',(0.,-1.,4.440892098501E-16));
#7473 = ADVANCED_FACE('',(#7474),#7485,.T.);
#7474 = FACE_BOUND('',#7475,.T.);
#7475 = EDGE_LOOP('',(#7476,#7477,#7483,#7484));
#7476 = ORIENTED_EDGE('',*,*,#7394,.T.);
#7477 = ORIENTED_EDGE('',*,*,#7478,.T.);
#7478 = EDGE_CURVE('',#7387,#7262,#7479,.T.);
#7479 = LINE('',#7480,#7481);
#7480 = CARTESIAN_POINT('',(106.8,20.,44.45));
#7481 = VECTOR('',#7482,1.);
#7482 = DIRECTION('',(-1.,0.,0.));
#7483 = ORIENTED_EDGE('',*,*,#7261,.F.);
#7484 = ORIENTED_EDGE('',*,*,#7062,.F.);
#7485 = PLANE('',#7486);
#7486 = AXIS2_PLACEMENT_3D('',#7487,#7488,#7489);
#7487 = CARTESIAN_POINT('',(0.,10.,44.45));
#7488 = DIRECTION('',(0.,4.440892098501E-16,1.));
#7489 = DIRECTION('',(0.,-1.,4.440892098501E-16));
#7490 = ADVANCED_FACE('',(#7491),#7510,.F.);
#7491 = FACE_BOUND('',#7492,.F.);
#7492 = EDGE_LOOP('',(#7493,#7494,#7502,#7509));
#7493 = ORIENTED_EDGE('',*,*,#7078,.F.);
#7494 = ORIENTED_EDGE('',*,*,#7495,.T.);
#7495 = EDGE_CURVE('',#7079,#7496,#7498,.T.);
#7496 = VERTEX_POINT('',#7497);
#7497 = CARTESIAN_POINT('',(-96.8,1.35,14.29));
#7498 = LINE('',#7499,#7500);
#7499 = CARTESIAN_POINT('',(-96.8,6.346034808757E-15,14.29));
#7500 = VECTOR('',#7501,1.);
#7501 = DIRECTION('',(0.,1.,-4.440892098501E-16));
#7502 = ORIENTED_EDGE('',*,*,#7503,.T.);
#7503 = EDGE_CURVE('',#7496,#7496,#7504,.T.);
#7504 = CIRCLE('',#7505,3.2);
#7505 = AXIS2_PLACEMENT_3D('',#7506,#7507,#7508);
#7506 = CARTESIAN_POINT('',(-100.,1.35,14.29));
#7507 = DIRECTION('',(0.,-1.,4.440892098501E-16));
#7508 = DIRECTION('',(1.,0.,0.));
#7509 = ORIENTED_EDGE('',*,*,#7495,.F.);
#7510 = CYLINDRICAL_SURFACE('',#7511,3.2);
#7511 = AXIS2_PLACEMENT_3D('',#7512,#7513,#7514);
#7512 = CARTESIAN_POINT('',(-100.,6.346034808757E-15,14.29));
#7513 = DIRECTION('',(0.,-1.,4.440892098501E-16));
#7514 = DIRECTION('',(1.,0.,0.));
#7515 = ADVANCED_FACE('',(#7516),#7535,.F.);
#7516 = FACE_BOUND('',#7517,.F.);
#7517 = EDGE_LOOP('',(#7518,#7519,#7527,#7534));
#7518 = ORIENTED_EDGE('',*,*,#7089,.F.);
#7519 = ORIENTED_EDGE('',*,*,#7520,.T.);
#7520 = EDGE_CURVE('',#7090,#7521,#7523,.T.);
#7521 = VERTEX_POINT('',#7522);
#7522 = CARTESIAN_POINT('',(-96.8,1.35,30.16));
#7523 = LINE('',#7524,#7525);
#7524 = CARTESIAN_POINT('',(-96.8,1.339373056908E-14,30.16));
#7525 = VECTOR('',#7526,1.);
#7526 = DIRECTION('',(0.,1.,-4.440892098501E-16));
#7527 = ORIENTED_EDGE('',*,*,#7528,.T.);
#7528 = EDGE_CURVE('',#7521,#7521,#7529,.T.);
#7529 = CIRCLE('',#7530,3.2);
#7530 = AXIS2_PLACEMENT_3D('',#7531,#7532,#7533);
#7531 = CARTESIAN_POINT('',(-100.,1.35,30.16));
#7532 = DIRECTION('',(0.,-1.,4.440892098501E-16));
#7533 = DIRECTION('',(1.,0.,0.));
#7534 = ORIENTED_EDGE('',*,*,#7520,.F.);
#7535 = CYLINDRICAL_SURFACE('',#7536,3.2);
#7536 = AXIS2_PLACEMENT_3D('',#7537,#7538,#7539);
#7537 = CARTESIAN_POINT('',(-100.,1.339373056908E-14,30.16));
#7538 = DIRECTION('',(0.,-1.,4.440892098501E-16));
#7539 = DIRECTION('',(1.,0.,0.));
#7540 = ADVANCED_FACE('',(#7541),#7560,.F.);
#7541 = FACE_BOUND('',#7542,.F.);
#7542 = EDGE_LOOP('',(#7543,#7544,#7552,#7559));
#7543 = ORIENTED_EDGE('',*,*,#7100,.F.);
#7544 = ORIENTED_EDGE('',*,*,#7545,.T.);
#7545 = EDGE_CURVE('',#7101,#7546,#7548,.T.);
#7546 = VERTEX_POINT('',#7547);
#7547 = CARTESIAN_POINT('',(103.2,1.35,14.29));
#7548 = LINE('',#7549,#7550);
#7549 = CARTESIAN_POINT('',(103.2,6.346034808757E-15,14.29));
#7550 = VECTOR('',#7551,1.);
#7551 = DIRECTION('',(0.,1.,-4.440892098501E-16));
#7552 = ORIENTED_EDGE('',*,*,#7553,.T.);
#7553 = EDGE_CURVE('',#7546,#7546,#7554,.T.);
#7554 = CIRCLE('',#7555,3.2);
#7555 = AXIS2_PLACEMENT_3D('',#7556,#7557,#7558);
#7556 = CARTESIAN_POINT('',(100.,1.35,14.29));
#7557 = DIRECTION('',(0.,-1.,4.440892098501E-16));
#7558 = DIRECTION('',(1.,0.,0.));
#7559 = ORIENTED_EDGE('',*,*,#7545,.F.);
#7560 = CYLINDRICAL_SURFACE('',#7561,3.2);
#7561 = AXIS2_PLACEMENT_3D('',#7562,#7563,#7564);
#7562 = CARTESIAN_POINT('',(100.,6.346034808757E-15,14.29));
#7563 = DIRECTION('',(0.,-1.,4.440892098501E-16));
#7564 = DIRECTION('',(1.,0.,0.));
#7565 = ADVANCED_FACE('',(#7566),#7585,.F.);
#7566 = FACE_BOUND('',#7567,.F.);
#7567 = EDGE_LOOP('',(#7568,#7569,#7577,#7584));
#7568 = ORIENTED_EDGE('',*,*,#7111,.F.);
#7569 = ORIENTED_EDGE('',*,*,#7570,.T.);
#7570 = EDGE_CURVE('',#7112,#7571,#7573,.T.);
#7571 = VERTEX_POINT('',#7572);
#7572 = CARTESIAN_POINT('',(103.2,1.35,30.16));
#7573 = LINE('',#7574,#7575);
#7574 = CARTESIAN_POINT('',(103.2,1.339373056908E-14,30.16));
#7575 = VECTOR('',#7576,1.);
#7576 = DIRECTION('',(0.,1.,-4.440892098501E-16));
#7577 = ORIENTED_EDGE('',*,*,#7578,.T.);
#7578 = EDGE_CURVE('',#7571,#7571,#7579,.T.);
#7579 = CIRCLE('',#7580,3.2);
#7580 = AXIS2_PLACEMENT_3D('',#7581,#7582,#7583);
#7581 = CARTESIAN_POINT('',(100.,1.35,30.16));
#7582 = DIRECTION('',(0.,-1.,4.440892098501E-16));
#7583 = DIRECTION('',(1.,0.,0.));
#7584 = ORIENTED_EDGE('',*,*,#7570,.F.);
#7585 = CYLINDRICAL_SURFACE('',#7586,3.2);
#7586 = AXIS2_PLACEMENT_3D('',#7587,#7588,#7589);
#7587 = CARTESIAN_POINT('',(100.,1.339373056908E-14,30.16));
#7588 = DIRECTION('',(0.,-1.,4.440892098501E-16));
#7589 = DIRECTION('',(1.,0.,0.));
#7590 = ADVANCED_FACE('',(#7591),#7617,.F.);
#7591 = FACE_BOUND('',#7592,.F.);
#7592 = EDGE_LOOP('',(#7593,#7601,#7610,#7616));
#7593 = ORIENTED_EDGE('',*,*,#7594,.T.);
#7594 = EDGE_CURVE('',#7129,#7595,#7597,.T.);
#7595 = VERTEX_POINT('',#7596);
#7596 = CARTESIAN_POINT('',(-5.75,8.,29.8));
#7597 = LINE('',#7598,#7599);
#7598 = CARTESIAN_POINT('',(-5.75,1.98507876803E-14,29.8));
#7599 = VECTOR('',#7600,1.);
#7600 = DIRECTION('',(0.,1.,-6.661338147751E-16));
#7601 = ORIENTED_EDGE('',*,*,#7602,.T.);
#7602 = EDGE_CURVE('',#7595,#7603,#7605,.T.);
#7603 = VERTEX_POINT('',#7604);
#7604 = CARTESIAN_POINT('',(-5.75,8.,18.8));
#7605 = CIRCLE('',#7606,5.5);
#7606 = AXIS2_PLACEMENT_3D('',#7607,#7608,#7609);
#7607 = CARTESIAN_POINT('',(-5.75,8.,24.3));
#7608 = DIRECTION('',(0.,-1.,6.661338147751E-16));
#7609 = DIRECTION('',(1.,0.,0.));
#7610 = ORIENTED_EDGE('',*,*,#7611,.F.);
#7611 = EDGE_CURVE('',#7139,#7603,#7612,.T.);
#7612 = LINE('',#7613,#7614);
#7613 = CARTESIAN_POINT('',(-5.75,1.252331571777E-14,18.8));
#7614 = VECTOR('',#7615,1.);
#7615 = DIRECTION('',(0.,1.,-6.661338147751E-16));
#7616 = ORIENTED_EDGE('',*,*,#7147,.F.);
#7617 = CYLINDRICAL_SURFACE('',#7618,5.5);
#7618 = AXIS2_PLACEMENT_3D('',#7619,#7620,#7621);
#7619 = CARTESIAN_POINT('',(-5.75,1.618705169903E-14,24.3));
#7620 = DIRECTION('',(0.,-1.,6.661338147751E-16));
#7621 = DIRECTION('',(1.,0.,0.));
#7622 = ADVANCED_FACE('',(#7623),#7641,.F.);
#7623 = FACE_BOUND('',#7624,.F.);
#7624 = EDGE_LOOP('',(#7625,#7633,#7639,#7640));
#7625 = ORIENTED_EDGE('',*,*,#7626,.T.);
#7626 = EDGE_CURVE('',#7163,#7627,#7629,.T.);
#7627 = VERTEX_POINT('',#7628);
#7628 = CARTESIAN_POINT('',(5.75,8.,29.8));
#7629 = LINE('',#7630,#7631);
#7630 = CARTESIAN_POINT('',(5.75,1.98507876803E-14,29.8));
#7631 = VECTOR('',#7632,1.);
#7632 = DIRECTION('',(0.,1.,-6.661338147751E-16));
#7633 = ORIENTED_EDGE('',*,*,#7634,.T.);
#7634 = EDGE_CURVE('',#7627,#7595,#7635,.T.);
#7635 = LINE('',#7636,#7637);
#7636 = CARTESIAN_POINT('',(5.75,8.,29.8));
#7637 = VECTOR('',#7638,1.);
#7638 = DIRECTION('',(-1.,0.,0.));
#7639 = ORIENTED_EDGE('',*,*,#7594,.F.);
#7640 = ORIENTED_EDGE('',*,*,#7171,.F.);
#7641 = PLANE('',#7642);
#7642 = AXIS2_PLACEMENT_3D('',#7643,#7644,#7645);
#7643 = CARTESIAN_POINT('',(5.75,1.98507876803E-14,29.8));
#7644 = DIRECTION('',(0.,6.661338147751E-16,1.));
#7645 = DIRECTION('',(-1.,0.,0.));
#7646 = ADVANCED_FACE('',(#7647),#7665,.F.);
#7647 = FACE_BOUND('',#7648,.F.);
#7648 = EDGE_LOOP('',(#7649,#7650,#7658,#7664));
#7649 = ORIENTED_EDGE('',*,*,#7611,.T.);
#7650 = ORIENTED_EDGE('',*,*,#7651,.T.);
#7651 = EDGE_CURVE('',#7603,#7652,#7654,.T.);
#7652 = VERTEX_POINT('',#7653);
#7653 = CARTESIAN_POINT('',(5.75,8.,18.8));
#7654 = LINE('',#7655,#7656);
#7655 = CARTESIAN_POINT('',(-5.75,8.,18.8));
#7656 = VECTOR('',#7657,1.);
#7657 = DIRECTION('',(1.,0.,0.));
#7658 = ORIENTED_EDGE('',*,*,#7659,.F.);
#7659 = EDGE_CURVE('',#7189,#7652,#7660,.T.);
#7660 = LINE('',#7661,#7662);
#7661 = CARTESIAN_POINT('',(5.75,1.252331571777E-14,18.8));
#7662 = VECTOR('',#7663,1.);
#7663 = DIRECTION('',(0.,1.,-6.661338147751E-16));
#7664 = ORIENTED_EDGE('',*,*,#7188,.F.);
#7665 = PLANE('',#7666);
#7666 = AXIS2_PLACEMENT_3D('',#7667,#7668,#7669);
#7667 = CARTESIAN_POINT('',(-5.75,1.252331571777E-14,18.8));
#7668 = DIRECTION('',(0.,-6.661338147751E-16,-1.));
#7669 = DIRECTION('',(1.,0.,0.));
#7670 = ADVANCED_FACE('',(#7671),#7683,.F.);
#7671 = FACE_BOUND('',#7672,.F.);
#7672 = EDGE_LOOP('',(#7673,#7674,#7681,#7682));
#7673 = ORIENTED_EDGE('',*,*,#7659,.T.);
#7674 = ORIENTED_EDGE('',*,*,#7675,.T.);
#7675 = EDGE_CURVE('',#7652,#7627,#7676,.T.);
#7676 = CIRCLE('',#7677,5.5);
#7677 = AXIS2_PLACEMENT_3D('',#7678,#7679,#7680);
#7678 = CARTESIAN_POINT('',(5.75,8.,24.3));
#7679 = DIRECTION('',(0.,-1.,6.661338147751E-16));
#7680 = DIRECTION('',(1.,0.,0.));
#7681 = ORIENTED_EDGE('',*,*,#7626,.F.);
#7682 = ORIENTED_EDGE('',*,*,#7215,.F.);
#7683 = CYLINDRICAL_SURFACE('',#7684,5.5);
#7684 = AXIS2_PLACEMENT_3D('',#7685,#7686,#7687);
#7685 = CARTESIAN_POINT('',(5.75,1.618705169903E-14,24.3));
#7686 = DIRECTION('',(0.,-1.,6.661338147751E-16));
#7687 = DIRECTION('',(1.,0.,0.));
#7688 = ADVANCED_FACE('',(#7689,#7700,#7711,#7722,#7733,#7739),#7750,.T.
  );
#7689 = FACE_BOUND('',#7690,.T.);
#7690 = EDGE_LOOP('',(#7691,#7692,#7693,#7699));
#7691 = ORIENTED_EDGE('',*,*,#7238,.F.);
#7692 = ORIENTED_EDGE('',*,*,#7285,.F.);
#7693 = ORIENTED_EDGE('',*,*,#7694,.T.);
#7694 = EDGE_CURVE('',#7278,#7371,#7695,.T.);
#7695 = LINE('',#7696,#7697);
#7696 = CARTESIAN_POINT('',(-106.8,8.,36.8));
#7697 = VECTOR('',#7698,1.);
#7698 = DIRECTION('',(1.,0.,0.));
#7699 = ORIENTED_EDGE('',*,*,#7370,.F.);
#7700 = FACE_BOUND('',#7701,.T.);
#7701 = EDGE_LOOP('',(#7702));
#7702 = ORIENTED_EDGE('',*,*,#7703,.T.);
#7703 = EDGE_CURVE('',#7704,#7704,#7706,.T.);
#7704 = VERTEX_POINT('',#7705);
#7705 = CARTESIAN_POINT('',(-96.8,8.,14.29));
#7706 = CIRCLE('',#7707,3.2);
#7707 = AXIS2_PLACEMENT_3D('',#7708,#7709,#7710);
#7708 = CARTESIAN_POINT('',(-100.,8.,14.29));
#7709 = DIRECTION('',(0.,-1.,4.440892098501E-16));
#7710 = DIRECTION('',(1.,0.,0.));
#7711 = FACE_BOUND('',#7712,.T.);
#7712 = EDGE_LOOP('',(#7713));
#7713 = ORIENTED_EDGE('',*,*,#7714,.T.);
#7714 = EDGE_CURVE('',#7715,#7715,#7717,.T.);
#7715 = VERTEX_POINT('',#7716);
#7716 = CARTESIAN_POINT('',(-96.8,8.,30.16));
#7717 = CIRCLE('',#7718,3.2);
#7718 = AXIS2_PLACEMENT_3D('',#7719,#7720,#7721);
#7719 = CARTESIAN_POINT('',(-100.,8.,30.16));
#7720 = DIRECTION('',(0.,-1.,4.440892098501E-16));
#7721 = DIRECTION('',(1.,0.,0.));
#7722 = FACE_BOUND('',#7723,.T.);
#7723 = EDGE_LOOP('',(#7724));
#7724 = ORIENTED_EDGE('',*,*,#7725,.T.);
#7725 = EDGE_CURVE('',#7726,#7726,#7728,.T.);
#7726 = VERTEX_POINT('',#7727);
#7727 = CARTESIAN_POINT('',(103.2,8.,14.29));
#7728 = CIRCLE('',#7729,3.2);
#7729 = AXIS2_PLACEMENT_3D('',#7730,#7731,#7732);
#7730 = CARTESIAN_POINT('',(100.,8.,14.29));
#7731 = DIRECTION('',(0.,-1.,4.440892098501E-16));
#7732 = DIRECTION('',(1.,0.,0.));
#7733 = FACE_BOUND('',#7734,.T.);
#7734 = EDGE_LOOP('',(#7735,#7736,#7737,#7738));
#7735 = ORIENTED_EDGE('',*,*,#7602,.T.);
#7736 = ORIENTED_EDGE('',*,*,#7651,.T.);
#7737 = ORIENTED_EDGE('',*,*,#7675,.T.);
#7738 = ORIENTED_EDGE('',*,*,#7634,.T.);
#7739 = FACE_BOUND('',#7740,.T.);
#7740 = EDGE_LOOP('',(#7741));
#7741 = ORIENTED_EDGE('',*,*,#7742,.T.);
#7742 = EDGE_CURVE('',#7743,#7743,#7745,.T.);
#7743 = VERTEX_POINT('',#7744);
#7744 = CARTESIAN_POINT('',(103.2,8.,30.16));
#7745 = CIRCLE('',#7746,3.2);
#7746 = AXIS2_PLACEMENT_3D('',#7747,#7748,#7749);
#7747 = CARTESIAN_POINT('',(100.,8.,30.16));
#7748 = DIRECTION('',(0.,-1.,4.440892098501E-16));
#7749 = DIRECTION('',(1.,0.,0.));
#7750 = PLANE('',#7751);
#7751 = AXIS2_PLACEMENT_3D('',#7752,#7753,#7754);
#7752 = CARTESIAN_POINT('',(0.,8.,22.225));
#7753 = DIRECTION('',(0.,1.,-5.551115123126E-16));
#7754 = DIRECTION('',(0.,5.551115123126E-16,1.));
#7755 = ADVANCED_FACE('',(#7756),#7767,.T.);
#7756 = FACE_BOUND('',#7757,.F.);
#7757 = EDGE_LOOP('',(#7758,#7764,#7765,#7766));
#7758 = ORIENTED_EDGE('',*,*,#7759,.T.);
#7759 = EDGE_CURVE('',#7270,#7379,#7760,.T.);
#7760 = LINE('',#7761,#7762);
#7761 = CARTESIAN_POINT('',(-106.8,20.,36.8));
#7762 = VECTOR('',#7763,1.);
#7763 = DIRECTION('',(1.,0.,0.));
#7764 = ORIENTED_EDGE('',*,*,#7386,.T.);
#7765 = ORIENTED_EDGE('',*,*,#7478,.T.);
#7766 = ORIENTED_EDGE('',*,*,#7269,.T.);
#7767 = PLANE('',#7768);
#7768 = AXIS2_PLACEMENT_3D('',#7769,#7770,#7771);
#7769 = CARTESIAN_POINT('',(-2.569194072805E-16,20.,40.625));
#7770 = DIRECTION('',(0.,1.,-5.652704158059E-16));
#7771 = DIRECTION('',(0.,5.652704158059E-16,1.));
#7772 = ADVANCED_FACE('',(#7773),#7779,.T.);
#7773 = FACE_BOUND('',#7774,.T.);
#7774 = EDGE_LOOP('',(#7775,#7776,#7777,#7778));
#7775 = ORIENTED_EDGE('',*,*,#7277,.T.);
#7776 = ORIENTED_EDGE('',*,*,#7759,.T.);
#7777 = ORIENTED_EDGE('',*,*,#7378,.F.);
#7778 = ORIENTED_EDGE('',*,*,#7694,.F.);
#7779 = PLANE('',#7780);
#7780 = AXIS2_PLACEMENT_3D('',#7781,#7782,#7783);
#7781 = CARTESIAN_POINT('',(-106.8,8.,36.8));
#7782 = DIRECTION('',(0.,-5.551115123126E-16,-1.));
#7783 = DIRECTION('',(1.,0.,0.));
#7784 = ADVANCED_FACE('',(#7785,#7810),#7813,.T.);
#7785 = FACE_BOUND('',#7786,.T.);
#7786 = EDGE_LOOP('',(#7787,#7797,#7803,#7804));
#7787 = ORIENTED_EDGE('',*,*,#7788,.T.);
#7788 = EDGE_CURVE('',#7789,#7791,#7793,.T.);
#7789 = VERTEX_POINT('',#7790);
#7790 = CARTESIAN_POINT('',(-93.87453578387,1.35,35.355));
#7791 = VERTEX_POINT('',#7792);
#7792 = CARTESIAN_POINT('',(-93.87453578387,1.35,24.965));
#7793 = LINE('',#7794,#7795);
#7794 = CARTESIAN_POINT('',(-93.87453578387,1.35,35.355));
#7795 = VECTOR('',#7796,1.);
#7796 = DIRECTION('',(0.,-3.330669073875E-16,-1.));
#7797 = ORIENTED_EDGE('',*,*,#7798,.T.);
#7798 = EDGE_CURVE('',#7791,#7298,#7799,.T.);
#7799 = LINE('',#7800,#7801);
#7800 = CARTESIAN_POINT('',(-93.87453578387,1.35,24.965));
#7801 = VECTOR('',#7802,1.);
#7802 = DIRECTION('',(-1.,0.,0.));
#7803 = ORIENTED_EDGE('',*,*,#7295,.F.);
#7804 = ORIENTED_EDGE('',*,*,#7805,.T.);
#7805 = EDGE_CURVE('',#7296,#7789,#7806,.T.);
#7806 = LINE('',#7807,#7808);
#7807 = CARTESIAN_POINT('',(-107.3,1.35,35.355));
#7808 = VECTOR('',#7809,1.);
#7809 = DIRECTION('',(1.,0.,0.));
#7810 = FACE_BOUND('',#7811,.T.);
#7811 = EDGE_LOOP('',(#7812));
#7812 = ORIENTED_EDGE('',*,*,#7528,.T.);
#7813 = PLANE('',#7814);
#7814 = AXIS2_PLACEMENT_3D('',#7815,#7816,#7817);
#7815 = CARTESIAN_POINT('',(-6.563777235188E-15,1.35,22.225));
#7816 = DIRECTION('',(0.,1.,-1.110223024625E-16));
#7817 = DIRECTION('',(0.,1.110223024625E-16,1.));
#7818 = ADVANCED_FACE('',(#7819),#7837,.T.);
#7819 = FACE_BOUND('',#7820,.T.);
#7820 = EDGE_LOOP('',(#7821,#7822,#7823,#7831));
#7821 = ORIENTED_EDGE('',*,*,#7805,.F.);
#7822 = ORIENTED_EDGE('',*,*,#7321,.F.);
#7823 = ORIENTED_EDGE('',*,*,#7824,.T.);
#7824 = EDGE_CURVE('',#7314,#7825,#7827,.T.);
#7825 = VERTEX_POINT('',#7826);
#7826 = CARTESIAN_POINT('',(-93.87453578387,6.65,35.355));
#7827 = LINE('',#7828,#7829);
#7828 = CARTESIAN_POINT('',(-107.3,6.65,35.355));
#7829 = VECTOR('',#7830,1.);
#7830 = DIRECTION('',(1.,0.,0.));
#7831 = ORIENTED_EDGE('',*,*,#7832,.F.);
#7832 = EDGE_CURVE('',#7789,#7825,#7833,.T.);
#7833 = LINE('',#7834,#7835);
#7834 = CARTESIAN_POINT('',(-93.87453578387,1.35,35.355));
#7835 = VECTOR('',#7836,1.);
#7836 = DIRECTION('',(0.,1.,-3.330669073875E-16));
#7837 = PLANE('',#7838);
#7838 = AXIS2_PLACEMENT_3D('',#7839,#7840,#7841);
#7839 = CARTESIAN_POINT('',(-107.3,1.35,35.355));
#7840 = DIRECTION('',(0.,-3.330669073875E-16,-1.));
#7841 = DIRECTION('',(1.,0.,0.));
#7842 = ADVANCED_FACE('',(#7843,#7861),#7872,.F.);
#7843 = FACE_BOUND('',#7844,.F.);
#7844 = EDGE_LOOP('',(#7845,#7853,#7859,#7860));
#7845 = ORIENTED_EDGE('',*,*,#7846,.T.);
#7846 = EDGE_CURVE('',#7825,#7847,#7849,.T.);
#7847 = VERTEX_POINT('',#7848);
#7848 = CARTESIAN_POINT('',(-93.87453578387,6.65,24.965));
#7849 = LINE('',#7850,#7851);
#7850 = CARTESIAN_POINT('',(-93.87453578387,6.65,35.355));
#7851 = VECTOR('',#7852,1.);
#7852 = DIRECTION('',(0.,-3.330669073875E-16,-1.));
#7853 = ORIENTED_EDGE('',*,*,#7854,.T.);
#7854 = EDGE_CURVE('',#7847,#7306,#7855,.T.);
#7855 = LINE('',#7856,#7857);
#7856 = CARTESIAN_POINT('',(-93.87453578387,6.65,24.965));
#7857 = VECTOR('',#7858,1.);
#7858 = DIRECTION('',(-1.,0.,0.));
#7859 = ORIENTED_EDGE('',*,*,#7313,.F.);
#7860 = ORIENTED_EDGE('',*,*,#7824,.T.);
#7861 = FACE_BOUND('',#7862,.F.);
#7862 = EDGE_LOOP('',(#7863));
#7863 = ORIENTED_EDGE('',*,*,#7864,.T.);
#7864 = EDGE_CURVE('',#7865,#7865,#7867,.T.);
#7865 = VERTEX_POINT('',#7866);
#7866 = CARTESIAN_POINT('',(-96.8,6.65,30.16));
#7867 = CIRCLE('',#7868,3.2);
#7868 = AXIS2_PLACEMENT_3D('',#7869,#7870,#7871);
#7869 = CARTESIAN_POINT('',(-100.,6.65,30.16));
#7870 = DIRECTION('',(0.,-1.,4.440892098501E-16));
#7871 = DIRECTION('',(1.,0.,0.));
#7872 = PLANE('',#7873);
#7873 = AXIS2_PLACEMENT_3D('',#7874,#7875,#7876);
#7874 = CARTESIAN_POINT('',(-6.563777235188E-15,6.65,22.225));
#7875 = DIRECTION('',(0.,1.,-1.110223024625E-16));
#7876 = DIRECTION('',(0.,1.110223024625E-16,1.));
#7877 = ADVANCED_FACE('',(#7878),#7889,.T.);
#7878 = FACE_BOUND('',#7879,.T.);
#7879 = EDGE_LOOP('',(#7880,#7881,#7887,#7888));
#7880 = ORIENTED_EDGE('',*,*,#7798,.F.);
#7881 = ORIENTED_EDGE('',*,*,#7882,.T.);
#7882 = EDGE_CURVE('',#7791,#7847,#7883,.T.);
#7883 = LINE('',#7884,#7885);
#7884 = CARTESIAN_POINT('',(-93.87453578387,1.35,24.965));
#7885 = VECTOR('',#7886,1.);
#7886 = DIRECTION('',(0.,1.,-3.330669073875E-16));
#7887 = ORIENTED_EDGE('',*,*,#7854,.T.);
#7888 = ORIENTED_EDGE('',*,*,#7305,.F.);
#7889 = PLANE('',#7890);
#7890 = AXIS2_PLACEMENT_3D('',#7891,#7892,#7893);
#7891 = CARTESIAN_POINT('',(-93.87453578387,1.35,24.965));
#7892 = DIRECTION('',(0.,3.330669073875E-16,1.));
#7893 = DIRECTION('',(-1.,0.,0.));
#7894 = ADVANCED_FACE('',(#7895,#7920),#7923,.T.);
#7895 = FACE_BOUND('',#7896,.T.);
#7896 = EDGE_LOOP('',(#7897,#7907,#7913,#7914));
#7897 = ORIENTED_EDGE('',*,*,#7898,.T.);
#7898 = EDGE_CURVE('',#7899,#7901,#7903,.T.);
#7899 = VERTEX_POINT('',#7900);
#7900 = CARTESIAN_POINT('',(-93.87453578387,1.35,19.485));
#7901 = VERTEX_POINT('',#7902);
#7902 = CARTESIAN_POINT('',(-93.87453578387,1.35,9.095));
#7903 = LINE('',#7904,#7905);
#7904 = CARTESIAN_POINT('',(-93.87453578387,1.35,19.485));
#7905 = VECTOR('',#7906,1.);
#7906 = DIRECTION('',(0.,-3.330669073875E-16,-1.));
#7907 = ORIENTED_EDGE('',*,*,#7908,.T.);
#7908 = EDGE_CURVE('',#7901,#7332,#7909,.T.);
#7909 = LINE('',#7910,#7911);
#7910 = CARTESIAN_POINT('',(-93.87453578387,1.35,9.095));
#7911 = VECTOR('',#7912,1.);
#7912 = DIRECTION('',(-1.,0.,0.));
#7913 = ORIENTED_EDGE('',*,*,#7329,.F.);
#7914 = ORIENTED_EDGE('',*,*,#7915,.T.);
#7915 = EDGE_CURVE('',#7330,#7899,#7916,.T.);
#7916 = LINE('',#7917,#7918);
#7917 = CARTESIAN_POINT('',(-107.3,1.35,19.485));
#7918 = VECTOR('',#7919,1.);
#7919 = DIRECTION('',(1.,0.,0.));
#7920 = FACE_BOUND('',#7921,.T.);
#7921 = EDGE_LOOP('',(#7922));
#7922 = ORIENTED_EDGE('',*,*,#7503,.T.);
#7923 = PLANE('',#7924);
#7924 = AXIS2_PLACEMENT_3D('',#7925,#7926,#7927);
#7925 = CARTESIAN_POINT('',(-6.563777235188E-15,1.35,22.225));
#7926 = DIRECTION('',(0.,1.,-1.110223024625E-16));
#7927 = DIRECTION('',(0.,1.110223024625E-16,1.));
#7928 = ADVANCED_FACE('',(#7929),#7947,.T.);
#7929 = FACE_BOUND('',#7930,.T.);
#7930 = EDGE_LOOP('',(#7931,#7932,#7933,#7941));
#7931 = ORIENTED_EDGE('',*,*,#7915,.F.);
#7932 = ORIENTED_EDGE('',*,*,#7355,.F.);
#7933 = ORIENTED_EDGE('',*,*,#7934,.T.);
#7934 = EDGE_CURVE('',#7348,#7935,#7937,.T.);
#7935 = VERTEX_POINT('',#7936);
#7936 = CARTESIAN_POINT('',(-93.87453578387,6.65,19.485));
#7937 = LINE('',#7938,#7939);
#7938 = CARTESIAN_POINT('',(-107.3,6.65,19.485));
#7939 = VECTOR('',#7940,1.);
#7940 = DIRECTION('',(1.,0.,0.));
#7941 = ORIENTED_EDGE('',*,*,#7942,.F.);
#7942 = EDGE_CURVE('',#7899,#7935,#7943,.T.);
#7943 = LINE('',#7944,#7945);
#7944 = CARTESIAN_POINT('',(-93.87453578387,1.35,19.485));
#7945 = VECTOR('',#7946,1.);
#7946 = DIRECTION('',(0.,1.,-3.330669073875E-16));
#7947 = PLANE('',#7948);
#7948 = AXIS2_PLACEMENT_3D('',#7949,#7950,#7951);
#7949 = CARTESIAN_POINT('',(-107.3,1.35,19.485));
#7950 = DIRECTION('',(0.,-3.330669073875E-16,-1.));
#7951 = DIRECTION('',(1.,0.,0.));
#7952 = ADVANCED_FACE('',(#7953,#7971),#7982,.F.);
#7953 = FACE_BOUND('',#7954,.F.);
#7954 = EDGE_LOOP('',(#7955,#7963,#7969,#7970));
#7955 = ORIENTED_EDGE('',*,*,#7956,.T.);
#7956 = EDGE_CURVE('',#7935,#7957,#7959,.T.);
#7957 = VERTEX_POINT('',#7958);
#7958 = CARTESIAN_POINT('',(-93.87453578387,6.65,9.095));
#7959 = LINE('',#7960,#7961);
#7960 = CARTESIAN_POINT('',(-93.87453578387,6.65,19.485));
#7961 = VECTOR('',#7962,1.);
#7962 = DIRECTION('',(0.,-3.330669073875E-16,-1.));
#7963 = ORIENTED_EDGE('',*,*,#7964,.T.);
#7964 = EDGE_CURVE('',#7957,#7340,#7965,.T.);
#7965 = LINE('',#7966,#7967);
#7966 = CARTESIAN_POINT('',(-93.87453578387,6.65,9.095));
#7967 = VECTOR('',#7968,1.);
#7968 = DIRECTION('',(-1.,0.,0.));
#7969 = ORIENTED_EDGE('',*,*,#7347,.F.);
#7970 = ORIENTED_EDGE('',*,*,#7934,.T.);
#7971 = FACE_BOUND('',#7972,.F.);
#7972 = EDGE_LOOP('',(#7973));
#7973 = ORIENTED_EDGE('',*,*,#7974,.T.);
#7974 = EDGE_CURVE('',#7975,#7975,#7977,.T.);
#7975 = VERTEX_POINT('',#7976);
#7976 = CARTESIAN_POINT('',(-96.8,6.65,14.29));
#7977 = CIRCLE('',#7978,3.2);
#7978 = AXIS2_PLACEMENT_3D('',#7979,#7980,#7981);
#7979 = CARTESIAN_POINT('',(-100.,6.65,14.29));
#7980 = DIRECTION('',(0.,-1.,4.440892098501E-16));
#7981 = DIRECTION('',(1.,0.,0.));
#7982 = PLANE('',#7983);
#7983 = AXIS2_PLACEMENT_3D('',#7984,#7985,#7986);
#7984 = CARTESIAN_POINT('',(-6.563777235188E-15,6.65,22.225));
#7985 = DIRECTION('',(0.,1.,-1.110223024625E-16));
#7986 = DIRECTION('',(0.,1.110223024625E-16,1.));
#7987 = ADVANCED_FACE('',(#7988),#7999,.T.);
#7988 = FACE_BOUND('',#7989,.T.);
#7989 = EDGE_LOOP('',(#7990,#7991,#7997,#7998));
#7990 = ORIENTED_EDGE('',*,*,#7908,.F.);
#7991 = ORIENTED_EDGE('',*,*,#7992,.T.);
#7992 = EDGE_CURVE('',#7901,#7957,#7993,.T.);
#7993 = LINE('',#7994,#7995);
#7994 = CARTESIAN_POINT('',(-93.87453578387,1.35,9.095));
#7995 = VECTOR('',#7996,1.);
#7996 = DIRECTION('',(0.,1.,-3.330669073875E-16));
#7997 = ORIENTED_EDGE('',*,*,#7964,.T.);
#7998 = ORIENTED_EDGE('',*,*,#7339,.F.);
#7999 = PLANE('',#8000);
#8000 = AXIS2_PLACEMENT_3D('',#8001,#8002,#8003);
#8001 = CARTESIAN_POINT('',(-93.87453578387,1.35,9.095));
#8002 = DIRECTION('',(0.,3.330669073875E-16,1.));
#8003 = DIRECTION('',(-1.,0.,0.));
#8004 = ADVANCED_FACE('',(#8005),#8030,.F.);
#8005 = FACE_BOUND('',#8006,.F.);
#8006 = EDGE_LOOP('',(#8007,#8015,#8023,#8029));
#8007 = ORIENTED_EDGE('',*,*,#8008,.F.);
#8008 = EDGE_CURVE('',#8009,#7404,#8011,.T.);
#8009 = VERTEX_POINT('',#8010);
#8010 = CARTESIAN_POINT('',(93.874535783877,1.35,24.965));
#8011 = LINE('',#8012,#8013);
#8012 = CARTESIAN_POINT('',(93.874535783877,1.35,24.965));
#8013 = VECTOR('',#8014,1.);
#8014 = DIRECTION('',(1.,0.,0.));
#8015 = ORIENTED_EDGE('',*,*,#8016,.T.);
#8016 = EDGE_CURVE('',#8009,#8017,#8019,.T.);
#8017 = VERTEX_POINT('',#8018);
#8018 = CARTESIAN_POINT('',(93.874535783877,6.65,24.965));
#8019 = LINE('',#8020,#8021);
#8020 = CARTESIAN_POINT('',(93.874535783877,1.35,24.965));
#8021 = VECTOR('',#8022,1.);
#8022 = DIRECTION('',(0.,1.,-3.330669073875E-16));
#8023 = ORIENTED_EDGE('',*,*,#8024,.T.);
#8024 = EDGE_CURVE('',#8017,#7406,#8025,.T.);
#8025 = LINE('',#8026,#8027);
#8026 = CARTESIAN_POINT('',(93.874535783877,6.65,24.965));
#8027 = VECTOR('',#8028,1.);
#8028 = DIRECTION('',(1.,0.,0.));
#8029 = ORIENTED_EDGE('',*,*,#7403,.F.);
#8030 = PLANE('',#8031);
#8031 = AXIS2_PLACEMENT_3D('',#8032,#8033,#8034);
#8032 = CARTESIAN_POINT('',(93.874535783877,1.35,24.965));
#8033 = DIRECTION('',(0.,-3.330669073875E-16,-1.));
#8034 = DIRECTION('',(1.,0.,0.));
#8035 = ADVANCED_FACE('',(#8036,#8054),#8065,.F.);
#8036 = FACE_BOUND('',#8037,.F.);
#8037 = EDGE_LOOP('',(#8038,#8039,#8047,#8053));
#8038 = ORIENTED_EDGE('',*,*,#8024,.F.);
#8039 = ORIENTED_EDGE('',*,*,#8040,.F.);
#8040 = EDGE_CURVE('',#8041,#8017,#8043,.T.);
#8041 = VERTEX_POINT('',#8042);
#8042 = CARTESIAN_POINT('',(93.874535783877,6.65,35.355));
#8043 = LINE('',#8044,#8045);
#8044 = CARTESIAN_POINT('',(93.874535783877,6.65,35.355));
#8045 = VECTOR('',#8046,1.);
#8046 = DIRECTION('',(0.,-3.330669073875E-16,-1.));
#8047 = ORIENTED_EDGE('',*,*,#8048,.F.);
#8048 = EDGE_CURVE('',#7422,#8041,#8049,.T.);
#8049 = LINE('',#8050,#8051);
#8050 = CARTESIAN_POINT('',(107.3,6.65,35.355));
#8051 = VECTOR('',#8052,1.);
#8052 = DIRECTION('',(-1.,0.,0.));
#8053 = ORIENTED_EDGE('',*,*,#7429,.F.);
#8054 = FACE_BOUND('',#8055,.F.);
#8055 = EDGE_LOOP('',(#8056));
#8056 = ORIENTED_EDGE('',*,*,#8057,.T.);
#8057 = EDGE_CURVE('',#8058,#8058,#8060,.T.);
#8058 = VERTEX_POINT('',#8059);
#8059 = CARTESIAN_POINT('',(103.2,6.65,30.16));
#8060 = CIRCLE('',#8061,3.2);
#8061 = AXIS2_PLACEMENT_3D('',#8062,#8063,#8064);
#8062 = CARTESIAN_POINT('',(100.,6.65,30.16));
#8063 = DIRECTION('',(0.,-1.,4.440892098501E-16));
#8064 = DIRECTION('',(1.,0.,0.));
#8065 = PLANE('',#8066);
#8066 = AXIS2_PLACEMENT_3D('',#8067,#8068,#8069);
#8067 = CARTESIAN_POINT('',(-6.563777235188E-15,6.65,22.225));
#8068 = DIRECTION('',(0.,1.,-1.110223024625E-16));
#8069 = DIRECTION('',(0.,1.110223024625E-16,1.));
#8070 = ADVANCED_FACE('',(#8071),#8089,.F.);
#8071 = FACE_BOUND('',#8072,.F.);
#8072 = EDGE_LOOP('',(#8073,#8081,#8082,#8083));
#8073 = ORIENTED_EDGE('',*,*,#8074,.F.);
#8074 = EDGE_CURVE('',#7414,#8075,#8077,.T.);
#8075 = VERTEX_POINT('',#8076);
#8076 = CARTESIAN_POINT('',(93.874535783877,1.35,35.355));
#8077 = LINE('',#8078,#8079);
#8078 = CARTESIAN_POINT('',(107.3,1.35,35.355));
#8079 = VECTOR('',#8080,1.);
#8080 = DIRECTION('',(-1.,0.,0.));
#8081 = ORIENTED_EDGE('',*,*,#7421,.F.);
#8082 = ORIENTED_EDGE('',*,*,#8048,.T.);
#8083 = ORIENTED_EDGE('',*,*,#8084,.F.);
#8084 = EDGE_CURVE('',#8075,#8041,#8085,.T.);
#8085 = LINE('',#8086,#8087);
#8086 = CARTESIAN_POINT('',(93.874535783877,1.35,35.355));
#8087 = VECTOR('',#8088,1.);
#8088 = DIRECTION('',(0.,1.,-3.330669073875E-16));
#8089 = PLANE('',#8090);
#8090 = AXIS2_PLACEMENT_3D('',#8091,#8092,#8093);
#8091 = CARTESIAN_POINT('',(107.3,1.35,35.355));
#8092 = DIRECTION('',(0.,3.330669073875E-16,1.));
#8093 = DIRECTION('',(-1.,0.,0.));
#8094 = ADVANCED_FACE('',(#8095,#8106),#8109,.T.);
#8095 = FACE_BOUND('',#8096,.T.);
#8096 = EDGE_LOOP('',(#8097,#8098,#8104,#8105));
#8097 = ORIENTED_EDGE('',*,*,#8008,.F.);
#8098 = ORIENTED_EDGE('',*,*,#8099,.F.);
#8099 = EDGE_CURVE('',#8075,#8009,#8100,.T.);
#8100 = LINE('',#8101,#8102);
#8101 = CARTESIAN_POINT('',(93.874535783877,1.35,35.355));
#8102 = VECTOR('',#8103,1.);
#8103 = DIRECTION('',(0.,-3.330669073875E-16,-1.));
#8104 = ORIENTED_EDGE('',*,*,#8074,.F.);
#8105 = ORIENTED_EDGE('',*,*,#7413,.F.);
#8106 = FACE_BOUND('',#8107,.T.);
#8107 = EDGE_LOOP('',(#8108));
#8108 = ORIENTED_EDGE('',*,*,#7578,.T.);
#8109 = PLANE('',#8110);
#8110 = AXIS2_PLACEMENT_3D('',#8111,#8112,#8113);
#8111 = CARTESIAN_POINT('',(-6.563777235188E-15,1.35,22.225));
#8112 = DIRECTION('',(0.,1.,-1.110223024625E-16));
#8113 = DIRECTION('',(0.,1.110223024625E-16,1.));
#8114 = ADVANCED_FACE('',(#8115),#8140,.F.);
#8115 = FACE_BOUND('',#8116,.F.);
#8116 = EDGE_LOOP('',(#8117,#8125,#8133,#8139));
#8117 = ORIENTED_EDGE('',*,*,#8118,.F.);
#8118 = EDGE_CURVE('',#8119,#7438,#8121,.T.);
#8119 = VERTEX_POINT('',#8120);
#8120 = CARTESIAN_POINT('',(93.874535783877,1.35,9.095));
#8121 = LINE('',#8122,#8123);
#8122 = CARTESIAN_POINT('',(93.874535783877,1.35,9.095));
#8123 = VECTOR('',#8124,1.);
#8124 = DIRECTION('',(1.,0.,0.));
#8125 = ORIENTED_EDGE('',*,*,#8126,.T.);
#8126 = EDGE_CURVE('',#8119,#8127,#8129,.T.);
#8127 = VERTEX_POINT('',#8128);
#8128 = CARTESIAN_POINT('',(93.874535783877,6.65,9.095));
#8129 = LINE('',#8130,#8131);
#8130 = CARTESIAN_POINT('',(93.874535783877,1.35,9.095));
#8131 = VECTOR('',#8132,1.);
#8132 = DIRECTION('',(0.,1.,-3.330669073875E-16));
#8133 = ORIENTED_EDGE('',*,*,#8134,.T.);
#8134 = EDGE_CURVE('',#8127,#7440,#8135,.T.);
#8135 = LINE('',#8136,#8137);
#8136 = CARTESIAN_POINT('',(93.874535783877,6.65,9.095));
#8137 = VECTOR('',#8138,1.);
#8138 = DIRECTION('',(1.,0.,0.));
#8139 = ORIENTED_EDGE('',*,*,#7437,.F.);
#8140 = PLANE('',#8141);
#8141 = AXIS2_PLACEMENT_3D('',#8142,#8143,#8144);
#8142 = CARTESIAN_POINT('',(93.874535783877,1.35,9.095));
#8143 = DIRECTION('',(0.,-3.330669073875E-16,-1.));
#8144 = DIRECTION('',(1.,0.,0.));
#8145 = ADVANCED_FACE('',(#8146,#8164),#8175,.F.);
#8146 = FACE_BOUND('',#8147,.F.);
#8147 = EDGE_LOOP('',(#8148,#8149,#8157,#8163));
#8148 = ORIENTED_EDGE('',*,*,#8134,.F.);
#8149 = ORIENTED_EDGE('',*,*,#8150,.F.);
#8150 = EDGE_CURVE('',#8151,#8127,#8153,.T.);
#8151 = VERTEX_POINT('',#8152);
#8152 = CARTESIAN_POINT('',(93.874535783877,6.65,19.485));
#8153 = LINE('',#8154,#8155);
#8154 = CARTESIAN_POINT('',(93.874535783877,6.65,19.485));
#8155 = VECTOR('',#8156,1.);
#8156 = DIRECTION('',(0.,-3.330669073875E-16,-1.));
#8157 = ORIENTED_EDGE('',*,*,#8158,.F.);
#8158 = EDGE_CURVE('',#7456,#8151,#8159,.T.);
#8159 = LINE('',#8160,#8161);
#8160 = CARTESIAN_POINT('',(107.3,6.65,19.485));
#8161 = VECTOR('',#8162,1.);
#8162 = DIRECTION('',(-1.,0.,0.));
#8163 = ORIENTED_EDGE('',*,*,#7463,.F.);
#8164 = FACE_BOUND('',#8165,.F.);
#8165 = EDGE_LOOP('',(#8166));
#8166 = ORIENTED_EDGE('',*,*,#8167,.T.);
#8167 = EDGE_CURVE('',#8168,#8168,#8170,.T.);
#8168 = VERTEX_POINT('',#8169);
#8169 = CARTESIAN_POINT('',(103.2,6.65,14.29));
#8170 = CIRCLE('',#8171,3.2);
#8171 = AXIS2_PLACEMENT_3D('',#8172,#8173,#8174);
#8172 = CARTESIAN_POINT('',(100.,6.65,14.29));
#8173 = DIRECTION('',(0.,-1.,4.440892098501E-16));
#8174 = DIRECTION('',(1.,0.,0.));
#8175 = PLANE('',#8176);
#8176 = AXIS2_PLACEMENT_3D('',#8177,#8178,#8179);
#8177 = CARTESIAN_POINT('',(-6.563777235188E-15,6.65,22.225));
#8178 = DIRECTION('',(0.,1.,-1.110223024625E-16));
#8179 = DIRECTION('',(0.,1.110223024625E-16,1.));
#8180 = ADVANCED_FACE('',(#8181),#8199,.F.);
#8181 = FACE_BOUND('',#8182,.F.);
#8182 = EDGE_LOOP('',(#8183,#8191,#8192,#8193));
#8183 = ORIENTED_EDGE('',*,*,#8184,.F.);
#8184 = EDGE_CURVE('',#7448,#8185,#8187,.T.);
#8185 = VERTEX_POINT('',#8186);
#8186 = CARTESIAN_POINT('',(93.874535783877,1.35,19.485));
#8187 = LINE('',#8188,#8189);
#8188 = CARTESIAN_POINT('',(107.3,1.35,19.485));
#8189 = VECTOR('',#8190,1.);
#8190 = DIRECTION('',(-1.,0.,0.));
#8191 = ORIENTED_EDGE('',*,*,#7455,.F.);
#8192 = ORIENTED_EDGE('',*,*,#8158,.T.);
#8193 = ORIENTED_EDGE('',*,*,#8194,.F.);
#8194 = EDGE_CURVE('',#8185,#8151,#8195,.T.);
#8195 = LINE('',#8196,#8197);
#8196 = CARTESIAN_POINT('',(93.874535783877,1.35,19.485));
#8197 = VECTOR('',#8198,1.);
#8198 = DIRECTION('',(0.,1.,-3.330669073875E-16));
#8199 = PLANE('',#8200);
#8200 = AXIS2_PLACEMENT_3D('',#8201,#8202,#8203);
#8201 = CARTESIAN_POINT('',(107.3,1.35,19.485));
#8202 = DIRECTION('',(0.,3.330669073875E-16,1.));
#8203 = DIRECTION('',(-1.,0.,0.));
#8204 = ADVANCED_FACE('',(#8205,#8216),#8219,.T.);
#8205 = FACE_BOUND('',#8206,.T.);
#8206 = EDGE_LOOP('',(#8207,#8208,#8214,#8215));
#8207 = ORIENTED_EDGE('',*,*,#8118,.F.);
#8208 = ORIENTED_EDGE('',*,*,#8209,.F.);
#8209 = EDGE_CURVE('',#8185,#8119,#8210,.T.);
#8210 = LINE('',#8211,#8212);
#8211 = CARTESIAN_POINT('',(93.874535783877,1.35,19.485));
#8212 = VECTOR('',#8213,1.);
#8213 = DIRECTION('',(0.,-3.330669073875E-16,-1.));
#8214 = ORIENTED_EDGE('',*,*,#8184,.F.);
#8215 = ORIENTED_EDGE('',*,*,#7447,.F.);
#8216 = FACE_BOUND('',#8217,.T.);
#8217 = EDGE_LOOP('',(#8218));
#8218 = ORIENTED_EDGE('',*,*,#7553,.T.);
#8219 = PLANE('',#8220);
#8220 = AXIS2_PLACEMENT_3D('',#8221,#8222,#8223);
#8221 = CARTESIAN_POINT('',(-6.563777235188E-15,1.35,22.225));
#8222 = DIRECTION('',(0.,1.,-1.110223024625E-16));
#8223 = DIRECTION('',(0.,1.110223024625E-16,1.));
#8224 = ADVANCED_FACE('',(#8225),#8236,.F.);
#8225 = FACE_BOUND('',#8226,.F.);
#8226 = EDGE_LOOP('',(#8227,#8228,#8234,#8235));
#8227 = ORIENTED_EDGE('',*,*,#7974,.F.);
#8228 = ORIENTED_EDGE('',*,*,#8229,.T.);
#8229 = EDGE_CURVE('',#7975,#7704,#8230,.T.);
#8230 = LINE('',#8231,#8232);
#8231 = CARTESIAN_POINT('',(-96.8,6.346034808757E-15,14.29));
#8232 = VECTOR('',#8233,1.);
#8233 = DIRECTION('',(0.,1.,-4.440892098501E-16));
#8234 = ORIENTED_EDGE('',*,*,#7703,.T.);
#8235 = ORIENTED_EDGE('',*,*,#8229,.F.);
#8236 = CYLINDRICAL_SURFACE('',#8237,3.2);
#8237 = AXIS2_PLACEMENT_3D('',#8238,#8239,#8240);
#8238 = CARTESIAN_POINT('',(-100.,6.346034808757E-15,14.29));
#8239 = DIRECTION('',(0.,-1.,4.440892098501E-16));
#8240 = DIRECTION('',(1.,0.,0.));
#8241 = ADVANCED_FACE('',(#8242),#8253,.F.);
#8242 = FACE_BOUND('',#8243,.F.);
#8243 = EDGE_LOOP('',(#8244,#8245,#8251,#8252));
#8244 = ORIENTED_EDGE('',*,*,#7864,.F.);
#8245 = ORIENTED_EDGE('',*,*,#8246,.T.);
#8246 = EDGE_CURVE('',#7865,#7715,#8247,.T.);
#8247 = LINE('',#8248,#8249);
#8248 = CARTESIAN_POINT('',(-96.8,1.339373056908E-14,30.16));
#8249 = VECTOR('',#8250,1.);
#8250 = DIRECTION('',(0.,1.,-4.440892098501E-16));
#8251 = ORIENTED_EDGE('',*,*,#7714,.T.);
#8252 = ORIENTED_EDGE('',*,*,#8246,.F.);
#8253 = CYLINDRICAL_SURFACE('',#8254,3.2);
#8254 = AXIS2_PLACEMENT_3D('',#8255,#8256,#8257);
#8255 = CARTESIAN_POINT('',(-100.,1.339373056908E-14,30.16));
#8256 = DIRECTION('',(0.,-1.,4.440892098501E-16));
#8257 = DIRECTION('',(1.,0.,0.));
#8258 = ADVANCED_FACE('',(#8259),#8270,.F.);
#8259 = FACE_BOUND('',#8260,.F.);
#8260 = EDGE_LOOP('',(#8261,#8262,#8268,#8269));
#8261 = ORIENTED_EDGE('',*,*,#8167,.F.);
#8262 = ORIENTED_EDGE('',*,*,#8263,.T.);
#8263 = EDGE_CURVE('',#8168,#7726,#8264,.T.);
#8264 = LINE('',#8265,#8266);
#8265 = CARTESIAN_POINT('',(103.2,6.346034808757E-15,14.29));
#8266 = VECTOR('',#8267,1.);
#8267 = DIRECTION('',(0.,1.,-4.440892098501E-16));
#8268 = ORIENTED_EDGE('',*,*,#7725,.T.);
#8269 = ORIENTED_EDGE('',*,*,#8263,.F.);
#8270 = CYLINDRICAL_SURFACE('',#8271,3.2);
#8271 = AXIS2_PLACEMENT_3D('',#8272,#8273,#8274);
#8272 = CARTESIAN_POINT('',(100.,6.346034808757E-15,14.29));
#8273 = DIRECTION('',(0.,-1.,4.440892098501E-16));
#8274 = DIRECTION('',(1.,0.,0.));
#8275 = ADVANCED_FACE('',(#8276),#8287,.F.);
#8276 = FACE_BOUND('',#8277,.F.);
#8277 = EDGE_LOOP('',(#8278,#8279,#8285,#8286));
#8278 = ORIENTED_EDGE('',*,*,#8057,.F.);
#8279 = ORIENTED_EDGE('',*,*,#8280,.T.);
#8280 = EDGE_CURVE('',#8058,#7743,#8281,.T.);
#8281 = LINE('',#8282,#8283);
#8282 = CARTESIAN_POINT('',(103.2,1.339373056908E-14,30.16));
#8283 = VECTOR('',#8284,1.);
#8284 = DIRECTION('',(0.,1.,-4.440892098501E-16));
#8285 = ORIENTED_EDGE('',*,*,#7742,.T.);
#8286 = ORIENTED_EDGE('',*,*,#8280,.F.);
#8287 = CYLINDRICAL_SURFACE('',#8288,3.2);
#8288 = AXIS2_PLACEMENT_3D('',#8289,#8290,#8291);
#8289 = CARTESIAN_POINT('',(100.,1.339373056908E-14,30.16));
#8290 = DIRECTION('',(0.,-1.,4.440892098501E-16));
#8291 = DIRECTION('',(1.,0.,0.));
#8292 = ADVANCED_FACE('',(#8293),#8299,.T.);
#8293 = FACE_BOUND('',#8294,.T.);
#8294 = EDGE_LOOP('',(#8295,#8296,#8297,#8298));
#8295 = ORIENTED_EDGE('',*,*,#7832,.T.);
#8296 = ORIENTED_EDGE('',*,*,#7846,.T.);
#8297 = ORIENTED_EDGE('',*,*,#7882,.F.);
#8298 = ORIENTED_EDGE('',*,*,#7788,.F.);
#8299 = PLANE('',#8300);
#8300 = AXIS2_PLACEMENT_3D('',#8301,#8302,#8303);
#8301 = CARTESIAN_POINT('',(-93.87453578387,1.35,35.355));
#8302 = DIRECTION('',(-1.,0.,0.));
#8303 = DIRECTION('',(0.,-3.330669073875E-16,-1.));
#8304 = ADVANCED_FACE('',(#8305),#8311,.T.);
#8305 = FACE_BOUND('',#8306,.T.);
#8306 = EDGE_LOOP('',(#8307,#8308,#8309,#8310));
#8307 = ORIENTED_EDGE('',*,*,#7942,.T.);
#8308 = ORIENTED_EDGE('',*,*,#7956,.T.);
#8309 = ORIENTED_EDGE('',*,*,#7992,.F.);
#8310 = ORIENTED_EDGE('',*,*,#7898,.F.);
#8311 = PLANE('',#8312);
#8312 = AXIS2_PLACEMENT_3D('',#8313,#8314,#8315);
#8313 = CARTESIAN_POINT('',(-93.87453578387,1.35,19.485));
#8314 = DIRECTION('',(-1.,0.,0.));
#8315 = DIRECTION('',(0.,-3.330669073875E-16,-1.));
#8316 = ADVANCED_FACE('',(#8317),#8323,.F.);
#8317 = FACE_BOUND('',#8318,.F.);
#8318 = EDGE_LOOP('',(#8319,#8320,#8321,#8322));
#8319 = ORIENTED_EDGE('',*,*,#8084,.T.);
#8320 = ORIENTED_EDGE('',*,*,#8040,.T.);
#8321 = ORIENTED_EDGE('',*,*,#8016,.F.);
#8322 = ORIENTED_EDGE('',*,*,#8099,.F.);
#8323 = PLANE('',#8324);
#8324 = AXIS2_PLACEMENT_3D('',#8325,#8326,#8327);
#8325 = CARTESIAN_POINT('',(93.874535783877,1.35,35.355));
#8326 = DIRECTION('',(-1.,0.,0.));
#8327 = DIRECTION('',(0.,-3.330669073875E-16,-1.));
#8328 = ADVANCED_FACE('',(#8329),#8335,.F.);
#8329 = FACE_BOUND('',#8330,.F.);
#8330 = EDGE_LOOP('',(#8331,#8332,#8333,#8334));
#8331 = ORIENTED_EDGE('',*,*,#8194,.T.);
#8332 = ORIENTED_EDGE('',*,*,#8150,.T.);
#8333 = ORIENTED_EDGE('',*,*,#8126,.F.);
#8334 = ORIENTED_EDGE('',*,*,#8209,.F.);
#8335 = PLANE('',#8336);
#8336 = AXIS2_PLACEMENT_3D('',#8337,#8338,#8339);
#8337 = CARTESIAN_POINT('',(93.874535783877,1.35,19.485));
#8338 = DIRECTION('',(-1.,0.,0.));
#8339 = DIRECTION('',(0.,-3.330669073875E-16,-1.));
#8340 = MANIFOLD_SOLID_BREP('',#8341);
#8341 = CLOSED_SHELL('',(#8342,#8382,#8421,#8509,#8548,#8572,#8596,#8613
    ,#8644,#8675,#8736,#8761,#8786,#8811,#8836,#8867,#8899,#8923,#8942,
    #8966,#8990,#9022,#9053,#9091,#9107));
#8342 = ADVANCED_FACE('',(#8343),#8377,.T.);
#8343 = FACE_BOUND('',#8344,.T.);
#8344 = EDGE_LOOP('',(#8345,#8355,#8363,#8371));
#8345 = ORIENTED_EDGE('',*,*,#8346,.T.);
#8346 = EDGE_CURVE('',#8347,#8349,#8351,.T.);
#8347 = VERTEX_POINT('',#8348);
#8348 = CARTESIAN_POINT('',(-98.8,8.,3.));
#8349 = VERTEX_POINT('',#8350);
#8350 = CARTESIAN_POINT('',(-98.8,98.8,3.));
#8351 = LINE('',#8352,#8353);
#8352 = CARTESIAN_POINT('',(-98.8,8.,3.));
#8353 = VECTOR('',#8354,1.);
#8354 = DIRECTION('',(0.,1.,-8.881784197001E-16));
#8355 = ORIENTED_EDGE('',*,*,#8356,.T.);
#8356 = EDGE_CURVE('',#8349,#8357,#8359,.T.);
#8357 = VERTEX_POINT('',#8358);
#8358 = CARTESIAN_POINT('',(-98.8,98.8,-8.171241461241E-14));
#8359 = LINE('',#8360,#8361);
#8360 = CARTESIAN_POINT('',(-98.8,98.8,3.));
#8361 = VECTOR('',#8362,1.);
#8362 = DIRECTION('',(0.,-8.881784197001E-16,-1.));
#8363 = ORIENTED_EDGE('',*,*,#8364,.F.);
#8364 = EDGE_CURVE('',#8365,#8357,#8367,.T.);
#8365 = VERTEX_POINT('',#8366);
#8366 = CARTESIAN_POINT('',(-98.8,8.,0.));
#8367 = LINE('',#8368,#8369);
#8368 = CARTESIAN_POINT('',(-98.8,8.,0.));
#8369 = VECTOR('',#8370,1.);
#8370 = DIRECTION('',(0.,1.,-8.881784197001E-16));
#8371 = ORIENTED_EDGE('',*,*,#8372,.F.);
#8372 = EDGE_CURVE('',#8347,#8365,#8373,.T.);
#8373 = LINE('',#8374,#8375);
#8374 = CARTESIAN_POINT('',(-98.8,8.,3.));
#8375 = VECTOR('',#8376,1.);
#8376 = DIRECTION('',(0.,-8.881784197001E-16,-1.));
#8377 = PLANE('',#8378);
#8378 = AXIS2_PLACEMENT_3D('',#8379,#8380,#8381);
#8379 = CARTESIAN_POINT('',(-98.8,8.,3.));
#8380 = DIRECTION('',(-1.,0.,0.));
#8381 = DIRECTION('',(0.,-8.881784197001E-16,-1.));
#8382 = ADVANCED_FACE('',(#8383),#8416,.T.);
#8383 = FACE_BOUND('',#8384,.T.);
#8384 = EDGE_LOOP('',(#8385,#8395,#8403,#8409,#8410));
#8385 = ORIENTED_EDGE('',*,*,#8386,.T.);
#8386 = EDGE_CURVE('',#8387,#8389,#8391,.T.);
#8387 = VERTEX_POINT('',#8388);
#8388 = CARTESIAN_POINT('',(-106.8,8.,3.));
#8389 = VERTEX_POINT('',#8390);
#8390 = CARTESIAN_POINT('',(-106.8,136.4,3.));
#8391 = LINE('',#8392,#8393);
#8392 = CARTESIAN_POINT('',(-106.8,8.,3.));
#8393 = VECTOR('',#8394,1.);
#8394 = DIRECTION('',(0.,1.,-8.881784197001E-16));
#8395 = ORIENTED_EDGE('',*,*,#8396,.F.);
#8396 = EDGE_CURVE('',#8397,#8389,#8399,.T.);
#8397 = VERTEX_POINT('',#8398);
#8398 = CARTESIAN_POINT('',(-98.8,136.4,3.));
#8399 = LINE('',#8400,#8401);
#8400 = CARTESIAN_POINT('',(-98.8,136.4,3.));
#8401 = VECTOR('',#8402,1.);
#8402 = DIRECTION('',(-1.,0.,0.));
#8403 = ORIENTED_EDGE('',*,*,#8404,.F.);
#8404 = EDGE_CURVE('',#8349,#8397,#8405,.T.);
#8405 = LINE('',#8406,#8407);
#8406 = CARTESIAN_POINT('',(-98.8,98.8,3.));
#8407 = VECTOR('',#8408,1.);
#8408 = DIRECTION('',(0.,1.,-7.771561172376E-16));
#8409 = ORIENTED_EDGE('',*,*,#8346,.F.);
#8410 = ORIENTED_EDGE('',*,*,#8411,.F.);
#8411 = EDGE_CURVE('',#8387,#8347,#8412,.T.);
#8412 = LINE('',#8413,#8414);
#8413 = CARTESIAN_POINT('',(-106.8,8.,3.));
#8414 = VECTOR('',#8415,1.);
#8415 = DIRECTION('',(1.,0.,0.));
#8416 = PLANE('',#8417);
#8417 = AXIS2_PLACEMENT_3D('',#8418,#8419,#8420);
#8418 = CARTESIAN_POINT('',(-102.8,72.2,3.));
#8419 = DIRECTION('',(-0.,-6.661338147751E-16,-1.));
#8420 = DIRECTION('',(0.,1.,-6.661338147751E-16));
#8421 = ADVANCED_FACE('',(#8422),#8504,.T.);
#8422 = FACE_BOUND('',#8423,.T.);
#8423 = EDGE_LOOP('',(#8424,#8425,#8426,#8434,#8442,#8450,#8458,#8466,
    #8474,#8482,#8490,#8498));
#8424 = ORIENTED_EDGE('',*,*,#8411,.T.);
#8425 = ORIENTED_EDGE('',*,*,#8372,.T.);
#8426 = ORIENTED_EDGE('',*,*,#8427,.T.);
#8427 = EDGE_CURVE('',#8365,#8428,#8430,.T.);
#8428 = VERTEX_POINT('',#8429);
#8429 = CARTESIAN_POINT('',(29.7,8.,0.));
#8430 = LINE('',#8431,#8432);
#8431 = CARTESIAN_POINT('',(-98.8,8.,0.));
#8432 = VECTOR('',#8433,1.);
#8433 = DIRECTION('',(1.,0.,0.));
#8434 = ORIENTED_EDGE('',*,*,#8435,.T.);
#8435 = EDGE_CURVE('',#8428,#8436,#8438,.T.);
#8436 = VERTEX_POINT('',#8437);
#8437 = CARTESIAN_POINT('',(29.7,8.,3.));
#8438 = LINE('',#8439,#8440);
#8439 = CARTESIAN_POINT('',(29.7,8.,0.));
#8440 = VECTOR('',#8441,1.);
#8441 = DIRECTION('',(-1.184237892934E-15,8.881784197001E-16,1.));
#8442 = ORIENTED_EDGE('',*,*,#8443,.T.);
#8443 = EDGE_CURVE('',#8436,#8444,#8446,.T.);
#8444 = VERTEX_POINT('',#8445);
#8445 = CARTESIAN_POINT('',(-30.,8.,3.));
#8446 = LINE('',#8447,#8448);
#8447 = CARTESIAN_POINT('',(29.7,8.,3.));
#8448 = VECTOR('',#8449,1.);
#8449 = DIRECTION('',(-1.,0.,0.));
#8450 = ORIENTED_EDGE('',*,*,#8451,.T.);
#8451 = EDGE_CURVE('',#8444,#8452,#8454,.T.);
#8452 = VERTEX_POINT('',#8453);
#8453 = CARTESIAN_POINT('',(-30.,8.,11.625));
#8454 = LINE('',#8455,#8456);
#8455 = CARTESIAN_POINT('',(-30.,8.,3.));
#8456 = VECTOR('',#8457,1.);
#8457 = DIRECTION('',(1.184237892934E-15,8.881784197001E-16,1.));
#8458 = ORIENTED_EDGE('',*,*,#8459,.F.);
#8459 = EDGE_CURVE('',#8460,#8452,#8462,.T.);
#8460 = VERTEX_POINT('',#8461);
#8461 = CARTESIAN_POINT('',(-59.15,8.,11.625));
#8462 = LINE('',#8463,#8464);
#8463 = CARTESIAN_POINT('',(-59.15,8.,11.625));
#8464 = VECTOR('',#8465,1.);
#8465 = DIRECTION('',(1.,0.,0.));
#8466 = ORIENTED_EDGE('',*,*,#8467,.T.);
#8467 = EDGE_CURVE('',#8460,#8468,#8470,.T.);
#8468 = VERTEX_POINT('',#8469);
#8469 = CARTESIAN_POINT('',(-59.15,8.,19.625));
#8470 = LINE('',#8471,#8472);
#8471 = CARTESIAN_POINT('',(-59.15,8.,6.));
#8472 = VECTOR('',#8473,1.);
#8473 = DIRECTION('',(0.,2.22044604925E-16,1.));
#8474 = ORIENTED_EDGE('',*,*,#8475,.F.);
#8475 = EDGE_CURVE('',#8476,#8468,#8478,.T.);
#8476 = VERTEX_POINT('',#8477);
#8477 = CARTESIAN_POINT('',(-63.15,8.,19.625));
#8478 = LINE('',#8479,#8480);
#8479 = CARTESIAN_POINT('',(-63.15,8.,19.625));
#8480 = VECTOR('',#8481,1.);
#8481 = DIRECTION('',(1.,0.,0.));
#8482 = ORIENTED_EDGE('',*,*,#8483,.F.);
#8483 = EDGE_CURVE('',#8484,#8476,#8486,.T.);
#8484 = VERTEX_POINT('',#8485);
#8485 = CARTESIAN_POINT('',(-63.15,8.,6.));
#8486 = LINE('',#8487,#8488);
#8487 = CARTESIAN_POINT('',(-63.15,8.,6.));
#8488 = VECTOR('',#8489,1.);
#8489 = DIRECTION('',(0.,2.22044604925E-16,1.));
#8490 = ORIENTED_EDGE('',*,*,#8491,.T.);
#8491 = EDGE_CURVE('',#8484,#8492,#8494,.T.);
#8492 = VERTEX_POINT('',#8493);
#8493 = CARTESIAN_POINT('',(-106.8,8.,6.));
#8494 = LINE('',#8495,#8496);
#8495 = CARTESIAN_POINT('',(-30.,8.,6.));
#8496 = VECTOR('',#8497,1.);
#8497 = DIRECTION('',(-1.,0.,0.));
#8498 = ORIENTED_EDGE('',*,*,#8499,.T.);
#8499 = EDGE_CURVE('',#8492,#8387,#8500,.T.);
#8500 = LINE('',#8501,#8502);
#8501 = CARTESIAN_POINT('',(-106.8,8.,6.));
#8502 = VECTOR('',#8503,1.);
#8503 = DIRECTION('',(0.,-8.881784197001E-16,-1.));
#8504 = PLANE('',#8505);
#8505 = AXIS2_PLACEMENT_3D('',#8506,#8507,#8508);
#8506 = CARTESIAN_POINT('',(-40.49389511609,8.,4.059277421938));
#8507 = DIRECTION('',(0.,-1.,3.330669073875E-16));
#8508 = DIRECTION('',(1.,0.,0.));
#8509 = ADVANCED_FACE('',(#8510),#8543,.T.);
#8510 = FACE_BOUND('',#8511,.T.);
#8511 = EDGE_LOOP('',(#8512,#8513,#8521,#8529,#8537));
#8512 = ORIENTED_EDGE('',*,*,#8356,.F.);
#8513 = ORIENTED_EDGE('',*,*,#8514,.F.);
#8514 = EDGE_CURVE('',#8515,#8349,#8517,.T.);
#8515 = VERTEX_POINT('',#8516);
#8516 = CARTESIAN_POINT('',(-98.8,98.8,6.));
#8517 = LINE('',#8518,#8519);
#8518 = CARTESIAN_POINT('',(-98.8,98.8,6.));
#8519 = VECTOR('',#8520,1.);
#8520 = DIRECTION('',(0.,-7.771561172376E-16,-1.));
#8521 = ORIENTED_EDGE('',*,*,#8522,.F.);
#8522 = EDGE_CURVE('',#8523,#8515,#8525,.T.);
#8523 = VERTEX_POINT('',#8524);
#8524 = CARTESIAN_POINT('',(-63.15,98.8,6.));
#8525 = LINE('',#8526,#8527);
#8526 = CARTESIAN_POINT('',(-30.,98.8,6.));
#8527 = VECTOR('',#8528,1.);
#8528 = DIRECTION('',(-1.,0.,0.));
#8529 = ORIENTED_EDGE('',*,*,#8530,.T.);
#8530 = EDGE_CURVE('',#8523,#8531,#8533,.T.);
#8531 = VERTEX_POINT('',#8532);
#8532 = CARTESIAN_POINT('',(-63.15,98.8,-1.06581410364E-14));
#8533 = LINE('',#8534,#8535);
#8534 = CARTESIAN_POINT('',(-63.15,98.8,14.625));
#8535 = VECTOR('',#8536,1.);
#8536 = DIRECTION('',(0.,-3.330669073875E-16,-1.));
#8537 = ORIENTED_EDGE('',*,*,#8538,.F.);
#8538 = EDGE_CURVE('',#8357,#8531,#8539,.T.);
#8539 = LINE('',#8540,#8541);
#8540 = CARTESIAN_POINT('',(-98.8,98.8,-8.526512829121E-14));
#8541 = VECTOR('',#8542,1.);
#8542 = DIRECTION('',(1.,0.,0.));
#8543 = PLANE('',#8544);
#8544 = AXIS2_PLACEMENT_3D('',#8545,#8546,#8547);
#8545 = CARTESIAN_POINT('',(-37.04782700421,98.8,4.035474683544));
#8546 = DIRECTION('',(0.,1.,-3.330669073875E-16));
#8547 = DIRECTION('',(-1.,0.,0.));
#8548 = ADVANCED_FACE('',(#8549),#8567,.T.);
#8549 = FACE_BOUND('',#8550,.T.);
#8550 = EDGE_LOOP('',(#8551,#8559,#8565,#8566));
#8551 = ORIENTED_EDGE('',*,*,#8552,.T.);
#8552 = EDGE_CURVE('',#8492,#8553,#8555,.T.);
#8553 = VERTEX_POINT('',#8554);
#8554 = CARTESIAN_POINT('',(-106.8,136.4,6.));
#8555 = LINE('',#8556,#8557);
#8556 = CARTESIAN_POINT('',(-106.8,8.,6.));
#8557 = VECTOR('',#8558,1.);
#8558 = DIRECTION('',(0.,1.,-8.881784197001E-16));
#8559 = ORIENTED_EDGE('',*,*,#8560,.F.);
#8560 = EDGE_CURVE('',#8389,#8553,#8561,.T.);
#8561 = LINE('',#8562,#8563);
#8562 = CARTESIAN_POINT('',(-106.8,136.4,3.));
#8563 = VECTOR('',#8564,1.);
#8564 = DIRECTION('',(0.,7.771561172376E-16,1.));
#8565 = ORIENTED_EDGE('',*,*,#8386,.F.);
#8566 = ORIENTED_EDGE('',*,*,#8499,.F.);
#8567 = PLANE('',#8568);
#8568 = AXIS2_PLACEMENT_3D('',#8569,#8570,#8571);
#8569 = CARTESIAN_POINT('',(-106.8,72.2,4.5));
#8570 = DIRECTION('',(-1.,0.,-0.));
#8571 = DIRECTION('',(0.,1.,-6.661338147751E-16));
#8572 = ADVANCED_FACE('',(#8573),#8591,.T.);
#8573 = FACE_BOUND('',#8574,.T.);
#8574 = EDGE_LOOP('',(#8575,#8576,#8577,#8585));
#8575 = ORIENTED_EDGE('',*,*,#8396,.T.);
#8576 = ORIENTED_EDGE('',*,*,#8560,.T.);
#8577 = ORIENTED_EDGE('',*,*,#8578,.T.);
#8578 = EDGE_CURVE('',#8553,#8579,#8581,.T.);
#8579 = VERTEX_POINT('',#8580);
#8580 = CARTESIAN_POINT('',(-98.8,136.4,6.));
#8581 = LINE('',#8582,#8583);
#8582 = CARTESIAN_POINT('',(-106.8,136.4,6.));
#8583 = VECTOR('',#8584,1.);
#8584 = DIRECTION('',(1.,0.,0.));
#8585 = ORIENTED_EDGE('',*,*,#8586,.T.);
#8586 = EDGE_CURVE('',#8579,#8397,#8587,.T.);
#8587 = LINE('',#8588,#8589);
#8588 = CARTESIAN_POINT('',(-98.8,136.4,6.));
#8589 = VECTOR('',#8590,1.);
#8590 = DIRECTION('',(0.,-7.771561172376E-16,-1.));
#8591 = PLANE('',#8592);
#8592 = AXIS2_PLACEMENT_3D('',#8593,#8594,#8595);
#8593 = CARTESIAN_POINT('',(-102.8,136.4,4.5));
#8594 = DIRECTION('',(0.,1.,-5.551115123126E-16));
#8595 = DIRECTION('',(0.,5.551115123126E-16,1.));
#8596 = ADVANCED_FACE('',(#8597),#8608,.F.);
#8597 = FACE_BOUND('',#8598,.F.);
#8598 = EDGE_LOOP('',(#8599,#8605,#8606,#8607));
#8599 = ORIENTED_EDGE('',*,*,#8600,.T.);
#8600 = EDGE_CURVE('',#8515,#8579,#8601,.T.);
#8601 = LINE('',#8602,#8603);
#8602 = CARTESIAN_POINT('',(-98.8,98.8,6.));
#8603 = VECTOR('',#8604,1.);
#8604 = DIRECTION('',(0.,1.,-7.771561172376E-16));
#8605 = ORIENTED_EDGE('',*,*,#8586,.T.);
#8606 = ORIENTED_EDGE('',*,*,#8404,.F.);
#8607 = ORIENTED_EDGE('',*,*,#8514,.F.);
#8608 = PLANE('',#8609);
#8609 = AXIS2_PLACEMENT_3D('',#8610,#8611,#8612);
#8610 = CARTESIAN_POINT('',(-98.8,98.8,6.));
#8611 = DIRECTION('',(-1.,0.,0.));
#8612 = DIRECTION('',(0.,-7.771561172376E-16,-1.));
#8613 = ADVANCED_FACE('',(#8614),#8639,.T.);
#8614 = FACE_BOUND('',#8615,.T.);
#8615 = EDGE_LOOP('',(#8616,#8624,#8632,#8638));
#8616 = ORIENTED_EDGE('',*,*,#8617,.T.);
#8617 = EDGE_CURVE('',#8428,#8618,#8620,.T.);
#8618 = VERTEX_POINT('',#8619);
#8619 = CARTESIAN_POINT('',(29.7,98.8,-8.171241461241E-14));
#8620 = LINE('',#8621,#8622);
#8621 = CARTESIAN_POINT('',(29.7,8.,0.));
#8622 = VECTOR('',#8623,1.);
#8623 = DIRECTION('',(0.,1.,-8.881784197001E-16));
#8624 = ORIENTED_EDGE('',*,*,#8625,.T.);
#8625 = EDGE_CURVE('',#8618,#8626,#8628,.T.);
#8626 = VERTEX_POINT('',#8627);
#8627 = CARTESIAN_POINT('',(29.7,98.8,3.));
#8628 = LINE('',#8629,#8630);
#8629 = CARTESIAN_POINT('',(29.7,98.8,-8.526512829121E-14));
#8630 = VECTOR('',#8631,1.);
#8631 = DIRECTION('',(-1.184237892934E-15,8.881784197001E-16,1.));
#8632 = ORIENTED_EDGE('',*,*,#8633,.F.);
#8633 = EDGE_CURVE('',#8436,#8626,#8634,.T.);
#8634 = LINE('',#8635,#8636);
#8635 = CARTESIAN_POINT('',(29.7,8.,3.));
#8636 = VECTOR('',#8637,1.);
#8637 = DIRECTION('',(0.,1.,-8.881784197001E-16));
#8638 = ORIENTED_EDGE('',*,*,#8435,.F.);
#8639 = PLANE('',#8640);
#8640 = AXIS2_PLACEMENT_3D('',#8641,#8642,#8643);
#8641 = CARTESIAN_POINT('',(29.7,8.,0.));
#8642 = DIRECTION('',(1.,1.051814540295E-30,1.184237892934E-15));
#8643 = DIRECTION('',(-1.184237892934E-15,8.881784197001E-16,1.));
#8644 = ADVANCED_FACE('',(#8645),#8670,.T.);
#8645 = FACE_BOUND('',#8646,.T.);
#8646 = EDGE_LOOP('',(#8647,#8655,#8663,#8669));
#8647 = ORIENTED_EDGE('',*,*,#8648,.F.);
#8648 = EDGE_CURVE('',#8649,#8618,#8651,.T.);
#8649 = VERTEX_POINT('',#8650);
#8650 = CARTESIAN_POINT('',(-30.,98.8,-1.06581410364E-14));
#8651 = LINE('',#8652,#8653);
#8652 = CARTESIAN_POINT('',(-98.8,98.8,-8.526512829121E-14));
#8653 = VECTOR('',#8654,1.);
#8654 = DIRECTION('',(1.,0.,0.));
#8655 = ORIENTED_EDGE('',*,*,#8656,.T.);
#8656 = EDGE_CURVE('',#8649,#8657,#8659,.T.);
#8657 = VERTEX_POINT('',#8658);
#8658 = CARTESIAN_POINT('',(-30.,98.8,3.));
#8659 = LINE('',#8660,#8661);
#8660 = CARTESIAN_POINT('',(-30.,98.8,-1.42108547152E-14));
#8661 = VECTOR('',#8662,1.);
#8662 = DIRECTION('',(0.,3.330669073875E-16,1.));
#8663 = ORIENTED_EDGE('',*,*,#8664,.F.);
#8664 = EDGE_CURVE('',#8626,#8657,#8665,.T.);
#8665 = LINE('',#8666,#8667);
#8666 = CARTESIAN_POINT('',(29.7,98.8,3.));
#8667 = VECTOR('',#8668,1.);
#8668 = DIRECTION('',(-1.,0.,0.));
#8669 = ORIENTED_EDGE('',*,*,#8625,.F.);
#8670 = PLANE('',#8671);
#8671 = AXIS2_PLACEMENT_3D('',#8672,#8673,#8674);
#8672 = CARTESIAN_POINT('',(-37.04782700421,98.8,4.035474683544));
#8673 = DIRECTION('',(0.,1.,-3.330669073875E-16));
#8674 = DIRECTION('',(-1.,0.,0.));
#8675 = ADVANCED_FACE('',(#8676,#8687,#8698,#8709,#8720),#8731,.T.);
#8676 = FACE_BOUND('',#8677,.T.);
#8677 = EDGE_LOOP('',(#8678,#8679,#8680,#8686));
#8678 = ORIENTED_EDGE('',*,*,#8633,.T.);
#8679 = ORIENTED_EDGE('',*,*,#8664,.T.);
#8680 = ORIENTED_EDGE('',*,*,#8681,.F.);
#8681 = EDGE_CURVE('',#8444,#8657,#8682,.T.);
#8682 = LINE('',#8683,#8684);
#8683 = CARTESIAN_POINT('',(-30.,8.,3.));
#8684 = VECTOR('',#8685,1.);
#8685 = DIRECTION('',(0.,1.,-8.881784197001E-16));
#8686 = ORIENTED_EDGE('',*,*,#8443,.F.);
#8687 = FACE_BOUND('',#8688,.T.);
#8688 = EDGE_LOOP('',(#8689));
#8689 = ORIENTED_EDGE('',*,*,#8690,.F.);
#8690 = EDGE_CURVE('',#8691,#8691,#8693,.T.);
#8691 = VERTEX_POINT('',#8692);
#8692 = CARTESIAN_POINT('',(24.75,85.,3.));
#8693 = CIRCLE('',#8694,2.75);
#8694 = AXIS2_PLACEMENT_3D('',#8695,#8696,#8697);
#8695 = CARTESIAN_POINT('',(22.,85.,3.));
#8696 = DIRECTION('',(-0.,4.440892098501E-16,1.));
#8697 = DIRECTION('',(1.,0.,0.));
#8698 = FACE_BOUND('',#8699,.T.);
#8699 = EDGE_LOOP('',(#8700));
#8700 = ORIENTED_EDGE('',*,*,#8701,.F.);
#8701 = EDGE_CURVE('',#8702,#8702,#8704,.T.);
#8702 = VERTEX_POINT('',#8703);
#8703 = CARTESIAN_POINT('',(-19.25,85.,3.));
#8704 = CIRCLE('',#8705,2.75);
#8705 = AXIS2_PLACEMENT_3D('',#8706,#8707,#8708);
#8706 = CARTESIAN_POINT('',(-22.,85.,3.));
#8707 = DIRECTION('',(-0.,4.440892098501E-16,1.));
#8708 = DIRECTION('',(1.,0.,0.));
#8709 = FACE_BOUND('',#8710,.T.);
#8710 = EDGE_LOOP('',(#8711));
#8711 = ORIENTED_EDGE('',*,*,#8712,.F.);
#8712 = EDGE_CURVE('',#8713,#8713,#8715,.T.);
#8713 = VERTEX_POINT('',#8714);
#8714 = CARTESIAN_POINT('',(24.75,20.,3.));
#8715 = CIRCLE('',#8716,2.75);
#8716 = AXIS2_PLACEMENT_3D('',#8717,#8718,#8719);
#8717 = CARTESIAN_POINT('',(22.,20.,3.));
#8718 = DIRECTION('',(-0.,4.440892098501E-16,1.));
#8719 = DIRECTION('',(1.,0.,0.));
#8720 = FACE_BOUND('',#8721,.T.);
#8721 = EDGE_LOOP('',(#8722));
#8722 = ORIENTED_EDGE('',*,*,#8723,.F.);
#8723 = EDGE_CURVE('',#8724,#8724,#8726,.T.);
#8724 = VERTEX_POINT('',#8725);
#8725 = CARTESIAN_POINT('',(-19.25,20.,3.));
#8726 = CIRCLE('',#8727,2.75);
#8727 = AXIS2_PLACEMENT_3D('',#8728,#8729,#8730);
#8728 = CARTESIAN_POINT('',(-22.,20.,3.));
#8729 = DIRECTION('',(-0.,4.440892098501E-16,1.));
#8730 = DIRECTION('',(1.,0.,0.));
#8731 = PLANE('',#8732);
#8732 = AXIS2_PLACEMENT_3D('',#8733,#8734,#8735);
#8733 = CARTESIAN_POINT('',(29.7,8.,3.));
#8734 = DIRECTION('',(0.,8.881784197001E-16,1.));
#8735 = DIRECTION('',(-1.,0.,0.));
#8736 = ADVANCED_FACE('',(#8737),#8756,.F.);
#8737 = FACE_BOUND('',#8738,.F.);
#8738 = EDGE_LOOP('',(#8739,#8747,#8754,#8755));
#8739 = ORIENTED_EDGE('',*,*,#8740,.T.);
#8740 = EDGE_CURVE('',#8691,#8741,#8743,.T.);
#8741 = VERTEX_POINT('',#8742);
#8742 = CARTESIAN_POINT('',(24.75,85.,-3.37507799486E-14));
#8743 = LINE('',#8744,#8745);
#8744 = CARTESIAN_POINT('',(24.75,85.,3.));
#8745 = VECTOR('',#8746,1.);
#8746 = DIRECTION('',(-0.,-4.440892098501E-16,-1.));
#8747 = ORIENTED_EDGE('',*,*,#8748,.T.);
#8748 = EDGE_CURVE('',#8741,#8741,#8749,.T.);
#8749 = CIRCLE('',#8750,2.75);
#8750 = AXIS2_PLACEMENT_3D('',#8751,#8752,#8753);
#8751 = CARTESIAN_POINT('',(22.,85.,-3.641531520771E-14));
#8752 = DIRECTION('',(-0.,4.440892098501E-16,1.));
#8753 = DIRECTION('',(1.,0.,0.));
#8754 = ORIENTED_EDGE('',*,*,#8740,.F.);
#8755 = ORIENTED_EDGE('',*,*,#8690,.F.);
#8756 = CYLINDRICAL_SURFACE('',#8757,2.75);
#8757 = AXIS2_PLACEMENT_3D('',#8758,#8759,#8760);
#8758 = CARTESIAN_POINT('',(22.,85.,3.));
#8759 = DIRECTION('',(0.,4.440892098501E-16,1.));
#8760 = DIRECTION('',(1.,0.,0.));
#8761 = ADVANCED_FACE('',(#8762),#8781,.F.);
#8762 = FACE_BOUND('',#8763,.F.);
#8763 = EDGE_LOOP('',(#8764,#8772,#8779,#8780));
#8764 = ORIENTED_EDGE('',*,*,#8765,.T.);
#8765 = EDGE_CURVE('',#8702,#8766,#8768,.T.);
#8766 = VERTEX_POINT('',#8767);
#8767 = CARTESIAN_POINT('',(-19.25,85.,-3.37507799486E-14));
#8768 = LINE('',#8769,#8770);
#8769 = CARTESIAN_POINT('',(-19.25,85.,3.));
#8770 = VECTOR('',#8771,1.);
#8771 = DIRECTION('',(-0.,-4.440892098501E-16,-1.));
#8772 = ORIENTED_EDGE('',*,*,#8773,.T.);
#8773 = EDGE_CURVE('',#8766,#8766,#8774,.T.);
#8774 = CIRCLE('',#8775,2.75);
#8775 = AXIS2_PLACEMENT_3D('',#8776,#8777,#8778);
#8776 = CARTESIAN_POINT('',(-22.,85.,-3.641531520771E-14));
#8777 = DIRECTION('',(-0.,4.440892098501E-16,1.));
#8778 = DIRECTION('',(1.,0.,0.));
#8779 = ORIENTED_EDGE('',*,*,#8765,.F.);
#8780 = ORIENTED_EDGE('',*,*,#8701,.F.);
#8781 = CYLINDRICAL_SURFACE('',#8782,2.75);
#8782 = AXIS2_PLACEMENT_3D('',#8783,#8784,#8785);
#8783 = CARTESIAN_POINT('',(-22.,85.,3.));
#8784 = DIRECTION('',(0.,4.440892098501E-16,1.));
#8785 = DIRECTION('',(1.,0.,0.));
#8786 = ADVANCED_FACE('',(#8787),#8806,.F.);
#8787 = FACE_BOUND('',#8788,.F.);
#8788 = EDGE_LOOP('',(#8789,#8797,#8804,#8805));
#8789 = ORIENTED_EDGE('',*,*,#8790,.T.);
#8790 = EDGE_CURVE('',#8713,#8791,#8793,.T.);
#8791 = VERTEX_POINT('',#8792);
#8792 = CARTESIAN_POINT('',(24.75,20.,-7.105427357601E-15));
#8793 = LINE('',#8794,#8795);
#8794 = CARTESIAN_POINT('',(24.75,20.,3.));
#8795 = VECTOR('',#8796,1.);
#8796 = DIRECTION('',(-0.,-4.440892098501E-16,-1.));
#8797 = ORIENTED_EDGE('',*,*,#8798,.T.);
#8798 = EDGE_CURVE('',#8791,#8791,#8799,.T.);
#8799 = CIRCLE('',#8800,2.75);
#8800 = AXIS2_PLACEMENT_3D('',#8801,#8802,#8803);
#8801 = CARTESIAN_POINT('',(22.,20.,-4.440892098501E-15));
#8802 = DIRECTION('',(-0.,4.440892098501E-16,1.));
#8803 = DIRECTION('',(1.,0.,0.));
#8804 = ORIENTED_EDGE('',*,*,#8790,.F.);
#8805 = ORIENTED_EDGE('',*,*,#8712,.F.);
#8806 = CYLINDRICAL_SURFACE('',#8807,2.75);
#8807 = AXIS2_PLACEMENT_3D('',#8808,#8809,#8810);
#8808 = CARTESIAN_POINT('',(22.,20.,3.));
#8809 = DIRECTION('',(0.,4.440892098501E-16,1.));
#8810 = DIRECTION('',(1.,0.,0.));
#8811 = ADVANCED_FACE('',(#8812),#8831,.F.);
#8812 = FACE_BOUND('',#8813,.F.);
#8813 = EDGE_LOOP('',(#8814,#8822,#8829,#8830));
#8814 = ORIENTED_EDGE('',*,*,#8815,.T.);
#8815 = EDGE_CURVE('',#8724,#8816,#8818,.T.);
#8816 = VERTEX_POINT('',#8817);
#8817 = CARTESIAN_POINT('',(-19.25,20.,-7.105427357601E-15));
#8818 = LINE('',#8819,#8820);
#8819 = CARTESIAN_POINT('',(-19.25,20.,3.));
#8820 = VECTOR('',#8821,1.);
#8821 = DIRECTION('',(-0.,-4.440892098501E-16,-1.));
#8822 = ORIENTED_EDGE('',*,*,#8823,.T.);
#8823 = EDGE_CURVE('',#8816,#8816,#8824,.T.);
#8824 = CIRCLE('',#8825,2.75);
#8825 = AXIS2_PLACEMENT_3D('',#8826,#8827,#8828);
#8826 = CARTESIAN_POINT('',(-22.,20.,-4.440892098501E-15));
#8827 = DIRECTION('',(-0.,4.440892098501E-16,1.));
#8828 = DIRECTION('',(1.,0.,0.));
#8829 = ORIENTED_EDGE('',*,*,#8815,.F.);
#8830 = ORIENTED_EDGE('',*,*,#8723,.F.);
#8831 = CYLINDRICAL_SURFACE('',#8832,2.75);
#8832 = AXIS2_PLACEMENT_3D('',#8833,#8834,#8835);
#8833 = CARTESIAN_POINT('',(-22.,20.,3.));
#8834 = DIRECTION('',(0.,4.440892098501E-16,1.));
#8835 = DIRECTION('',(1.,0.,0.));
#8836 = ADVANCED_FACE('',(#8837),#8862,.T.);
#8837 = FACE_BOUND('',#8838,.T.);
#8838 = EDGE_LOOP('',(#8839,#8840,#8848,#8856));
#8839 = ORIENTED_EDGE('',*,*,#8459,.T.);
#8840 = ORIENTED_EDGE('',*,*,#8841,.T.);
#8841 = EDGE_CURVE('',#8452,#8842,#8844,.T.);
#8842 = VERTEX_POINT('',#8843);
#8843 = CARTESIAN_POINT('',(-30.,98.8,11.625));
#8844 = LINE('',#8845,#8846);
#8845 = CARTESIAN_POINT('',(-30.,8.,11.625));
#8846 = VECTOR('',#8847,1.);
#8847 = DIRECTION('',(0.,1.,-3.330669073875E-16));
#8848 = ORIENTED_EDGE('',*,*,#8849,.T.);
#8849 = EDGE_CURVE('',#8842,#8850,#8852,.T.);
#8850 = VERTEX_POINT('',#8851);
#8851 = CARTESIAN_POINT('',(-59.15,98.8,11.625));
#8852 = LINE('',#8853,#8854);
#8853 = CARTESIAN_POINT('',(-30.,98.8,11.625));
#8854 = VECTOR('',#8855,1.);
#8855 = DIRECTION('',(-1.,0.,-0.));
#8856 = ORIENTED_EDGE('',*,*,#8857,.T.);
#8857 = EDGE_CURVE('',#8850,#8460,#8858,.T.);
#8858 = LINE('',#8859,#8860);
#8859 = CARTESIAN_POINT('',(-59.15,98.8,11.625));
#8860 = VECTOR('',#8861,1.);
#8861 = DIRECTION('',(0.,-1.,3.330669073875E-16));
#8862 = PLANE('',#8863);
#8863 = AXIS2_PLACEMENT_3D('',#8864,#8865,#8866);
#8864 = CARTESIAN_POINT('',(-44.575,53.4,11.625));
#8865 = DIRECTION('',(0.,3.330669073875E-16,1.));
#8866 = DIRECTION('',(1.,0.,0.));
#8867 = ADVANCED_FACE('',(#8868),#8894,.F.);
#8868 = FACE_BOUND('',#8869,.F.);
#8869 = EDGE_LOOP('',(#8870,#8871,#8872,#8880,#8888));
#8870 = ORIENTED_EDGE('',*,*,#8857,.T.);
#8871 = ORIENTED_EDGE('',*,*,#8467,.T.);
#8872 = ORIENTED_EDGE('',*,*,#8873,.T.);
#8873 = EDGE_CURVE('',#8468,#8874,#8876,.T.);
#8874 = VERTEX_POINT('',#8875);
#8875 = CARTESIAN_POINT('',(-59.15,98.8,19.625));
#8876 = LINE('',#8877,#8878);
#8877 = CARTESIAN_POINT('',(-59.15,8.,19.625));
#8878 = VECTOR('',#8879,1.);
#8879 = DIRECTION('',(0.,1.,-2.22044604925E-16));
#8880 = ORIENTED_EDGE('',*,*,#8881,.F.);
#8881 = EDGE_CURVE('',#8882,#8874,#8884,.T.);
#8882 = VERTEX_POINT('',#8883);
#8883 = CARTESIAN_POINT('',(-59.15,98.8,14.625));
#8884 = LINE('',#8885,#8886);
#8885 = CARTESIAN_POINT('',(-59.15,98.8,6.));
#8886 = VECTOR('',#8887,1.);
#8887 = DIRECTION('',(0.,2.22044604925E-16,1.));
#8888 = ORIENTED_EDGE('',*,*,#8889,.F.);
#8889 = EDGE_CURVE('',#8850,#8882,#8890,.T.);
#8890 = LINE('',#8891,#8892);
#8891 = CARTESIAN_POINT('',(-59.15,98.8,6.));
#8892 = VECTOR('',#8893,1.);
#8893 = DIRECTION('',(0.,2.22044604925E-16,1.));
#8894 = PLANE('',#8895);
#8895 = AXIS2_PLACEMENT_3D('',#8896,#8897,#8898);
#8896 = CARTESIAN_POINT('',(-59.15,8.,6.));
#8897 = DIRECTION('',(-1.,0.,0.));
#8898 = DIRECTION('',(0.,1.,-2.22044604925E-16));
#8899 = ADVANCED_FACE('',(#8900),#8918,.T.);
#8900 = FACE_BOUND('',#8901,.T.);
#8901 = EDGE_LOOP('',(#8902,#8903,#8904,#8912));
#8902 = ORIENTED_EDGE('',*,*,#8475,.T.);
#8903 = ORIENTED_EDGE('',*,*,#8873,.T.);
#8904 = ORIENTED_EDGE('',*,*,#8905,.T.);
#8905 = EDGE_CURVE('',#8874,#8906,#8908,.T.);
#8906 = VERTEX_POINT('',#8907);
#8907 = CARTESIAN_POINT('',(-63.15,98.8,19.625));
#8908 = LINE('',#8909,#8910);
#8909 = CARTESIAN_POINT('',(-59.15,98.8,19.625));
#8910 = VECTOR('',#8911,1.);
#8911 = DIRECTION('',(-1.,0.,0.));
#8912 = ORIENTED_EDGE('',*,*,#8913,.T.);
#8913 = EDGE_CURVE('',#8906,#8476,#8914,.T.);
#8914 = LINE('',#8915,#8916);
#8915 = CARTESIAN_POINT('',(-63.15,98.8,19.625));
#8916 = VECTOR('',#8917,1.);
#8917 = DIRECTION('',(0.,-1.,2.22044604925E-16));
#8918 = PLANE('',#8919);
#8919 = AXIS2_PLACEMENT_3D('',#8920,#8921,#8922);
#8920 = CARTESIAN_POINT('',(-61.15,53.4,19.625));
#8921 = DIRECTION('',(0.,2.22044604925E-16,1.));
#8922 = DIRECTION('',(1.,0.,0.));
#8923 = ADVANCED_FACE('',(#8924),#8937,.T.);
#8924 = FACE_BOUND('',#8925,.T.);
#8925 = EDGE_LOOP('',(#8926,#8927,#8933,#8934,#8935,#8936));
#8926 = ORIENTED_EDGE('',*,*,#8491,.F.);
#8927 = ORIENTED_EDGE('',*,*,#8928,.F.);
#8928 = EDGE_CURVE('',#8523,#8484,#8929,.T.);
#8929 = LINE('',#8930,#8931);
#8930 = CARTESIAN_POINT('',(-63.15,98.8,6.));
#8931 = VECTOR('',#8932,1.);
#8932 = DIRECTION('',(0.,-1.,2.22044604925E-16));
#8933 = ORIENTED_EDGE('',*,*,#8522,.T.);
#8934 = ORIENTED_EDGE('',*,*,#8600,.T.);
#8935 = ORIENTED_EDGE('',*,*,#8578,.F.);
#8936 = ORIENTED_EDGE('',*,*,#8552,.F.);
#8937 = PLANE('',#8938);
#8938 = AXIS2_PLACEMENT_3D('',#8939,#8940,#8941);
#8939 = CARTESIAN_POINT('',(-74.70331384015,65.896686159844,6.));
#8940 = DIRECTION('',(0.,6.661338147751E-16,1.));
#8941 = DIRECTION('',(0.,-1.,6.661338147751E-16));
#8942 = ADVANCED_FACE('',(#8943),#8961,.F.);
#8943 = FACE_BOUND('',#8944,.F.);
#8944 = EDGE_LOOP('',(#8945,#8953,#8954,#8955));
#8945 = ORIENTED_EDGE('',*,*,#8946,.F.);
#8946 = EDGE_CURVE('',#8842,#8947,#8949,.T.);
#8947 = VERTEX_POINT('',#8948);
#8948 = CARTESIAN_POINT('',(-30.,98.8,14.625));
#8949 = LINE('',#8950,#8951);
#8950 = CARTESIAN_POINT('',(-30.,98.8,-1.42108547152E-14));
#8951 = VECTOR('',#8952,1.);
#8952 = DIRECTION('',(0.,3.330669073875E-16,1.));
#8953 = ORIENTED_EDGE('',*,*,#8849,.T.);
#8954 = ORIENTED_EDGE('',*,*,#8889,.T.);
#8955 = ORIENTED_EDGE('',*,*,#8956,.F.);
#8956 = EDGE_CURVE('',#8947,#8882,#8957,.T.);
#8957 = LINE('',#8958,#8959);
#8958 = CARTESIAN_POINT('',(-30.,98.8,14.625));
#8959 = VECTOR('',#8960,1.);
#8960 = DIRECTION('',(-1.,0.,0.));
#8961 = PLANE('',#8962);
#8962 = AXIS2_PLACEMENT_3D('',#8963,#8964,#8965);
#8963 = CARTESIAN_POINT('',(-46.575,98.8,7.3125));
#8964 = DIRECTION('',(0.,1.,-1.110223024625E-16));
#8965 = DIRECTION('',(0.,1.110223024625E-16,1.));
#8966 = ADVANCED_FACE('',(#8967),#8985,.T.);
#8967 = FACE_BOUND('',#8968,.T.);
#8968 = EDGE_LOOP('',(#8969,#8977,#8983,#8984));
#8969 = ORIENTED_EDGE('',*,*,#8970,.T.);
#8970 = EDGE_CURVE('',#8882,#8971,#8973,.T.);
#8971 = VERTEX_POINT('',#8972);
#8972 = CARTESIAN_POINT('',(-63.15,98.8,14.625));
#8973 = LINE('',#8974,#8975);
#8974 = CARTESIAN_POINT('',(-30.,98.8,14.625));
#8975 = VECTOR('',#8976,1.);
#8976 = DIRECTION('',(-1.,0.,0.));
#8977 = ORIENTED_EDGE('',*,*,#8978,.T.);
#8978 = EDGE_CURVE('',#8971,#8906,#8979,.T.);
#8979 = LINE('',#8980,#8981);
#8980 = CARTESIAN_POINT('',(-63.15,98.8,6.));
#8981 = VECTOR('',#8982,1.);
#8982 = DIRECTION('',(0.,2.22044604925E-16,1.));
#8983 = ORIENTED_EDGE('',*,*,#8905,.F.);
#8984 = ORIENTED_EDGE('',*,*,#8881,.F.);
#8985 = PLANE('',#8986);
#8986 = AXIS2_PLACEMENT_3D('',#8987,#8988,#8989);
#8987 = CARTESIAN_POINT('',(-37.04782700421,98.8,4.035474683544));
#8988 = DIRECTION('',(0.,1.,-3.330669073875E-16));
#8989 = DIRECTION('',(-1.,0.,0.));
#8990 = ADVANCED_FACE('',(#8991),#9017,.T.);
#8991 = FACE_BOUND('',#8992,.T.);
#8992 = EDGE_LOOP('',(#8993,#9001,#9009,#9015,#9016));
#8993 = ORIENTED_EDGE('',*,*,#8994,.T.);
#8994 = EDGE_CURVE('',#8947,#8995,#8997,.T.);
#8995 = VERTEX_POINT('',#8996);
#8996 = CARTESIAN_POINT('',(-30.,101.8,14.625));
#8997 = LINE('',#8998,#8999);
#8998 = CARTESIAN_POINT('',(-30.,98.8,14.625));
#8999 = VECTOR('',#9000,1.);
#9000 = DIRECTION('',(0.,1.,-3.330669073875E-16));
#9001 = ORIENTED_EDGE('',*,*,#9002,.T.);
#9002 = EDGE_CURVE('',#8995,#9003,#9005,.T.);
#9003 = VERTEX_POINT('',#9004);
#9004 = CARTESIAN_POINT('',(-63.15,101.8,14.625));
#9005 = LINE('',#9006,#9007);
#9006 = CARTESIAN_POINT('',(-30.,101.8,14.625));
#9007 = VECTOR('',#9008,1.);
#9008 = DIRECTION('',(-1.,0.,0.));
#9009 = ORIENTED_EDGE('',*,*,#9010,.F.);
#9010 = EDGE_CURVE('',#8971,#9003,#9011,.T.);
#9011 = LINE('',#9012,#9013);
#9012 = CARTESIAN_POINT('',(-63.15,98.8,14.625));
#9013 = VECTOR('',#9014,1.);
#9014 = DIRECTION('',(0.,1.,-3.330669073875E-16));
#9015 = ORIENTED_EDGE('',*,*,#8970,.F.);
#9016 = ORIENTED_EDGE('',*,*,#8956,.F.);
#9017 = PLANE('',#9018);
#9018 = AXIS2_PLACEMENT_3D('',#9019,#9020,#9021);
#9019 = CARTESIAN_POINT('',(-30.,98.8,14.625));
#9020 = DIRECTION('',(0.,3.330669073875E-16,1.));
#9021 = DIRECTION('',(-1.,0.,0.));
#9022 = ADVANCED_FACE('',(#9023),#9048,.T.);
#9023 = FACE_BOUND('',#9024,.F.);
#9024 = EDGE_LOOP('',(#9025,#9035,#9041,#9042));
#9025 = ORIENTED_EDGE('',*,*,#9026,.T.);
#9026 = EDGE_CURVE('',#9027,#9029,#9031,.T.);
#9027 = VERTEX_POINT('',#9028);
#9028 = CARTESIAN_POINT('',(-63.15,101.8,-1.06581410364E-14));
#9029 = VERTEX_POINT('',#9030);
#9030 = CARTESIAN_POINT('',(-30.,101.8,-1.06581410364E-14));
#9031 = LINE('',#9032,#9033);
#9032 = CARTESIAN_POINT('',(-63.15,101.8,-1.42108547152E-14));
#9033 = VECTOR('',#9034,1.);
#9034 = DIRECTION('',(1.,0.,0.));
#9035 = ORIENTED_EDGE('',*,*,#9036,.T.);
#9036 = EDGE_CURVE('',#9029,#8995,#9037,.T.);
#9037 = LINE('',#9038,#9039);
#9038 = CARTESIAN_POINT('',(-30.,101.8,-1.42108547152E-14));
#9039 = VECTOR('',#9040,1.);
#9040 = DIRECTION('',(0.,3.330669073875E-16,1.));
#9041 = ORIENTED_EDGE('',*,*,#9002,.T.);
#9042 = ORIENTED_EDGE('',*,*,#9043,.T.);
#9043 = EDGE_CURVE('',#9003,#9027,#9044,.T.);
#9044 = LINE('',#9045,#9046);
#9045 = CARTESIAN_POINT('',(-63.15,101.8,14.625));
#9046 = VECTOR('',#9047,1.);
#9047 = DIRECTION('',(0.,-3.330669073875E-16,-1.));
#9048 = PLANE('',#9049);
#9049 = AXIS2_PLACEMENT_3D('',#9050,#9051,#9052);
#9050 = CARTESIAN_POINT('',(-46.575,101.8,7.3125));
#9051 = DIRECTION('',(0.,1.,-1.110223024625E-16));
#9052 = DIRECTION('',(0.,1.110223024625E-16,1.));
#9053 = ADVANCED_FACE('',(#9054,#9074,#9077,#9080,#9083),#9086,.T.);
#9054 = FACE_BOUND('',#9055,.T.);
#9055 = EDGE_LOOP('',(#9056,#9057,#9058,#9064,#9065,#9071,#9072,#9073));
#9056 = ORIENTED_EDGE('',*,*,#8364,.T.);
#9057 = ORIENTED_EDGE('',*,*,#8538,.T.);
#9058 = ORIENTED_EDGE('',*,*,#9059,.T.);
#9059 = EDGE_CURVE('',#8531,#9027,#9060,.T.);
#9060 = LINE('',#9061,#9062);
#9061 = CARTESIAN_POINT('',(-63.15,98.8,-1.00808250636E-14));
#9062 = VECTOR('',#9063,1.);
#9063 = DIRECTION('',(0.,1.,-3.330669073875E-16));
#9064 = ORIENTED_EDGE('',*,*,#9026,.T.);
#9065 = ORIENTED_EDGE('',*,*,#9066,.F.);
#9066 = EDGE_CURVE('',#8649,#9029,#9067,.T.);
#9067 = LINE('',#9068,#9069);
#9068 = CARTESIAN_POINT('',(-30.,98.8,-1.00808250636E-14));
#9069 = VECTOR('',#9070,1.);
#9070 = DIRECTION('',(0.,1.,-3.330669073875E-16));
#9071 = ORIENTED_EDGE('',*,*,#8648,.T.);
#9072 = ORIENTED_EDGE('',*,*,#8617,.F.);
#9073 = ORIENTED_EDGE('',*,*,#8427,.F.);
#9074 = FACE_BOUND('',#9075,.T.);
#9075 = EDGE_LOOP('',(#9076));
#9076 = ORIENTED_EDGE('',*,*,#8773,.T.);
#9077 = FACE_BOUND('',#9078,.T.);
#9078 = EDGE_LOOP('',(#9079));
#9079 = ORIENTED_EDGE('',*,*,#8748,.T.);
#9080 = FACE_BOUND('',#9081,.T.);
#9081 = EDGE_LOOP('',(#9082));
#9082 = ORIENTED_EDGE('',*,*,#8823,.T.);
#9083 = FACE_BOUND('',#9084,.T.);
#9084 = EDGE_LOOP('',(#9085));
#9085 = ORIENTED_EDGE('',*,*,#8798,.T.);
#9086 = PLANE('',#9087);
#9087 = AXIS2_PLACEMENT_3D('',#9088,#9089,#9090);
#9088 = CARTESIAN_POINT('',(-34.71228070175,54.25661268556,
    -3.473493048145E-14));
#9089 = DIRECTION('',(0.,-7.440745327456E-16,-1.));
#9090 = DIRECTION('',(0.,1.,-7.440745327456E-16));
#9091 = ADVANCED_FACE('',(#9092),#9102,.T.);
#9092 = FACE_BOUND('',#9093,.T.);
#9093 = EDGE_LOOP('',(#9094,#9095,#9096,#9097,#9098,#9099,#9100,#9101));
#9094 = ORIENTED_EDGE('',*,*,#8681,.T.);
#9095 = ORIENTED_EDGE('',*,*,#8656,.F.);
#9096 = ORIENTED_EDGE('',*,*,#9066,.T.);
#9097 = ORIENTED_EDGE('',*,*,#9036,.T.);
#9098 = ORIENTED_EDGE('',*,*,#8994,.F.);
#9099 = ORIENTED_EDGE('',*,*,#8946,.F.);
#9100 = ORIENTED_EDGE('',*,*,#8841,.F.);
#9101 = ORIENTED_EDGE('',*,*,#8451,.F.);
#9102 = PLANE('',#9103);
#9103 = AXIS2_PLACEMENT_3D('',#9104,#9105,#9106);
#9104 = CARTESIAN_POINT('',(-30.,57.412335715933,7.3125));
#9105 = DIRECTION('',(1.,-7.266294341239E-32,-3.272448048757E-16));
#9106 = DIRECTION('',(3.272448048757E-16,2.22044604925E-16,1.));
#9107 = ADVANCED_FACE('',(#9108),#9118,.T.);
#9108 = FACE_BOUND('',#9109,.T.);
#9109 = EDGE_LOOP('',(#9110,#9111,#9112,#9113,#9114,#9115,#9116,#9117));
#9110 = ORIENTED_EDGE('',*,*,#8978,.F.);
#9111 = ORIENTED_EDGE('',*,*,#9010,.T.);
#9112 = ORIENTED_EDGE('',*,*,#9043,.T.);
#9113 = ORIENTED_EDGE('',*,*,#9059,.F.);
#9114 = ORIENTED_EDGE('',*,*,#8530,.F.);
#9115 = ORIENTED_EDGE('',*,*,#8928,.T.);
#9116 = ORIENTED_EDGE('',*,*,#8483,.T.);
#9117 = ORIENTED_EDGE('',*,*,#8913,.F.);
#9118 = PLANE('',#9119);
#9119 = AXIS2_PLACEMENT_3D('',#9120,#9121,#9122);
#9120 = CARTESIAN_POINT('',(-63.15,57.235463962971,12.147963962971));
#9121 = DIRECTION('',(-1.,0.,0.));
#9122 = DIRECTION('',(0.,1.,-2.22044604925E-16));
#9123 = MANIFOLD_SOLID_BREP('',#9124);
#9124 = CLOSED_SHELL('',(#9125,#9229,#9260,#9291,#9323,#9347,#9387,#9418
    ,#9443,#9467,#9506,#9553,#9583,#9600,#9612,#9629,#9695,#9720,#9729,
    #9754,#9763,#9788,#9797,#9822,#9831,#9845,#9862,#9881));
#9125 = ADVANCED_FACE('',(#9126),#9224,.T.);
#9126 = FACE_BOUND('',#9127,.T.);
#9127 = EDGE_LOOP('',(#9128,#9138,#9146,#9154,#9162,#9170,#9178,#9186,
    #9194,#9202,#9210,#9218));
#9128 = ORIENTED_EDGE('',*,*,#9129,.T.);
#9129 = EDGE_CURVE('',#9130,#9132,#9134,.T.);
#9130 = VERTEX_POINT('',#9131);
#9131 = CARTESIAN_POINT('',(-29.7,8.,3.));
#9132 = VERTEX_POINT('',#9133);
#9133 = CARTESIAN_POINT('',(30.,8.,3.));
#9134 = LINE('',#9135,#9136);
#9135 = CARTESIAN_POINT('',(-29.7,8.,3.));
#9136 = VECTOR('',#9137,1.);
#9137 = DIRECTION('',(1.,0.,0.));
#9138 = ORIENTED_EDGE('',*,*,#9139,.T.);
#9139 = EDGE_CURVE('',#9132,#9140,#9142,.T.);
#9140 = VERTEX_POINT('',#9141);
#9141 = CARTESIAN_POINT('',(30.,8.,0.));
#9142 = LINE('',#9143,#9144);
#9143 = CARTESIAN_POINT('',(30.,8.,3.));
#9144 = VECTOR('',#9145,1.);
#9145 = DIRECTION('',(-1.184237892934E-15,-8.881784197001E-16,-1.));
#9146 = ORIENTED_EDGE('',*,*,#9147,.T.);
#9147 = EDGE_CURVE('',#9140,#9148,#9150,.T.);
#9148 = VERTEX_POINT('',#9149);
#9149 = CARTESIAN_POINT('',(98.8,8.,0.));
#9150 = LINE('',#9151,#9152);
#9151 = CARTESIAN_POINT('',(30.,8.,0.));
#9152 = VECTOR('',#9153,1.);
#9153 = DIRECTION('',(1.,0.,0.));
#9154 = ORIENTED_EDGE('',*,*,#9155,.T.);
#9155 = EDGE_CURVE('',#9148,#9156,#9158,.T.);
#9156 = VERTEX_POINT('',#9157);
#9157 = CARTESIAN_POINT('',(98.8,8.,3.));
#9158 = LINE('',#9159,#9160);
#9159 = CARTESIAN_POINT('',(98.8,8.,0.));
#9160 = VECTOR('',#9161,1.);
#9161 = DIRECTION('',(0.,8.881784197001E-16,1.));
#9162 = ORIENTED_EDGE('',*,*,#9163,.T.);
#9163 = EDGE_CURVE('',#9156,#9164,#9166,.T.);
#9164 = VERTEX_POINT('',#9165);
#9165 = CARTESIAN_POINT('',(106.8,8.,3.));
#9166 = LINE('',#9167,#9168);
#9167 = CARTESIAN_POINT('',(98.8,8.,3.));
#9168 = VECTOR('',#9169,1.);
#9169 = DIRECTION('',(1.,0.,0.));
#9170 = ORIENTED_EDGE('',*,*,#9171,.T.);
#9171 = EDGE_CURVE('',#9164,#9172,#9174,.T.);
#9172 = VERTEX_POINT('',#9173);
#9173 = CARTESIAN_POINT('',(106.8,8.,6.));
#9174 = LINE('',#9175,#9176);
#9175 = CARTESIAN_POINT('',(106.8,8.,3.));
#9176 = VECTOR('',#9177,1.);
#9177 = DIRECTION('',(0.,8.881784197001E-16,1.));
#9178 = ORIENTED_EDGE('',*,*,#9179,.T.);
#9179 = EDGE_CURVE('',#9172,#9180,#9182,.T.);
#9180 = VERTEX_POINT('',#9181);
#9181 = CARTESIAN_POINT('',(63.15,8.,6.));
#9182 = LINE('',#9183,#9184);
#9183 = CARTESIAN_POINT('',(106.8,8.,6.));
#9184 = VECTOR('',#9185,1.);
#9185 = DIRECTION('',(-1.,0.,0.));
#9186 = ORIENTED_EDGE('',*,*,#9187,.T.);
#9187 = EDGE_CURVE('',#9180,#9188,#9190,.T.);
#9188 = VERTEX_POINT('',#9189);
#9189 = CARTESIAN_POINT('',(63.15,8.,19.625));
#9190 = LINE('',#9191,#9192);
#9191 = CARTESIAN_POINT('',(63.15,8.,6.));
#9192 = VECTOR('',#9193,1.);
#9193 = DIRECTION('',(0.,2.22044604925E-16,1.));
#9194 = ORIENTED_EDGE('',*,*,#9195,.F.);
#9195 = EDGE_CURVE('',#9196,#9188,#9198,.T.);
#9196 = VERTEX_POINT('',#9197);
#9197 = CARTESIAN_POINT('',(59.15,8.,19.625));
#9198 = LINE('',#9199,#9200);
#9199 = CARTESIAN_POINT('',(59.15,8.,19.625));
#9200 = VECTOR('',#9201,1.);
#9201 = DIRECTION('',(1.,0.,0.));
#9202 = ORIENTED_EDGE('',*,*,#9203,.F.);
#9203 = EDGE_CURVE('',#9204,#9196,#9206,.T.);
#9204 = VERTEX_POINT('',#9205);
#9205 = CARTESIAN_POINT('',(59.15,8.,11.625));
#9206 = LINE('',#9207,#9208);
#9207 = CARTESIAN_POINT('',(59.15,8.,6.));
#9208 = VECTOR('',#9209,1.);
#9209 = DIRECTION('',(0.,2.22044604925E-16,1.));
#9210 = ORIENTED_EDGE('',*,*,#9211,.F.);
#9211 = EDGE_CURVE('',#9212,#9204,#9214,.T.);
#9212 = VERTEX_POINT('',#9213);
#9213 = CARTESIAN_POINT('',(-29.7,8.,11.625));
#9214 = LINE('',#9215,#9216);
#9215 = CARTESIAN_POINT('',(-29.7,8.,11.625));
#9216 = VECTOR('',#9217,1.);
#9217 = DIRECTION('',(1.,0.,0.));
#9218 = ORIENTED_EDGE('',*,*,#9219,.T.);
#9219 = EDGE_CURVE('',#9212,#9130,#9220,.T.);
#9220 = LINE('',#9221,#9222);
#9221 = CARTESIAN_POINT('',(-29.7,8.,6.));
#9222 = VECTOR('',#9223,1.);
#9223 = DIRECTION('',(1.184237892934E-15,-8.881784197001E-16,-1.));
#9224 = PLANE('',#9225);
#9225 = AXIS2_PLACEMENT_3D('',#9226,#9227,#9228);
#9226 = CARTESIAN_POINT('',(39.418434747798,8.,6.281895516413));
#9227 = DIRECTION('',(0.,-1.,3.330669073875E-16));
#9228 = DIRECTION('',(1.,0.,0.));
#9229 = ADVANCED_FACE('',(#9230),#9255,.T.);
#9230 = FACE_BOUND('',#9231,.T.);
#9231 = EDGE_LOOP('',(#9232,#9233,#9241,#9249));
#9232 = ORIENTED_EDGE('',*,*,#9211,.T.);
#9233 = ORIENTED_EDGE('',*,*,#9234,.T.);
#9234 = EDGE_CURVE('',#9204,#9235,#9237,.T.);
#9235 = VERTEX_POINT('',#9236);
#9236 = CARTESIAN_POINT('',(59.15,98.8,11.625));
#9237 = LINE('',#9238,#9239);
#9238 = CARTESIAN_POINT('',(59.15,8.,11.625));
#9239 = VECTOR('',#9240,1.);
#9240 = DIRECTION('',(7.825360525992E-17,1.,-3.330669073875E-16));
#9241 = ORIENTED_EDGE('',*,*,#9242,.T.);
#9242 = EDGE_CURVE('',#9235,#9243,#9245,.T.);
#9243 = VERTEX_POINT('',#9244);
#9244 = CARTESIAN_POINT('',(-29.7,98.8,11.625));
#9245 = LINE('',#9246,#9247);
#9246 = CARTESIAN_POINT('',(59.15,98.8,11.625));
#9247 = VECTOR('',#9248,1.);
#9248 = DIRECTION('',(-1.,0.,-0.));
#9249 = ORIENTED_EDGE('',*,*,#9250,.T.);
#9250 = EDGE_CURVE('',#9243,#9212,#9251,.T.);
#9251 = LINE('',#9252,#9253);
#9252 = CARTESIAN_POINT('',(-29.7,98.8,11.625));
#9253 = VECTOR('',#9254,1.);
#9254 = DIRECTION('',(-3.912680262996E-17,-1.,3.330669073875E-16));
#9255 = PLANE('',#9256);
#9256 = AXIS2_PLACEMENT_3D('',#9257,#9258,#9259);
#9257 = CARTESIAN_POINT('',(14.725,53.4,11.625));
#9258 = DIRECTION('',(0.,3.330669073875E-16,1.));
#9259 = DIRECTION('',(1.,0.,0.));
#9260 = ADVANCED_FACE('',(#9261),#9286,.T.);
#9261 = FACE_BOUND('',#9262,.T.);
#9262 = EDGE_LOOP('',(#9263,#9271,#9279,#9285));
#9263 = ORIENTED_EDGE('',*,*,#9264,.T.);
#9264 = EDGE_CURVE('',#9148,#9265,#9267,.T.);
#9265 = VERTEX_POINT('',#9266);
#9266 = CARTESIAN_POINT('',(98.8,98.8,-8.171241461241E-14));
#9267 = LINE('',#9268,#9269);
#9268 = CARTESIAN_POINT('',(98.8,8.,0.));
#9269 = VECTOR('',#9270,1.);
#9270 = DIRECTION('',(0.,1.,-8.881784197001E-16));
#9271 = ORIENTED_EDGE('',*,*,#9272,.T.);
#9272 = EDGE_CURVE('',#9265,#9273,#9275,.T.);
#9273 = VERTEX_POINT('',#9274);
#9274 = CARTESIAN_POINT('',(98.8,98.8,3.));
#9275 = LINE('',#9276,#9277);
#9276 = CARTESIAN_POINT('',(98.8,98.8,-8.526512829121E-14));
#9277 = VECTOR('',#9278,1.);
#9278 = DIRECTION('',(0.,8.881784197001E-16,1.));
#9279 = ORIENTED_EDGE('',*,*,#9280,.F.);
#9280 = EDGE_CURVE('',#9156,#9273,#9281,.T.);
#9281 = LINE('',#9282,#9283);
#9282 = CARTESIAN_POINT('',(98.8,8.,3.));
#9283 = VECTOR('',#9284,1.);
#9284 = DIRECTION('',(0.,1.,-8.881784197001E-16));
#9285 = ORIENTED_EDGE('',*,*,#9155,.F.);
#9286 = PLANE('',#9287);
#9287 = AXIS2_PLACEMENT_3D('',#9288,#9289,#9290);
#9288 = CARTESIAN_POINT('',(98.8,8.,0.));
#9289 = DIRECTION('',(1.,0.,0.));
#9290 = DIRECTION('',(0.,8.881784197001E-16,1.));
#9291 = ADVANCED_FACE('',(#9292),#9318,.T.);
#9292 = FACE_BOUND('',#9293,.T.);
#9293 = EDGE_LOOP('',(#9294,#9295,#9303,#9311,#9317));
#9294 = ORIENTED_EDGE('',*,*,#9280,.T.);
#9295 = ORIENTED_EDGE('',*,*,#9296,.T.);
#9296 = EDGE_CURVE('',#9273,#9297,#9299,.T.);
#9297 = VERTEX_POINT('',#9298);
#9298 = CARTESIAN_POINT('',(98.8,136.4,3.));
#9299 = LINE('',#9300,#9301);
#9300 = CARTESIAN_POINT('',(98.8,98.8,3.));
#9301 = VECTOR('',#9302,1.);
#9302 = DIRECTION('',(0.,1.,-7.771561172376E-16));
#9303 = ORIENTED_EDGE('',*,*,#9304,.T.);
#9304 = EDGE_CURVE('',#9297,#9305,#9307,.T.);
#9305 = VERTEX_POINT('',#9306);
#9306 = CARTESIAN_POINT('',(106.8,136.4,3.));
#9307 = LINE('',#9308,#9309);
#9308 = CARTESIAN_POINT('',(98.8,136.4,3.));
#9309 = VECTOR('',#9310,1.);
#9310 = DIRECTION('',(1.,0.,0.));
#9311 = ORIENTED_EDGE('',*,*,#9312,.F.);
#9312 = EDGE_CURVE('',#9164,#9305,#9313,.T.);
#9313 = LINE('',#9314,#9315);
#9314 = CARTESIAN_POINT('',(106.8,98.8,3.));
#9315 = VECTOR('',#9316,1.);
#9316 = DIRECTION('',(0.,1.,-7.771561172376E-16));
#9317 = ORIENTED_EDGE('',*,*,#9163,.F.);
#9318 = PLANE('',#9319);
#9319 = AXIS2_PLACEMENT_3D('',#9320,#9321,#9322);
#9320 = CARTESIAN_POINT('',(102.8,72.2,3.));
#9321 = DIRECTION('',(-0.,-6.661338147751E-16,-1.));
#9322 = DIRECTION('',(0.,1.,-6.661338147751E-16));
#9323 = ADVANCED_FACE('',(#9324),#9342,.T.);
#9324 = FACE_BOUND('',#9325,.T.);
#9325 = EDGE_LOOP('',(#9326,#9327,#9335,#9341));
#9326 = ORIENTED_EDGE('',*,*,#9312,.T.);
#9327 = ORIENTED_EDGE('',*,*,#9328,.T.);
#9328 = EDGE_CURVE('',#9305,#9329,#9331,.T.);
#9329 = VERTEX_POINT('',#9330);
#9330 = CARTESIAN_POINT('',(106.8,136.4,6.));
#9331 = LINE('',#9332,#9333);
#9332 = CARTESIAN_POINT('',(106.8,136.4,3.));
#9333 = VECTOR('',#9334,1.);
#9334 = DIRECTION('',(0.,7.771561172376E-16,1.));
#9335 = ORIENTED_EDGE('',*,*,#9336,.F.);
#9336 = EDGE_CURVE('',#9172,#9329,#9337,.T.);
#9337 = LINE('',#9338,#9339);
#9338 = CARTESIAN_POINT('',(106.8,8.,6.));
#9339 = VECTOR('',#9340,1.);
#9340 = DIRECTION('',(0.,1.,-8.881784197001E-16));
#9341 = ORIENTED_EDGE('',*,*,#9171,.F.);
#9342 = PLANE('',#9343);
#9343 = AXIS2_PLACEMENT_3D('',#9344,#9345,#9346);
#9344 = CARTESIAN_POINT('',(106.8,72.2,4.5));
#9345 = DIRECTION('',(1.,0.,0.));
#9346 = DIRECTION('',(0.,-1.,6.661338147751E-16));
#9347 = ADVANCED_FACE('',(#9348),#9382,.T.);
#9348 = FACE_BOUND('',#9349,.T.);
#9349 = EDGE_LOOP('',(#9350,#9351,#9352,#9360,#9368,#9376));
#9350 = ORIENTED_EDGE('',*,*,#9179,.F.);
#9351 = ORIENTED_EDGE('',*,*,#9336,.T.);
#9352 = ORIENTED_EDGE('',*,*,#9353,.T.);
#9353 = EDGE_CURVE('',#9329,#9354,#9356,.T.);
#9354 = VERTEX_POINT('',#9355);
#9355 = CARTESIAN_POINT('',(98.8,136.4,6.));
#9356 = LINE('',#9357,#9358);
#9357 = CARTESIAN_POINT('',(106.8,136.4,6.));
#9358 = VECTOR('',#9359,1.);
#9359 = DIRECTION('',(-1.,0.,0.));
#9360 = ORIENTED_EDGE('',*,*,#9361,.F.);
#9361 = EDGE_CURVE('',#9362,#9354,#9364,.T.);
#9362 = VERTEX_POINT('',#9363);
#9363 = CARTESIAN_POINT('',(98.8,98.8,6.));
#9364 = LINE('',#9365,#9366);
#9365 = CARTESIAN_POINT('',(98.8,98.8,6.));
#9366 = VECTOR('',#9367,1.);
#9367 = DIRECTION('',(0.,1.,-7.771561172376E-16));
#9368 = ORIENTED_EDGE('',*,*,#9369,.T.);
#9369 = EDGE_CURVE('',#9362,#9370,#9372,.T.);
#9370 = VERTEX_POINT('',#9371);
#9371 = CARTESIAN_POINT('',(63.15,98.8,6.));
#9372 = LINE('',#9373,#9374);
#9373 = CARTESIAN_POINT('',(106.8,98.8,6.));
#9374 = VECTOR('',#9375,1.);
#9375 = DIRECTION('',(-1.,0.,0.));
#9376 = ORIENTED_EDGE('',*,*,#9377,.F.);
#9377 = EDGE_CURVE('',#9180,#9370,#9378,.T.);
#9378 = LINE('',#9379,#9380);
#9379 = CARTESIAN_POINT('',(63.15,8.,6.));
#9380 = VECTOR('',#9381,1.);
#9381 = DIRECTION('',(0.,1.,-2.22044604925E-16));
#9382 = PLANE('',#9383);
#9383 = AXIS2_PLACEMENT_3D('',#9384,#9385,#9386);
#9384 = CARTESIAN_POINT('',(47.66966779917,63.080332200831,6.));
#9385 = DIRECTION('',(0.,6.661338147751E-16,1.));
#9386 = DIRECTION('',(0.,-1.,6.661338147751E-16));
#9387 = ADVANCED_FACE('',(#9388),#9413,.T.);
#9388 = FACE_BOUND('',#9389,.T.);
#9389 = EDGE_LOOP('',(#9390,#9391,#9399,#9407));
#9390 = ORIENTED_EDGE('',*,*,#9195,.T.);
#9391 = ORIENTED_EDGE('',*,*,#9392,.T.);
#9392 = EDGE_CURVE('',#9188,#9393,#9395,.T.);
#9393 = VERTEX_POINT('',#9394);
#9394 = CARTESIAN_POINT('',(63.15,98.8,19.625));
#9395 = LINE('',#9396,#9397);
#9396 = CARTESIAN_POINT('',(63.15,8.,19.625));
#9397 = VECTOR('',#9398,1.);
#9398 = DIRECTION('',(0.,1.,-2.22044604925E-16));
#9399 = ORIENTED_EDGE('',*,*,#9400,.T.);
#9400 = EDGE_CURVE('',#9393,#9401,#9403,.T.);
#9401 = VERTEX_POINT('',#9402);
#9402 = CARTESIAN_POINT('',(59.15,98.8,19.625));
#9403 = LINE('',#9404,#9405);
#9404 = CARTESIAN_POINT('',(63.15,98.8,19.625));
#9405 = VECTOR('',#9406,1.);
#9406 = DIRECTION('',(-1.,0.,0.));
#9407 = ORIENTED_EDGE('',*,*,#9408,.T.);
#9408 = EDGE_CURVE('',#9401,#9196,#9409,.T.);
#9409 = LINE('',#9410,#9411);
#9410 = CARTESIAN_POINT('',(59.15,98.8,19.625));
#9411 = VECTOR('',#9412,1.);
#9412 = DIRECTION('',(0.,-1.,2.22044604925E-16));
#9413 = PLANE('',#9414);
#9414 = AXIS2_PLACEMENT_3D('',#9415,#9416,#9417);
#9415 = CARTESIAN_POINT('',(61.15,53.4,19.625));
#9416 = DIRECTION('',(0.,2.22044604925E-16,1.));
#9417 = DIRECTION('',(1.,0.,0.));
#9418 = ADVANCED_FACE('',(#9419),#9438,.F.);
#9419 = FACE_BOUND('',#9420,.F.);
#9420 = EDGE_LOOP('',(#9421,#9422,#9430,#9436,#9437));
#9421 = ORIENTED_EDGE('',*,*,#9234,.T.);
#9422 = ORIENTED_EDGE('',*,*,#9423,.T.);
#9423 = EDGE_CURVE('',#9235,#9424,#9426,.T.);
#9424 = VERTEX_POINT('',#9425);
#9425 = CARTESIAN_POINT('',(59.15,98.8,14.625));
#9426 = LINE('',#9427,#9428);
#9427 = CARTESIAN_POINT('',(59.15,98.8,6.));
#9428 = VECTOR('',#9429,1.);
#9429 = DIRECTION('',(0.,2.22044604925E-16,1.));
#9430 = ORIENTED_EDGE('',*,*,#9431,.T.);
#9431 = EDGE_CURVE('',#9424,#9401,#9432,.T.);
#9432 = LINE('',#9433,#9434);
#9433 = CARTESIAN_POINT('',(59.15,98.8,6.));
#9434 = VECTOR('',#9435,1.);
#9435 = DIRECTION('',(0.,2.22044604925E-16,1.));
#9436 = ORIENTED_EDGE('',*,*,#9408,.T.);
#9437 = ORIENTED_EDGE('',*,*,#9203,.F.);
#9438 = PLANE('',#9439);
#9439 = AXIS2_PLACEMENT_3D('',#9440,#9441,#9442);
#9440 = CARTESIAN_POINT('',(59.15,98.8,6.));
#9441 = DIRECTION('',(1.,0.,0.));
#9442 = DIRECTION('',(0.,-1.,2.22044604925E-16));
#9443 = ADVANCED_FACE('',(#9444),#9462,.F.);
#9444 = FACE_BOUND('',#9445,.F.);
#9445 = EDGE_LOOP('',(#9446,#9447,#9455,#9461));
#9446 = ORIENTED_EDGE('',*,*,#9242,.T.);
#9447 = ORIENTED_EDGE('',*,*,#9448,.F.);
#9448 = EDGE_CURVE('',#9449,#9243,#9451,.T.);
#9449 = VERTEX_POINT('',#9450);
#9450 = CARTESIAN_POINT('',(-29.7,98.8,14.625));
#9451 = LINE('',#9452,#9453);
#9452 = CARTESIAN_POINT('',(-29.7,98.8,14.625));
#9453 = VECTOR('',#9454,1.);
#9454 = DIRECTION('',(-3.056097788215E-16,-3.330669073875E-16,-1.));
#9455 = ORIENTED_EDGE('',*,*,#9456,.F.);
#9456 = EDGE_CURVE('',#9424,#9449,#9457,.T.);
#9457 = LINE('',#9458,#9459);
#9458 = CARTESIAN_POINT('',(63.15,98.8,14.625));
#9459 = VECTOR('',#9460,1.);
#9460 = DIRECTION('',(-1.,0.,0.));
#9461 = ORIENTED_EDGE('',*,*,#9423,.F.);
#9462 = PLANE('',#9463);
#9463 = AXIS2_PLACEMENT_3D('',#9464,#9465,#9466);
#9464 = CARTESIAN_POINT('',(17.558217027216,98.8,8.145717027216));
#9465 = DIRECTION('',(0.,1.,-1.110223024625E-16));
#9466 = DIRECTION('',(0.,1.110223024625E-16,1.));
#9467 = ADVANCED_FACE('',(#9468),#9501,.T.);
#9468 = FACE_BOUND('',#9469,.T.);
#9469 = EDGE_LOOP('',(#9470,#9480,#9488,#9494,#9495));
#9470 = ORIENTED_EDGE('',*,*,#9471,.T.);
#9471 = EDGE_CURVE('',#9472,#9474,#9476,.T.);
#9472 = VERTEX_POINT('',#9473);
#9473 = CARTESIAN_POINT('',(63.15,98.8,14.625));
#9474 = VERTEX_POINT('',#9475);
#9475 = CARTESIAN_POINT('',(63.15,101.8,14.625));
#9476 = LINE('',#9477,#9478);
#9477 = CARTESIAN_POINT('',(63.15,98.8,14.625));
#9478 = VECTOR('',#9479,1.);
#9479 = DIRECTION('',(0.,1.,-3.330669073875E-16));
#9480 = ORIENTED_EDGE('',*,*,#9481,.T.);
#9481 = EDGE_CURVE('',#9474,#9482,#9484,.T.);
#9482 = VERTEX_POINT('',#9483);
#9483 = CARTESIAN_POINT('',(-29.7,101.8,14.625));
#9484 = LINE('',#9485,#9486);
#9485 = CARTESIAN_POINT('',(63.15,101.8,14.625));
#9486 = VECTOR('',#9487,1.);
#9487 = DIRECTION('',(-1.,0.,0.));
#9488 = ORIENTED_EDGE('',*,*,#9489,.F.);
#9489 = EDGE_CURVE('',#9449,#9482,#9490,.T.);
#9490 = LINE('',#9491,#9492);
#9491 = CARTESIAN_POINT('',(-29.7,98.8,14.625));
#9492 = VECTOR('',#9493,1.);
#9493 = DIRECTION('',(0.,1.,-3.330669073875E-16));
#9494 = ORIENTED_EDGE('',*,*,#9456,.F.);
#9495 = ORIENTED_EDGE('',*,*,#9496,.F.);
#9496 = EDGE_CURVE('',#9472,#9424,#9497,.T.);
#9497 = LINE('',#9498,#9499);
#9498 = CARTESIAN_POINT('',(63.15,98.8,14.625));
#9499 = VECTOR('',#9500,1.);
#9500 = DIRECTION('',(-1.,0.,0.));
#9501 = PLANE('',#9502);
#9502 = AXIS2_PLACEMENT_3D('',#9503,#9504,#9505);
#9503 = CARTESIAN_POINT('',(63.15,98.8,14.625));
#9504 = DIRECTION('',(0.,3.330669073875E-16,1.));
#9505 = DIRECTION('',(-1.,0.,0.));
#9506 = ADVANCED_FACE('',(#9507),#9548,.T.);
#9507 = FACE_BOUND('',#9508,.F.);
#9508 = EDGE_LOOP('',(#9509,#9519,#9527,#9535,#9541,#9542));
#9509 = ORIENTED_EDGE('',*,*,#9510,.T.);
#9510 = EDGE_CURVE('',#9511,#9513,#9515,.T.);
#9511 = VERTEX_POINT('',#9512);
#9512 = CARTESIAN_POINT('',(-29.7,101.8,3.));
#9513 = VERTEX_POINT('',#9514);
#9514 = CARTESIAN_POINT('',(30.,101.8,3.));
#9515 = LINE('',#9516,#9517);
#9516 = CARTESIAN_POINT('',(-29.7,101.8,3.));
#9517 = VECTOR('',#9518,1.);
#9518 = DIRECTION('',(1.,0.,0.));
#9519 = ORIENTED_EDGE('',*,*,#9520,.T.);
#9520 = EDGE_CURVE('',#9513,#9521,#9523,.T.);
#9521 = VERTEX_POINT('',#9522);
#9522 = CARTESIAN_POINT('',(30.,101.8,-1.06581410364E-14));
#9523 = LINE('',#9524,#9525);
#9524 = CARTESIAN_POINT('',(30.,101.8,3.));
#9525 = VECTOR('',#9526,1.);
#9526 = DIRECTION('',(-1.184237892934E-15,-3.330669073875E-16,-1.));
#9527 = ORIENTED_EDGE('',*,*,#9528,.T.);
#9528 = EDGE_CURVE('',#9521,#9529,#9531,.T.);
#9529 = VERTEX_POINT('',#9530);
#9530 = CARTESIAN_POINT('',(63.15,101.8,-1.06581410364E-14));
#9531 = LINE('',#9532,#9533);
#9532 = CARTESIAN_POINT('',(30.,101.8,-1.42108547152E-14));
#9533 = VECTOR('',#9534,1.);
#9534 = DIRECTION('',(1.,0.,0.));
#9535 = ORIENTED_EDGE('',*,*,#9536,.T.);
#9536 = EDGE_CURVE('',#9529,#9474,#9537,.T.);
#9537 = LINE('',#9538,#9539);
#9538 = CARTESIAN_POINT('',(63.15,101.8,-1.42108547152E-14));
#9539 = VECTOR('',#9540,1.);
#9540 = DIRECTION('',(0.,3.330669073875E-16,1.));
#9541 = ORIENTED_EDGE('',*,*,#9481,.T.);
#9542 = ORIENTED_EDGE('',*,*,#9543,.T.);
#9543 = EDGE_CURVE('',#9482,#9511,#9544,.T.);
#9544 = LINE('',#9545,#9546);
#9545 = CARTESIAN_POINT('',(-29.7,101.8,14.625));
#9546 = VECTOR('',#9547,1.);
#9547 = DIRECTION('',(-3.056097788215E-16,-3.330669073875E-16,-1.));
#9548 = PLANE('',#9549);
#9549 = AXIS2_PLACEMENT_3D('',#9550,#9551,#9552);
#9550 = CARTESIAN_POINT('',(17.558217027216,101.8,8.145717027216));
#9551 = DIRECTION('',(0.,1.,-1.110223024625E-16));
#9552 = DIRECTION('',(0.,1.110223024625E-16,1.));
#9553 = ADVANCED_FACE('',(#9554),#9578,.T.);
#9554 = FACE_BOUND('',#9555,.T.);
#9555 = EDGE_LOOP('',(#9556,#9564,#9570,#9571,#9577));
#9556 = ORIENTED_EDGE('',*,*,#9557,.F.);
#9557 = EDGE_CURVE('',#9558,#9265,#9560,.T.);
#9558 = VERTEX_POINT('',#9559);
#9559 = CARTESIAN_POINT('',(63.15,98.8,-1.06581410364E-14));
#9560 = LINE('',#9561,#9562);
#9561 = CARTESIAN_POINT('',(30.,98.8,-8.526512829121E-14));
#9562 = VECTOR('',#9563,1.);
#9563 = DIRECTION('',(1.,0.,0.));
#9564 = ORIENTED_EDGE('',*,*,#9565,.T.);
#9565 = EDGE_CURVE('',#9558,#9370,#9566,.T.);
#9566 = LINE('',#9567,#9568);
#9567 = CARTESIAN_POINT('',(63.15,98.8,-1.42108547152E-14));
#9568 = VECTOR('',#9569,1.);
#9569 = DIRECTION('',(0.,3.330669073875E-16,1.));
#9570 = ORIENTED_EDGE('',*,*,#9369,.F.);
#9571 = ORIENTED_EDGE('',*,*,#9572,.T.);
#9572 = EDGE_CURVE('',#9362,#9273,#9573,.T.);
#9573 = LINE('',#9574,#9575);
#9574 = CARTESIAN_POINT('',(98.8,98.8,6.));
#9575 = VECTOR('',#9576,1.);
#9576 = DIRECTION('',(0.,-7.771561172376E-16,-1.));
#9577 = ORIENTED_EDGE('',*,*,#9272,.F.);
#9578 = PLANE('',#9579);
#9579 = AXIS2_PLACEMENT_3D('',#9580,#9581,#9582);
#9580 = CARTESIAN_POINT('',(35.914282700422,98.8,6.378132911392));
#9581 = DIRECTION('',(0.,1.,-3.330669073875E-16));
#9582 = DIRECTION('',(-1.,0.,0.));
#9583 = ADVANCED_FACE('',(#9584),#9595,.T.);
#9584 = FACE_BOUND('',#9585,.T.);
#9585 = EDGE_LOOP('',(#9586,#9587,#9593,#9594));
#9586 = ORIENTED_EDGE('',*,*,#9361,.T.);
#9587 = ORIENTED_EDGE('',*,*,#9588,.T.);
#9588 = EDGE_CURVE('',#9354,#9297,#9589,.T.);
#9589 = LINE('',#9590,#9591);
#9590 = CARTESIAN_POINT('',(98.8,136.4,6.));
#9591 = VECTOR('',#9592,1.);
#9592 = DIRECTION('',(0.,-7.771561172376E-16,-1.));
#9593 = ORIENTED_EDGE('',*,*,#9296,.F.);
#9594 = ORIENTED_EDGE('',*,*,#9572,.F.);
#9595 = PLANE('',#9596);
#9596 = AXIS2_PLACEMENT_3D('',#9597,#9598,#9599);
#9597 = CARTESIAN_POINT('',(98.8,98.8,6.));
#9598 = DIRECTION('',(-1.,0.,0.));
#9599 = DIRECTION('',(0.,-7.771561172376E-16,-1.));
#9600 = ADVANCED_FACE('',(#9601),#9607,.T.);
#9601 = FACE_BOUND('',#9602,.F.);
#9602 = EDGE_LOOP('',(#9603,#9604,#9605,#9606));
#9603 = ORIENTED_EDGE('',*,*,#9304,.T.);
#9604 = ORIENTED_EDGE('',*,*,#9328,.T.);
#9605 = ORIENTED_EDGE('',*,*,#9353,.T.);
#9606 = ORIENTED_EDGE('',*,*,#9588,.T.);
#9607 = PLANE('',#9608);
#9608 = AXIS2_PLACEMENT_3D('',#9609,#9610,#9611);
#9609 = CARTESIAN_POINT('',(102.8,136.4,4.5));
#9610 = DIRECTION('',(0.,1.,-5.551115123126E-16));
#9611 = DIRECTION('',(0.,5.551115123126E-16,1.));
#9612 = ADVANCED_FACE('',(#9613),#9624,.T.);
#9613 = FACE_BOUND('',#9614,.T.);
#9614 = EDGE_LOOP('',(#9615,#9616,#9617,#9618));
#9615 = ORIENTED_EDGE('',*,*,#9496,.T.);
#9616 = ORIENTED_EDGE('',*,*,#9431,.T.);
#9617 = ORIENTED_EDGE('',*,*,#9400,.F.);
#9618 = ORIENTED_EDGE('',*,*,#9619,.F.);
#9619 = EDGE_CURVE('',#9472,#9393,#9620,.T.);
#9620 = LINE('',#9621,#9622);
#9621 = CARTESIAN_POINT('',(63.15,98.8,6.));
#9622 = VECTOR('',#9623,1.);
#9623 = DIRECTION('',(0.,2.22044604925E-16,1.));
#9624 = PLANE('',#9625);
#9625 = AXIS2_PLACEMENT_3D('',#9626,#9627,#9628);
#9626 = CARTESIAN_POINT('',(35.914282700422,98.8,6.378132911392));
#9627 = DIRECTION('',(0.,1.,-3.330669073875E-16));
#9628 = DIRECTION('',(-1.,0.,0.));
#9629 = ADVANCED_FACE('',(#9630,#9646,#9657,#9668,#9679),#9690,.T.);
#9630 = FACE_BOUND('',#9631,.T.);
#9631 = EDGE_LOOP('',(#9632,#9638,#9639,#9645));
#9632 = ORIENTED_EDGE('',*,*,#9633,.T.);
#9633 = EDGE_CURVE('',#9130,#9511,#9634,.T.);
#9634 = LINE('',#9635,#9636);
#9635 = CARTESIAN_POINT('',(-29.7,8.,3.));
#9636 = VECTOR('',#9637,1.);
#9637 = DIRECTION('',(0.,1.,-8.881784197001E-16));
#9638 = ORIENTED_EDGE('',*,*,#9510,.T.);
#9639 = ORIENTED_EDGE('',*,*,#9640,.F.);
#9640 = EDGE_CURVE('',#9132,#9513,#9641,.T.);
#9641 = LINE('',#9642,#9643);
#9642 = CARTESIAN_POINT('',(30.,98.8,3.));
#9643 = VECTOR('',#9644,1.);
#9644 = DIRECTION('',(0.,1.,-3.330669073875E-16));
#9645 = ORIENTED_EDGE('',*,*,#9129,.F.);
#9646 = FACE_BOUND('',#9647,.T.);
#9647 = EDGE_LOOP('',(#9648));
#9648 = ORIENTED_EDGE('',*,*,#9649,.T.);
#9649 = EDGE_CURVE('',#9650,#9650,#9652,.T.);
#9650 = VERTEX_POINT('',#9651);
#9651 = CARTESIAN_POINT('',(-19.5,85.,3.));
#9652 = CIRCLE('',#9653,2.5);
#9653 = AXIS2_PLACEMENT_3D('',#9654,#9655,#9656);
#9654 = CARTESIAN_POINT('',(-22.,85.,3.));
#9655 = DIRECTION('',(-0.,4.440892098501E-16,1.));
#9656 = DIRECTION('',(1.,0.,0.));
#9657 = FACE_BOUND('',#9658,.T.);
#9658 = EDGE_LOOP('',(#9659));
#9659 = ORIENTED_EDGE('',*,*,#9660,.T.);
#9660 = EDGE_CURVE('',#9661,#9661,#9663,.T.);
#9661 = VERTEX_POINT('',#9662);
#9662 = CARTESIAN_POINT('',(24.5,85.,3.));
#9663 = CIRCLE('',#9664,2.5);
#9664 = AXIS2_PLACEMENT_3D('',#9665,#9666,#9667);
#9665 = CARTESIAN_POINT('',(22.,85.,3.));
#9666 = DIRECTION('',(-0.,4.440892098501E-16,1.));
#9667 = DIRECTION('',(1.,0.,0.));
#9668 = FACE_BOUND('',#9669,.T.);
#9669 = EDGE_LOOP('',(#9670));
#9670 = ORIENTED_EDGE('',*,*,#9671,.T.);
#9671 = EDGE_CURVE('',#9672,#9672,#9674,.T.);
#9672 = VERTEX_POINT('',#9673);
#9673 = CARTESIAN_POINT('',(-19.5,20.,3.));
#9674 = CIRCLE('',#9675,2.5);
#9675 = AXIS2_PLACEMENT_3D('',#9676,#9677,#9678);
#9676 = CARTESIAN_POINT('',(-22.,20.,3.));
#9677 = DIRECTION('',(-0.,4.440892098501E-16,1.));
#9678 = DIRECTION('',(1.,0.,0.));
#9679 = FACE_BOUND('',#9680,.T.);
#9680 = EDGE_LOOP('',(#9681));
#9681 = ORIENTED_EDGE('',*,*,#9682,.T.);
#9682 = EDGE_CURVE('',#9683,#9683,#9685,.T.);
#9683 = VERTEX_POINT('',#9684);
#9684 = CARTESIAN_POINT('',(24.5,20.,3.));
#9685 = CIRCLE('',#9686,2.5);
#9686 = AXIS2_PLACEMENT_3D('',#9687,#9688,#9689);
#9687 = CARTESIAN_POINT('',(22.,20.,3.));
#9688 = DIRECTION('',(-0.,4.440892098501E-16,1.));
#9689 = DIRECTION('',(1.,0.,0.));
#9690 = PLANE('',#9691);
#9691 = AXIS2_PLACEMENT_3D('',#9692,#9693,#9694);
#9692 = CARTESIAN_POINT('',(0.15,54.9,3.));
#9693 = DIRECTION('',(0.,-5.490137564936E-16,-1.));
#9694 = DIRECTION('',(0.,1.,-5.490137564936E-16));
#9695 = ADVANCED_FACE('',(#9696),#9715,.T.);
#9696 = FACE_BOUND('',#9697,.T.);
#9697 = EDGE_LOOP('',(#9698,#9706,#9713,#9714));
#9698 = ORIENTED_EDGE('',*,*,#9699,.T.);
#9699 = EDGE_CURVE('',#9650,#9700,#9702,.T.);
#9700 = VERTEX_POINT('',#9701);
#9701 = CARTESIAN_POINT('',(-19.5,85.,-3.37507799486E-14));
#9702 = LINE('',#9703,#9704);
#9703 = CARTESIAN_POINT('',(-19.5,85.,3.));
#9704 = VECTOR('',#9705,1.);
#9705 = DIRECTION('',(-0.,-4.440892098501E-16,-1.));
#9706 = ORIENTED_EDGE('',*,*,#9707,.T.);
#9707 = EDGE_CURVE('',#9700,#9700,#9708,.T.);
#9708 = CIRCLE('',#9709,2.5);
#9709 = AXIS2_PLACEMENT_3D('',#9710,#9711,#9712);
#9710 = CARTESIAN_POINT('',(-22.,85.,-3.641531520771E-14));
#9711 = DIRECTION('',(-0.,4.440892098501E-16,1.));
#9712 = DIRECTION('',(1.,0.,0.));
#9713 = ORIENTED_EDGE('',*,*,#9699,.F.);
#9714 = ORIENTED_EDGE('',*,*,#9649,.F.);
#9715 = CYLINDRICAL_SURFACE('',#9716,2.5);
#9716 = AXIS2_PLACEMENT_3D('',#9717,#9718,#9719);
#9717 = CARTESIAN_POINT('',(-22.,85.,3.));
#9718 = DIRECTION('',(0.,4.440892098501E-16,1.));
#9719 = DIRECTION('',(1.,0.,0.));
#9720 = ADVANCED_FACE('',(#9721),#9724,.F.);
#9721 = FACE_BOUND('',#9722,.F.);
#9722 = EDGE_LOOP('',(#9723));
#9723 = ORIENTED_EDGE('',*,*,#9707,.T.);
#9724 = PLANE('',#9725);
#9725 = AXIS2_PLACEMENT_3D('',#9726,#9727,#9728);
#9726 = CARTESIAN_POINT('',(9.572080927776E-16,52.5,-1.95399252334E-14)
  );
#9727 = DIRECTION('',(0.,4.440892098501E-16,1.));
#9728 = DIRECTION('',(1.,0.,0.));
#9729 = ADVANCED_FACE('',(#9730),#9749,.T.);
#9730 = FACE_BOUND('',#9731,.T.);
#9731 = EDGE_LOOP('',(#9732,#9740,#9747,#9748));
#9732 = ORIENTED_EDGE('',*,*,#9733,.T.);
#9733 = EDGE_CURVE('',#9661,#9734,#9736,.T.);
#9734 = VERTEX_POINT('',#9735);
#9735 = CARTESIAN_POINT('',(24.5,85.,-3.37507799486E-14));
#9736 = LINE('',#9737,#9738);
#9737 = CARTESIAN_POINT('',(24.5,85.,3.));
#9738 = VECTOR('',#9739,1.);
#9739 = DIRECTION('',(-0.,-4.440892098501E-16,-1.));
#9740 = ORIENTED_EDGE('',*,*,#9741,.T.);
#9741 = EDGE_CURVE('',#9734,#9734,#9742,.T.);
#9742 = CIRCLE('',#9743,2.5);
#9743 = AXIS2_PLACEMENT_3D('',#9744,#9745,#9746);
#9744 = CARTESIAN_POINT('',(22.,85.,-3.641531520771E-14));
#9745 = DIRECTION('',(-0.,4.440892098501E-16,1.));
#9746 = DIRECTION('',(1.,0.,0.));
#9747 = ORIENTED_EDGE('',*,*,#9733,.F.);
#9748 = ORIENTED_EDGE('',*,*,#9660,.F.);
#9749 = CYLINDRICAL_SURFACE('',#9750,2.5);
#9750 = AXIS2_PLACEMENT_3D('',#9751,#9752,#9753);
#9751 = CARTESIAN_POINT('',(22.,85.,3.));
#9752 = DIRECTION('',(0.,4.440892098501E-16,1.));
#9753 = DIRECTION('',(1.,0.,0.));
#9754 = ADVANCED_FACE('',(#9755),#9758,.F.);
#9755 = FACE_BOUND('',#9756,.F.);
#9756 = EDGE_LOOP('',(#9757));
#9757 = ORIENTED_EDGE('',*,*,#9741,.T.);
#9758 = PLANE('',#9759);
#9759 = AXIS2_PLACEMENT_3D('',#9760,#9761,#9762);
#9760 = CARTESIAN_POINT('',(9.572080927776E-16,52.5,-1.95399252334E-14)
  );
#9761 = DIRECTION('',(0.,4.440892098501E-16,1.));
#9762 = DIRECTION('',(1.,0.,0.));
#9763 = ADVANCED_FACE('',(#9764),#9783,.T.);
#9764 = FACE_BOUND('',#9765,.T.);
#9765 = EDGE_LOOP('',(#9766,#9774,#9781,#9782));
#9766 = ORIENTED_EDGE('',*,*,#9767,.T.);
#9767 = EDGE_CURVE('',#9672,#9768,#9770,.T.);
#9768 = VERTEX_POINT('',#9769);
#9769 = CARTESIAN_POINT('',(-19.5,20.,-7.105427357601E-15));
#9770 = LINE('',#9771,#9772);
#9771 = CARTESIAN_POINT('',(-19.5,20.,3.));
#9772 = VECTOR('',#9773,1.);
#9773 = DIRECTION('',(-0.,-4.440892098501E-16,-1.));
#9774 = ORIENTED_EDGE('',*,*,#9775,.T.);
#9775 = EDGE_CURVE('',#9768,#9768,#9776,.T.);
#9776 = CIRCLE('',#9777,2.5);
#9777 = AXIS2_PLACEMENT_3D('',#9778,#9779,#9780);
#9778 = CARTESIAN_POINT('',(-22.,20.,-4.440892098501E-15));
#9779 = DIRECTION('',(-0.,4.440892098501E-16,1.));
#9780 = DIRECTION('',(1.,0.,0.));
#9781 = ORIENTED_EDGE('',*,*,#9767,.F.);
#9782 = ORIENTED_EDGE('',*,*,#9671,.F.);
#9783 = CYLINDRICAL_SURFACE('',#9784,2.5);
#9784 = AXIS2_PLACEMENT_3D('',#9785,#9786,#9787);
#9785 = CARTESIAN_POINT('',(-22.,20.,3.));
#9786 = DIRECTION('',(0.,4.440892098501E-16,1.));
#9787 = DIRECTION('',(1.,0.,0.));
#9788 = ADVANCED_FACE('',(#9789),#9792,.F.);
#9789 = FACE_BOUND('',#9790,.F.);
#9790 = EDGE_LOOP('',(#9791));
#9791 = ORIENTED_EDGE('',*,*,#9775,.T.);
#9792 = PLANE('',#9793);
#9793 = AXIS2_PLACEMENT_3D('',#9794,#9795,#9796);
#9794 = CARTESIAN_POINT('',(9.572080927776E-16,52.5,-1.95399252334E-14)
  );
#9795 = DIRECTION('',(0.,4.440892098501E-16,1.));
#9796 = DIRECTION('',(1.,0.,0.));
#9797 = ADVANCED_FACE('',(#9798),#9817,.T.);
#9798 = FACE_BOUND('',#9799,.T.);
#9799 = EDGE_LOOP('',(#9800,#9808,#9815,#9816));
#9800 = ORIENTED_EDGE('',*,*,#9801,.T.);
#9801 = EDGE_CURVE('',#9683,#9802,#9804,.T.);
#9802 = VERTEX_POINT('',#9803);
#9803 = CARTESIAN_POINT('',(24.5,20.,-7.105427357601E-15));
#9804 = LINE('',#9805,#9806);
#9805 = CARTESIAN_POINT('',(24.5,20.,3.));
#9806 = VECTOR('',#9807,1.);
#9807 = DIRECTION('',(-0.,-4.440892098501E-16,-1.));
#9808 = ORIENTED_EDGE('',*,*,#9809,.T.);
#9809 = EDGE_CURVE('',#9802,#9802,#9810,.T.);
#9810 = CIRCLE('',#9811,2.5);
#9811 = AXIS2_PLACEMENT_3D('',#9812,#9813,#9814);
#9812 = CARTESIAN_POINT('',(22.,20.,-4.440892098501E-15));
#9813 = DIRECTION('',(-0.,4.440892098501E-16,1.));
#9814 = DIRECTION('',(1.,0.,0.));
#9815 = ORIENTED_EDGE('',*,*,#9801,.F.);
#9816 = ORIENTED_EDGE('',*,*,#9682,.F.);
#9817 = CYLINDRICAL_SURFACE('',#9818,2.5);
#9818 = AXIS2_PLACEMENT_3D('',#9819,#9820,#9821);
#9819 = CARTESIAN_POINT('',(22.,20.,3.));
#9820 = DIRECTION('',(0.,4.440892098501E-16,1.));
#9821 = DIRECTION('',(1.,0.,0.));
#9822 = ADVANCED_FACE('',(#9823),#9826,.F.);
#9823 = FACE_BOUND('',#9824,.F.);
#9824 = EDGE_LOOP('',(#9825));
#9825 = ORIENTED_EDGE('',*,*,#9809,.T.);
#9826 = PLANE('',#9827);
#9827 = AXIS2_PLACEMENT_3D('',#9828,#9829,#9830);
#9828 = CARTESIAN_POINT('',(9.572080927776E-16,52.5,-1.95399252334E-14)
  );
#9829 = DIRECTION('',(0.,4.440892098501E-16,1.));
#9830 = DIRECTION('',(1.,0.,0.));
#9831 = ADVANCED_FACE('',(#9832),#9840,.T.);
#9832 = FACE_BOUND('',#9833,.T.);
#9833 = EDGE_LOOP('',(#9834,#9835,#9836,#9837,#9838,#9839));
#9834 = ORIENTED_EDGE('',*,*,#9633,.F.);
#9835 = ORIENTED_EDGE('',*,*,#9219,.F.);
#9836 = ORIENTED_EDGE('',*,*,#9250,.F.);
#9837 = ORIENTED_EDGE('',*,*,#9448,.F.);
#9838 = ORIENTED_EDGE('',*,*,#9489,.T.);
#9839 = ORIENTED_EDGE('',*,*,#9543,.T.);
#9840 = PLANE('',#9841);
#9841 = AXIS2_PLACEMENT_3D('',#9842,#9843,#9844);
#9842 = CARTESIAN_POINT('',(-29.7,56.191913682713,7.520586317287));
#9843 = DIRECTION('',(-1.,0.,0.));
#9844 = DIRECTION('',(0.,1.,-2.22044604925E-16));
#9845 = ADVANCED_FACE('',(#9846),#9857,.T.);
#9846 = FACE_BOUND('',#9847,.T.);
#9847 = EDGE_LOOP('',(#9848,#9849,#9850,#9856));
#9848 = ORIENTED_EDGE('',*,*,#9640,.T.);
#9849 = ORIENTED_EDGE('',*,*,#9520,.T.);
#9850 = ORIENTED_EDGE('',*,*,#9851,.F.);
#9851 = EDGE_CURVE('',#9140,#9521,#9852,.T.);
#9852 = LINE('',#9853,#9854);
#9853 = CARTESIAN_POINT('',(30.,98.8,-1.00808250636E-14));
#9854 = VECTOR('',#9855,1.);
#9855 = DIRECTION('',(0.,1.,-3.330669073875E-16));
#9856 = ORIENTED_EDGE('',*,*,#9139,.F.);
#9857 = PLANE('',#9858);
#9858 = AXIS2_PLACEMENT_3D('',#9859,#9860,#9861);
#9859 = CARTESIAN_POINT('',(30.,54.9,1.5));
#9860 = DIRECTION('',(-1.,2.629536350737E-31,1.184237892934E-15));
#9861 = DIRECTION('',(-1.184237892934E-15,-2.22044604925E-16,-1.));
#9862 = ADVANCED_FACE('',(#9863),#9876,.T.);
#9863 = FACE_BOUND('',#9864,.T.);
#9864 = EDGE_LOOP('',(#9865,#9866,#9867,#9873,#9874,#9875));
#9865 = ORIENTED_EDGE('',*,*,#9851,.T.);
#9866 = ORIENTED_EDGE('',*,*,#9528,.T.);
#9867 = ORIENTED_EDGE('',*,*,#9868,.F.);
#9868 = EDGE_CURVE('',#9558,#9529,#9869,.T.);
#9869 = LINE('',#9870,#9871);
#9870 = CARTESIAN_POINT('',(63.15,98.8,-1.00808250636E-14));
#9871 = VECTOR('',#9872,1.);
#9872 = DIRECTION('',(0.,1.,-3.330669073875E-16));
#9873 = ORIENTED_EDGE('',*,*,#9557,.T.);
#9874 = ORIENTED_EDGE('',*,*,#9264,.F.);
#9875 = ORIENTED_EDGE('',*,*,#9147,.F.);
#9876 = PLANE('',#9877);
#9877 = AXIS2_PLACEMENT_3D('',#9878,#9879,#9880);
#9878 = CARTESIAN_POINT('',(64.071125461255,54.571125461255,
    -3.268311205929E-14));
#9879 = DIRECTION('',(0.,-6.944416956114E-16,-1.));
#9880 = DIRECTION('',(0.,1.,-6.944416956114E-16));
#9881 = ADVANCED_FACE('',(#9882),#9892,.T.);
#9882 = FACE_BOUND('',#9883,.T.);
#9883 = EDGE_LOOP('',(#9884,#9885,#9886,#9887,#9888,#9889,#9890,#9891));
#9884 = ORIENTED_EDGE('',*,*,#9187,.F.);
#9885 = ORIENTED_EDGE('',*,*,#9377,.T.);
#9886 = ORIENTED_EDGE('',*,*,#9565,.F.);
#9887 = ORIENTED_EDGE('',*,*,#9868,.T.);
#9888 = ORIENTED_EDGE('',*,*,#9536,.T.);
#9889 = ORIENTED_EDGE('',*,*,#9471,.F.);
#9890 = ORIENTED_EDGE('',*,*,#9619,.T.);
#9891 = ORIENTED_EDGE('',*,*,#9392,.F.);
#9892 = PLANE('',#9893);
#9893 = AXIS2_PLACEMENT_3D('',#9894,#9895,#9896);
#9894 = CARTESIAN_POINT('',(63.15,57.235463962971,12.147963962971));
#9895 = DIRECTION('',(1.,0.,0.));
#9896 = DIRECTION('',(0.,-1.,2.22044604925E-16));
#9897 = MANIFOLD_SOLID_BREP('',#9898);
#9898 = CLOSED_SHELL('',(#9899,#10017,#10050,#10075,#10100,#10117,#10148
    ,#10256,#10364,#10381,#10406,#10431,#10456,#10481,#10512,#10536,
    #10560,#10577,#10644,#10661,#10673,#10707,#10731,#10766,#10783,
    #10817,#10841,#10876,#10893,#10924,#10959,#10983,#11003,#11034,
    #11069,#11093,#11113,#11130,#11147,#11164,#11181,#11193,#11205,
    #11217));
#9899 = ADVANCED_FACE('',(#9900,#9934,#9968,#9979,#9990,#10001),#10012,
  .F.);
#9900 = FACE_BOUND('',#9901,.F.);
#9901 = EDGE_LOOP('',(#9902,#9912,#9920,#9928));
#9902 = ORIENTED_EDGE('',*,*,#9903,.T.);
#9903 = EDGE_CURVE('',#9904,#9906,#9908,.T.);
#9904 = VERTEX_POINT('',#9905);
#9905 = CARTESIAN_POINT('',(-60.55,2.619571226603E-14,37.975));
#9906 = VERTEX_POINT('',#9907);
#9907 = CARTESIAN_POINT('',(-60.55,6.100675520315E-15,7.475));
#9908 = LINE('',#9909,#9910);
#9909 = CARTESIAN_POINT('',(-60.55,2.219890937738E-14,31.975));
#9910 = VECTOR('',#9911,1.);
#9911 = DIRECTION('',(0.,-6.661338147751E-16,-1.));
#9912 = ORIENTED_EDGE('',*,*,#9913,.T.);
#9913 = EDGE_CURVE('',#9906,#9914,#9916,.T.);
#9914 = VERTEX_POINT('',#9915);
#9915 = CARTESIAN_POINT('',(60.55,8.765210779416E-15,7.475));
#9916 = LINE('',#9917,#9918);
#9917 = CARTESIAN_POINT('',(-54.55,8.765210779416E-15,7.475));
#9918 = VECTOR('',#9919,1.);
#9919 = DIRECTION('',(1.,1.084593361899E-32,1.628191420165E-17));
#9920 = ORIENTED_EDGE('',*,*,#9921,.T.);
#9921 = EDGE_CURVE('',#9914,#9922,#9924,.T.);
#9922 = VERTEX_POINT('',#9923);
#9923 = CARTESIAN_POINT('',(60.55,2.619571226603E-14,37.975));
#9924 = LINE('',#9925,#9926);
#9925 = CARTESIAN_POINT('',(60.55,1.187383524837E-14,13.475));
#9926 = VECTOR('',#9927,1.);
#9927 = DIRECTION('',(0.,6.661338147751E-16,1.));
#9928 = ORIENTED_EDGE('',*,*,#9929,.T.);
#9929 = EDGE_CURVE('',#9922,#9904,#9930,.T.);
#9930 = LINE('',#9931,#9932);
#9931 = CARTESIAN_POINT('',(54.55,2.619571226603E-14,37.975));
#9932 = VECTOR('',#9933,1.);
#9933 = DIRECTION('',(-1.,0.,0.));
#9934 = FACE_BOUND('',#9935,.F.);
#9935 = EDGE_LOOP('',(#9936,#9946,#9954,#9962));
#9936 = ORIENTED_EDGE('',*,*,#9937,.F.);
#9937 = EDGE_CURVE('',#9938,#9940,#9942,.T.);
#9938 = VERTEX_POINT('',#9939);
#9939 = CARTESIAN_POINT('',(-106.8,0.,0.));
#9940 = VERTEX_POINT('',#9941);
#9941 = CARTESIAN_POINT('',(106.8,0.,0.));
#9942 = LINE('',#9943,#9944);
#9943 = CARTESIAN_POINT('',(-106.8,0.,0.));
#9944 = VECTOR('',#9945,1.);
#9945 = DIRECTION('',(1.,0.,0.));
#9946 = ORIENTED_EDGE('',*,*,#9947,.F.);
#9947 = EDGE_CURVE('',#9948,#9938,#9950,.T.);
#9948 = VERTEX_POINT('',#9949);
#9949 = CARTESIAN_POINT('',(-106.8,3.454458941121E-14,44.45));
#9950 = LINE('',#9951,#9952);
#9951 = CARTESIAN_POINT('',(-106.8,3.454458941121E-14,44.45));
#9952 = VECTOR('',#9953,1.);
#9953 = DIRECTION('',(0.,-7.771561172376E-16,-1.));
#9954 = ORIENTED_EDGE('',*,*,#9955,.F.);
#9955 = EDGE_CURVE('',#9956,#9948,#9958,.T.);
#9956 = VERTEX_POINT('',#9957);
#9957 = CARTESIAN_POINT('',(106.8,3.454458941121E-14,44.45));
#9958 = LINE('',#9959,#9960);
#9959 = CARTESIAN_POINT('',(106.8,3.454458941121E-14,44.45));
#9960 = VECTOR('',#9961,1.);
#9961 = DIRECTION('',(-1.,0.,0.));
#9962 = ORIENTED_EDGE('',*,*,#9963,.F.);
#9963 = EDGE_CURVE('',#9940,#9956,#9964,.T.);
#9964 = LINE('',#9965,#9966);
#9965 = CARTESIAN_POINT('',(106.8,0.,0.));
#9966 = VECTOR('',#9967,1.);
#9967 = DIRECTION('',(0.,7.771561172376E-16,1.));
#9968 = FACE_BOUND('',#9969,.F.);
#9969 = EDGE_LOOP('',(#9970));
#9970 = ORIENTED_EDGE('',*,*,#9971,.T.);
#9971 = EDGE_CURVE('',#9972,#9972,#9974,.T.);
#9972 = VERTEX_POINT('',#9973);
#9973 = CARTESIAN_POINT('',(-96.8,6.346034808757E-15,14.29));
#9974 = CIRCLE('',#9975,3.2);
#9975 = AXIS2_PLACEMENT_3D('',#9976,#9977,#9978);
#9976 = CARTESIAN_POINT('',(-100.,6.346034808757E-15,14.29));
#9977 = DIRECTION('',(0.,-1.,4.440892098501E-16));
#9978 = DIRECTION('',(1.,0.,0.));
#9979 = FACE_BOUND('',#9980,.F.);
#9980 = EDGE_LOOP('',(#9981));
#9981 = ORIENTED_EDGE('',*,*,#9982,.T.);
#9982 = EDGE_CURVE('',#9983,#9983,#9985,.T.);
#9983 = VERTEX_POINT('',#9984);
#9984 = CARTESIAN_POINT('',(-96.8,1.339373056908E-14,30.16));
#9985 = CIRCLE('',#9986,3.2);
#9986 = AXIS2_PLACEMENT_3D('',#9987,#9988,#9989);
#9987 = CARTESIAN_POINT('',(-100.,1.339373056908E-14,30.16));
#9988 = DIRECTION('',(0.,-1.,4.440892098501E-16));
#9989 = DIRECTION('',(1.,0.,0.));
#9990 = FACE_BOUND('',#9991,.F.);
#9991 = EDGE_LOOP('',(#9992));
#9992 = ORIENTED_EDGE('',*,*,#9993,.T.);
#9993 = EDGE_CURVE('',#9994,#9994,#9996,.T.);
#9994 = VERTEX_POINT('',#9995);
#9995 = CARTESIAN_POINT('',(103.2,6.346034808757E-15,14.29));
#9996 = CIRCLE('',#9997,3.2);
#9997 = AXIS2_PLACEMENT_3D('',#9998,#9999,#10000);
#9998 = CARTESIAN_POINT('',(100.,6.346034808757E-15,14.29));
#9999 = DIRECTION('',(0.,-1.,4.440892098501E-16));
#10000 = DIRECTION('',(1.,0.,0.));
#10001 = FACE_BOUND('',#10002,.F.);
#10002 = EDGE_LOOP('',(#10003));
#10003 = ORIENTED_EDGE('',*,*,#10004,.T.);
#10004 = EDGE_CURVE('',#10005,#10005,#10007,.T.);
#10005 = VERTEX_POINT('',#10006);
#10006 = CARTESIAN_POINT('',(103.2,1.339373056908E-14,30.16));
#10007 = CIRCLE('',#10008,3.2);
#10008 = AXIS2_PLACEMENT_3D('',#10009,#10010,#10011);
#10009 = CARTESIAN_POINT('',(100.,1.339373056908E-14,30.16));
#10010 = DIRECTION('',(0.,-1.,4.440892098501E-16));
#10011 = DIRECTION('',(1.,0.,0.));
#10012 = PLANE('',#10013);
#10013 = AXIS2_PLACEMENT_3D('',#10014,#10015,#10016);
#10014 = CARTESIAN_POINT('',(0.,1.727229470561E-14,22.225));
#10015 = DIRECTION('',(0.,1.,-5.551115123126E-16));
#10016 = DIRECTION('',(0.,5.551115123126E-16,1.));
#10017 = ADVANCED_FACE('',(#10018),#10045,.T.);
#10018 = FACE_BOUND('',#10019,.F.);
#10019 = EDGE_LOOP('',(#10020,#10029,#10037,#10044));
#10020 = ORIENTED_EDGE('',*,*,#10021,.T.);
#10021 = EDGE_CURVE('',#9904,#10022,#10024,.T.);
#10022 = VERTEX_POINT('',#10023);
#10023 = CARTESIAN_POINT('',(-54.55,6.,31.975));
#10024 = ELLIPSE('',#10025,8.485281374239,6.);
#10025 = AXIS2_PLACEMENT_3D('',#10026,#10027,#10028);
#10026 = CARTESIAN_POINT('',(-60.55,6.,37.975));
#10027 = DIRECTION('',(0.707106781187,4.710277376051E-16,0.707106781187)
  );
#10028 = DIRECTION('',(0.707106781187,-4.710277376051E-16,
    -0.707106781187));
#10029 = ORIENTED_EDGE('',*,*,#10030,.T.);
#10030 = EDGE_CURVE('',#10022,#10031,#10033,.T.);
#10031 = VERTEX_POINT('',#10032);
#10032 = CARTESIAN_POINT('',(-54.55,6.,13.475));
#10033 = LINE('',#10034,#10035);
#10034 = CARTESIAN_POINT('',(-54.55,6.,31.975));
#10035 = VECTOR('',#10036,1.);
#10036 = DIRECTION('',(0.,-6.661338147751E-16,-1.));
#10037 = ORIENTED_EDGE('',*,*,#10038,.F.);
#10038 = EDGE_CURVE('',#9906,#10031,#10039,.T.);
#10039 = ELLIPSE('',#10040,8.485281374239,6.);
#10040 = AXIS2_PLACEMENT_3D('',#10041,#10042,#10043);
#10041 = CARTESIAN_POINT('',(-60.55,6.,7.475));
#10042 = DIRECTION('',(-0.707106781187,4.710277376051E-16,0.707106781187
    ));
#10043 = DIRECTION('',(-0.707106781187,-4.710277376051E-16,
    -0.707106781187));
#10044 = ORIENTED_EDGE('',*,*,#9903,.F.);
#10045 = CYLINDRICAL_SURFACE('',#10046,6.);
#10046 = AXIS2_PLACEMENT_3D('',#10047,#10048,#10049);
#10047 = CARTESIAN_POINT('',(-60.55,6.,31.975));
#10048 = DIRECTION('',(0.,-6.661338147751E-16,-1.));
#10049 = DIRECTION('',(0.,-1.,6.661338147751E-16));
#10050 = ADVANCED_FACE('',(#10051),#10070,.T.);
#10051 = FACE_BOUND('',#10052,.F.);
#10052 = EDGE_LOOP('',(#10053,#10062,#10068,#10069));
#10053 = ORIENTED_EDGE('',*,*,#10054,.T.);
#10054 = EDGE_CURVE('',#9922,#10055,#10057,.T.);
#10055 = VERTEX_POINT('',#10056);
#10056 = CARTESIAN_POINT('',(54.55,6.,31.975));
#10057 = ELLIPSE('',#10058,8.485281374239,6.);
#10058 = AXIS2_PLACEMENT_3D('',#10059,#10060,#10061);
#10059 = CARTESIAN_POINT('',(60.55,6.,37.975));
#10060 = DIRECTION('',(0.707106781187,-4.710277376051E-16,
    -0.707106781187));
#10061 = DIRECTION('',(-0.707106781187,-4.710277376051E-16,
    -0.707106781187));
#10062 = ORIENTED_EDGE('',*,*,#10063,.T.);
#10063 = EDGE_CURVE('',#10055,#10022,#10064,.T.);
#10064 = LINE('',#10065,#10066);
#10065 = CARTESIAN_POINT('',(54.55,6.,31.975));
#10066 = VECTOR('',#10067,1.);
#10067 = DIRECTION('',(-1.,0.,0.));
#10068 = ORIENTED_EDGE('',*,*,#10021,.F.);
#10069 = ORIENTED_EDGE('',*,*,#9929,.F.);
#10070 = CYLINDRICAL_SURFACE('',#10071,6.);
#10071 = AXIS2_PLACEMENT_3D('',#10072,#10073,#10074);
#10072 = CARTESIAN_POINT('',(54.55,6.,37.975));
#10073 = DIRECTION('',(-1.,0.,0.));
#10074 = DIRECTION('',(0.,-1.,5.551115123126E-16));
#10075 = ADVANCED_FACE('',(#10076),#10095,.T.);
#10076 = FACE_BOUND('',#10077,.F.);
#10077 = EDGE_LOOP('',(#10078,#10079,#10087,#10094));
#10078 = ORIENTED_EDGE('',*,*,#10038,.T.);
#10079 = ORIENTED_EDGE('',*,*,#10080,.T.);
#10080 = EDGE_CURVE('',#10031,#10081,#10083,.T.);
#10081 = VERTEX_POINT('',#10082);
#10082 = CARTESIAN_POINT('',(54.55,6.,13.475));
#10083 = LINE('',#10084,#10085);
#10084 = CARTESIAN_POINT('',(-54.55,6.,13.475));
#10085 = VECTOR('',#10086,1.);
#10086 = DIRECTION('',(1.,1.084593361899E-32,1.628191420165E-17));
#10087 = ORIENTED_EDGE('',*,*,#10088,.F.);
#10088 = EDGE_CURVE('',#9914,#10081,#10089,.T.);
#10089 = ELLIPSE('',#10090,8.485281374239,6.);
#10090 = AXIS2_PLACEMENT_3D('',#10091,#10092,#10093);
#10091 = CARTESIAN_POINT('',(60.55,6.,7.475));
#10092 = DIRECTION('',(-0.707106781187,-4.710277376051E-16,
    -0.707106781187));
#10093 = DIRECTION('',(0.707106781187,-4.710277376051E-16,
    -0.707106781187));
#10094 = ORIENTED_EDGE('',*,*,#9913,.F.);
#10095 = CYLINDRICAL_SURFACE('',#10096,6.);
#10096 = AXIS2_PLACEMENT_3D('',#10097,#10098,#10099);
#10097 = CARTESIAN_POINT('',(-54.55,6.,7.475));
#10098 = DIRECTION('',(1.,1.084593361899E-32,1.628191420165E-17));
#10099 = DIRECTION('',(1.807655603165E-33,-1.,5.551115123126E-16));
#10100 = ADVANCED_FACE('',(#10101),#10112,.T.);
#10101 = FACE_BOUND('',#10102,.F.);
#10102 = EDGE_LOOP('',(#10103,#10104,#10110,#10111));
#10103 = ORIENTED_EDGE('',*,*,#10088,.T.);
#10104 = ORIENTED_EDGE('',*,*,#10105,.T.);
#10105 = EDGE_CURVE('',#10081,#10055,#10106,.T.);
#10106 = LINE('',#10107,#10108);
#10107 = CARTESIAN_POINT('',(54.55,6.,13.475));
#10108 = VECTOR('',#10109,1.);
#10109 = DIRECTION('',(0.,6.661338147751E-16,1.));
#10110 = ORIENTED_EDGE('',*,*,#10054,.F.);
#10111 = ORIENTED_EDGE('',*,*,#9921,.F.);
#10112 = CYLINDRICAL_SURFACE('',#10113,6.);
#10113 = AXIS2_PLACEMENT_3D('',#10114,#10115,#10116);
#10114 = CARTESIAN_POINT('',(60.55,6.,13.475));
#10115 = DIRECTION('',(0.,6.661338147751E-16,1.));
#10116 = DIRECTION('',(0.,-1.,6.661338147751E-16));
#10117 = ADVANCED_FACE('',(#10118),#10143,.T.);
#10118 = FACE_BOUND('',#10119,.T.);
#10119 = EDGE_LOOP('',(#10120,#10128,#10136,#10142));
#10120 = ORIENTED_EDGE('',*,*,#10121,.T.);
#10121 = EDGE_CURVE('',#9938,#10122,#10124,.T.);
#10122 = VERTEX_POINT('',#10123);
#10123 = CARTESIAN_POINT('',(-106.8,8.,-6.217248937901E-15));
#10124 = LINE('',#10125,#10126);
#10125 = CARTESIAN_POINT('',(-106.8,0.,0.));
#10126 = VECTOR('',#10127,1.);
#10127 = DIRECTION('',(0.,1.,-7.771561172376E-16));
#10128 = ORIENTED_EDGE('',*,*,#10129,.T.);
#10129 = EDGE_CURVE('',#10122,#10130,#10132,.T.);
#10130 = VERTEX_POINT('',#10131);
#10131 = CARTESIAN_POINT('',(106.8,8.,-6.217248937901E-15));
#10132 = LINE('',#10133,#10134);
#10133 = CARTESIAN_POINT('',(-106.8,8.,-6.217248937901E-15));
#10134 = VECTOR('',#10135,1.);
#10135 = DIRECTION('',(1.,0.,0.));
#10136 = ORIENTED_EDGE('',*,*,#10137,.F.);
#10137 = EDGE_CURVE('',#9940,#10130,#10138,.T.);
#10138 = LINE('',#10139,#10140);
#10139 = CARTESIAN_POINT('',(106.8,0.,0.));
#10140 = VECTOR('',#10141,1.);
#10141 = DIRECTION('',(0.,1.,-7.771561172376E-16));
#10142 = ORIENTED_EDGE('',*,*,#9937,.F.);
#10143 = PLANE('',#10144);
#10144 = AXIS2_PLACEMENT_3D('',#10145,#10146,#10147);
#10145 = CARTESIAN_POINT('',(-106.8,0.,0.));
#10146 = DIRECTION('',(0.,-7.771561172376E-16,-1.));
#10147 = DIRECTION('',(1.,0.,0.));
#10148 = ADVANCED_FACE('',(#10149,#10183,#10217),#10251,.T.);
#10149 = FACE_BOUND('',#10150,.T.);
#10150 = EDGE_LOOP('',(#10151,#10159,#10167,#10175,#10181,#10182));
#10151 = ORIENTED_EDGE('',*,*,#10152,.T.);
#10152 = EDGE_CURVE('',#9948,#10153,#10155,.T.);
#10153 = VERTEX_POINT('',#10154);
#10154 = CARTESIAN_POINT('',(-106.8,20.,44.45));
#10155 = LINE('',#10156,#10157);
#10156 = CARTESIAN_POINT('',(-106.8,3.454458941121E-14,44.45));
#10157 = VECTOR('',#10158,1.);
#10158 = DIRECTION('',(0.,1.,-7.771561172376E-16));
#10159 = ORIENTED_EDGE('',*,*,#10160,.T.);
#10160 = EDGE_CURVE('',#10153,#10161,#10163,.T.);
#10161 = VERTEX_POINT('',#10162);
#10162 = CARTESIAN_POINT('',(-106.8,20.,33.625));
#10163 = LINE('',#10164,#10165);
#10164 = CARTESIAN_POINT('',(-106.8,20.,44.45));
#10165 = VECTOR('',#10166,1.);
#10166 = DIRECTION('',(0.,-5.551115123126E-16,-1.));
#10167 = ORIENTED_EDGE('',*,*,#10168,.F.);
#10168 = EDGE_CURVE('',#10169,#10161,#10171,.T.);
#10169 = VERTEX_POINT('',#10170);
#10170 = CARTESIAN_POINT('',(-106.8,8.,33.625));
#10171 = LINE('',#10172,#10173);
#10172 = CARTESIAN_POINT('',(-106.8,8.,33.625));
#10173 = VECTOR('',#10174,1.);
#10174 = DIRECTION('',(0.,1.,-5.551115123126E-16));
#10175 = ORIENTED_EDGE('',*,*,#10176,.T.);
#10176 = EDGE_CURVE('',#10169,#10122,#10177,.T.);
#10177 = LINE('',#10178,#10179);
#10178 = CARTESIAN_POINT('',(-106.8,8.,44.45));
#10179 = VECTOR('',#10180,1.);
#10180 = DIRECTION('',(0.,-7.771561172376E-16,-1.));
#10181 = ORIENTED_EDGE('',*,*,#10121,.F.);
#10182 = ORIENTED_EDGE('',*,*,#9947,.F.);
#10183 = FACE_BOUND('',#10184,.T.);
#10184 = EDGE_LOOP('',(#10185,#10195,#10203,#10211));
#10185 = ORIENTED_EDGE('',*,*,#10186,.T.);
#10186 = EDGE_CURVE('',#10187,#10189,#10191,.T.);
#10187 = VERTEX_POINT('',#10188);
#10188 = CARTESIAN_POINT('',(-106.8,1.35,35.355));
#10189 = VERTEX_POINT('',#10190);
#10190 = CARTESIAN_POINT('',(-106.8,1.35,24.965));
#10191 = LINE('',#10192,#10193);
#10192 = CARTESIAN_POINT('',(-106.8,1.35,23.790166795966));
#10193 = VECTOR('',#10194,1.);
#10194 = DIRECTION('',(0.,-1.110223024625E-16,-1.));
#10195 = ORIENTED_EDGE('',*,*,#10196,.T.);
#10196 = EDGE_CURVE('',#10189,#10197,#10199,.T.);
#10197 = VERTEX_POINT('',#10198);
#10198 = CARTESIAN_POINT('',(-106.8,6.65,24.965));
#10199 = LINE('',#10200,#10201);
#10200 = CARTESIAN_POINT('',(-106.8,4.109833204034,24.965));
#10201 = VECTOR('',#10202,1.);
#10202 = DIRECTION('',(0.,1.,-3.330669073875E-16));
#10203 = ORIENTED_EDGE('',*,*,#10204,.F.);
#10204 = EDGE_CURVE('',#10205,#10197,#10207,.T.);
#10205 = VERTEX_POINT('',#10206);
#10206 = CARTESIAN_POINT('',(-106.8,6.65,35.355));
#10207 = LINE('',#10208,#10209);
#10208 = CARTESIAN_POINT('',(-106.8,6.65,23.790166795966));
#10209 = VECTOR('',#10210,1.);
#10210 = DIRECTION('',(0.,-1.110223024625E-16,-1.));
#10211 = ORIENTED_EDGE('',*,*,#10212,.T.);
#10212 = EDGE_CURVE('',#10205,#10187,#10213,.T.);
#10213 = LINE('',#10214,#10215);
#10214 = CARTESIAN_POINT('',(-106.8,4.109833204034,35.355));
#10215 = VECTOR('',#10216,1.);
#10216 = DIRECTION('',(0.,-1.,3.330669073875E-16));
#10217 = FACE_BOUND('',#10218,.T.);
#10218 = EDGE_LOOP('',(#10219,#10229,#10237,#10245));
#10219 = ORIENTED_EDGE('',*,*,#10220,.T.);
#10220 = EDGE_CURVE('',#10221,#10223,#10225,.T.);
#10221 = VERTEX_POINT('',#10222);
#10222 = CARTESIAN_POINT('',(-106.8,1.35,19.485));
#10223 = VERTEX_POINT('',#10224);
#10224 = CARTESIAN_POINT('',(-106.8,1.35,9.095));
#10225 = LINE('',#10226,#10227);
#10226 = CARTESIAN_POINT('',(-106.8,1.35,23.790166795966));
#10227 = VECTOR('',#10228,1.);
#10228 = DIRECTION('',(0.,-1.110223024625E-16,-1.));
#10229 = ORIENTED_EDGE('',*,*,#10230,.T.);
#10230 = EDGE_CURVE('',#10223,#10231,#10233,.T.);
#10231 = VERTEX_POINT('',#10232);
#10232 = CARTESIAN_POINT('',(-106.8,6.65,9.095));
#10233 = LINE('',#10234,#10235);
#10234 = CARTESIAN_POINT('',(-106.8,4.109833204034,9.095));
#10235 = VECTOR('',#10236,1.);
#10236 = DIRECTION('',(0.,1.,-3.330669073875E-16));
#10237 = ORIENTED_EDGE('',*,*,#10238,.F.);
#10238 = EDGE_CURVE('',#10239,#10231,#10241,.T.);
#10239 = VERTEX_POINT('',#10240);
#10240 = CARTESIAN_POINT('',(-106.8,6.65,19.485));
#10241 = LINE('',#10242,#10243);
#10242 = CARTESIAN_POINT('',(-106.8,6.65,23.790166795966));
#10243 = VECTOR('',#10244,1.);
#10244 = DIRECTION('',(0.,-1.110223024625E-16,-1.));
#10245 = ORIENTED_EDGE('',*,*,#10246,.T.);
#10246 = EDGE_CURVE('',#10239,#10221,#10247,.T.);
#10247 = LINE('',#10248,#10249);
#10248 = CARTESIAN_POINT('',(-106.8,4.109833204034,19.485));
#10249 = VECTOR('',#10250,1.);
#10250 = DIRECTION('',(0.,-1.,3.330669073875E-16));
#10251 = PLANE('',#10252);
#10252 = AXIS2_PLACEMENT_3D('',#10253,#10254,#10255);
#10253 = CARTESIAN_POINT('',(-106.8,6.869666408068,25.355333591932));
#10254 = DIRECTION('',(-1.,0.,-0.));
#10255 = DIRECTION('',(0.,1.,-4.440892098501E-16));
#10256 = ADVANCED_FACE('',(#10257,#10291,#10325),#10359,.T.);
#10257 = FACE_BOUND('',#10258,.T.);
#10258 = EDGE_LOOP('',(#10259,#10260,#10268,#10276,#10284,#10290));
#10259 = ORIENTED_EDGE('',*,*,#10137,.T.);
#10260 = ORIENTED_EDGE('',*,*,#10261,.T.);
#10261 = EDGE_CURVE('',#10130,#10262,#10264,.T.);
#10262 = VERTEX_POINT('',#10263);
#10263 = CARTESIAN_POINT('',(106.8,8.,33.625));
#10264 = LINE('',#10265,#10266);
#10265 = CARTESIAN_POINT('',(106.8,8.,-6.217248937901E-15));
#10266 = VECTOR('',#10267,1.);
#10267 = DIRECTION('',(0.,7.771561172376E-16,1.));
#10268 = ORIENTED_EDGE('',*,*,#10269,.T.);
#10269 = EDGE_CURVE('',#10262,#10270,#10272,.T.);
#10270 = VERTEX_POINT('',#10271);
#10271 = CARTESIAN_POINT('',(106.8,20.,33.625));
#10272 = LINE('',#10273,#10274);
#10273 = CARTESIAN_POINT('',(106.8,8.,33.625));
#10274 = VECTOR('',#10275,1.);
#10275 = DIRECTION('',(0.,1.,-5.551115123126E-16));
#10276 = ORIENTED_EDGE('',*,*,#10277,.T.);
#10277 = EDGE_CURVE('',#10270,#10278,#10280,.T.);
#10278 = VERTEX_POINT('',#10279);
#10279 = CARTESIAN_POINT('',(106.8,20.,44.45));
#10280 = LINE('',#10281,#10282);
#10281 = CARTESIAN_POINT('',(106.8,20.,33.625));
#10282 = VECTOR('',#10283,1.);
#10283 = DIRECTION('',(0.,5.551115123126E-16,1.));
#10284 = ORIENTED_EDGE('',*,*,#10285,.F.);
#10285 = EDGE_CURVE('',#9956,#10278,#10286,.T.);
#10286 = LINE('',#10287,#10288);
#10287 = CARTESIAN_POINT('',(106.8,8.,44.45));
#10288 = VECTOR('',#10289,1.);
#10289 = DIRECTION('',(0.,1.,-5.551115123126E-16));
#10290 = ORIENTED_EDGE('',*,*,#9963,.F.);
#10291 = FACE_BOUND('',#10292,.T.);
#10292 = EDGE_LOOP('',(#10293,#10303,#10311,#10319));
#10293 = ORIENTED_EDGE('',*,*,#10294,.F.);
#10294 = EDGE_CURVE('',#10295,#10297,#10299,.T.);
#10295 = VERTEX_POINT('',#10296);
#10296 = CARTESIAN_POINT('',(106.8,1.35,24.965));
#10297 = VERTEX_POINT('',#10298);
#10298 = CARTESIAN_POINT('',(106.8,6.65,24.965));
#10299 = LINE('',#10300,#10301);
#10300 = CARTESIAN_POINT('',(106.8,4.109833204034,24.965));
#10301 = VECTOR('',#10302,1.);
#10302 = DIRECTION('',(0.,1.,-3.330669073875E-16));
#10303 = ORIENTED_EDGE('',*,*,#10304,.T.);
#10304 = EDGE_CURVE('',#10295,#10305,#10307,.T.);
#10305 = VERTEX_POINT('',#10306);
#10306 = CARTESIAN_POINT('',(106.8,1.35,35.355));
#10307 = LINE('',#10308,#10309);
#10308 = CARTESIAN_POINT('',(106.8,1.35,23.790166795966));
#10309 = VECTOR('',#10310,1.);
#10310 = DIRECTION('',(0.,1.110223024625E-16,1.));
#10311 = ORIENTED_EDGE('',*,*,#10312,.F.);
#10312 = EDGE_CURVE('',#10313,#10305,#10315,.T.);
#10313 = VERTEX_POINT('',#10314);
#10314 = CARTESIAN_POINT('',(106.8,6.65,35.355));
#10315 = LINE('',#10316,#10317);
#10316 = CARTESIAN_POINT('',(106.8,4.109833204034,35.355));
#10317 = VECTOR('',#10318,1.);
#10318 = DIRECTION('',(0.,-1.,3.330669073875E-16));
#10319 = ORIENTED_EDGE('',*,*,#10320,.F.);
#10320 = EDGE_CURVE('',#10297,#10313,#10321,.T.);
#10321 = LINE('',#10322,#10323);
#10322 = CARTESIAN_POINT('',(106.8,6.65,23.790166795966));
#10323 = VECTOR('',#10324,1.);
#10324 = DIRECTION('',(0.,1.110223024625E-16,1.));
#10325 = FACE_BOUND('',#10326,.T.);
#10326 = EDGE_LOOP('',(#10327,#10337,#10345,#10353));
#10327 = ORIENTED_EDGE('',*,*,#10328,.F.);
#10328 = EDGE_CURVE('',#10329,#10331,#10333,.T.);
#10329 = VERTEX_POINT('',#10330);
#10330 = CARTESIAN_POINT('',(106.8,1.35,9.095));
#10331 = VERTEX_POINT('',#10332);
#10332 = CARTESIAN_POINT('',(106.8,6.65,9.095));
#10333 = LINE('',#10334,#10335);
#10334 = CARTESIAN_POINT('',(106.8,4.109833204034,9.095));
#10335 = VECTOR('',#10336,1.);
#10336 = DIRECTION('',(0.,1.,-3.330669073875E-16));
#10337 = ORIENTED_EDGE('',*,*,#10338,.T.);
#10338 = EDGE_CURVE('',#10329,#10339,#10341,.T.);
#10339 = VERTEX_POINT('',#10340);
#10340 = CARTESIAN_POINT('',(106.8,1.35,19.485));
#10341 = LINE('',#10342,#10343);
#10342 = CARTESIAN_POINT('',(106.8,1.35,23.790166795966));
#10343 = VECTOR('',#10344,1.);
#10344 = DIRECTION('',(0.,1.110223024625E-16,1.));
#10345 = ORIENTED_EDGE('',*,*,#10346,.F.);
#10346 = EDGE_CURVE('',#10347,#10339,#10349,.T.);
#10347 = VERTEX_POINT('',#10348);
#10348 = CARTESIAN_POINT('',(106.8,6.65,19.485));
#10349 = LINE('',#10350,#10351);
#10350 = CARTESIAN_POINT('',(106.8,4.109833204034,19.485));
#10351 = VECTOR('',#10352,1.);
#10352 = DIRECTION('',(0.,-1.,3.330669073875E-16));
#10353 = ORIENTED_EDGE('',*,*,#10354,.F.);
#10354 = EDGE_CURVE('',#10331,#10347,#10355,.T.);
#10355 = LINE('',#10356,#10357);
#10356 = CARTESIAN_POINT('',(106.8,6.65,23.790166795966));
#10357 = VECTOR('',#10358,1.);
#10358 = DIRECTION('',(0.,1.110223024625E-16,1.));
#10359 = PLANE('',#10360);
#10360 = AXIS2_PLACEMENT_3D('',#10361,#10362,#10363);
#10361 = CARTESIAN_POINT('',(106.8,6.869666408068,25.355333591932));
#10362 = DIRECTION('',(1.,0.,0.));
#10363 = DIRECTION('',(0.,-1.,4.440892098501E-16));
#10364 = ADVANCED_FACE('',(#10365),#10376,.T.);
#10365 = FACE_BOUND('',#10366,.T.);
#10366 = EDGE_LOOP('',(#10367,#10368,#10374,#10375));
#10367 = ORIENTED_EDGE('',*,*,#10285,.T.);
#10368 = ORIENTED_EDGE('',*,*,#10369,.T.);
#10369 = EDGE_CURVE('',#10278,#10153,#10370,.T.);
#10370 = LINE('',#10371,#10372);
#10371 = CARTESIAN_POINT('',(106.8,20.,44.45));
#10372 = VECTOR('',#10373,1.);
#10373 = DIRECTION('',(-1.,0.,0.));
#10374 = ORIENTED_EDGE('',*,*,#10152,.F.);
#10375 = ORIENTED_EDGE('',*,*,#9955,.F.);
#10376 = PLANE('',#10377);
#10377 = AXIS2_PLACEMENT_3D('',#10378,#10379,#10380);
#10378 = CARTESIAN_POINT('',(0.,10.,44.45));
#10379 = DIRECTION('',(0.,4.440892098501E-16,1.));
#10380 = DIRECTION('',(0.,-1.,4.440892098501E-16));
#10381 = ADVANCED_FACE('',(#10382),#10401,.F.);
#10382 = FACE_BOUND('',#10383,.F.);
#10383 = EDGE_LOOP('',(#10384,#10385,#10393,#10400));
#10384 = ORIENTED_EDGE('',*,*,#9971,.F.);
#10385 = ORIENTED_EDGE('',*,*,#10386,.T.);
#10386 = EDGE_CURVE('',#9972,#10387,#10389,.T.);
#10387 = VERTEX_POINT('',#10388);
#10388 = CARTESIAN_POINT('',(-96.8,1.35,14.29));
#10389 = LINE('',#10390,#10391);
#10390 = CARTESIAN_POINT('',(-96.8,6.346034808757E-15,14.29));
#10391 = VECTOR('',#10392,1.);
#10392 = DIRECTION('',(0.,1.,-4.440892098501E-16));
#10393 = ORIENTED_EDGE('',*,*,#10394,.T.);
#10394 = EDGE_CURVE('',#10387,#10387,#10395,.T.);
#10395 = CIRCLE('',#10396,3.2);
#10396 = AXIS2_PLACEMENT_3D('',#10397,#10398,#10399);
#10397 = CARTESIAN_POINT('',(-100.,1.35,14.29));
#10398 = DIRECTION('',(0.,-1.,4.440892098501E-16));
#10399 = DIRECTION('',(1.,0.,0.));
#10400 = ORIENTED_EDGE('',*,*,#10386,.F.);
#10401 = CYLINDRICAL_SURFACE('',#10402,3.2);
#10402 = AXIS2_PLACEMENT_3D('',#10403,#10404,#10405);
#10403 = CARTESIAN_POINT('',(-100.,6.346034808757E-15,14.29));
#10404 = DIRECTION('',(0.,-1.,4.440892098501E-16));
#10405 = DIRECTION('',(1.,0.,0.));
#10406 = ADVANCED_FACE('',(#10407),#10426,.F.);
#10407 = FACE_BOUND('',#10408,.F.);
#10408 = EDGE_LOOP('',(#10409,#10410,#10418,#10425));
#10409 = ORIENTED_EDGE('',*,*,#9982,.F.);
#10410 = ORIENTED_EDGE('',*,*,#10411,.T.);
#10411 = EDGE_CURVE('',#9983,#10412,#10414,.T.);
#10412 = VERTEX_POINT('',#10413);
#10413 = CARTESIAN_POINT('',(-96.8,1.35,30.16));
#10414 = LINE('',#10415,#10416);
#10415 = CARTESIAN_POINT('',(-96.8,1.339373056908E-14,30.16));
#10416 = VECTOR('',#10417,1.);
#10417 = DIRECTION('',(0.,1.,-4.440892098501E-16));
#10418 = ORIENTED_EDGE('',*,*,#10419,.T.);
#10419 = EDGE_CURVE('',#10412,#10412,#10420,.T.);
#10420 = CIRCLE('',#10421,3.2);
#10421 = AXIS2_PLACEMENT_3D('',#10422,#10423,#10424);
#10422 = CARTESIAN_POINT('',(-100.,1.35,30.16));
#10423 = DIRECTION('',(0.,-1.,4.440892098501E-16));
#10424 = DIRECTION('',(1.,0.,0.));
#10425 = ORIENTED_EDGE('',*,*,#10411,.F.);
#10426 = CYLINDRICAL_SURFACE('',#10427,3.2);
#10427 = AXIS2_PLACEMENT_3D('',#10428,#10429,#10430);
#10428 = CARTESIAN_POINT('',(-100.,1.339373056908E-14,30.16));
#10429 = DIRECTION('',(0.,-1.,4.440892098501E-16));
#10430 = DIRECTION('',(1.,0.,0.));
#10431 = ADVANCED_FACE('',(#10432),#10451,.F.);
#10432 = FACE_BOUND('',#10433,.F.);
#10433 = EDGE_LOOP('',(#10434,#10435,#10443,#10450));
#10434 = ORIENTED_EDGE('',*,*,#9993,.F.);
#10435 = ORIENTED_EDGE('',*,*,#10436,.T.);
#10436 = EDGE_CURVE('',#9994,#10437,#10439,.T.);
#10437 = VERTEX_POINT('',#10438);
#10438 = CARTESIAN_POINT('',(103.2,1.35,14.29));
#10439 = LINE('',#10440,#10441);
#10440 = CARTESIAN_POINT('',(103.2,6.346034808757E-15,14.29));
#10441 = VECTOR('',#10442,1.);
#10442 = DIRECTION('',(0.,1.,-4.440892098501E-16));
#10443 = ORIENTED_EDGE('',*,*,#10444,.T.);
#10444 = EDGE_CURVE('',#10437,#10437,#10445,.T.);
#10445 = CIRCLE('',#10446,3.2);
#10446 = AXIS2_PLACEMENT_3D('',#10447,#10448,#10449);
#10447 = CARTESIAN_POINT('',(100.,1.35,14.29));
#10448 = DIRECTION('',(0.,-1.,4.440892098501E-16));
#10449 = DIRECTION('',(1.,0.,0.));
#10450 = ORIENTED_EDGE('',*,*,#10436,.F.);
#10451 = CYLINDRICAL_SURFACE('',#10452,3.2);
#10452 = AXIS2_PLACEMENT_3D('',#10453,#10454,#10455);
#10453 = CARTESIAN_POINT('',(100.,6.346034808757E-15,14.29));
#10454 = DIRECTION('',(0.,-1.,4.440892098501E-16));
#10455 = DIRECTION('',(1.,0.,0.));
#10456 = ADVANCED_FACE('',(#10457),#10476,.F.);
#10457 = FACE_BOUND('',#10458,.F.);
#10458 = EDGE_LOOP('',(#10459,#10460,#10468,#10475));
#10459 = ORIENTED_EDGE('',*,*,#10004,.F.);
#10460 = ORIENTED_EDGE('',*,*,#10461,.T.);
#10461 = EDGE_CURVE('',#10005,#10462,#10464,.T.);
#10462 = VERTEX_POINT('',#10463);
#10463 = CARTESIAN_POINT('',(103.2,1.35,30.16));
#10464 = LINE('',#10465,#10466);
#10465 = CARTESIAN_POINT('',(103.2,1.339373056908E-14,30.16));
#10466 = VECTOR('',#10467,1.);
#10467 = DIRECTION('',(0.,1.,-4.440892098501E-16));
#10468 = ORIENTED_EDGE('',*,*,#10469,.T.);
#10469 = EDGE_CURVE('',#10462,#10462,#10470,.T.);
#10470 = CIRCLE('',#10471,3.2);
#10471 = AXIS2_PLACEMENT_3D('',#10472,#10473,#10474);
#10472 = CARTESIAN_POINT('',(100.,1.35,30.16));
#10473 = DIRECTION('',(0.,-1.,4.440892098501E-16));
#10474 = DIRECTION('',(1.,0.,0.));
#10475 = ORIENTED_EDGE('',*,*,#10461,.F.);
#10476 = CYLINDRICAL_SURFACE('',#10477,3.2);
#10477 = AXIS2_PLACEMENT_3D('',#10478,#10479,#10480);
#10478 = CARTESIAN_POINT('',(100.,1.339373056908E-14,30.16));
#10479 = DIRECTION('',(0.,-1.,4.440892098501E-16));
#10480 = DIRECTION('',(1.,0.,0.));
#10481 = ADVANCED_FACE('',(#10482),#10507,.F.);
#10482 = FACE_BOUND('',#10483,.F.);
#10483 = EDGE_LOOP('',(#10484,#10492,#10500,#10506));
#10484 = ORIENTED_EDGE('',*,*,#10485,.T.);
#10485 = EDGE_CURVE('',#10022,#10486,#10488,.T.);
#10486 = VERTEX_POINT('',#10487);
#10487 = CARTESIAN_POINT('',(-54.55,8.,31.975));
#10488 = LINE('',#10489,#10490);
#10489 = CARTESIAN_POINT('',(-54.55,2.129962872743E-14,31.975));
#10490 = VECTOR('',#10491,1.);
#10491 = DIRECTION('',(0.,1.,-6.661338147751E-16));
#10492 = ORIENTED_EDGE('',*,*,#10493,.T.);
#10493 = EDGE_CURVE('',#10486,#10494,#10496,.T.);
#10494 = VERTEX_POINT('',#10495);
#10495 = CARTESIAN_POINT('',(-54.55,8.,13.475));
#10496 = LINE('',#10497,#10498);
#10497 = CARTESIAN_POINT('',(-54.55,8.,31.975));
#10498 = VECTOR('',#10499,1.);
#10499 = DIRECTION('',(0.,-6.661338147751E-16,-1.));
#10500 = ORIENTED_EDGE('',*,*,#10501,.F.);
#10501 = EDGE_CURVE('',#10031,#10494,#10502,.T.);
#10502 = LINE('',#10503,#10504);
#10503 = CARTESIAN_POINT('',(-54.55,8.976153154094E-15,13.475));
#10504 = VECTOR('',#10505,1.);
#10505 = DIRECTION('',(0.,1.,-6.661338147751E-16));
#10506 = ORIENTED_EDGE('',*,*,#10030,.F.);
#10507 = PLANE('',#10508);
#10508 = AXIS2_PLACEMENT_3D('',#10509,#10510,#10511);
#10509 = CARTESIAN_POINT('',(-54.55,2.129962872743E-14,31.975));
#10510 = DIRECTION('',(-1.,0.,0.));
#10511 = DIRECTION('',(0.,-6.661338147751E-16,-1.));
#10512 = ADVANCED_FACE('',(#10513),#10531,.F.);
#10513 = FACE_BOUND('',#10514,.F.);
#10514 = EDGE_LOOP('',(#10515,#10523,#10529,#10530));
#10515 = ORIENTED_EDGE('',*,*,#10516,.T.);
#10516 = EDGE_CURVE('',#10055,#10517,#10519,.T.);
#10517 = VERTEX_POINT('',#10518);
#10518 = CARTESIAN_POINT('',(54.55,8.,31.975));
#10519 = LINE('',#10520,#10521);
#10520 = CARTESIAN_POINT('',(54.55,2.129962872743E-14,31.975));
#10521 = VECTOR('',#10522,1.);
#10522 = DIRECTION('',(0.,1.,-6.661338147751E-16));
#10523 = ORIENTED_EDGE('',*,*,#10524,.T.);
#10524 = EDGE_CURVE('',#10517,#10486,#10525,.T.);
#10525 = LINE('',#10526,#10527);
#10526 = CARTESIAN_POINT('',(54.55,8.,31.975));
#10527 = VECTOR('',#10528,1.);
#10528 = DIRECTION('',(-1.,0.,0.));
#10529 = ORIENTED_EDGE('',*,*,#10485,.F.);
#10530 = ORIENTED_EDGE('',*,*,#10063,.F.);
#10531 = PLANE('',#10532);
#10532 = AXIS2_PLACEMENT_3D('',#10533,#10534,#10535);
#10533 = CARTESIAN_POINT('',(54.55,2.129962872743E-14,31.975));
#10534 = DIRECTION('',(0.,6.661338147751E-16,1.));
#10535 = DIRECTION('',(-1.,0.,0.));
#10536 = ADVANCED_FACE('',(#10537),#10555,.F.);
#10537 = FACE_BOUND('',#10538,.F.);
#10538 = EDGE_LOOP('',(#10539,#10540,#10548,#10554));
#10539 = ORIENTED_EDGE('',*,*,#10501,.T.);
#10540 = ORIENTED_EDGE('',*,*,#10541,.T.);
#10541 = EDGE_CURVE('',#10494,#10542,#10544,.T.);
#10542 = VERTEX_POINT('',#10543);
#10543 = CARTESIAN_POINT('',(54.55,8.,13.475));
#10544 = LINE('',#10545,#10546);
#10545 = CARTESIAN_POINT('',(-54.55,8.,13.475));
#10546 = VECTOR('',#10547,1.);
#10547 = DIRECTION('',(1.,1.084593361899E-32,1.628191420165E-17));
#10548 = ORIENTED_EDGE('',*,*,#10549,.F.);
#10549 = EDGE_CURVE('',#10081,#10542,#10550,.T.);
#10550 = LINE('',#10551,#10552);
#10551 = CARTESIAN_POINT('',(54.55,8.976153154094E-15,13.475));
#10552 = VECTOR('',#10553,1.);
#10553 = DIRECTION('',(0.,1.,-6.661338147751E-16));
#10554 = ORIENTED_EDGE('',*,*,#10080,.F.);
#10555 = PLANE('',#10556);
#10556 = AXIS2_PLACEMENT_3D('',#10557,#10558,#10559);
#10557 = CARTESIAN_POINT('',(-54.55,8.976153154094E-15,13.475));
#10558 = DIRECTION('',(1.628191420165E-17,-6.661338147751E-16,-1.));
#10559 = DIRECTION('',(1.,1.084593361899E-32,1.628191420165E-17));
#10560 = ADVANCED_FACE('',(#10561),#10572,.F.);
#10561 = FACE_BOUND('',#10562,.F.);
#10562 = EDGE_LOOP('',(#10563,#10564,#10570,#10571));
#10563 = ORIENTED_EDGE('',*,*,#10549,.T.);
#10564 = ORIENTED_EDGE('',*,*,#10565,.T.);
#10565 = EDGE_CURVE('',#10542,#10517,#10566,.T.);
#10566 = LINE('',#10567,#10568);
#10567 = CARTESIAN_POINT('',(54.55,8.,13.475));
#10568 = VECTOR('',#10569,1.);
#10569 = DIRECTION('',(0.,6.661338147751E-16,1.));
#10570 = ORIENTED_EDGE('',*,*,#10516,.F.);
#10571 = ORIENTED_EDGE('',*,*,#10105,.F.);
#10572 = PLANE('',#10573);
#10573 = AXIS2_PLACEMENT_3D('',#10574,#10575,#10576);
#10574 = CARTESIAN_POINT('',(54.55,8.976153154094E-15,13.475));
#10575 = DIRECTION('',(1.,0.,0.));
#10576 = DIRECTION('',(0.,6.661338147751E-16,1.));
#10577 = ADVANCED_FACE('',(#10578,#10589,#10600,#10611,#10622,#10628),
  #10639,.T.);
#10578 = FACE_BOUND('',#10579,.T.);
#10579 = EDGE_LOOP('',(#10580,#10581,#10582,#10588));
#10580 = ORIENTED_EDGE('',*,*,#10129,.F.);
#10581 = ORIENTED_EDGE('',*,*,#10176,.F.);
#10582 = ORIENTED_EDGE('',*,*,#10583,.T.);
#10583 = EDGE_CURVE('',#10169,#10262,#10584,.T.);
#10584 = LINE('',#10585,#10586);
#10585 = CARTESIAN_POINT('',(-106.8,8.,33.625));
#10586 = VECTOR('',#10587,1.);
#10587 = DIRECTION('',(1.,0.,0.));
#10588 = ORIENTED_EDGE('',*,*,#10261,.F.);
#10589 = FACE_BOUND('',#10590,.T.);
#10590 = EDGE_LOOP('',(#10591));
#10591 = ORIENTED_EDGE('',*,*,#10592,.T.);
#10592 = EDGE_CURVE('',#10593,#10593,#10595,.T.);
#10593 = VERTEX_POINT('',#10594);
#10594 = CARTESIAN_POINT('',(-96.8,8.,14.29));
#10595 = CIRCLE('',#10596,3.2);
#10596 = AXIS2_PLACEMENT_3D('',#10597,#10598,#10599);
#10597 = CARTESIAN_POINT('',(-100.,8.,14.29));
#10598 = DIRECTION('',(0.,-1.,4.440892098501E-16));
#10599 = DIRECTION('',(1.,0.,0.));
#10600 = FACE_BOUND('',#10601,.T.);
#10601 = EDGE_LOOP('',(#10602));
#10602 = ORIENTED_EDGE('',*,*,#10603,.T.);
#10603 = EDGE_CURVE('',#10604,#10604,#10606,.T.);
#10604 = VERTEX_POINT('',#10605);
#10605 = CARTESIAN_POINT('',(-96.8,8.,30.16));
#10606 = CIRCLE('',#10607,3.2);
#10607 = AXIS2_PLACEMENT_3D('',#10608,#10609,#10610);
#10608 = CARTESIAN_POINT('',(-100.,8.,30.16));
#10609 = DIRECTION('',(0.,-1.,4.440892098501E-16));
#10610 = DIRECTION('',(1.,0.,0.));
#10611 = FACE_BOUND('',#10612,.T.);
#10612 = EDGE_LOOP('',(#10613));
#10613 = ORIENTED_EDGE('',*,*,#10614,.T.);
#10614 = EDGE_CURVE('',#10615,#10615,#10617,.T.);
#10615 = VERTEX_POINT('',#10616);
#10616 = CARTESIAN_POINT('',(103.2,8.,14.29));
#10617 = CIRCLE('',#10618,3.2);
#10618 = AXIS2_PLACEMENT_3D('',#10619,#10620,#10621);
#10619 = CARTESIAN_POINT('',(100.,8.,14.29));
#10620 = DIRECTION('',(0.,-1.,4.440892098501E-16));
#10621 = DIRECTION('',(1.,0.,0.));
#10622 = FACE_BOUND('',#10623,.T.);
#10623 = EDGE_LOOP('',(#10624,#10625,#10626,#10627));
#10624 = ORIENTED_EDGE('',*,*,#10493,.T.);
#10625 = ORIENTED_EDGE('',*,*,#10541,.T.);
#10626 = ORIENTED_EDGE('',*,*,#10565,.T.);
#10627 = ORIENTED_EDGE('',*,*,#10524,.T.);
#10628 = FACE_BOUND('',#10629,.T.);
#10629 = EDGE_LOOP('',(#10630));
#10630 = ORIENTED_EDGE('',*,*,#10631,.T.);
#10631 = EDGE_CURVE('',#10632,#10632,#10634,.T.);
#10632 = VERTEX_POINT('',#10633);
#10633 = CARTESIAN_POINT('',(103.2,8.,30.16));
#10634 = CIRCLE('',#10635,3.2);
#10635 = AXIS2_PLACEMENT_3D('',#10636,#10637,#10638);
#10636 = CARTESIAN_POINT('',(100.,8.,30.16));
#10637 = DIRECTION('',(0.,-1.,4.440892098501E-16));
#10638 = DIRECTION('',(1.,0.,0.));
#10639 = PLANE('',#10640);
#10640 = AXIS2_PLACEMENT_3D('',#10641,#10642,#10643);
#10641 = CARTESIAN_POINT('',(0.,8.,22.225));
#10642 = DIRECTION('',(0.,1.,-5.551115123126E-16));
#10643 = DIRECTION('',(0.,5.551115123126E-16,1.));
#10644 = ADVANCED_FACE('',(#10645),#10656,.T.);
#10645 = FACE_BOUND('',#10646,.F.);
#10646 = EDGE_LOOP('',(#10647,#10653,#10654,#10655));
#10647 = ORIENTED_EDGE('',*,*,#10648,.T.);
#10648 = EDGE_CURVE('',#10161,#10270,#10649,.T.);
#10649 = LINE('',#10650,#10651);
#10650 = CARTESIAN_POINT('',(-106.8,20.,33.625));
#10651 = VECTOR('',#10652,1.);
#10652 = DIRECTION('',(1.,0.,0.));
#10653 = ORIENTED_EDGE('',*,*,#10277,.T.);
#10654 = ORIENTED_EDGE('',*,*,#10369,.T.);
#10655 = ORIENTED_EDGE('',*,*,#10160,.T.);
#10656 = PLANE('',#10657);
#10657 = AXIS2_PLACEMENT_3D('',#10658,#10659,#10660);
#10658 = CARTESIAN_POINT('',(5.065694005642E-16,20.,39.0375));
#10659 = DIRECTION('',(0.,1.,-6.612621663991E-16));
#10660 = DIRECTION('',(0.,6.612621663991E-16,1.));
#10661 = ADVANCED_FACE('',(#10662),#10668,.T.);
#10662 = FACE_BOUND('',#10663,.T.);
#10663 = EDGE_LOOP('',(#10664,#10665,#10666,#10667));
#10664 = ORIENTED_EDGE('',*,*,#10168,.T.);
#10665 = ORIENTED_EDGE('',*,*,#10648,.T.);
#10666 = ORIENTED_EDGE('',*,*,#10269,.F.);
#10667 = ORIENTED_EDGE('',*,*,#10583,.F.);
#10668 = PLANE('',#10669);
#10669 = AXIS2_PLACEMENT_3D('',#10670,#10671,#10672);
#10670 = CARTESIAN_POINT('',(-106.8,8.,33.625));
#10671 = DIRECTION('',(0.,-5.551115123126E-16,-1.));
#10672 = DIRECTION('',(1.,0.,0.));
#10673 = ADVANCED_FACE('',(#10674,#10699),#10702,.T.);
#10674 = FACE_BOUND('',#10675,.T.);
#10675 = EDGE_LOOP('',(#10676,#10686,#10692,#10693));
#10676 = ORIENTED_EDGE('',*,*,#10677,.T.);
#10677 = EDGE_CURVE('',#10678,#10680,#10682,.T.);
#10678 = VERTEX_POINT('',#10679);
#10679 = CARTESIAN_POINT('',(-93.87453578387,1.35,35.355));
#10680 = VERTEX_POINT('',#10681);
#10681 = CARTESIAN_POINT('',(-93.87453578387,1.35,24.965));
#10682 = LINE('',#10683,#10684);
#10683 = CARTESIAN_POINT('',(-93.87453578387,1.35,35.355));
#10684 = VECTOR('',#10685,1.);
#10685 = DIRECTION('',(0.,-3.330669073875E-16,-1.));
#10686 = ORIENTED_EDGE('',*,*,#10687,.T.);
#10687 = EDGE_CURVE('',#10680,#10189,#10688,.T.);
#10688 = LINE('',#10689,#10690);
#10689 = CARTESIAN_POINT('',(-93.87453578387,1.35,24.965));
#10690 = VECTOR('',#10691,1.);
#10691 = DIRECTION('',(-1.,0.,0.));
#10692 = ORIENTED_EDGE('',*,*,#10186,.F.);
#10693 = ORIENTED_EDGE('',*,*,#10694,.T.);
#10694 = EDGE_CURVE('',#10187,#10678,#10695,.T.);
#10695 = LINE('',#10696,#10697);
#10696 = CARTESIAN_POINT('',(-107.3,1.35,35.355));
#10697 = VECTOR('',#10698,1.);
#10698 = DIRECTION('',(1.,0.,0.));
#10699 = FACE_BOUND('',#10700,.T.);
#10700 = EDGE_LOOP('',(#10701));
#10701 = ORIENTED_EDGE('',*,*,#10419,.T.);
#10702 = PLANE('',#10703);
#10703 = AXIS2_PLACEMENT_3D('',#10704,#10705,#10706);
#10704 = CARTESIAN_POINT('',(-6.563777235188E-15,1.35,22.225));
#10705 = DIRECTION('',(0.,1.,-1.110223024625E-16));
#10706 = DIRECTION('',(0.,1.110223024625E-16,1.));
#10707 = ADVANCED_FACE('',(#10708),#10726,.T.);
#10708 = FACE_BOUND('',#10709,.T.);
#10709 = EDGE_LOOP('',(#10710,#10711,#10712,#10720));
#10710 = ORIENTED_EDGE('',*,*,#10694,.F.);
#10711 = ORIENTED_EDGE('',*,*,#10212,.F.);
#10712 = ORIENTED_EDGE('',*,*,#10713,.T.);
#10713 = EDGE_CURVE('',#10205,#10714,#10716,.T.);
#10714 = VERTEX_POINT('',#10715);
#10715 = CARTESIAN_POINT('',(-93.87453578387,6.65,35.355));
#10716 = LINE('',#10717,#10718);
#10717 = CARTESIAN_POINT('',(-107.3,6.65,35.355));
#10718 = VECTOR('',#10719,1.);
#10719 = DIRECTION('',(1.,0.,0.));
#10720 = ORIENTED_EDGE('',*,*,#10721,.F.);
#10721 = EDGE_CURVE('',#10678,#10714,#10722,.T.);
#10722 = LINE('',#10723,#10724);
#10723 = CARTESIAN_POINT('',(-93.87453578387,1.35,35.355));
#10724 = VECTOR('',#10725,1.);
#10725 = DIRECTION('',(0.,1.,-3.330669073875E-16));
#10726 = PLANE('',#10727);
#10727 = AXIS2_PLACEMENT_3D('',#10728,#10729,#10730);
#10728 = CARTESIAN_POINT('',(-107.3,1.35,35.355));
#10729 = DIRECTION('',(0.,-3.330669073875E-16,-1.));
#10730 = DIRECTION('',(1.,0.,0.));
#10731 = ADVANCED_FACE('',(#10732,#10750),#10761,.F.);
#10732 = FACE_BOUND('',#10733,.F.);
#10733 = EDGE_LOOP('',(#10734,#10742,#10748,#10749));
#10734 = ORIENTED_EDGE('',*,*,#10735,.T.);
#10735 = EDGE_CURVE('',#10714,#10736,#10738,.T.);
#10736 = VERTEX_POINT('',#10737);
#10737 = CARTESIAN_POINT('',(-93.87453578387,6.65,24.965));
#10738 = LINE('',#10739,#10740);
#10739 = CARTESIAN_POINT('',(-93.87453578387,6.65,35.355));
#10740 = VECTOR('',#10741,1.);
#10741 = DIRECTION('',(0.,-3.330669073875E-16,-1.));
#10742 = ORIENTED_EDGE('',*,*,#10743,.T.);
#10743 = EDGE_CURVE('',#10736,#10197,#10744,.T.);
#10744 = LINE('',#10745,#10746);
#10745 = CARTESIAN_POINT('',(-93.87453578387,6.65,24.965));
#10746 = VECTOR('',#10747,1.);
#10747 = DIRECTION('',(-1.,0.,0.));
#10748 = ORIENTED_EDGE('',*,*,#10204,.F.);
#10749 = ORIENTED_EDGE('',*,*,#10713,.T.);
#10750 = FACE_BOUND('',#10751,.F.);
#10751 = EDGE_LOOP('',(#10752));
#10752 = ORIENTED_EDGE('',*,*,#10753,.T.);
#10753 = EDGE_CURVE('',#10754,#10754,#10756,.T.);
#10754 = VERTEX_POINT('',#10755);
#10755 = CARTESIAN_POINT('',(-96.8,6.65,30.16));
#10756 = CIRCLE('',#10757,3.2);
#10757 = AXIS2_PLACEMENT_3D('',#10758,#10759,#10760);
#10758 = CARTESIAN_POINT('',(-100.,6.65,30.16));
#10759 = DIRECTION('',(0.,-1.,4.440892098501E-16));
#10760 = DIRECTION('',(1.,0.,0.));
#10761 = PLANE('',#10762);
#10762 = AXIS2_PLACEMENT_3D('',#10763,#10764,#10765);
#10763 = CARTESIAN_POINT('',(-6.563777235188E-15,6.65,22.225));
#10764 = DIRECTION('',(0.,1.,-1.110223024625E-16));
#10765 = DIRECTION('',(0.,1.110223024625E-16,1.));
#10766 = ADVANCED_FACE('',(#10767),#10778,.T.);
#10767 = FACE_BOUND('',#10768,.T.);
#10768 = EDGE_LOOP('',(#10769,#10770,#10776,#10777));
#10769 = ORIENTED_EDGE('',*,*,#10687,.F.);
#10770 = ORIENTED_EDGE('',*,*,#10771,.T.);
#10771 = EDGE_CURVE('',#10680,#10736,#10772,.T.);
#10772 = LINE('',#10773,#10774);
#10773 = CARTESIAN_POINT('',(-93.87453578387,1.35,24.965));
#10774 = VECTOR('',#10775,1.);
#10775 = DIRECTION('',(0.,1.,-3.330669073875E-16));
#10776 = ORIENTED_EDGE('',*,*,#10743,.T.);
#10777 = ORIENTED_EDGE('',*,*,#10196,.F.);
#10778 = PLANE('',#10779);
#10779 = AXIS2_PLACEMENT_3D('',#10780,#10781,#10782);
#10780 = CARTESIAN_POINT('',(-93.87453578387,1.35,24.965));
#10781 = DIRECTION('',(0.,3.330669073875E-16,1.));
#10782 = DIRECTION('',(-1.,0.,0.));
#10783 = ADVANCED_FACE('',(#10784,#10809),#10812,.T.);
#10784 = FACE_BOUND('',#10785,.T.);
#10785 = EDGE_LOOP('',(#10786,#10796,#10802,#10803));
#10786 = ORIENTED_EDGE('',*,*,#10787,.T.);
#10787 = EDGE_CURVE('',#10788,#10790,#10792,.T.);
#10788 = VERTEX_POINT('',#10789);
#10789 = CARTESIAN_POINT('',(-93.87453578387,1.35,19.485));
#10790 = VERTEX_POINT('',#10791);
#10791 = CARTESIAN_POINT('',(-93.87453578387,1.35,9.095));
#10792 = LINE('',#10793,#10794);
#10793 = CARTESIAN_POINT('',(-93.87453578387,1.35,19.485));
#10794 = VECTOR('',#10795,1.);
#10795 = DIRECTION('',(0.,-3.330669073875E-16,-1.));
#10796 = ORIENTED_EDGE('',*,*,#10797,.T.);
#10797 = EDGE_CURVE('',#10790,#10223,#10798,.T.);
#10798 = LINE('',#10799,#10800);
#10799 = CARTESIAN_POINT('',(-93.87453578387,1.35,9.095));
#10800 = VECTOR('',#10801,1.);
#10801 = DIRECTION('',(-1.,0.,0.));
#10802 = ORIENTED_EDGE('',*,*,#10220,.F.);
#10803 = ORIENTED_EDGE('',*,*,#10804,.T.);
#10804 = EDGE_CURVE('',#10221,#10788,#10805,.T.);
#10805 = LINE('',#10806,#10807);
#10806 = CARTESIAN_POINT('',(-107.3,1.35,19.485));
#10807 = VECTOR('',#10808,1.);
#10808 = DIRECTION('',(1.,0.,0.));
#10809 = FACE_BOUND('',#10810,.T.);
#10810 = EDGE_LOOP('',(#10811));
#10811 = ORIENTED_EDGE('',*,*,#10394,.T.);
#10812 = PLANE('',#10813);
#10813 = AXIS2_PLACEMENT_3D('',#10814,#10815,#10816);
#10814 = CARTESIAN_POINT('',(-6.563777235188E-15,1.35,22.225));
#10815 = DIRECTION('',(0.,1.,-1.110223024625E-16));
#10816 = DIRECTION('',(0.,1.110223024625E-16,1.));
#10817 = ADVANCED_FACE('',(#10818),#10836,.T.);
#10818 = FACE_BOUND('',#10819,.T.);
#10819 = EDGE_LOOP('',(#10820,#10821,#10822,#10830));
#10820 = ORIENTED_EDGE('',*,*,#10804,.F.);
#10821 = ORIENTED_EDGE('',*,*,#10246,.F.);
#10822 = ORIENTED_EDGE('',*,*,#10823,.T.);
#10823 = EDGE_CURVE('',#10239,#10824,#10826,.T.);
#10824 = VERTEX_POINT('',#10825);
#10825 = CARTESIAN_POINT('',(-93.87453578387,6.65,19.485));
#10826 = LINE('',#10827,#10828);
#10827 = CARTESIAN_POINT('',(-107.3,6.65,19.485));
#10828 = VECTOR('',#10829,1.);
#10829 = DIRECTION('',(1.,0.,0.));
#10830 = ORIENTED_EDGE('',*,*,#10831,.F.);
#10831 = EDGE_CURVE('',#10788,#10824,#10832,.T.);
#10832 = LINE('',#10833,#10834);
#10833 = CARTESIAN_POINT('',(-93.87453578387,1.35,19.485));
#10834 = VECTOR('',#10835,1.);
#10835 = DIRECTION('',(0.,1.,-3.330669073875E-16));
#10836 = PLANE('',#10837);
#10837 = AXIS2_PLACEMENT_3D('',#10838,#10839,#10840);
#10838 = CARTESIAN_POINT('',(-107.3,1.35,19.485));
#10839 = DIRECTION('',(0.,-3.330669073875E-16,-1.));
#10840 = DIRECTION('',(1.,0.,0.));
#10841 = ADVANCED_FACE('',(#10842,#10860),#10871,.F.);
#10842 = FACE_BOUND('',#10843,.F.);
#10843 = EDGE_LOOP('',(#10844,#10852,#10858,#10859));
#10844 = ORIENTED_EDGE('',*,*,#10845,.T.);
#10845 = EDGE_CURVE('',#10824,#10846,#10848,.T.);
#10846 = VERTEX_POINT('',#10847);
#10847 = CARTESIAN_POINT('',(-93.87453578387,6.65,9.095));
#10848 = LINE('',#10849,#10850);
#10849 = CARTESIAN_POINT('',(-93.87453578387,6.65,19.485));
#10850 = VECTOR('',#10851,1.);
#10851 = DIRECTION('',(0.,-3.330669073875E-16,-1.));
#10852 = ORIENTED_EDGE('',*,*,#10853,.T.);
#10853 = EDGE_CURVE('',#10846,#10231,#10854,.T.);
#10854 = LINE('',#10855,#10856);
#10855 = CARTESIAN_POINT('',(-93.87453578387,6.65,9.095));
#10856 = VECTOR('',#10857,1.);
#10857 = DIRECTION('',(-1.,0.,0.));
#10858 = ORIENTED_EDGE('',*,*,#10238,.F.);
#10859 = ORIENTED_EDGE('',*,*,#10823,.T.);
#10860 = FACE_BOUND('',#10861,.F.);
#10861 = EDGE_LOOP('',(#10862));
#10862 = ORIENTED_EDGE('',*,*,#10863,.T.);
#10863 = EDGE_CURVE('',#10864,#10864,#10866,.T.);
#10864 = VERTEX_POINT('',#10865);
#10865 = CARTESIAN_POINT('',(-96.8,6.65,14.29));
#10866 = CIRCLE('',#10867,3.2);
#10867 = AXIS2_PLACEMENT_3D('',#10868,#10869,#10870);
#10868 = CARTESIAN_POINT('',(-100.,6.65,14.29));
#10869 = DIRECTION('',(0.,-1.,4.440892098501E-16));
#10870 = DIRECTION('',(1.,0.,0.));
#10871 = PLANE('',#10872);
#10872 = AXIS2_PLACEMENT_3D('',#10873,#10874,#10875);
#10873 = CARTESIAN_POINT('',(-6.563777235188E-15,6.65,22.225));
#10874 = DIRECTION('',(0.,1.,-1.110223024625E-16));
#10875 = DIRECTION('',(0.,1.110223024625E-16,1.));
#10876 = ADVANCED_FACE('',(#10877),#10888,.T.);
#10877 = FACE_BOUND('',#10878,.T.);
#10878 = EDGE_LOOP('',(#10879,#10880,#10886,#10887));
#10879 = ORIENTED_EDGE('',*,*,#10797,.F.);
#10880 = ORIENTED_EDGE('',*,*,#10881,.T.);
#10881 = EDGE_CURVE('',#10790,#10846,#10882,.T.);
#10882 = LINE('',#10883,#10884);
#10883 = CARTESIAN_POINT('',(-93.87453578387,1.35,9.095));
#10884 = VECTOR('',#10885,1.);
#10885 = DIRECTION('',(0.,1.,-3.330669073875E-16));
#10886 = ORIENTED_EDGE('',*,*,#10853,.T.);
#10887 = ORIENTED_EDGE('',*,*,#10230,.F.);
#10888 = PLANE('',#10889);
#10889 = AXIS2_PLACEMENT_3D('',#10890,#10891,#10892);
#10890 = CARTESIAN_POINT('',(-93.87453578387,1.35,9.095));
#10891 = DIRECTION('',(0.,3.330669073875E-16,1.));
#10892 = DIRECTION('',(-1.,0.,0.));
#10893 = ADVANCED_FACE('',(#10894),#10919,.F.);
#10894 = FACE_BOUND('',#10895,.F.);
#10895 = EDGE_LOOP('',(#10896,#10904,#10912,#10918));
#10896 = ORIENTED_EDGE('',*,*,#10897,.F.);
#10897 = EDGE_CURVE('',#10898,#10295,#10900,.T.);
#10898 = VERTEX_POINT('',#10899);
#10899 = CARTESIAN_POINT('',(93.874535783877,1.35,24.965));
#10900 = LINE('',#10901,#10902);
#10901 = CARTESIAN_POINT('',(93.874535783877,1.35,24.965));
#10902 = VECTOR('',#10903,1.);
#10903 = DIRECTION('',(1.,0.,0.));
#10904 = ORIENTED_EDGE('',*,*,#10905,.T.);
#10905 = EDGE_CURVE('',#10898,#10906,#10908,.T.);
#10906 = VERTEX_POINT('',#10907);
#10907 = CARTESIAN_POINT('',(93.874535783877,6.65,24.965));
#10908 = LINE('',#10909,#10910);
#10909 = CARTESIAN_POINT('',(93.874535783877,1.35,24.965));
#10910 = VECTOR('',#10911,1.);
#10911 = DIRECTION('',(0.,1.,-3.330669073875E-16));
#10912 = ORIENTED_EDGE('',*,*,#10913,.T.);
#10913 = EDGE_CURVE('',#10906,#10297,#10914,.T.);
#10914 = LINE('',#10915,#10916);
#10915 = CARTESIAN_POINT('',(93.874535783877,6.65,24.965));
#10916 = VECTOR('',#10917,1.);
#10917 = DIRECTION('',(1.,0.,0.));
#10918 = ORIENTED_EDGE('',*,*,#10294,.F.);
#10919 = PLANE('',#10920);
#10920 = AXIS2_PLACEMENT_3D('',#10921,#10922,#10923);
#10921 = CARTESIAN_POINT('',(93.874535783877,1.35,24.965));
#10922 = DIRECTION('',(0.,-3.330669073875E-16,-1.));
#10923 = DIRECTION('',(1.,0.,0.));
#10924 = ADVANCED_FACE('',(#10925,#10943),#10954,.F.);
#10925 = FACE_BOUND('',#10926,.F.);
#10926 = EDGE_LOOP('',(#10927,#10928,#10936,#10942));
#10927 = ORIENTED_EDGE('',*,*,#10913,.F.);
#10928 = ORIENTED_EDGE('',*,*,#10929,.F.);
#10929 = EDGE_CURVE('',#10930,#10906,#10932,.T.);
#10930 = VERTEX_POINT('',#10931);
#10931 = CARTESIAN_POINT('',(93.874535783877,6.65,35.355));
#10932 = LINE('',#10933,#10934);
#10933 = CARTESIAN_POINT('',(93.874535783877,6.65,35.355));
#10934 = VECTOR('',#10935,1.);
#10935 = DIRECTION('',(0.,-3.330669073875E-16,-1.));
#10936 = ORIENTED_EDGE('',*,*,#10937,.F.);
#10937 = EDGE_CURVE('',#10313,#10930,#10938,.T.);
#10938 = LINE('',#10939,#10940);
#10939 = CARTESIAN_POINT('',(107.3,6.65,35.355));
#10940 = VECTOR('',#10941,1.);
#10941 = DIRECTION('',(-1.,0.,0.));
#10942 = ORIENTED_EDGE('',*,*,#10320,.F.);
#10943 = FACE_BOUND('',#10944,.F.);
#10944 = EDGE_LOOP('',(#10945));
#10945 = ORIENTED_EDGE('',*,*,#10946,.T.);
#10946 = EDGE_CURVE('',#10947,#10947,#10949,.T.);
#10947 = VERTEX_POINT('',#10948);
#10948 = CARTESIAN_POINT('',(103.2,6.65,30.16));
#10949 = CIRCLE('',#10950,3.2);
#10950 = AXIS2_PLACEMENT_3D('',#10951,#10952,#10953);
#10951 = CARTESIAN_POINT('',(100.,6.65,30.16));
#10952 = DIRECTION('',(0.,-1.,4.440892098501E-16));
#10953 = DIRECTION('',(1.,0.,0.));
#10954 = PLANE('',#10955);
#10955 = AXIS2_PLACEMENT_3D('',#10956,#10957,#10958);
#10956 = CARTESIAN_POINT('',(-6.563777235188E-15,6.65,22.225));
#10957 = DIRECTION('',(0.,1.,-1.110223024625E-16));
#10958 = DIRECTION('',(0.,1.110223024625E-16,1.));
#10959 = ADVANCED_FACE('',(#10960),#10978,.F.);
#10960 = FACE_BOUND('',#10961,.F.);
#10961 = EDGE_LOOP('',(#10962,#10970,#10971,#10972));
#10962 = ORIENTED_EDGE('',*,*,#10963,.F.);
#10963 = EDGE_CURVE('',#10305,#10964,#10966,.T.);
#10964 = VERTEX_POINT('',#10965);
#10965 = CARTESIAN_POINT('',(93.874535783877,1.35,35.355));
#10966 = LINE('',#10967,#10968);
#10967 = CARTESIAN_POINT('',(107.3,1.35,35.355));
#10968 = VECTOR('',#10969,1.);
#10969 = DIRECTION('',(-1.,0.,0.));
#10970 = ORIENTED_EDGE('',*,*,#10312,.F.);
#10971 = ORIENTED_EDGE('',*,*,#10937,.T.);
#10972 = ORIENTED_EDGE('',*,*,#10973,.F.);
#10973 = EDGE_CURVE('',#10964,#10930,#10974,.T.);
#10974 = LINE('',#10975,#10976);
#10975 = CARTESIAN_POINT('',(93.874535783877,1.35,35.355));
#10976 = VECTOR('',#10977,1.);
#10977 = DIRECTION('',(0.,1.,-3.330669073875E-16));
#10978 = PLANE('',#10979);
#10979 = AXIS2_PLACEMENT_3D('',#10980,#10981,#10982);
#10980 = CARTESIAN_POINT('',(107.3,1.35,35.355));
#10981 = DIRECTION('',(0.,3.330669073875E-16,1.));
#10982 = DIRECTION('',(-1.,0.,0.));
#10983 = ADVANCED_FACE('',(#10984,#10995),#10998,.T.);
#10984 = FACE_BOUND('',#10985,.T.);
#10985 = EDGE_LOOP('',(#10986,#10987,#10993,#10994));
#10986 = ORIENTED_EDGE('',*,*,#10897,.F.);
#10987 = ORIENTED_EDGE('',*,*,#10988,.F.);
#10988 = EDGE_CURVE('',#10964,#10898,#10989,.T.);
#10989 = LINE('',#10990,#10991);
#10990 = CARTESIAN_POINT('',(93.874535783877,1.35,35.355));
#10991 = VECTOR('',#10992,1.);
#10992 = DIRECTION('',(0.,-3.330669073875E-16,-1.));
#10993 = ORIENTED_EDGE('',*,*,#10963,.F.);
#10994 = ORIENTED_EDGE('',*,*,#10304,.F.);
#10995 = FACE_BOUND('',#10996,.T.);
#10996 = EDGE_LOOP('',(#10997));
#10997 = ORIENTED_EDGE('',*,*,#10469,.T.);
#10998 = PLANE('',#10999);
#10999 = AXIS2_PLACEMENT_3D('',#11000,#11001,#11002);
#11000 = CARTESIAN_POINT('',(-6.563777235188E-15,1.35,22.225));
#11001 = DIRECTION('',(0.,1.,-1.110223024625E-16));
#11002 = DIRECTION('',(0.,1.110223024625E-16,1.));
#11003 = ADVANCED_FACE('',(#11004),#11029,.F.);
#11004 = FACE_BOUND('',#11005,.F.);
#11005 = EDGE_LOOP('',(#11006,#11014,#11022,#11028));
#11006 = ORIENTED_EDGE('',*,*,#11007,.F.);
#11007 = EDGE_CURVE('',#11008,#10329,#11010,.T.);
#11008 = VERTEX_POINT('',#11009);
#11009 = CARTESIAN_POINT('',(93.874535783877,1.35,9.095));
#11010 = LINE('',#11011,#11012);
#11011 = CARTESIAN_POINT('',(93.874535783877,1.35,9.095));
#11012 = VECTOR('',#11013,1.);
#11013 = DIRECTION('',(1.,0.,0.));
#11014 = ORIENTED_EDGE('',*,*,#11015,.T.);
#11015 = EDGE_CURVE('',#11008,#11016,#11018,.T.);
#11016 = VERTEX_POINT('',#11017);
#11017 = CARTESIAN_POINT('',(93.874535783877,6.65,9.095));
#11018 = LINE('',#11019,#11020);
#11019 = CARTESIAN_POINT('',(93.874535783877,1.35,9.095));
#11020 = VECTOR('',#11021,1.);
#11021 = DIRECTION('',(0.,1.,-3.330669073875E-16));
#11022 = ORIENTED_EDGE('',*,*,#11023,.T.);
#11023 = EDGE_CURVE('',#11016,#10331,#11024,.T.);
#11024 = LINE('',#11025,#11026);
#11025 = CARTESIAN_POINT('',(93.874535783877,6.65,9.095));
#11026 = VECTOR('',#11027,1.);
#11027 = DIRECTION('',(1.,0.,0.));
#11028 = ORIENTED_EDGE('',*,*,#10328,.F.);
#11029 = PLANE('',#11030);
#11030 = AXIS2_PLACEMENT_3D('',#11031,#11032,#11033);
#11031 = CARTESIAN_POINT('',(93.874535783877,1.35,9.095));
#11032 = DIRECTION('',(0.,-3.330669073875E-16,-1.));
#11033 = DIRECTION('',(1.,0.,0.));
#11034 = ADVANCED_FACE('',(#11035,#11053),#11064,.F.);
#11035 = FACE_BOUND('',#11036,.F.);
#11036 = EDGE_LOOP('',(#11037,#11038,#11046,#11052));
#11037 = ORIENTED_EDGE('',*,*,#11023,.F.);
#11038 = ORIENTED_EDGE('',*,*,#11039,.F.);
#11039 = EDGE_CURVE('',#11040,#11016,#11042,.T.);
#11040 = VERTEX_POINT('',#11041);
#11041 = CARTESIAN_POINT('',(93.874535783877,6.65,19.485));
#11042 = LINE('',#11043,#11044);
#11043 = CARTESIAN_POINT('',(93.874535783877,6.65,19.485));
#11044 = VECTOR('',#11045,1.);
#11045 = DIRECTION('',(0.,-3.330669073875E-16,-1.));
#11046 = ORIENTED_EDGE('',*,*,#11047,.F.);
#11047 = EDGE_CURVE('',#10347,#11040,#11048,.T.);
#11048 = LINE('',#11049,#11050);
#11049 = CARTESIAN_POINT('',(107.3,6.65,19.485));
#11050 = VECTOR('',#11051,1.);
#11051 = DIRECTION('',(-1.,0.,0.));
#11052 = ORIENTED_EDGE('',*,*,#10354,.F.);
#11053 = FACE_BOUND('',#11054,.F.);
#11054 = EDGE_LOOP('',(#11055));
#11055 = ORIENTED_EDGE('',*,*,#11056,.T.);
#11056 = EDGE_CURVE('',#11057,#11057,#11059,.T.);
#11057 = VERTEX_POINT('',#11058);
#11058 = CARTESIAN_POINT('',(103.2,6.65,14.29));
#11059 = CIRCLE('',#11060,3.2);
#11060 = AXIS2_PLACEMENT_3D('',#11061,#11062,#11063);
#11061 = CARTESIAN_POINT('',(100.,6.65,14.29));
#11062 = DIRECTION('',(0.,-1.,4.440892098501E-16));
#11063 = DIRECTION('',(1.,0.,0.));
#11064 = PLANE('',#11065);
#11065 = AXIS2_PLACEMENT_3D('',#11066,#11067,#11068);
#11066 = CARTESIAN_POINT('',(-6.563777235188E-15,6.65,22.225));
#11067 = DIRECTION('',(0.,1.,-1.110223024625E-16));
#11068 = DIRECTION('',(0.,1.110223024625E-16,1.));
#11069 = ADVANCED_FACE('',(#11070),#11088,.F.);
#11070 = FACE_BOUND('',#11071,.F.);
#11071 = EDGE_LOOP('',(#11072,#11080,#11081,#11082));
#11072 = ORIENTED_EDGE('',*,*,#11073,.F.);
#11073 = EDGE_CURVE('',#10339,#11074,#11076,.T.);
#11074 = VERTEX_POINT('',#11075);
#11075 = CARTESIAN_POINT('',(93.874535783877,1.35,19.485));
#11076 = LINE('',#11077,#11078);
#11077 = CARTESIAN_POINT('',(107.3,1.35,19.485));
#11078 = VECTOR('',#11079,1.);
#11079 = DIRECTION('',(-1.,0.,0.));
#11080 = ORIENTED_EDGE('',*,*,#10346,.F.);
#11081 = ORIENTED_EDGE('',*,*,#11047,.T.);
#11082 = ORIENTED_EDGE('',*,*,#11083,.F.);
#11083 = EDGE_CURVE('',#11074,#11040,#11084,.T.);
#11084 = LINE('',#11085,#11086);
#11085 = CARTESIAN_POINT('',(93.874535783877,1.35,19.485));
#11086 = VECTOR('',#11087,1.);
#11087 = DIRECTION('',(0.,1.,-3.330669073875E-16));
#11088 = PLANE('',#11089);
#11089 = AXIS2_PLACEMENT_3D('',#11090,#11091,#11092);
#11090 = CARTESIAN_POINT('',(107.3,1.35,19.485));
#11091 = DIRECTION('',(0.,3.330669073875E-16,1.));
#11092 = DIRECTION('',(-1.,0.,0.));
#11093 = ADVANCED_FACE('',(#11094,#11105),#11108,.T.);
#11094 = FACE_BOUND('',#11095,.T.);
#11095 = EDGE_LOOP('',(#11096,#11097,#11103,#11104));
#11096 = ORIENTED_EDGE('',*,*,#11007,.F.);
#11097 = ORIENTED_EDGE('',*,*,#11098,.F.);
#11098 = EDGE_CURVE('',#11074,#11008,#11099,.T.);
#11099 = LINE('',#11100,#11101);
#11100 = CARTESIAN_POINT('',(93.874535783877,1.35,19.485));
#11101 = VECTOR('',#11102,1.);
#11102 = DIRECTION('',(0.,-3.330669073875E-16,-1.));
#11103 = ORIENTED_EDGE('',*,*,#11073,.F.);
#11104 = ORIENTED_EDGE('',*,*,#10338,.F.);
#11105 = FACE_BOUND('',#11106,.T.);
#11106 = EDGE_LOOP('',(#11107));
#11107 = ORIENTED_EDGE('',*,*,#10444,.T.);
#11108 = PLANE('',#11109);
#11109 = AXIS2_PLACEMENT_3D('',#11110,#11111,#11112);
#11110 = CARTESIAN_POINT('',(-6.563777235188E-15,1.35,22.225));
#11111 = DIRECTION('',(0.,1.,-1.110223024625E-16));
#11112 = DIRECTION('',(0.,1.110223024625E-16,1.));
#11113 = ADVANCED_FACE('',(#11114),#11125,.F.);
#11114 = FACE_BOUND('',#11115,.F.);
#11115 = EDGE_LOOP('',(#11116,#11117,#11123,#11124));
#11116 = ORIENTED_EDGE('',*,*,#10863,.F.);
#11117 = ORIENTED_EDGE('',*,*,#11118,.T.);
#11118 = EDGE_CURVE('',#10864,#10593,#11119,.T.);
#11119 = LINE('',#11120,#11121);
#11120 = CARTESIAN_POINT('',(-96.8,6.346034808757E-15,14.29));
#11121 = VECTOR('',#11122,1.);
#11122 = DIRECTION('',(0.,1.,-4.440892098501E-16));
#11123 = ORIENTED_EDGE('',*,*,#10592,.T.);
#11124 = ORIENTED_EDGE('',*,*,#11118,.F.);
#11125 = CYLINDRICAL_SURFACE('',#11126,3.2);
#11126 = AXIS2_PLACEMENT_3D('',#11127,#11128,#11129);
#11127 = CARTESIAN_POINT('',(-100.,6.346034808757E-15,14.29));
#11128 = DIRECTION('',(0.,-1.,4.440892098501E-16));
#11129 = DIRECTION('',(1.,0.,0.));
#11130 = ADVANCED_FACE('',(#11131),#11142,.F.);
#11131 = FACE_BOUND('',#11132,.F.);
#11132 = EDGE_LOOP('',(#11133,#11134,#11140,#11141));
#11133 = ORIENTED_EDGE('',*,*,#10753,.F.);
#11134 = ORIENTED_EDGE('',*,*,#11135,.T.);
#11135 = EDGE_CURVE('',#10754,#10604,#11136,.T.);
#11136 = LINE('',#11137,#11138);
#11137 = CARTESIAN_POINT('',(-96.8,1.339373056908E-14,30.16));
#11138 = VECTOR('',#11139,1.);
#11139 = DIRECTION('',(0.,1.,-4.440892098501E-16));
#11140 = ORIENTED_EDGE('',*,*,#10603,.T.);
#11141 = ORIENTED_EDGE('',*,*,#11135,.F.);
#11142 = CYLINDRICAL_SURFACE('',#11143,3.2);
#11143 = AXIS2_PLACEMENT_3D('',#11144,#11145,#11146);
#11144 = CARTESIAN_POINT('',(-100.,1.339373056908E-14,30.16));
#11145 = DIRECTION('',(0.,-1.,4.440892098501E-16));
#11146 = DIRECTION('',(1.,0.,0.));
#11147 = ADVANCED_FACE('',(#11148),#11159,.F.);
#11148 = FACE_BOUND('',#11149,.F.);
#11149 = EDGE_LOOP('',(#11150,#11151,#11157,#11158));
#11150 = ORIENTED_EDGE('',*,*,#11056,.F.);
#11151 = ORIENTED_EDGE('',*,*,#11152,.T.);
#11152 = EDGE_CURVE('',#11057,#10615,#11153,.T.);
#11153 = LINE('',#11154,#11155);
#11154 = CARTESIAN_POINT('',(103.2,6.346034808757E-15,14.29));
#11155 = VECTOR('',#11156,1.);
#11156 = DIRECTION('',(0.,1.,-4.440892098501E-16));
#11157 = ORIENTED_EDGE('',*,*,#10614,.T.);
#11158 = ORIENTED_EDGE('',*,*,#11152,.F.);
#11159 = CYLINDRICAL_SURFACE('',#11160,3.2);
#11160 = AXIS2_PLACEMENT_3D('',#11161,#11162,#11163);
#11161 = CARTESIAN_POINT('',(100.,6.346034808757E-15,14.29));
#11162 = DIRECTION('',(0.,-1.,4.440892098501E-16));
#11163 = DIRECTION('',(1.,0.,0.));
#11164 = ADVANCED_FACE('',(#11165),#11176,.F.);
#11165 = FACE_BOUND('',#11166,.F.);
#11166 = EDGE_LOOP('',(#11167,#11168,#11174,#11175));
#11167 = ORIENTED_EDGE('',*,*,#10946,.F.);
#11168 = ORIENTED_EDGE('',*,*,#11169,.T.);
#11169 = EDGE_CURVE('',#10947,#10632,#11170,.T.);
#11170 = LINE('',#11171,#11172);
#11171 = CARTESIAN_POINT('',(103.2,1.339373056908E-14,30.16));
#11172 = VECTOR('',#11173,1.);
#11173 = DIRECTION('',(0.,1.,-4.440892098501E-16));
#11174 = ORIENTED_EDGE('',*,*,#10631,.T.);
#11175 = ORIENTED_EDGE('',*,*,#11169,.F.);
#11176 = CYLINDRICAL_SURFACE('',#11177,3.2);
#11177 = AXIS2_PLACEMENT_3D('',#11178,#11179,#11180);
#11178 = CARTESIAN_POINT('',(100.,1.339373056908E-14,30.16));
#11179 = DIRECTION('',(0.,-1.,4.440892098501E-16));
#11180 = DIRECTION('',(1.,0.,0.));
#11181 = ADVANCED_FACE('',(#11182),#11188,.T.);
#11182 = FACE_BOUND('',#11183,.T.);
#11183 = EDGE_LOOP('',(#11184,#11185,#11186,#11187));
#11184 = ORIENTED_EDGE('',*,*,#10721,.T.);
#11185 = ORIENTED_EDGE('',*,*,#10735,.T.);
#11186 = ORIENTED_EDGE('',*,*,#10771,.F.);
#11187 = ORIENTED_EDGE('',*,*,#10677,.F.);
#11188 = PLANE('',#11189);
#11189 = AXIS2_PLACEMENT_3D('',#11190,#11191,#11192);
#11190 = CARTESIAN_POINT('',(-93.87453578387,1.35,35.355));
#11191 = DIRECTION('',(-1.,0.,0.));
#11192 = DIRECTION('',(0.,-3.330669073875E-16,-1.));
#11193 = ADVANCED_FACE('',(#11194),#11200,.T.);
#11194 = FACE_BOUND('',#11195,.T.);
#11195 = EDGE_LOOP('',(#11196,#11197,#11198,#11199));
#11196 = ORIENTED_EDGE('',*,*,#10831,.T.);
#11197 = ORIENTED_EDGE('',*,*,#10845,.T.);
#11198 = ORIENTED_EDGE('',*,*,#10881,.F.);
#11199 = ORIENTED_EDGE('',*,*,#10787,.F.);
#11200 = PLANE('',#11201);
#11201 = AXIS2_PLACEMENT_3D('',#11202,#11203,#11204);
#11202 = CARTESIAN_POINT('',(-93.87453578387,1.35,19.485));
#11203 = DIRECTION('',(-1.,0.,0.));
#11204 = DIRECTION('',(0.,-3.330669073875E-16,-1.));
#11205 = ADVANCED_FACE('',(#11206),#11212,.F.);
#11206 = FACE_BOUND('',#11207,.F.);
#11207 = EDGE_LOOP('',(#11208,#11209,#11210,#11211));
#11208 = ORIENTED_EDGE('',*,*,#10973,.T.);
#11209 = ORIENTED_EDGE('',*,*,#10929,.T.);
#11210 = ORIENTED_EDGE('',*,*,#10905,.F.);
#11211 = ORIENTED_EDGE('',*,*,#10988,.F.);
#11212 = PLANE('',#11213);
#11213 = AXIS2_PLACEMENT_3D('',#11214,#11215,#11216);
#11214 = CARTESIAN_POINT('',(93.874535783877,1.35,35.355));
#11215 = DIRECTION('',(-1.,0.,0.));
#11216 = DIRECTION('',(0.,-3.330669073875E-16,-1.));
#11217 = ADVANCED_FACE('',(#11218),#11224,.F.);
#11218 = FACE_BOUND('',#11219,.F.);
#11219 = EDGE_LOOP('',(#11220,#11221,#11222,#11223));
#11220 = ORIENTED_EDGE('',*,*,#11083,.T.);
#11221 = ORIENTED_EDGE('',*,*,#11039,.T.);
#11222 = ORIENTED_EDGE('',*,*,#11015,.F.);
#11223 = ORIENTED_EDGE('',*,*,#11098,.F.);
#11224 = PLANE('',#11225);
#11225 = AXIS2_PLACEMENT_3D('',#11226,#11227,#11228);
#11226 = CARTESIAN_POINT('',(93.874535783877,1.35,19.485));
#11227 = DIRECTION('',(-1.,0.,0.));
#11228 = DIRECTION('',(0.,-3.330669073875E-16,-1.));
#11229 = MANIFOLD_SOLID_BREP('',#11230);
#11230 = CLOSED_SHELL('',(#11231,#11271,#11310,#11398,#11437,#11461,
    #11485,#11502,#11533,#11564,#11625,#11650,#11675,#11700,#11725,
    #11756,#11788,#11812,#11831,#11855,#11879,#11911,#11942,#11980,
    #11996));
#11231 = ADVANCED_FACE('',(#11232),#11266,.T.);
#11232 = FACE_BOUND('',#11233,.T.);
#11233 = EDGE_LOOP('',(#11234,#11244,#11252,#11260));
#11234 = ORIENTED_EDGE('',*,*,#11235,.T.);
#11235 = EDGE_CURVE('',#11236,#11238,#11240,.T.);
#11236 = VERTEX_POINT('',#11237);
#11237 = CARTESIAN_POINT('',(-98.8,8.,3.));
#11238 = VERTEX_POINT('',#11239);
#11239 = CARTESIAN_POINT('',(-98.8,109.8,3.));
#11240 = LINE('',#11241,#11242);
#11241 = CARTESIAN_POINT('',(-98.8,8.,3.));
#11242 = VECTOR('',#11243,1.);
#11243 = DIRECTION('',(0.,1.,-8.881784197001E-16));
#11244 = ORIENTED_EDGE('',*,*,#11245,.T.);
#11245 = EDGE_CURVE('',#11238,#11246,#11248,.T.);
#11246 = VERTEX_POINT('',#11247);
#11247 = CARTESIAN_POINT('',(-98.8,109.8,-9.059419880941E-14));
#11248 = LINE('',#11249,#11250);
#11249 = CARTESIAN_POINT('',(-98.8,109.8,3.));
#11250 = VECTOR('',#11251,1.);
#11251 = DIRECTION('',(0.,-8.881784197001E-16,-1.));
#11252 = ORIENTED_EDGE('',*,*,#11253,.F.);
#11253 = EDGE_CURVE('',#11254,#11246,#11256,.T.);
#11254 = VERTEX_POINT('',#11255);
#11255 = CARTESIAN_POINT('',(-98.8,8.,0.));
#11256 = LINE('',#11257,#11258);
#11257 = CARTESIAN_POINT('',(-98.8,8.,0.));
#11258 = VECTOR('',#11259,1.);
#11259 = DIRECTION('',(0.,1.,-8.881784197001E-16));
#11260 = ORIENTED_EDGE('',*,*,#11261,.F.);
#11261 = EDGE_CURVE('',#11236,#11254,#11262,.T.);
#11262 = LINE('',#11263,#11264);
#11263 = CARTESIAN_POINT('',(-98.8,8.,3.));
#11264 = VECTOR('',#11265,1.);
#11265 = DIRECTION('',(0.,-8.881784197001E-16,-1.));
#11266 = PLANE('',#11267);
#11267 = AXIS2_PLACEMENT_3D('',#11268,#11269,#11270);
#11268 = CARTESIAN_POINT('',(-98.8,8.,3.));
#11269 = DIRECTION('',(-1.,0.,0.));
#11270 = DIRECTION('',(0.,-8.881784197001E-16,-1.));
#11271 = ADVANCED_FACE('',(#11272),#11305,.T.);
#11272 = FACE_BOUND('',#11273,.T.);
#11273 = EDGE_LOOP('',(#11274,#11284,#11292,#11298,#11299));
#11274 = ORIENTED_EDGE('',*,*,#11275,.T.);
#11275 = EDGE_CURVE('',#11276,#11278,#11280,.T.);
#11276 = VERTEX_POINT('',#11277);
#11277 = CARTESIAN_POINT('',(-106.8,8.,3.));
#11278 = VERTEX_POINT('',#11279);
#11279 = CARTESIAN_POINT('',(-106.8,136.4,3.));
#11280 = LINE('',#11281,#11282);
#11281 = CARTESIAN_POINT('',(-106.8,8.,3.));
#11282 = VECTOR('',#11283,1.);
#11283 = DIRECTION('',(0.,1.,-8.881784197001E-16));
#11284 = ORIENTED_EDGE('',*,*,#11285,.F.);
#11285 = EDGE_CURVE('',#11286,#11278,#11288,.T.);
#11286 = VERTEX_POINT('',#11287);
#11287 = CARTESIAN_POINT('',(-98.8,136.4,3.));
#11288 = LINE('',#11289,#11290);
#11289 = CARTESIAN_POINT('',(-98.8,136.4,3.));
#11290 = VECTOR('',#11291,1.);
#11291 = DIRECTION('',(-1.,0.,0.));
#11292 = ORIENTED_EDGE('',*,*,#11293,.F.);
#11293 = EDGE_CURVE('',#11238,#11286,#11294,.T.);
#11294 = LINE('',#11295,#11296);
#11295 = CARTESIAN_POINT('',(-98.8,109.8,3.));
#11296 = VECTOR('',#11297,1.);
#11297 = DIRECTION('',(0.,1.,-7.771561172376E-16));
#11298 = ORIENTED_EDGE('',*,*,#11235,.F.);
#11299 = ORIENTED_EDGE('',*,*,#11300,.F.);
#11300 = EDGE_CURVE('',#11276,#11236,#11301,.T.);
#11301 = LINE('',#11302,#11303);
#11302 = CARTESIAN_POINT('',(-106.8,8.,3.));
#11303 = VECTOR('',#11304,1.);
#11304 = DIRECTION('',(1.,0.,0.));
#11305 = PLANE('',#11306);
#11306 = AXIS2_PLACEMENT_3D('',#11307,#11308,#11309);
#11307 = CARTESIAN_POINT('',(-102.8,72.2,3.));
#11308 = DIRECTION('',(-0.,-6.661338147751E-16,-1.));
#11309 = DIRECTION('',(0.,1.,-6.661338147751E-16));
#11310 = ADVANCED_FACE('',(#11311),#11393,.T.);
#11311 = FACE_BOUND('',#11312,.T.);
#11312 = EDGE_LOOP('',(#11313,#11314,#11315,#11323,#11331,#11339,#11347,
    #11355,#11363,#11371,#11379,#11387));
#11313 = ORIENTED_EDGE('',*,*,#11300,.T.);
#11314 = ORIENTED_EDGE('',*,*,#11261,.T.);
#11315 = ORIENTED_EDGE('',*,*,#11316,.T.);
#11316 = EDGE_CURVE('',#11254,#11317,#11319,.T.);
#11317 = VERTEX_POINT('',#11318);
#11318 = CARTESIAN_POINT('',(29.7,8.,0.));
#11319 = LINE('',#11320,#11321);
#11320 = CARTESIAN_POINT('',(-98.8,8.,0.));
#11321 = VECTOR('',#11322,1.);
#11322 = DIRECTION('',(1.,0.,0.));
#11323 = ORIENTED_EDGE('',*,*,#11324,.T.);
#11324 = EDGE_CURVE('',#11317,#11325,#11327,.T.);
#11325 = VERTEX_POINT('',#11326);
#11326 = CARTESIAN_POINT('',(29.7,8.,3.));
#11327 = LINE('',#11328,#11329);
#11328 = CARTESIAN_POINT('',(29.7,8.,0.));
#11329 = VECTOR('',#11330,1.);
#11330 = DIRECTION('',(-1.184237892934E-15,8.881784197001E-16,1.));
#11331 = ORIENTED_EDGE('',*,*,#11332,.T.);
#11332 = EDGE_CURVE('',#11325,#11333,#11335,.T.);
#11333 = VERTEX_POINT('',#11334);
#11334 = CARTESIAN_POINT('',(-30.,8.,3.));
#11335 = LINE('',#11336,#11337);
#11336 = CARTESIAN_POINT('',(29.7,8.,3.));
#11337 = VECTOR('',#11338,1.);
#11338 = DIRECTION('',(-1.,0.,0.));
#11339 = ORIENTED_EDGE('',*,*,#11340,.T.);
#11340 = EDGE_CURVE('',#11333,#11341,#11343,.T.);
#11341 = VERTEX_POINT('',#11342);
#11342 = CARTESIAN_POINT('',(-30.,8.,9.725));
#11343 = LINE('',#11344,#11345);
#11344 = CARTESIAN_POINT('',(-30.,8.,3.));
#11345 = VECTOR('',#11346,1.);
#11346 = DIRECTION('',(1.184237892934E-15,8.881784197001E-16,1.));
#11347 = ORIENTED_EDGE('',*,*,#11348,.F.);
#11348 = EDGE_CURVE('',#11349,#11341,#11351,.T.);
#11349 = VERTEX_POINT('',#11350);
#11350 = CARTESIAN_POINT('',(-79.6,8.,9.725));
#11351 = LINE('',#11352,#11353);
#11352 = CARTESIAN_POINT('',(-79.6,8.,9.725));
#11353 = VECTOR('',#11354,1.);
#11354 = DIRECTION('',(1.,0.,0.));
#11355 = ORIENTED_EDGE('',*,*,#11356,.T.);
#11356 = EDGE_CURVE('',#11349,#11357,#11359,.T.);
#11357 = VERTEX_POINT('',#11358);
#11358 = CARTESIAN_POINT('',(-79.6,8.,17.725));
#11359 = LINE('',#11360,#11361);
#11360 = CARTESIAN_POINT('',(-79.6,8.,6.));
#11361 = VECTOR('',#11362,1.);
#11362 = DIRECTION('',(0.,2.22044604925E-16,1.));
#11363 = ORIENTED_EDGE('',*,*,#11364,.F.);
#11364 = EDGE_CURVE('',#11365,#11357,#11367,.T.);
#11365 = VERTEX_POINT('',#11366);
#11366 = CARTESIAN_POINT('',(-83.6,8.,17.725));
#11367 = LINE('',#11368,#11369);
#11368 = CARTESIAN_POINT('',(-83.6,8.,17.725));
#11369 = VECTOR('',#11370,1.);
#11370 = DIRECTION('',(1.,0.,0.));
#11371 = ORIENTED_EDGE('',*,*,#11372,.F.);
#11372 = EDGE_CURVE('',#11373,#11365,#11375,.T.);
#11373 = VERTEX_POINT('',#11374);
#11374 = CARTESIAN_POINT('',(-83.6,8.,6.));
#11375 = LINE('',#11376,#11377);
#11376 = CARTESIAN_POINT('',(-83.6,8.,6.));
#11377 = VECTOR('',#11378,1.);
#11378 = DIRECTION('',(0.,2.22044604925E-16,1.));
#11379 = ORIENTED_EDGE('',*,*,#11380,.T.);
#11380 = EDGE_CURVE('',#11373,#11381,#11383,.T.);
#11381 = VERTEX_POINT('',#11382);
#11382 = CARTESIAN_POINT('',(-106.8,8.,6.));
#11383 = LINE('',#11384,#11385);
#11384 = CARTESIAN_POINT('',(-30.,8.,6.));
#11385 = VECTOR('',#11386,1.);
#11386 = DIRECTION('',(-1.,0.,0.));
#11387 = ORIENTED_EDGE('',*,*,#11388,.T.);
#11388 = EDGE_CURVE('',#11381,#11276,#11389,.T.);
#11389 = LINE('',#11390,#11391);
#11390 = CARTESIAN_POINT('',(-106.8,8.,6.));
#11391 = VECTOR('',#11392,1.);
#11392 = DIRECTION('',(0.,-8.881784197001E-16,-1.));
#11393 = PLANE('',#11394);
#11394 = AXIS2_PLACEMENT_3D('',#11395,#11396,#11397);
#11395 = CARTESIAN_POINT('',(-41.72673042632,8.,3.921982898363));
#11396 = DIRECTION('',(0.,-1.,3.330669073875E-16));
#11397 = DIRECTION('',(1.,0.,0.));
#11398 = ADVANCED_FACE('',(#11399),#11432,.T.);
#11399 = FACE_BOUND('',#11400,.T.);
#11400 = EDGE_LOOP('',(#11401,#11402,#11410,#11418,#11426));
#11401 = ORIENTED_EDGE('',*,*,#11245,.F.);
#11402 = ORIENTED_EDGE('',*,*,#11403,.F.);
#11403 = EDGE_CURVE('',#11404,#11238,#11406,.T.);
#11404 = VERTEX_POINT('',#11405);
#11405 = CARTESIAN_POINT('',(-98.8,109.8,6.));
#11406 = LINE('',#11407,#11408);
#11407 = CARTESIAN_POINT('',(-98.8,109.8,6.));
#11408 = VECTOR('',#11409,1.);
#11409 = DIRECTION('',(0.,-7.771561172376E-16,-1.));
#11410 = ORIENTED_EDGE('',*,*,#11411,.F.);
#11411 = EDGE_CURVE('',#11412,#11404,#11414,.T.);
#11412 = VERTEX_POINT('',#11413);
#11413 = CARTESIAN_POINT('',(-83.6,109.8,6.));
#11414 = LINE('',#11415,#11416);
#11415 = CARTESIAN_POINT('',(-30.,109.8,6.));
#11416 = VECTOR('',#11417,1.);
#11417 = DIRECTION('',(-1.,0.,0.));
#11418 = ORIENTED_EDGE('',*,*,#11419,.T.);
#11419 = EDGE_CURVE('',#11412,#11420,#11422,.T.);
#11420 = VERTEX_POINT('',#11421);
#11421 = CARTESIAN_POINT('',(-83.6,109.8,-1.06581410364E-14));
#11422 = LINE('',#11423,#11424);
#11423 = CARTESIAN_POINT('',(-83.6,109.8,12.725));
#11424 = VECTOR('',#11425,1.);
#11425 = DIRECTION('',(0.,-3.330669073875E-16,-1.));
#11426 = ORIENTED_EDGE('',*,*,#11427,.F.);
#11427 = EDGE_CURVE('',#11246,#11420,#11428,.T.);
#11428 = LINE('',#11429,#11430);
#11429 = CARTESIAN_POINT('',(-98.8,109.8,-8.526512829121E-14));
#11430 = VECTOR('',#11431,1.);
#11431 = DIRECTION('',(1.,0.,0.));
#11432 = PLANE('',#11433);
#11433 = AXIS2_PLACEMENT_3D('',#11434,#11435,#11436);
#11434 = CARTESIAN_POINT('',(-38.30333390323,109.8,3.890359463156));
#11435 = DIRECTION('',(0.,1.,-3.330669073875E-16));
#11436 = DIRECTION('',(-1.,0.,0.));
#11437 = ADVANCED_FACE('',(#11438),#11456,.T.);
#11438 = FACE_BOUND('',#11439,.T.);
#11439 = EDGE_LOOP('',(#11440,#11448,#11454,#11455));
#11440 = ORIENTED_EDGE('',*,*,#11441,.T.);
#11441 = EDGE_CURVE('',#11381,#11442,#11444,.T.);
#11442 = VERTEX_POINT('',#11443);
#11443 = CARTESIAN_POINT('',(-106.8,136.4,6.));
#11444 = LINE('',#11445,#11446);
#11445 = CARTESIAN_POINT('',(-106.8,8.,6.));
#11446 = VECTOR('',#11447,1.);
#11447 = DIRECTION('',(0.,1.,-8.881784197001E-16));
#11448 = ORIENTED_EDGE('',*,*,#11449,.F.);
#11449 = EDGE_CURVE('',#11278,#11442,#11450,.T.);
#11450 = LINE('',#11451,#11452);
#11451 = CARTESIAN_POINT('',(-106.8,136.4,3.));
#11452 = VECTOR('',#11453,1.);
#11453 = DIRECTION('',(0.,7.771561172376E-16,1.));
#11454 = ORIENTED_EDGE('',*,*,#11275,.F.);
#11455 = ORIENTED_EDGE('',*,*,#11388,.F.);
#11456 = PLANE('',#11457);
#11457 = AXIS2_PLACEMENT_3D('',#11458,#11459,#11460);
#11458 = CARTESIAN_POINT('',(-106.8,72.2,4.5));
#11459 = DIRECTION('',(-1.,0.,-0.));
#11460 = DIRECTION('',(0.,1.,-6.661338147751E-16));
#11461 = ADVANCED_FACE('',(#11462),#11480,.T.);
#11462 = FACE_BOUND('',#11463,.T.);
#11463 = EDGE_LOOP('',(#11464,#11465,#11466,#11474));
#11464 = ORIENTED_EDGE('',*,*,#11285,.T.);
#11465 = ORIENTED_EDGE('',*,*,#11449,.T.);
#11466 = ORIENTED_EDGE('',*,*,#11467,.T.);
#11467 = EDGE_CURVE('',#11442,#11468,#11470,.T.);
#11468 = VERTEX_POINT('',#11469);
#11469 = CARTESIAN_POINT('',(-98.8,136.4,6.));
#11470 = LINE('',#11471,#11472);
#11471 = CARTESIAN_POINT('',(-106.8,136.4,6.));
#11472 = VECTOR('',#11473,1.);
#11473 = DIRECTION('',(1.,0.,0.));
#11474 = ORIENTED_EDGE('',*,*,#11475,.T.);
#11475 = EDGE_CURVE('',#11468,#11286,#11476,.T.);
#11476 = LINE('',#11477,#11478);
#11477 = CARTESIAN_POINT('',(-98.8,136.4,6.));
#11478 = VECTOR('',#11479,1.);
#11479 = DIRECTION('',(0.,-7.771561172376E-16,-1.));
#11480 = PLANE('',#11481);
#11481 = AXIS2_PLACEMENT_3D('',#11482,#11483,#11484);
#11482 = CARTESIAN_POINT('',(-102.8,136.4,4.5));
#11483 = DIRECTION('',(0.,1.,-5.551115123126E-16));
#11484 = DIRECTION('',(0.,5.551115123126E-16,1.));
#11485 = ADVANCED_FACE('',(#11486),#11497,.F.);
#11486 = FACE_BOUND('',#11487,.F.);
#11487 = EDGE_LOOP('',(#11488,#11494,#11495,#11496));
#11488 = ORIENTED_EDGE('',*,*,#11489,.T.);
#11489 = EDGE_CURVE('',#11404,#11468,#11490,.T.);
#11490 = LINE('',#11491,#11492);
#11491 = CARTESIAN_POINT('',(-98.8,109.8,6.));
#11492 = VECTOR('',#11493,1.);
#11493 = DIRECTION('',(0.,1.,-7.771561172376E-16));
#11494 = ORIENTED_EDGE('',*,*,#11475,.T.);
#11495 = ORIENTED_EDGE('',*,*,#11293,.F.);
#11496 = ORIENTED_EDGE('',*,*,#11403,.F.);
#11497 = PLANE('',#11498);
#11498 = AXIS2_PLACEMENT_3D('',#11499,#11500,#11501);
#11499 = CARTESIAN_POINT('',(-98.8,109.8,6.));
#11500 = DIRECTION('',(-1.,0.,0.));
#11501 = DIRECTION('',(0.,-7.771561172376E-16,-1.));
#11502 = ADVANCED_FACE('',(#11503),#11528,.T.);
#11503 = FACE_BOUND('',#11504,.T.);
#11504 = EDGE_LOOP('',(#11505,#11513,#11521,#11527));
#11505 = ORIENTED_EDGE('',*,*,#11506,.T.);
#11506 = EDGE_CURVE('',#11317,#11507,#11509,.T.);
#11507 = VERTEX_POINT('',#11508);
#11508 = CARTESIAN_POINT('',(29.7,109.8,-9.059419880941E-14));
#11509 = LINE('',#11510,#11511);
#11510 = CARTESIAN_POINT('',(29.7,8.,0.));
#11511 = VECTOR('',#11512,1.);
#11512 = DIRECTION('',(0.,1.,-8.881784197001E-16));
#11513 = ORIENTED_EDGE('',*,*,#11514,.T.);
#11514 = EDGE_CURVE('',#11507,#11515,#11517,.T.);
#11515 = VERTEX_POINT('',#11516);
#11516 = CARTESIAN_POINT('',(29.7,109.8,3.));
#11517 = LINE('',#11518,#11519);
#11518 = CARTESIAN_POINT('',(29.7,109.8,-8.526512829121E-14));
#11519 = VECTOR('',#11520,1.);
#11520 = DIRECTION('',(-1.184237892934E-15,8.881784197001E-16,1.));
#11521 = ORIENTED_EDGE('',*,*,#11522,.F.);
#11522 = EDGE_CURVE('',#11325,#11515,#11523,.T.);
#11523 = LINE('',#11524,#11525);
#11524 = CARTESIAN_POINT('',(29.7,8.,3.));
#11525 = VECTOR('',#11526,1.);
#11526 = DIRECTION('',(0.,1.,-8.881784197001E-16));
#11527 = ORIENTED_EDGE('',*,*,#11324,.F.);
#11528 = PLANE('',#11529);
#11529 = AXIS2_PLACEMENT_3D('',#11530,#11531,#11532);
#11530 = CARTESIAN_POINT('',(29.7,8.,0.));
#11531 = DIRECTION('',(1.,1.051814540295E-30,1.184237892934E-15));
#11532 = DIRECTION('',(-1.184237892934E-15,8.881784197001E-16,1.));
#11533 = ADVANCED_FACE('',(#11534),#11559,.T.);
#11534 = FACE_BOUND('',#11535,.T.);
#11535 = EDGE_LOOP('',(#11536,#11544,#11552,#11558));
#11536 = ORIENTED_EDGE('',*,*,#11537,.F.);
#11537 = EDGE_CURVE('',#11538,#11507,#11540,.T.);
#11538 = VERTEX_POINT('',#11539);
#11539 = CARTESIAN_POINT('',(-30.,109.8,-1.06581410364E-14));
#11540 = LINE('',#11541,#11542);
#11541 = CARTESIAN_POINT('',(-98.8,109.8,-8.526512829121E-14));
#11542 = VECTOR('',#11543,1.);
#11543 = DIRECTION('',(1.,0.,0.));
#11544 = ORIENTED_EDGE('',*,*,#11545,.T.);
#11545 = EDGE_CURVE('',#11538,#11546,#11548,.T.);
#11546 = VERTEX_POINT('',#11547);
#11547 = CARTESIAN_POINT('',(-30.,109.8,3.));
#11548 = LINE('',#11549,#11550);
#11549 = CARTESIAN_POINT('',(-30.,109.8,-1.42108547152E-14));
#11550 = VECTOR('',#11551,1.);
#11551 = DIRECTION('',(0.,3.330669073875E-16,1.));
#11552 = ORIENTED_EDGE('',*,*,#11553,.F.);
#11553 = EDGE_CURVE('',#11515,#11546,#11554,.T.);
#11554 = LINE('',#11555,#11556);
#11555 = CARTESIAN_POINT('',(29.7,109.8,3.));
#11556 = VECTOR('',#11557,1.);
#11557 = DIRECTION('',(-1.,0.,0.));
#11558 = ORIENTED_EDGE('',*,*,#11514,.F.);
#11559 = PLANE('',#11560);
#11560 = AXIS2_PLACEMENT_3D('',#11561,#11562,#11563);
#11561 = CARTESIAN_POINT('',(-38.30333390323,109.8,3.890359463156));
#11562 = DIRECTION('',(0.,1.,-3.330669073875E-16));
#11563 = DIRECTION('',(-1.,0.,0.));
#11564 = ADVANCED_FACE('',(#11565,#11576,#11587,#11598,#11609),#11620,
  .T.);
#11565 = FACE_BOUND('',#11566,.T.);
#11566 = EDGE_LOOP('',(#11567,#11568,#11569,#11575));
#11567 = ORIENTED_EDGE('',*,*,#11522,.T.);
#11568 = ORIENTED_EDGE('',*,*,#11553,.T.);
#11569 = ORIENTED_EDGE('',*,*,#11570,.F.);
#11570 = EDGE_CURVE('',#11333,#11546,#11571,.T.);
#11571 = LINE('',#11572,#11573);
#11572 = CARTESIAN_POINT('',(-30.,8.,3.));
#11573 = VECTOR('',#11574,1.);
#11574 = DIRECTION('',(0.,1.,-8.881784197001E-16));
#11575 = ORIENTED_EDGE('',*,*,#11332,.F.);
#11576 = FACE_BOUND('',#11577,.T.);
#11577 = EDGE_LOOP('',(#11578));
#11578 = ORIENTED_EDGE('',*,*,#11579,.F.);
#11579 = EDGE_CURVE('',#11580,#11580,#11582,.T.);
#11580 = VERTEX_POINT('',#11581);
#11581 = CARTESIAN_POINT('',(24.75,95.,3.));
#11582 = CIRCLE('',#11583,2.75);
#11583 = AXIS2_PLACEMENT_3D('',#11584,#11585,#11586);
#11584 = CARTESIAN_POINT('',(22.,95.,3.));
#11585 = DIRECTION('',(-0.,4.440892098501E-16,1.));
#11586 = DIRECTION('',(1.,0.,0.));
#11587 = FACE_BOUND('',#11588,.T.);
#11588 = EDGE_LOOP('',(#11589));
#11589 = ORIENTED_EDGE('',*,*,#11590,.F.);
#11590 = EDGE_CURVE('',#11591,#11591,#11593,.T.);
#11591 = VERTEX_POINT('',#11592);
#11592 = CARTESIAN_POINT('',(-19.25,95.,3.));
#11593 = CIRCLE('',#11594,2.75);
#11594 = AXIS2_PLACEMENT_3D('',#11595,#11596,#11597);
#11595 = CARTESIAN_POINT('',(-22.,95.,3.));
#11596 = DIRECTION('',(-0.,4.440892098501E-16,1.));
#11597 = DIRECTION('',(1.,0.,0.));
#11598 = FACE_BOUND('',#11599,.T.);
#11599 = EDGE_LOOP('',(#11600));
#11600 = ORIENTED_EDGE('',*,*,#11601,.F.);
#11601 = EDGE_CURVE('',#11602,#11602,#11604,.T.);
#11602 = VERTEX_POINT('',#11603);
#11603 = CARTESIAN_POINT('',(24.75,20.,3.));
#11604 = CIRCLE('',#11605,2.75);
#11605 = AXIS2_PLACEMENT_3D('',#11606,#11607,#11608);
#11606 = CARTESIAN_POINT('',(22.,20.,3.));
#11607 = DIRECTION('',(-0.,4.440892098501E-16,1.));
#11608 = DIRECTION('',(1.,0.,0.));
#11609 = FACE_BOUND('',#11610,.T.);
#11610 = EDGE_LOOP('',(#11611));
#11611 = ORIENTED_EDGE('',*,*,#11612,.F.);
#11612 = EDGE_CURVE('',#11613,#11613,#11615,.T.);
#11613 = VERTEX_POINT('',#11614);
#11614 = CARTESIAN_POINT('',(-19.25,20.,3.));
#11615 = CIRCLE('',#11616,2.75);
#11616 = AXIS2_PLACEMENT_3D('',#11617,#11618,#11619);
#11617 = CARTESIAN_POINT('',(-22.,20.,3.));
#11618 = DIRECTION('',(-0.,4.440892098501E-16,1.));
#11619 = DIRECTION('',(1.,0.,0.));
#11620 = PLANE('',#11621);
#11621 = AXIS2_PLACEMENT_3D('',#11622,#11623,#11624);
#11622 = CARTESIAN_POINT('',(29.7,8.,3.));
#11623 = DIRECTION('',(0.,8.881784197001E-16,1.));
#11624 = DIRECTION('',(-1.,0.,0.));
#11625 = ADVANCED_FACE('',(#11626),#11645,.F.);
#11626 = FACE_BOUND('',#11627,.F.);
#11627 = EDGE_LOOP('',(#11628,#11636,#11643,#11644));
#11628 = ORIENTED_EDGE('',*,*,#11629,.T.);
#11629 = EDGE_CURVE('',#11580,#11630,#11632,.T.);
#11630 = VERTEX_POINT('',#11631);
#11631 = CARTESIAN_POINT('',(24.75,95.,-3.907985046681E-14));
#11632 = LINE('',#11633,#11634);
#11633 = CARTESIAN_POINT('',(24.75,95.,3.));
#11634 = VECTOR('',#11635,1.);
#11635 = DIRECTION('',(-0.,-4.440892098501E-16,-1.));
#11636 = ORIENTED_EDGE('',*,*,#11637,.T.);
#11637 = EDGE_CURVE('',#11630,#11630,#11638,.T.);
#11638 = CIRCLE('',#11639,2.75);
#11639 = AXIS2_PLACEMENT_3D('',#11640,#11641,#11642);
#11640 = CARTESIAN_POINT('',(22.,95.,-3.996802888651E-14));
#11641 = DIRECTION('',(-0.,4.440892098501E-16,1.));
#11642 = DIRECTION('',(1.,0.,0.));
#11643 = ORIENTED_EDGE('',*,*,#11629,.F.);
#11644 = ORIENTED_EDGE('',*,*,#11579,.F.);
#11645 = CYLINDRICAL_SURFACE('',#11646,2.75);
#11646 = AXIS2_PLACEMENT_3D('',#11647,#11648,#11649);
#11647 = CARTESIAN_POINT('',(22.,95.,3.));
#11648 = DIRECTION('',(0.,4.440892098501E-16,1.));
#11649 = DIRECTION('',(1.,0.,0.));
#11650 = ADVANCED_FACE('',(#11651),#11670,.F.);
#11651 = FACE_BOUND('',#11652,.F.);
#11652 = EDGE_LOOP('',(#11653,#11661,#11668,#11669));
#11653 = ORIENTED_EDGE('',*,*,#11654,.T.);
#11654 = EDGE_CURVE('',#11591,#11655,#11657,.T.);
#11655 = VERTEX_POINT('',#11656);
#11656 = CARTESIAN_POINT('',(-19.25,95.,-3.907985046681E-14));
#11657 = LINE('',#11658,#11659);
#11658 = CARTESIAN_POINT('',(-19.25,95.,3.));
#11659 = VECTOR('',#11660,1.);
#11660 = DIRECTION('',(-0.,-4.440892098501E-16,-1.));
#11661 = ORIENTED_EDGE('',*,*,#11662,.T.);
#11662 = EDGE_CURVE('',#11655,#11655,#11663,.T.);
#11663 = CIRCLE('',#11664,2.75);
#11664 = AXIS2_PLACEMENT_3D('',#11665,#11666,#11667);
#11665 = CARTESIAN_POINT('',(-22.,95.,-3.996802888651E-14));
#11666 = DIRECTION('',(-0.,4.440892098501E-16,1.));
#11667 = DIRECTION('',(1.,0.,0.));
#11668 = ORIENTED_EDGE('',*,*,#11654,.F.);
#11669 = ORIENTED_EDGE('',*,*,#11590,.F.);
#11670 = CYLINDRICAL_SURFACE('',#11671,2.75);
#11671 = AXIS2_PLACEMENT_3D('',#11672,#11673,#11674);
#11672 = CARTESIAN_POINT('',(-22.,95.,3.));
#11673 = DIRECTION('',(0.,4.440892098501E-16,1.));
#11674 = DIRECTION('',(1.,0.,0.));
#11675 = ADVANCED_FACE('',(#11676),#11695,.F.);
#11676 = FACE_BOUND('',#11677,.F.);
#11677 = EDGE_LOOP('',(#11678,#11686,#11693,#11694));
#11678 = ORIENTED_EDGE('',*,*,#11679,.T.);
#11679 = EDGE_CURVE('',#11602,#11680,#11682,.T.);
#11680 = VERTEX_POINT('',#11681);
#11681 = CARTESIAN_POINT('',(24.75,20.,-7.105427357601E-15));
#11682 = LINE('',#11683,#11684);
#11683 = CARTESIAN_POINT('',(24.75,20.,3.));
#11684 = VECTOR('',#11685,1.);
#11685 = DIRECTION('',(-0.,-4.440892098501E-16,-1.));
#11686 = ORIENTED_EDGE('',*,*,#11687,.T.);
#11687 = EDGE_CURVE('',#11680,#11680,#11688,.T.);
#11688 = CIRCLE('',#11689,2.75);
#11689 = AXIS2_PLACEMENT_3D('',#11690,#11691,#11692);
#11690 = CARTESIAN_POINT('',(22.,20.,-4.440892098501E-15));
#11691 = DIRECTION('',(-0.,4.440892098501E-16,1.));
#11692 = DIRECTION('',(1.,0.,0.));
#11693 = ORIENTED_EDGE('',*,*,#11679,.F.);
#11694 = ORIENTED_EDGE('',*,*,#11601,.F.);
#11695 = CYLINDRICAL_SURFACE('',#11696,2.75);
#11696 = AXIS2_PLACEMENT_3D('',#11697,#11698,#11699);
#11697 = CARTESIAN_POINT('',(22.,20.,3.));
#11698 = DIRECTION('',(0.,4.440892098501E-16,1.));
#11699 = DIRECTION('',(1.,0.,0.));
#11700 = ADVANCED_FACE('',(#11701),#11720,.F.);
#11701 = FACE_BOUND('',#11702,.F.);
#11702 = EDGE_LOOP('',(#11703,#11711,#11718,#11719));
#11703 = ORIENTED_EDGE('',*,*,#11704,.T.);
#11704 = EDGE_CURVE('',#11613,#11705,#11707,.T.);
#11705 = VERTEX_POINT('',#11706);
#11706 = CARTESIAN_POINT('',(-19.25,20.,-7.105427357601E-15));
#11707 = LINE('',#11708,#11709);
#11708 = CARTESIAN_POINT('',(-19.25,20.,3.));
#11709 = VECTOR('',#11710,1.);
#11710 = DIRECTION('',(-0.,-4.440892098501E-16,-1.));
#11711 = ORIENTED_EDGE('',*,*,#11712,.T.);
#11712 = EDGE_CURVE('',#11705,#11705,#11713,.T.);
#11713 = CIRCLE('',#11714,2.75);
#11714 = AXIS2_PLACEMENT_3D('',#11715,#11716,#11717);
#11715 = CARTESIAN_POINT('',(-22.,20.,-4.440892098501E-15));
#11716 = DIRECTION('',(-0.,4.440892098501E-16,1.));
#11717 = DIRECTION('',(1.,0.,0.));
#11718 = ORIENTED_EDGE('',*,*,#11704,.F.);
#11719 = ORIENTED_EDGE('',*,*,#11612,.F.);
#11720 = CYLINDRICAL_SURFACE('',#11721,2.75);
#11721 = AXIS2_PLACEMENT_3D('',#11722,#11723,#11724);
#11722 = CARTESIAN_POINT('',(-22.,20.,3.));
#11723 = DIRECTION('',(0.,4.440892098501E-16,1.));
#11724 = DIRECTION('',(1.,0.,0.));
#11725 = ADVANCED_FACE('',(#11726),#11751,.T.);
#11726 = FACE_BOUND('',#11727,.T.);
#11727 = EDGE_LOOP('',(#11728,#11729,#11737,#11745));
#11728 = ORIENTED_EDGE('',*,*,#11348,.T.);
#11729 = ORIENTED_EDGE('',*,*,#11730,.T.);
#11730 = EDGE_CURVE('',#11341,#11731,#11733,.T.);
#11731 = VERTEX_POINT('',#11732);
#11732 = CARTESIAN_POINT('',(-30.,109.8,9.725));
#11733 = LINE('',#11734,#11735);
#11734 = CARTESIAN_POINT('',(-30.,8.,9.725));
#11735 = VECTOR('',#11736,1.);
#11736 = DIRECTION('',(0.,1.,-3.330669073875E-16));
#11737 = ORIENTED_EDGE('',*,*,#11738,.T.);
#11738 = EDGE_CURVE('',#11731,#11739,#11741,.T.);
#11739 = VERTEX_POINT('',#11740);
#11740 = CARTESIAN_POINT('',(-79.6,109.8,9.725));
#11741 = LINE('',#11742,#11743);
#11742 = CARTESIAN_POINT('',(-30.,109.8,9.725));
#11743 = VECTOR('',#11744,1.);
#11744 = DIRECTION('',(-1.,0.,-0.));
#11745 = ORIENTED_EDGE('',*,*,#11746,.T.);
#11746 = EDGE_CURVE('',#11739,#11349,#11747,.T.);
#11747 = LINE('',#11748,#11749);
#11748 = CARTESIAN_POINT('',(-79.6,109.8,9.725));
#11749 = VECTOR('',#11750,1.);
#11750 = DIRECTION('',(0.,-1.,3.330669073875E-16));
#11751 = PLANE('',#11752);
#11752 = AXIS2_PLACEMENT_3D('',#11753,#11754,#11755);
#11753 = CARTESIAN_POINT('',(-54.8,58.9,9.725));
#11754 = DIRECTION('',(0.,3.330669073875E-16,1.));
#11755 = DIRECTION('',(1.,0.,0.));
#11756 = ADVANCED_FACE('',(#11757),#11783,.F.);
#11757 = FACE_BOUND('',#11758,.F.);
#11758 = EDGE_LOOP('',(#11759,#11760,#11761,#11769,#11777));
#11759 = ORIENTED_EDGE('',*,*,#11746,.T.);
#11760 = ORIENTED_EDGE('',*,*,#11356,.T.);
#11761 = ORIENTED_EDGE('',*,*,#11762,.T.);
#11762 = EDGE_CURVE('',#11357,#11763,#11765,.T.);
#11763 = VERTEX_POINT('',#11764);
#11764 = CARTESIAN_POINT('',(-79.6,109.8,17.725));
#11765 = LINE('',#11766,#11767);
#11766 = CARTESIAN_POINT('',(-79.6,8.,17.725));
#11767 = VECTOR('',#11768,1.);
#11768 = DIRECTION('',(0.,1.,-2.22044604925E-16));
#11769 = ORIENTED_EDGE('',*,*,#11770,.F.);
#11770 = EDGE_CURVE('',#11771,#11763,#11773,.T.);
#11771 = VERTEX_POINT('',#11772);
#11772 = CARTESIAN_POINT('',(-79.6,109.8,12.725));
#11773 = LINE('',#11774,#11775);
#11774 = CARTESIAN_POINT('',(-79.6,109.8,6.));
#11775 = VECTOR('',#11776,1.);
#11776 = DIRECTION('',(0.,2.22044604925E-16,1.));
#11777 = ORIENTED_EDGE('',*,*,#11778,.F.);
#11778 = EDGE_CURVE('',#11739,#11771,#11779,.T.);
#11779 = LINE('',#11780,#11781);
#11780 = CARTESIAN_POINT('',(-79.6,109.8,6.));
#11781 = VECTOR('',#11782,1.);
#11782 = DIRECTION('',(0.,2.22044604925E-16,1.));
#11783 = PLANE('',#11784);
#11784 = AXIS2_PLACEMENT_3D('',#11785,#11786,#11787);
#11785 = CARTESIAN_POINT('',(-79.6,8.,6.));
#11786 = DIRECTION('',(-1.,0.,0.));
#11787 = DIRECTION('',(0.,1.,-2.22044604925E-16));
#11788 = ADVANCED_FACE('',(#11789),#11807,.T.);
#11789 = FACE_BOUND('',#11790,.T.);
#11790 = EDGE_LOOP('',(#11791,#11792,#11793,#11801));
#11791 = ORIENTED_EDGE('',*,*,#11364,.T.);
#11792 = ORIENTED_EDGE('',*,*,#11762,.T.);
#11793 = ORIENTED_EDGE('',*,*,#11794,.T.);
#11794 = EDGE_CURVE('',#11763,#11795,#11797,.T.);
#11795 = VERTEX_POINT('',#11796);
#11796 = CARTESIAN_POINT('',(-83.6,109.8,17.725));
#11797 = LINE('',#11798,#11799);
#11798 = CARTESIAN_POINT('',(-79.6,109.8,17.725));
#11799 = VECTOR('',#11800,1.);
#11800 = DIRECTION('',(-1.,0.,0.));
#11801 = ORIENTED_EDGE('',*,*,#11802,.T.);
#11802 = EDGE_CURVE('',#11795,#11365,#11803,.T.);
#11803 = LINE('',#11804,#11805);
#11804 = CARTESIAN_POINT('',(-83.6,109.8,17.725));
#11805 = VECTOR('',#11806,1.);
#11806 = DIRECTION('',(0.,-1.,2.22044604925E-16));
#11807 = PLANE('',#11808);
#11808 = AXIS2_PLACEMENT_3D('',#11809,#11810,#11811);
#11809 = CARTESIAN_POINT('',(-81.6,58.9,17.725));
#11810 = DIRECTION('',(0.,2.22044604925E-16,1.));
#11811 = DIRECTION('',(1.,0.,0.));
#11812 = ADVANCED_FACE('',(#11813),#11826,.T.);
#11813 = FACE_BOUND('',#11814,.T.);
#11814 = EDGE_LOOP('',(#11815,#11816,#11822,#11823,#11824,#11825));
#11815 = ORIENTED_EDGE('',*,*,#11380,.F.);
#11816 = ORIENTED_EDGE('',*,*,#11817,.F.);
#11817 = EDGE_CURVE('',#11412,#11373,#11818,.T.);
#11818 = LINE('',#11819,#11820);
#11819 = CARTESIAN_POINT('',(-83.6,109.8,6.));
#11820 = VECTOR('',#11821,1.);
#11821 = DIRECTION('',(0.,-1.,2.22044604925E-16));
#11822 = ORIENTED_EDGE('',*,*,#11411,.T.);
#11823 = ORIENTED_EDGE('',*,*,#11489,.T.);
#11824 = ORIENTED_EDGE('',*,*,#11467,.F.);
#11825 = ORIENTED_EDGE('',*,*,#11441,.F.);
#11826 = PLANE('',#11827);
#11827 = AXIS2_PLACEMENT_3D('',#11828,#11829,#11830);
#11828 = CARTESIAN_POINT('',(-72.85925925925,67.740740740741,6.));
#11829 = DIRECTION('',(0.,6.661338147751E-16,1.));
#11830 = DIRECTION('',(0.,-1.,6.661338147751E-16));
#11831 = ADVANCED_FACE('',(#11832),#11850,.F.);
#11832 = FACE_BOUND('',#11833,.F.);
#11833 = EDGE_LOOP('',(#11834,#11842,#11843,#11844));
#11834 = ORIENTED_EDGE('',*,*,#11835,.F.);
#11835 = EDGE_CURVE('',#11731,#11836,#11838,.T.);
#11836 = VERTEX_POINT('',#11837);
#11837 = CARTESIAN_POINT('',(-30.,109.8,12.725));
#11838 = LINE('',#11839,#11840);
#11839 = CARTESIAN_POINT('',(-30.,109.8,-1.42108547152E-14));
#11840 = VECTOR('',#11841,1.);
#11841 = DIRECTION('',(0.,3.330669073875E-16,1.));
#11842 = ORIENTED_EDGE('',*,*,#11738,.T.);
#11843 = ORIENTED_EDGE('',*,*,#11778,.T.);
#11844 = ORIENTED_EDGE('',*,*,#11845,.F.);
#11845 = EDGE_CURVE('',#11836,#11771,#11846,.T.);
#11846 = LINE('',#11847,#11848);
#11847 = CARTESIAN_POINT('',(-30.,109.8,12.725));
#11848 = VECTOR('',#11849,1.);
#11849 = DIRECTION('',(-1.,0.,0.));
#11850 = PLANE('',#11851);
#11851 = AXIS2_PLACEMENT_3D('',#11852,#11853,#11854);
#11852 = CARTESIAN_POINT('',(-56.8,109.8,6.3625));
#11853 = DIRECTION('',(0.,1.,-1.110223024625E-16));
#11854 = DIRECTION('',(0.,1.110223024625E-16,1.));
#11855 = ADVANCED_FACE('',(#11856),#11874,.T.);
#11856 = FACE_BOUND('',#11857,.T.);
#11857 = EDGE_LOOP('',(#11858,#11866,#11872,#11873));
#11858 = ORIENTED_EDGE('',*,*,#11859,.T.);
#11859 = EDGE_CURVE('',#11771,#11860,#11862,.T.);
#11860 = VERTEX_POINT('',#11861);
#11861 = CARTESIAN_POINT('',(-83.6,109.8,12.725));
#11862 = LINE('',#11863,#11864);
#11863 = CARTESIAN_POINT('',(-30.,109.8,12.725));
#11864 = VECTOR('',#11865,1.);
#11865 = DIRECTION('',(-1.,0.,0.));
#11866 = ORIENTED_EDGE('',*,*,#11867,.T.);
#11867 = EDGE_CURVE('',#11860,#11795,#11868,.T.);
#11868 = LINE('',#11869,#11870);
#11869 = CARTESIAN_POINT('',(-83.6,109.8,6.));
#11870 = VECTOR('',#11871,1.);
#11871 = DIRECTION('',(0.,2.22044604925E-16,1.));
#11872 = ORIENTED_EDGE('',*,*,#11794,.F.);
#11873 = ORIENTED_EDGE('',*,*,#11770,.F.);
#11874 = PLANE('',#11875);
#11875 = AXIS2_PLACEMENT_3D('',#11876,#11877,#11878);
#11876 = CARTESIAN_POINT('',(-38.30333390323,109.8,3.890359463156));
#11877 = DIRECTION('',(0.,1.,-3.330669073875E-16));
#11878 = DIRECTION('',(-1.,0.,0.));
#11879 = ADVANCED_FACE('',(#11880),#11906,.T.);
#11880 = FACE_BOUND('',#11881,.T.);
#11881 = EDGE_LOOP('',(#11882,#11890,#11898,#11904,#11905));
#11882 = ORIENTED_EDGE('',*,*,#11883,.T.);
#11883 = EDGE_CURVE('',#11836,#11884,#11886,.T.);
#11884 = VERTEX_POINT('',#11885);
#11885 = CARTESIAN_POINT('',(-30.,112.8,12.725));
#11886 = LINE('',#11887,#11888);
#11887 = CARTESIAN_POINT('',(-30.,109.8,12.725));
#11888 = VECTOR('',#11889,1.);
#11889 = DIRECTION('',(0.,1.,-3.330669073875E-16));
#11890 = ORIENTED_EDGE('',*,*,#11891,.T.);
#11891 = EDGE_CURVE('',#11884,#11892,#11894,.T.);
#11892 = VERTEX_POINT('',#11893);
#11893 = CARTESIAN_POINT('',(-83.6,112.8,12.725));
#11894 = LINE('',#11895,#11896);
#11895 = CARTESIAN_POINT('',(-30.,112.8,12.725));
#11896 = VECTOR('',#11897,1.);
#11897 = DIRECTION('',(-1.,0.,0.));
#11898 = ORIENTED_EDGE('',*,*,#11899,.F.);
#11899 = EDGE_CURVE('',#11860,#11892,#11900,.T.);
#11900 = LINE('',#11901,#11902);
#11901 = CARTESIAN_POINT('',(-83.6,109.8,12.725));
#11902 = VECTOR('',#11903,1.);
#11903 = DIRECTION('',(0.,1.,-3.330669073875E-16));
#11904 = ORIENTED_EDGE('',*,*,#11859,.F.);
#11905 = ORIENTED_EDGE('',*,*,#11845,.F.);
#11906 = PLANE('',#11907);
#11907 = AXIS2_PLACEMENT_3D('',#11908,#11909,#11910);
#11908 = CARTESIAN_POINT('',(-30.,109.8,12.725));
#11909 = DIRECTION('',(0.,3.330669073875E-16,1.));
#11910 = DIRECTION('',(-1.,0.,0.));
#11911 = ADVANCED_FACE('',(#11912),#11937,.T.);
#11912 = FACE_BOUND('',#11913,.F.);
#11913 = EDGE_LOOP('',(#11914,#11924,#11930,#11931));
#11914 = ORIENTED_EDGE('',*,*,#11915,.T.);
#11915 = EDGE_CURVE('',#11916,#11918,#11920,.T.);
#11916 = VERTEX_POINT('',#11917);
#11917 = CARTESIAN_POINT('',(-83.6,112.8,-1.24344978758E-14));
#11918 = VERTEX_POINT('',#11919);
#11919 = CARTESIAN_POINT('',(-30.,112.8,-1.24344978758E-14));
#11920 = LINE('',#11921,#11922);
#11921 = CARTESIAN_POINT('',(-83.6,112.8,-1.42108547152E-14));
#11922 = VECTOR('',#11923,1.);
#11923 = DIRECTION('',(1.,0.,0.));
#11924 = ORIENTED_EDGE('',*,*,#11925,.T.);
#11925 = EDGE_CURVE('',#11918,#11884,#11926,.T.);
#11926 = LINE('',#11927,#11928);
#11927 = CARTESIAN_POINT('',(-30.,112.8,-1.42108547152E-14));
#11928 = VECTOR('',#11929,1.);
#11929 = DIRECTION('',(0.,3.330669073875E-16,1.));
#11930 = ORIENTED_EDGE('',*,*,#11891,.T.);
#11931 = ORIENTED_EDGE('',*,*,#11932,.T.);
#11932 = EDGE_CURVE('',#11892,#11916,#11933,.T.);
#11933 = LINE('',#11934,#11935);
#11934 = CARTESIAN_POINT('',(-83.6,112.8,12.725));
#11935 = VECTOR('',#11936,1.);
#11936 = DIRECTION('',(0.,-3.330669073875E-16,-1.));
#11937 = PLANE('',#11938);
#11938 = AXIS2_PLACEMENT_3D('',#11939,#11940,#11941);
#11939 = CARTESIAN_POINT('',(-56.8,112.8,6.3625));
#11940 = DIRECTION('',(0.,1.,-1.110223024625E-16));
#11941 = DIRECTION('',(0.,1.110223024625E-16,1.));
#11942 = ADVANCED_FACE('',(#11943,#11963,#11966,#11969,#11972),#11975,
  .T.);
#11943 = FACE_BOUND('',#11944,.T.);
#11944 = EDGE_LOOP('',(#11945,#11946,#11947,#11953,#11954,#11960,#11961,
    #11962));
#11945 = ORIENTED_EDGE('',*,*,#11253,.T.);
#11946 = ORIENTED_EDGE('',*,*,#11427,.T.);
#11947 = ORIENTED_EDGE('',*,*,#11948,.T.);
#11948 = EDGE_CURVE('',#11420,#11916,#11949,.T.);
#11949 = LINE('',#11950,#11951);
#11950 = CARTESIAN_POINT('',(-83.6,109.8,-1.130207039068E-14));
#11951 = VECTOR('',#11952,1.);
#11952 = DIRECTION('',(0.,1.,-3.330669073875E-16));
#11953 = ORIENTED_EDGE('',*,*,#11915,.T.);
#11954 = ORIENTED_EDGE('',*,*,#11955,.F.);
#11955 = EDGE_CURVE('',#11538,#11918,#11956,.T.);
#11956 = LINE('',#11957,#11958);
#11957 = CARTESIAN_POINT('',(-30.,109.8,-1.130207039068E-14));
#11958 = VECTOR('',#11959,1.);
#11959 = DIRECTION('',(0.,1.,-3.330669073875E-16));
#11960 = ORIENTED_EDGE('',*,*,#11537,.T.);
#11961 = ORIENTED_EDGE('',*,*,#11506,.F.);
#11962 = ORIENTED_EDGE('',*,*,#11316,.F.);
#11963 = FACE_BOUND('',#11964,.T.);
#11964 = EDGE_LOOP('',(#11965));
#11965 = ORIENTED_EDGE('',*,*,#11662,.T.);
#11966 = FACE_BOUND('',#11967,.T.);
#11967 = EDGE_LOOP('',(#11968));
#11968 = ORIENTED_EDGE('',*,*,#11637,.T.);
#11969 = FACE_BOUND('',#11970,.T.);
#11970 = EDGE_LOOP('',(#11971));
#11971 = ORIENTED_EDGE('',*,*,#11712,.T.);
#11972 = FACE_BOUND('',#11973,.T.);
#11973 = EDGE_LOOP('',(#11974));
#11974 = ORIENTED_EDGE('',*,*,#11687,.T.);
#11975 = PLANE('',#11976);
#11976 = AXIS2_PLACEMENT_3D('',#11977,#11978,#11979);
#11977 = CARTESIAN_POINT('',(-34.83611230175,59.918431204458,
    -3.58053254617E-14));
#11978 = DIRECTION('',(0.,-6.818855291369E-16,-1.));
#11979 = DIRECTION('',(0.,1.,-6.818855291369E-16));
#11980 = ADVANCED_FACE('',(#11981),#11991,.T.);
#11981 = FACE_BOUND('',#11982,.T.);
#11982 = EDGE_LOOP('',(#11983,#11984,#11985,#11986,#11987,#11988,#11989,
    #11990));
#11983 = ORIENTED_EDGE('',*,*,#11570,.T.);
#11984 = ORIENTED_EDGE('',*,*,#11545,.F.);
#11985 = ORIENTED_EDGE('',*,*,#11955,.T.);
#11986 = ORIENTED_EDGE('',*,*,#11925,.T.);
#11987 = ORIENTED_EDGE('',*,*,#11883,.F.);
#11988 = ORIENTED_EDGE('',*,*,#11835,.F.);
#11989 = ORIENTED_EDGE('',*,*,#11730,.F.);
#11990 = ORIENTED_EDGE('',*,*,#11340,.F.);
#11991 = PLANE('',#11992);
#11992 = AXIS2_PLACEMENT_3D('',#11993,#11994,#11995);
#11993 = CARTESIAN_POINT('',(-30.,62.998596043395,6.3625));
#11994 = DIRECTION('',(1.,-8.746054203382E-32,-3.938872645131E-16));
#11995 = DIRECTION('',(3.938872645131E-16,2.22044604925E-16,1.));
#11996 = ADVANCED_FACE('',(#11997),#12007,.T.);
#11997 = FACE_BOUND('',#11998,.T.);
#11998 = EDGE_LOOP('',(#11999,#12000,#12001,#12002,#12003,#12004,#12005,
    #12006));
#11999 = ORIENTED_EDGE('',*,*,#11867,.F.);
#12000 = ORIENTED_EDGE('',*,*,#11899,.T.);
#12001 = ORIENTED_EDGE('',*,*,#11932,.T.);
#12002 = ORIENTED_EDGE('',*,*,#11948,.F.);
#12003 = ORIENTED_EDGE('',*,*,#11419,.F.);
#12004 = ORIENTED_EDGE('',*,*,#11817,.T.);
#12005 = ORIENTED_EDGE('',*,*,#11372,.T.);
#12006 = ORIENTED_EDGE('',*,*,#11802,.F.);
#12007 = PLANE('',#12008);
#12008 = AXIS2_PLACEMENT_3D('',#12009,#12010,#12011);
#12009 = CARTESIAN_POINT('',(-83.6,62.831340542746,11.293840542746));
#12010 = DIRECTION('',(-1.,0.,0.));
#12011 = DIRECTION('',(0.,1.,-2.22044604925E-16));
#12012 = MANIFOLD_SOLID_BREP('',#12013);
#12013 = CLOSED_SHELL('',(#12014,#12118,#12149,#12180,#12212,#12236,
    #12276,#12307,#12332,#12356,#12395,#12442,#12472,#12489,#12501,
    #12518,#12584,#12609,#12618,#12643,#12652,#12677,#12686,#12711,
    #12720,#12734,#12751,#12770));
#12014 = ADVANCED_FACE('',(#12015),#12113,.T.);
#12015 = FACE_BOUND('',#12016,.T.);
#12016 = EDGE_LOOP('',(#12017,#12027,#12035,#12043,#12051,#12059,#12067,
    #12075,#12083,#12091,#12099,#12107));
#12017 = ORIENTED_EDGE('',*,*,#12018,.T.);
#12018 = EDGE_CURVE('',#12019,#12021,#12023,.T.);
#12019 = VERTEX_POINT('',#12020);
#12020 = CARTESIAN_POINT('',(-29.7,8.,3.));
#12021 = VERTEX_POINT('',#12022);
#12022 = CARTESIAN_POINT('',(30.,8.,3.));
#12023 = LINE('',#12024,#12025);
#12024 = CARTESIAN_POINT('',(-29.7,8.,3.));
#12025 = VECTOR('',#12026,1.);
#12026 = DIRECTION('',(1.,0.,0.));
#12027 = ORIENTED_EDGE('',*,*,#12028,.T.);
#12028 = EDGE_CURVE('',#12021,#12029,#12031,.T.);
#12029 = VERTEX_POINT('',#12030);
#12030 = CARTESIAN_POINT('',(30.,8.,0.));
#12031 = LINE('',#12032,#12033);
#12032 = CARTESIAN_POINT('',(30.,8.,3.));
#12033 = VECTOR('',#12034,1.);
#12034 = DIRECTION('',(-1.184237892934E-15,-8.881784197001E-16,-1.));
#12035 = ORIENTED_EDGE('',*,*,#12036,.T.);
#12036 = EDGE_CURVE('',#12029,#12037,#12039,.T.);
#12037 = VERTEX_POINT('',#12038);
#12038 = CARTESIAN_POINT('',(98.8,8.,0.));
#12039 = LINE('',#12040,#12041);
#12040 = CARTESIAN_POINT('',(30.,8.,0.));
#12041 = VECTOR('',#12042,1.);
#12042 = DIRECTION('',(1.,0.,0.));
#12043 = ORIENTED_EDGE('',*,*,#12044,.T.);
#12044 = EDGE_CURVE('',#12037,#12045,#12047,.T.);
#12045 = VERTEX_POINT('',#12046);
#12046 = CARTESIAN_POINT('',(98.8,8.,3.));
#12047 = LINE('',#12048,#12049);
#12048 = CARTESIAN_POINT('',(98.8,8.,0.));
#12049 = VECTOR('',#12050,1.);
#12050 = DIRECTION('',(0.,8.881784197001E-16,1.));
#12051 = ORIENTED_EDGE('',*,*,#12052,.T.);
#12052 = EDGE_CURVE('',#12045,#12053,#12055,.T.);
#12053 = VERTEX_POINT('',#12054);
#12054 = CARTESIAN_POINT('',(106.8,8.,3.));
#12055 = LINE('',#12056,#12057);
#12056 = CARTESIAN_POINT('',(98.8,8.,3.));
#12057 = VECTOR('',#12058,1.);
#12058 = DIRECTION('',(1.,0.,0.));
#12059 = ORIENTED_EDGE('',*,*,#12060,.T.);
#12060 = EDGE_CURVE('',#12053,#12061,#12063,.T.);
#12061 = VERTEX_POINT('',#12062);
#12062 = CARTESIAN_POINT('',(106.8,8.,6.));
#12063 = LINE('',#12064,#12065);
#12064 = CARTESIAN_POINT('',(106.8,8.,3.));
#12065 = VECTOR('',#12066,1.);
#12066 = DIRECTION('',(0.,8.881784197001E-16,1.));
#12067 = ORIENTED_EDGE('',*,*,#12068,.T.);
#12068 = EDGE_CURVE('',#12061,#12069,#12071,.T.);
#12069 = VERTEX_POINT('',#12070);
#12070 = CARTESIAN_POINT('',(83.6,8.,6.));
#12071 = LINE('',#12072,#12073);
#12072 = CARTESIAN_POINT('',(106.8,8.,6.));
#12073 = VECTOR('',#12074,1.);
#12074 = DIRECTION('',(-1.,0.,0.));
#12075 = ORIENTED_EDGE('',*,*,#12076,.T.);
#12076 = EDGE_CURVE('',#12069,#12077,#12079,.T.);
#12077 = VERTEX_POINT('',#12078);
#12078 = CARTESIAN_POINT('',(83.6,8.,17.725));
#12079 = LINE('',#12080,#12081);
#12080 = CARTESIAN_POINT('',(83.6,8.,6.));
#12081 = VECTOR('',#12082,1.);
#12082 = DIRECTION('',(0.,2.22044604925E-16,1.));
#12083 = ORIENTED_EDGE('',*,*,#12084,.F.);
#12084 = EDGE_CURVE('',#12085,#12077,#12087,.T.);
#12085 = VERTEX_POINT('',#12086);
#12086 = CARTESIAN_POINT('',(79.6,8.,17.725));
#12087 = LINE('',#12088,#12089);
#12088 = CARTESIAN_POINT('',(79.6,8.,17.725));
#12089 = VECTOR('',#12090,1.);
#12090 = DIRECTION('',(1.,0.,0.));
#12091 = ORIENTED_EDGE('',*,*,#12092,.F.);
#12092 = EDGE_CURVE('',#12093,#12085,#12095,.T.);
#12093 = VERTEX_POINT('',#12094);
#12094 = CARTESIAN_POINT('',(79.6,8.,9.725));
#12095 = LINE('',#12096,#12097);
#12096 = CARTESIAN_POINT('',(79.6,8.,6.));
#12097 = VECTOR('',#12098,1.);
#12098 = DIRECTION('',(0.,2.22044604925E-16,1.));
#12099 = ORIENTED_EDGE('',*,*,#12100,.F.);
#12100 = EDGE_CURVE('',#12101,#12093,#12103,.T.);
#12101 = VERTEX_POINT('',#12102);
#12102 = CARTESIAN_POINT('',(-29.7,8.,9.725));
#12103 = LINE('',#12104,#12105);
#12104 = CARTESIAN_POINT('',(-29.7,8.,9.725));
#12105 = VECTOR('',#12106,1.);
#12106 = DIRECTION('',(1.,0.,0.));
#12107 = ORIENTED_EDGE('',*,*,#12108,.T.);
#12108 = EDGE_CURVE('',#12101,#12019,#12109,.T.);
#12109 = LINE('',#12110,#12111);
#12110 = CARTESIAN_POINT('',(-29.7,8.,6.));
#12111 = VECTOR('',#12112,1.);
#12112 = DIRECTION('',(1.184237892934E-15,-8.881784197001E-16,-1.));
#12113 = PLANE('',#12114);
#12114 = AXIS2_PLACEMENT_3D('',#12115,#12116,#12117);
#12115 = CARTESIAN_POINT('',(41.00576268439,8.,5.804240962879));
#12116 = DIRECTION('',(0.,-1.,3.330669073875E-16));
#12117 = DIRECTION('',(1.,0.,0.));
#12118 = ADVANCED_FACE('',(#12119),#12144,.T.);
#12119 = FACE_BOUND('',#12120,.T.);
#12120 = EDGE_LOOP('',(#12121,#12122,#12130,#12138));
#12121 = ORIENTED_EDGE('',*,*,#12100,.T.);
#12122 = ORIENTED_EDGE('',*,*,#12123,.T.);
#12123 = EDGE_CURVE('',#12093,#12124,#12126,.T.);
#12124 = VERTEX_POINT('',#12125);
#12125 = CARTESIAN_POINT('',(79.6,109.8,9.725));
#12126 = LINE('',#12127,#12128);
#12127 = CARTESIAN_POINT('',(79.6,8.,9.725));
#12128 = VECTOR('',#12129,1.);
#12129 = DIRECTION('',(0.,1.,-3.330669073875E-16));
#12130 = ORIENTED_EDGE('',*,*,#12131,.T.);
#12131 = EDGE_CURVE('',#12124,#12132,#12134,.T.);
#12132 = VERTEX_POINT('',#12133);
#12133 = CARTESIAN_POINT('',(-29.7,109.8,9.725));
#12134 = LINE('',#12135,#12136);
#12135 = CARTESIAN_POINT('',(79.6,109.8,9.725));
#12136 = VECTOR('',#12137,1.);
#12137 = DIRECTION('',(-1.,0.,-0.));
#12138 = ORIENTED_EDGE('',*,*,#12139,.T.);
#12139 = EDGE_CURVE('',#12132,#12101,#12140,.T.);
#12140 = LINE('',#12141,#12142);
#12141 = CARTESIAN_POINT('',(-29.7,109.8,9.725));
#12142 = VECTOR('',#12143,1.);
#12143 = DIRECTION('',(3.489895558743E-17,-1.,3.330669073875E-16));
#12144 = PLANE('',#12145);
#12145 = AXIS2_PLACEMENT_3D('',#12146,#12147,#12148);
#12146 = CARTESIAN_POINT('',(24.95,58.9,9.725));
#12147 = DIRECTION('',(0.,3.330669073875E-16,1.));
#12148 = DIRECTION('',(1.,0.,0.));
#12149 = ADVANCED_FACE('',(#12150),#12175,.T.);
#12150 = FACE_BOUND('',#12151,.T.);
#12151 = EDGE_LOOP('',(#12152,#12160,#12168,#12174));
#12152 = ORIENTED_EDGE('',*,*,#12153,.T.);
#12153 = EDGE_CURVE('',#12037,#12154,#12156,.T.);
#12154 = VERTEX_POINT('',#12155);
#12155 = CARTESIAN_POINT('',(98.8,109.8,-9.059419880941E-14));
#12156 = LINE('',#12157,#12158);
#12157 = CARTESIAN_POINT('',(98.8,8.,0.));
#12158 = VECTOR('',#12159,1.);
#12159 = DIRECTION('',(0.,1.,-8.881784197001E-16));
#12160 = ORIENTED_EDGE('',*,*,#12161,.T.);
#12161 = EDGE_CURVE('',#12154,#12162,#12164,.T.);
#12162 = VERTEX_POINT('',#12163);
#12163 = CARTESIAN_POINT('',(98.8,109.8,3.));
#12164 = LINE('',#12165,#12166);
#12165 = CARTESIAN_POINT('',(98.8,109.8,-8.526512829121E-14));
#12166 = VECTOR('',#12167,1.);
#12167 = DIRECTION('',(0.,8.881784197001E-16,1.));
#12168 = ORIENTED_EDGE('',*,*,#12169,.F.);
#12169 = EDGE_CURVE('',#12045,#12162,#12170,.T.);
#12170 = LINE('',#12171,#12172);
#12171 = CARTESIAN_POINT('',(98.8,8.,3.));
#12172 = VECTOR('',#12173,1.);
#12173 = DIRECTION('',(0.,1.,-8.881784197001E-16));
#12174 = ORIENTED_EDGE('',*,*,#12044,.F.);
#12175 = PLANE('',#12176);
#12176 = AXIS2_PLACEMENT_3D('',#12177,#12178,#12179);
#12177 = CARTESIAN_POINT('',(98.8,8.,0.));
#12178 = DIRECTION('',(1.,0.,0.));
#12179 = DIRECTION('',(0.,8.881784197001E-16,1.));
#12180 = ADVANCED_FACE('',(#12181),#12207,.T.);
#12181 = FACE_BOUND('',#12182,.T.);
#12182 = EDGE_LOOP('',(#12183,#12184,#12192,#12200,#12206));
#12183 = ORIENTED_EDGE('',*,*,#12169,.T.);
#12184 = ORIENTED_EDGE('',*,*,#12185,.T.);
#12185 = EDGE_CURVE('',#12162,#12186,#12188,.T.);
#12186 = VERTEX_POINT('',#12187);
#12187 = CARTESIAN_POINT('',(98.8,136.4,3.));
#12188 = LINE('',#12189,#12190);
#12189 = CARTESIAN_POINT('',(98.8,109.8,3.));
#12190 = VECTOR('',#12191,1.);
#12191 = DIRECTION('',(0.,1.,-7.771561172376E-16));
#12192 = ORIENTED_EDGE('',*,*,#12193,.T.);
#12193 = EDGE_CURVE('',#12186,#12194,#12196,.T.);
#12194 = VERTEX_POINT('',#12195);
#12195 = CARTESIAN_POINT('',(106.8,136.4,3.));
#12196 = LINE('',#12197,#12198);
#12197 = CARTESIAN_POINT('',(98.8,136.4,3.));
#12198 = VECTOR('',#12199,1.);
#12199 = DIRECTION('',(1.,0.,0.));
#12200 = ORIENTED_EDGE('',*,*,#12201,.F.);
#12201 = EDGE_CURVE('',#12053,#12194,#12202,.T.);
#12202 = LINE('',#12203,#12204);
#12203 = CARTESIAN_POINT('',(106.8,109.8,3.));
#12204 = VECTOR('',#12205,1.);
#12205 = DIRECTION('',(0.,1.,-7.771561172376E-16));
#12206 = ORIENTED_EDGE('',*,*,#12052,.F.);
#12207 = PLANE('',#12208);
#12208 = AXIS2_PLACEMENT_3D('',#12209,#12210,#12211);
#12209 = CARTESIAN_POINT('',(102.8,72.2,3.));
#12210 = DIRECTION('',(-0.,-6.661338147751E-16,-1.));
#12211 = DIRECTION('',(0.,1.,-6.661338147751E-16));
#12212 = ADVANCED_FACE('',(#12213),#12231,.T.);
#12213 = FACE_BOUND('',#12214,.T.);
#12214 = EDGE_LOOP('',(#12215,#12216,#12224,#12230));
#12215 = ORIENTED_EDGE('',*,*,#12201,.T.);
#12216 = ORIENTED_EDGE('',*,*,#12217,.T.);
#12217 = EDGE_CURVE('',#12194,#12218,#12220,.T.);
#12218 = VERTEX_POINT('',#12219);
#12219 = CARTESIAN_POINT('',(106.8,136.4,6.));
#12220 = LINE('',#12221,#12222);
#12221 = CARTESIAN_POINT('',(106.8,136.4,3.));
#12222 = VECTOR('',#12223,1.);
#12223 = DIRECTION('',(0.,7.771561172376E-16,1.));
#12224 = ORIENTED_EDGE('',*,*,#12225,.F.);
#12225 = EDGE_CURVE('',#12061,#12218,#12226,.T.);
#12226 = LINE('',#12227,#12228);
#12227 = CARTESIAN_POINT('',(106.8,8.,6.));
#12228 = VECTOR('',#12229,1.);
#12229 = DIRECTION('',(0.,1.,-8.881784197001E-16));
#12230 = ORIENTED_EDGE('',*,*,#12060,.F.);
#12231 = PLANE('',#12232);
#12232 = AXIS2_PLACEMENT_3D('',#12233,#12234,#12235);
#12233 = CARTESIAN_POINT('',(106.8,72.2,4.5));
#12234 = DIRECTION('',(1.,0.,0.));
#12235 = DIRECTION('',(0.,-1.,6.661338147751E-16));
#12236 = ADVANCED_FACE('',(#12237),#12271,.T.);
#12237 = FACE_BOUND('',#12238,.T.);
#12238 = EDGE_LOOP('',(#12239,#12240,#12241,#12249,#12257,#12265));
#12239 = ORIENTED_EDGE('',*,*,#12068,.F.);
#12240 = ORIENTED_EDGE('',*,*,#12225,.T.);
#12241 = ORIENTED_EDGE('',*,*,#12242,.T.);
#12242 = EDGE_CURVE('',#12218,#12243,#12245,.T.);
#12243 = VERTEX_POINT('',#12244);
#12244 = CARTESIAN_POINT('',(98.8,136.4,6.));
#12245 = LINE('',#12246,#12247);
#12246 = CARTESIAN_POINT('',(106.8,136.4,6.));
#12247 = VECTOR('',#12248,1.);
#12248 = DIRECTION('',(-1.,0.,0.));
#12249 = ORIENTED_EDGE('',*,*,#12250,.F.);
#12250 = EDGE_CURVE('',#12251,#12243,#12253,.T.);
#12251 = VERTEX_POINT('',#12252);
#12252 = CARTESIAN_POINT('',(98.8,109.8,6.));
#12253 = LINE('',#12254,#12255);
#12254 = CARTESIAN_POINT('',(98.8,109.8,6.));
#12255 = VECTOR('',#12256,1.);
#12256 = DIRECTION('',(0.,1.,-7.771561172376E-16));
#12257 = ORIENTED_EDGE('',*,*,#12258,.T.);
#12258 = EDGE_CURVE('',#12251,#12259,#12261,.T.);
#12259 = VERTEX_POINT('',#12260);
#12260 = CARTESIAN_POINT('',(83.6,109.8,6.));
#12261 = LINE('',#12262,#12263);
#12262 = CARTESIAN_POINT('',(106.8,109.8,6.));
#12263 = VECTOR('',#12264,1.);
#12264 = DIRECTION('',(-1.,0.,0.));
#12265 = ORIENTED_EDGE('',*,*,#12266,.F.);
#12266 = EDGE_CURVE('',#12069,#12259,#12267,.T.);
#12267 = LINE('',#12268,#12269);
#12268 = CARTESIAN_POINT('',(83.6,8.,6.));
#12269 = VECTOR('',#12270,1.);
#12270 = DIRECTION('',(0.,1.,-2.22044604925E-16));
#12271 = PLANE('',#12272);
#12272 = AXIS2_PLACEMENT_3D('',#12273,#12274,#12275);
#12273 = CARTESIAN_POINT('',(45.0016798792,65.7483201208,6.));
#12274 = DIRECTION('',(0.,6.661338147751E-16,1.));
#12275 = DIRECTION('',(0.,-1.,6.661338147751E-16));
#12276 = ADVANCED_FACE('',(#12277),#12302,.T.);
#12277 = FACE_BOUND('',#12278,.T.);
#12278 = EDGE_LOOP('',(#12279,#12280,#12288,#12296));
#12279 = ORIENTED_EDGE('',*,*,#12084,.T.);
#12280 = ORIENTED_EDGE('',*,*,#12281,.T.);
#12281 = EDGE_CURVE('',#12077,#12282,#12284,.T.);
#12282 = VERTEX_POINT('',#12283);
#12283 = CARTESIAN_POINT('',(83.6,109.8,17.725));
#12284 = LINE('',#12285,#12286);
#12285 = CARTESIAN_POINT('',(83.6,8.,17.725));
#12286 = VECTOR('',#12287,1.);
#12287 = DIRECTION('',(0.,1.,-2.22044604925E-16));
#12288 = ORIENTED_EDGE('',*,*,#12289,.T.);
#12289 = EDGE_CURVE('',#12282,#12290,#12292,.T.);
#12290 = VERTEX_POINT('',#12291);
#12291 = CARTESIAN_POINT('',(79.6,109.8,17.725));
#12292 = LINE('',#12293,#12294);
#12293 = CARTESIAN_POINT('',(83.6,109.8,17.725));
#12294 = VECTOR('',#12295,1.);
#12295 = DIRECTION('',(-1.,0.,0.));
#12296 = ORIENTED_EDGE('',*,*,#12297,.T.);
#12297 = EDGE_CURVE('',#12290,#12085,#12298,.T.);
#12298 = LINE('',#12299,#12300);
#12299 = CARTESIAN_POINT('',(79.6,109.8,17.725));
#12300 = VECTOR('',#12301,1.);
#12301 = DIRECTION('',(0.,-1.,2.22044604925E-16));
#12302 = PLANE('',#12303);
#12303 = AXIS2_PLACEMENT_3D('',#12304,#12305,#12306);
#12304 = CARTESIAN_POINT('',(81.6,58.9,17.725));
#12305 = DIRECTION('',(0.,2.22044604925E-16,1.));
#12306 = DIRECTION('',(1.,0.,0.));
#12307 = ADVANCED_FACE('',(#12308),#12327,.F.);
#12308 = FACE_BOUND('',#12309,.F.);
#12309 = EDGE_LOOP('',(#12310,#12311,#12319,#12325,#12326));
#12310 = ORIENTED_EDGE('',*,*,#12123,.T.);
#12311 = ORIENTED_EDGE('',*,*,#12312,.T.);
#12312 = EDGE_CURVE('',#12124,#12313,#12315,.T.);
#12313 = VERTEX_POINT('',#12314);
#12314 = CARTESIAN_POINT('',(79.6,109.8,12.725));
#12315 = LINE('',#12316,#12317);
#12316 = CARTESIAN_POINT('',(79.6,109.8,6.));
#12317 = VECTOR('',#12318,1.);
#12318 = DIRECTION('',(0.,2.22044604925E-16,1.));
#12319 = ORIENTED_EDGE('',*,*,#12320,.T.);
#12320 = EDGE_CURVE('',#12313,#12290,#12321,.T.);
#12321 = LINE('',#12322,#12323);
#12322 = CARTESIAN_POINT('',(79.6,109.8,6.));
#12323 = VECTOR('',#12324,1.);
#12324 = DIRECTION('',(0.,2.22044604925E-16,1.));
#12325 = ORIENTED_EDGE('',*,*,#12297,.T.);
#12326 = ORIENTED_EDGE('',*,*,#12092,.F.);
#12327 = PLANE('',#12328);
#12328 = AXIS2_PLACEMENT_3D('',#12329,#12330,#12331);
#12329 = CARTESIAN_POINT('',(79.6,109.8,6.));
#12330 = DIRECTION('',(1.,0.,0.));
#12331 = DIRECTION('',(0.,-1.,2.22044604925E-16));
#12332 = ADVANCED_FACE('',(#12333),#12351,.F.);
#12333 = FACE_BOUND('',#12334,.F.);
#12334 = EDGE_LOOP('',(#12335,#12336,#12344,#12350));
#12335 = ORIENTED_EDGE('',*,*,#12131,.T.);
#12336 = ORIENTED_EDGE('',*,*,#12337,.F.);
#12337 = EDGE_CURVE('',#12338,#12132,#12340,.T.);
#12338 = VERTEX_POINT('',#12339);
#12339 = CARTESIAN_POINT('',(-29.7,109.8,12.725));
#12340 = LINE('',#12341,#12342);
#12341 = CARTESIAN_POINT('',(-29.7,109.8,12.725));
#12342 = VECTOR('',#12343,1.);
#12343 = DIRECTION('',(3.653176019332E-16,-3.330669073875E-16,-1.));
#12344 = ORIENTED_EDGE('',*,*,#12345,.F.);
#12345 = EDGE_CURVE('',#12313,#12338,#12346,.T.);
#12346 = LINE('',#12347,#12348);
#12347 = CARTESIAN_POINT('',(83.6,109.8,12.725));
#12348 = VECTOR('',#12349,1.);
#12349 = DIRECTION('',(-1.,0.,0.));
#12350 = ORIENTED_EDGE('',*,*,#12312,.F.);
#12351 = PLANE('',#12352);
#12352 = AXIS2_PLACEMENT_3D('',#12353,#12354,#12355);
#12353 = CARTESIAN_POINT('',(27.660573298949,109.8,7.073073298949));
#12354 = DIRECTION('',(0.,1.,-1.110223024625E-16));
#12355 = DIRECTION('',(0.,1.110223024625E-16,1.));
#12356 = ADVANCED_FACE('',(#12357),#12390,.T.);
#12357 = FACE_BOUND('',#12358,.T.);
#12358 = EDGE_LOOP('',(#12359,#12369,#12377,#12383,#12384));
#12359 = ORIENTED_EDGE('',*,*,#12360,.T.);
#12360 = EDGE_CURVE('',#12361,#12363,#12365,.T.);
#12361 = VERTEX_POINT('',#12362);
#12362 = CARTESIAN_POINT('',(83.6,109.8,12.725));
#12363 = VERTEX_POINT('',#12364);
#12364 = CARTESIAN_POINT('',(83.6,112.8,12.725));
#12365 = LINE('',#12366,#12367);
#12366 = CARTESIAN_POINT('',(83.6,109.8,12.725));
#12367 = VECTOR('',#12368,1.);
#12368 = DIRECTION('',(0.,1.,-3.330669073875E-16));
#12369 = ORIENTED_EDGE('',*,*,#12370,.T.);
#12370 = EDGE_CURVE('',#12363,#12371,#12373,.T.);
#12371 = VERTEX_POINT('',#12372);
#12372 = CARTESIAN_POINT('',(-29.7,112.8,12.725));
#12373 = LINE('',#12374,#12375);
#12374 = CARTESIAN_POINT('',(83.6,112.8,12.725));
#12375 = VECTOR('',#12376,1.);
#12376 = DIRECTION('',(-1.,0.,0.));
#12377 = ORIENTED_EDGE('',*,*,#12378,.F.);
#12378 = EDGE_CURVE('',#12338,#12371,#12379,.T.);
#12379 = LINE('',#12380,#12381);
#12380 = CARTESIAN_POINT('',(-29.7,109.8,12.725));
#12381 = VECTOR('',#12382,1.);
#12382 = DIRECTION('',(0.,1.,-3.330669073875E-16));
#12383 = ORIENTED_EDGE('',*,*,#12345,.F.);
#12384 = ORIENTED_EDGE('',*,*,#12385,.F.);
#12385 = EDGE_CURVE('',#12361,#12313,#12386,.T.);
#12386 = LINE('',#12387,#12388);
#12387 = CARTESIAN_POINT('',(83.6,109.8,12.725));
#12388 = VECTOR('',#12389,1.);
#12389 = DIRECTION('',(-1.,0.,0.));
#12390 = PLANE('',#12391);
#12391 = AXIS2_PLACEMENT_3D('',#12392,#12393,#12394);
#12392 = CARTESIAN_POINT('',(83.6,109.8,12.725));
#12393 = DIRECTION('',(0.,3.330669073875E-16,1.));
#12394 = DIRECTION('',(-1.,0.,0.));
#12395 = ADVANCED_FACE('',(#12396),#12437,.T.);
#12396 = FACE_BOUND('',#12397,.F.);
#12397 = EDGE_LOOP('',(#12398,#12408,#12416,#12424,#12430,#12431));
#12398 = ORIENTED_EDGE('',*,*,#12399,.T.);
#12399 = EDGE_CURVE('',#12400,#12402,#12404,.T.);
#12400 = VERTEX_POINT('',#12401);
#12401 = CARTESIAN_POINT('',(-29.7,112.8,3.));
#12402 = VERTEX_POINT('',#12403);
#12403 = CARTESIAN_POINT('',(30.,112.8,3.));
#12404 = LINE('',#12405,#12406);
#12405 = CARTESIAN_POINT('',(-29.7,112.8,3.));
#12406 = VECTOR('',#12407,1.);
#12407 = DIRECTION('',(1.,0.,0.));
#12408 = ORIENTED_EDGE('',*,*,#12409,.T.);
#12409 = EDGE_CURVE('',#12402,#12410,#12412,.T.);
#12410 = VERTEX_POINT('',#12411);
#12411 = CARTESIAN_POINT('',(30.,112.8,-1.24344978758E-14));
#12412 = LINE('',#12413,#12414);
#12413 = CARTESIAN_POINT('',(30.,112.8,3.));
#12414 = VECTOR('',#12415,1.);
#12415 = DIRECTION('',(-1.184237892934E-15,-3.330669073875E-16,-1.));
#12416 = ORIENTED_EDGE('',*,*,#12417,.T.);
#12417 = EDGE_CURVE('',#12410,#12418,#12420,.T.);
#12418 = VERTEX_POINT('',#12419);
#12419 = CARTESIAN_POINT('',(83.6,112.8,-1.24344978758E-14));
#12420 = LINE('',#12421,#12422);
#12421 = CARTESIAN_POINT('',(30.,112.8,-1.42108547152E-14));
#12422 = VECTOR('',#12423,1.);
#12423 = DIRECTION('',(1.,0.,0.));
#12424 = ORIENTED_EDGE('',*,*,#12425,.T.);
#12425 = EDGE_CURVE('',#12418,#12363,#12426,.T.);
#12426 = LINE('',#12427,#12428);
#12427 = CARTESIAN_POINT('',(83.6,112.8,-1.42108547152E-14));
#12428 = VECTOR('',#12429,1.);
#12429 = DIRECTION('',(0.,3.330669073875E-16,1.));
#12430 = ORIENTED_EDGE('',*,*,#12370,.T.);
#12431 = ORIENTED_EDGE('',*,*,#12432,.T.);
#12432 = EDGE_CURVE('',#12371,#12400,#12433,.T.);
#12433 = LINE('',#12434,#12435);
#12434 = CARTESIAN_POINT('',(-29.7,112.8,12.725));
#12435 = VECTOR('',#12436,1.);
#12436 = DIRECTION('',(3.653176019332E-16,-3.330669073875E-16,-1.));
#12437 = PLANE('',#12438);
#12438 = AXIS2_PLACEMENT_3D('',#12439,#12440,#12441);
#12439 = CARTESIAN_POINT('',(27.660573298949,112.8,7.073073298949));
#12440 = DIRECTION('',(0.,1.,-1.110223024625E-16));
#12441 = DIRECTION('',(0.,1.110223024625E-16,1.));
#12442 = ADVANCED_FACE('',(#12443),#12467,.T.);
#12443 = FACE_BOUND('',#12444,.T.);
#12444 = EDGE_LOOP('',(#12445,#12453,#12459,#12460,#12466));
#12445 = ORIENTED_EDGE('',*,*,#12446,.F.);
#12446 = EDGE_CURVE('',#12447,#12154,#12449,.T.);
#12447 = VERTEX_POINT('',#12448);
#12448 = CARTESIAN_POINT('',(83.6,109.8,-1.06581410364E-14));
#12449 = LINE('',#12450,#12451);
#12450 = CARTESIAN_POINT('',(30.,109.8,-8.526512829121E-14));
#12451 = VECTOR('',#12452,1.);
#12452 = DIRECTION('',(1.,0.,0.));
#12453 = ORIENTED_EDGE('',*,*,#12454,.T.);
#12454 = EDGE_CURVE('',#12447,#12259,#12455,.T.);
#12455 = LINE('',#12456,#12457);
#12456 = CARTESIAN_POINT('',(83.6,109.8,-1.42108547152E-14));
#12457 = VECTOR('',#12458,1.);
#12458 = DIRECTION('',(0.,3.330669073875E-16,1.));
#12459 = ORIENTED_EDGE('',*,*,#12258,.F.);
#12460 = ORIENTED_EDGE('',*,*,#12461,.T.);
#12461 = EDGE_CURVE('',#12251,#12162,#12462,.T.);
#12462 = LINE('',#12463,#12464);
#12463 = CARTESIAN_POINT('',(98.8,109.8,6.));
#12464 = VECTOR('',#12465,1.);
#12465 = DIRECTION('',(0.,-7.771561172376E-16,-1.));
#12466 = ORIENTED_EDGE('',*,*,#12161,.F.);
#12467 = PLANE('',#12468);
#12468 = AXIS2_PLACEMENT_3D('',#12469,#12470,#12471);
#12469 = CARTESIAN_POINT('',(37.542921866986,109.8,5.87559625577));
#12470 = DIRECTION('',(0.,1.,-3.330669073875E-16));
#12471 = DIRECTION('',(-1.,0.,0.));
#12472 = ADVANCED_FACE('',(#12473),#12484,.T.);
#12473 = FACE_BOUND('',#12474,.T.);
#12474 = EDGE_LOOP('',(#12475,#12476,#12482,#12483));
#12475 = ORIENTED_EDGE('',*,*,#12250,.T.);
#12476 = ORIENTED_EDGE('',*,*,#12477,.T.);
#12477 = EDGE_CURVE('',#12243,#12186,#12478,.T.);
#12478 = LINE('',#12479,#12480);
#12479 = CARTESIAN_POINT('',(98.8,136.4,6.));
#12480 = VECTOR('',#12481,1.);
#12481 = DIRECTION('',(0.,-7.771561172376E-16,-1.));
#12482 = ORIENTED_EDGE('',*,*,#12185,.F.);
#12483 = ORIENTED_EDGE('',*,*,#12461,.F.);
#12484 = PLANE('',#12485);
#12485 = AXIS2_PLACEMENT_3D('',#12486,#12487,#12488);
#12486 = CARTESIAN_POINT('',(98.8,109.8,6.));
#12487 = DIRECTION('',(-1.,0.,0.));
#12488 = DIRECTION('',(0.,-7.771561172376E-16,-1.));
#12489 = ADVANCED_FACE('',(#12490),#12496,.T.);
#12490 = FACE_BOUND('',#12491,.F.);
#12491 = EDGE_LOOP('',(#12492,#12493,#12494,#12495));
#12492 = ORIENTED_EDGE('',*,*,#12193,.T.);
#12493 = ORIENTED_EDGE('',*,*,#12217,.T.);
#12494 = ORIENTED_EDGE('',*,*,#12242,.T.);
#12495 = ORIENTED_EDGE('',*,*,#12477,.T.);
#12496 = PLANE('',#12497);
#12497 = AXIS2_PLACEMENT_3D('',#12498,#12499,#12500);
#12498 = CARTESIAN_POINT('',(102.8,136.4,4.5));
#12499 = DIRECTION('',(0.,1.,-5.551115123126E-16));
#12500 = DIRECTION('',(0.,5.551115123126E-16,1.));
#12501 = ADVANCED_FACE('',(#12502),#12513,.T.);
#12502 = FACE_BOUND('',#12503,.T.);
#12503 = EDGE_LOOP('',(#12504,#12505,#12506,#12507));
#12504 = ORIENTED_EDGE('',*,*,#12385,.T.);
#12505 = ORIENTED_EDGE('',*,*,#12320,.T.);
#12506 = ORIENTED_EDGE('',*,*,#12289,.F.);
#12507 = ORIENTED_EDGE('',*,*,#12508,.F.);
#12508 = EDGE_CURVE('',#12361,#12282,#12509,.T.);
#12509 = LINE('',#12510,#12511);
#12510 = CARTESIAN_POINT('',(83.6,109.8,6.));
#12511 = VECTOR('',#12512,1.);
#12512 = DIRECTION('',(0.,2.22044604925E-16,1.));
#12513 = PLANE('',#12514);
#12514 = AXIS2_PLACEMENT_3D('',#12515,#12516,#12517);
#12515 = CARTESIAN_POINT('',(37.542921866986,109.8,5.87559625577));
#12516 = DIRECTION('',(0.,1.,-3.330669073875E-16));
#12517 = DIRECTION('',(-1.,0.,0.));
#12518 = ADVANCED_FACE('',(#12519,#12535,#12546,#12557,#12568),#12579,
  .T.);
#12519 = FACE_BOUND('',#12520,.T.);
#12520 = EDGE_LOOP('',(#12521,#12527,#12528,#12534));
#12521 = ORIENTED_EDGE('',*,*,#12522,.T.);
#12522 = EDGE_CURVE('',#12019,#12400,#12523,.T.);
#12523 = LINE('',#12524,#12525);
#12524 = CARTESIAN_POINT('',(-29.7,8.,3.));
#12525 = VECTOR('',#12526,1.);
#12526 = DIRECTION('',(0.,1.,-8.881784197001E-16));
#12527 = ORIENTED_EDGE('',*,*,#12399,.T.);
#12528 = ORIENTED_EDGE('',*,*,#12529,.F.);
#12529 = EDGE_CURVE('',#12021,#12402,#12530,.T.);
#12530 = LINE('',#12531,#12532);
#12531 = CARTESIAN_POINT('',(30.,109.8,3.));
#12532 = VECTOR('',#12533,1.);
#12533 = DIRECTION('',(0.,1.,-3.330669073875E-16));
#12534 = ORIENTED_EDGE('',*,*,#12018,.F.);
#12535 = FACE_BOUND('',#12536,.T.);
#12536 = EDGE_LOOP('',(#12537));
#12537 = ORIENTED_EDGE('',*,*,#12538,.T.);
#12538 = EDGE_CURVE('',#12539,#12539,#12541,.T.);
#12539 = VERTEX_POINT('',#12540);
#12540 = CARTESIAN_POINT('',(-19.5,95.,3.));
#12541 = CIRCLE('',#12542,2.5);
#12542 = AXIS2_PLACEMENT_3D('',#12543,#12544,#12545);
#12543 = CARTESIAN_POINT('',(-22.,95.,3.));
#12544 = DIRECTION('',(-0.,4.440892098501E-16,1.));
#12545 = DIRECTION('',(1.,0.,0.));
#12546 = FACE_BOUND('',#12547,.T.);
#12547 = EDGE_LOOP('',(#12548));
#12548 = ORIENTED_EDGE('',*,*,#12549,.T.);
#12549 = EDGE_CURVE('',#12550,#12550,#12552,.T.);
#12550 = VERTEX_POINT('',#12551);
#12551 = CARTESIAN_POINT('',(24.5,95.,3.));
#12552 = CIRCLE('',#12553,2.5);
#12553 = AXIS2_PLACEMENT_3D('',#12554,#12555,#12556);
#12554 = CARTESIAN_POINT('',(22.,95.,3.));
#12555 = DIRECTION('',(-0.,4.440892098501E-16,1.));
#12556 = DIRECTION('',(1.,0.,0.));
#12557 = FACE_BOUND('',#12558,.T.);
#12558 = EDGE_LOOP('',(#12559));
#12559 = ORIENTED_EDGE('',*,*,#12560,.T.);
#12560 = EDGE_CURVE('',#12561,#12561,#12563,.T.);
#12561 = VERTEX_POINT('',#12562);
#12562 = CARTESIAN_POINT('',(-19.5,20.,3.));
#12563 = CIRCLE('',#12564,2.5);
#12564 = AXIS2_PLACEMENT_3D('',#12565,#12566,#12567);
#12565 = CARTESIAN_POINT('',(-22.,20.,3.));
#12566 = DIRECTION('',(-0.,4.440892098501E-16,1.));
#12567 = DIRECTION('',(1.,0.,0.));
#12568 = FACE_BOUND('',#12569,.T.);
#12569 = EDGE_LOOP('',(#12570));
#12570 = ORIENTED_EDGE('',*,*,#12571,.T.);
#12571 = EDGE_CURVE('',#12572,#12572,#12574,.T.);
#12572 = VERTEX_POINT('',#12573);
#12573 = CARTESIAN_POINT('',(24.5,20.,3.));
#12574 = CIRCLE('',#12575,2.5);
#12575 = AXIS2_PLACEMENT_3D('',#12576,#12577,#12578);
#12576 = CARTESIAN_POINT('',(22.,20.,3.));
#12577 = DIRECTION('',(-0.,4.440892098501E-16,1.));
#12578 = DIRECTION('',(1.,0.,0.));
#12579 = PLANE('',#12580);
#12580 = AXIS2_PLACEMENT_3D('',#12581,#12582,#12583);
#12581 = CARTESIAN_POINT('',(0.15,60.4,3.));
#12582 = DIRECTION('',(0.,-5.67954461895E-16,-1.));
#12583 = DIRECTION('',(0.,1.,-5.67954461895E-16));
#12584 = ADVANCED_FACE('',(#12585),#12604,.T.);
#12585 = FACE_BOUND('',#12586,.T.);
#12586 = EDGE_LOOP('',(#12587,#12595,#12602,#12603));
#12587 = ORIENTED_EDGE('',*,*,#12588,.T.);
#12588 = EDGE_CURVE('',#12539,#12589,#12591,.T.);
#12589 = VERTEX_POINT('',#12590);
#12590 = CARTESIAN_POINT('',(-19.5,95.,-3.907985046681E-14));
#12591 = LINE('',#12592,#12593);
#12592 = CARTESIAN_POINT('',(-19.5,95.,3.));
#12593 = VECTOR('',#12594,1.);
#12594 = DIRECTION('',(-0.,-4.440892098501E-16,-1.));
#12595 = ORIENTED_EDGE('',*,*,#12596,.T.);
#12596 = EDGE_CURVE('',#12589,#12589,#12597,.T.);
#12597 = CIRCLE('',#12598,2.5);
#12598 = AXIS2_PLACEMENT_3D('',#12599,#12600,#12601);
#12599 = CARTESIAN_POINT('',(-22.,95.,-3.996802888651E-14));
#12600 = DIRECTION('',(-0.,4.440892098501E-16,1.));
#12601 = DIRECTION('',(1.,0.,0.));
#12602 = ORIENTED_EDGE('',*,*,#12588,.F.);
#12603 = ORIENTED_EDGE('',*,*,#12538,.F.);
#12604 = CYLINDRICAL_SURFACE('',#12605,2.5);
#12605 = AXIS2_PLACEMENT_3D('',#12606,#12607,#12608);
#12606 = CARTESIAN_POINT('',(-22.,95.,3.));
#12607 = DIRECTION('',(0.,4.440892098501E-16,1.));
#12608 = DIRECTION('',(1.,0.,0.));
#12609 = ADVANCED_FACE('',(#12610),#12613,.F.);
#12610 = FACE_BOUND('',#12611,.F.);
#12611 = EDGE_LOOP('',(#12612));
#12612 = ORIENTED_EDGE('',*,*,#12596,.T.);
#12613 = PLANE('',#12614);
#12614 = AXIS2_PLACEMENT_3D('',#12615,#12616,#12617);
#12615 = CARTESIAN_POINT('',(9.572080927776E-16,57.5,-2.30926389122E-14)
  );
#12616 = DIRECTION('',(0.,4.440892098501E-16,1.));
#12617 = DIRECTION('',(1.,0.,0.));
#12618 = ADVANCED_FACE('',(#12619),#12638,.T.);
#12619 = FACE_BOUND('',#12620,.T.);
#12620 = EDGE_LOOP('',(#12621,#12629,#12636,#12637));
#12621 = ORIENTED_EDGE('',*,*,#12622,.T.);
#12622 = EDGE_CURVE('',#12550,#12623,#12625,.T.);
#12623 = VERTEX_POINT('',#12624);
#12624 = CARTESIAN_POINT('',(24.5,95.,-3.907985046681E-14));
#12625 = LINE('',#12626,#12627);
#12626 = CARTESIAN_POINT('',(24.5,95.,3.));
#12627 = VECTOR('',#12628,1.);
#12628 = DIRECTION('',(-0.,-4.440892098501E-16,-1.));
#12629 = ORIENTED_EDGE('',*,*,#12630,.T.);
#12630 = EDGE_CURVE('',#12623,#12623,#12631,.T.);
#12631 = CIRCLE('',#12632,2.5);
#12632 = AXIS2_PLACEMENT_3D('',#12633,#12634,#12635);
#12633 = CARTESIAN_POINT('',(22.,95.,-3.996802888651E-14));
#12634 = DIRECTION('',(-0.,4.440892098501E-16,1.));
#12635 = DIRECTION('',(1.,0.,0.));
#12636 = ORIENTED_EDGE('',*,*,#12622,.F.);
#12637 = ORIENTED_EDGE('',*,*,#12549,.F.);
#12638 = CYLINDRICAL_SURFACE('',#12639,2.5);
#12639 = AXIS2_PLACEMENT_3D('',#12640,#12641,#12642);
#12640 = CARTESIAN_POINT('',(22.,95.,3.));
#12641 = DIRECTION('',(0.,4.440892098501E-16,1.));
#12642 = DIRECTION('',(1.,0.,0.));
#12643 = ADVANCED_FACE('',(#12644),#12647,.F.);
#12644 = FACE_BOUND('',#12645,.F.);
#12645 = EDGE_LOOP('',(#12646));
#12646 = ORIENTED_EDGE('',*,*,#12630,.T.);
#12647 = PLANE('',#12648);
#12648 = AXIS2_PLACEMENT_3D('',#12649,#12650,#12651);
#12649 = CARTESIAN_POINT('',(9.572080927776E-16,57.5,-2.30926389122E-14)
  );
#12650 = DIRECTION('',(0.,4.440892098501E-16,1.));
#12651 = DIRECTION('',(1.,0.,0.));
#12652 = ADVANCED_FACE('',(#12653),#12672,.T.);
#12653 = FACE_BOUND('',#12654,.T.);
#12654 = EDGE_LOOP('',(#12655,#12663,#12670,#12671));
#12655 = ORIENTED_EDGE('',*,*,#12656,.T.);
#12656 = EDGE_CURVE('',#12561,#12657,#12659,.T.);
#12657 = VERTEX_POINT('',#12658);
#12658 = CARTESIAN_POINT('',(-19.5,20.,-7.105427357601E-15));
#12659 = LINE('',#12660,#12661);
#12660 = CARTESIAN_POINT('',(-19.5,20.,3.));
#12661 = VECTOR('',#12662,1.);
#12662 = DIRECTION('',(-0.,-4.440892098501E-16,-1.));
#12663 = ORIENTED_EDGE('',*,*,#12664,.T.);
#12664 = EDGE_CURVE('',#12657,#12657,#12665,.T.);
#12665 = CIRCLE('',#12666,2.5);
#12666 = AXIS2_PLACEMENT_3D('',#12667,#12668,#12669);
#12667 = CARTESIAN_POINT('',(-22.,20.,-4.440892098501E-15));
#12668 = DIRECTION('',(-0.,4.440892098501E-16,1.));
#12669 = DIRECTION('',(1.,0.,0.));
#12670 = ORIENTED_EDGE('',*,*,#12656,.F.);
#12671 = ORIENTED_EDGE('',*,*,#12560,.F.);
#12672 = CYLINDRICAL_SURFACE('',#12673,2.5);
#12673 = AXIS2_PLACEMENT_3D('',#12674,#12675,#12676);
#12674 = CARTESIAN_POINT('',(-22.,20.,3.));
#12675 = DIRECTION('',(0.,4.440892098501E-16,1.));
#12676 = DIRECTION('',(1.,0.,0.));
#12677 = ADVANCED_FACE('',(#12678),#12681,.F.);
#12678 = FACE_BOUND('',#12679,.F.);
#12679 = EDGE_LOOP('',(#12680));
#12680 = ORIENTED_EDGE('',*,*,#12664,.T.);
#12681 = PLANE('',#12682);
#12682 = AXIS2_PLACEMENT_3D('',#12683,#12684,#12685);
#12683 = CARTESIAN_POINT('',(9.572080927776E-16,57.5,-2.30926389122E-14)
  );
#12684 = DIRECTION('',(0.,4.440892098501E-16,1.));
#12685 = DIRECTION('',(1.,0.,0.));
#12686 = ADVANCED_FACE('',(#12687),#12706,.T.);
#12687 = FACE_BOUND('',#12688,.T.);
#12688 = EDGE_LOOP('',(#12689,#12697,#12704,#12705));
#12689 = ORIENTED_EDGE('',*,*,#12690,.T.);
#12690 = EDGE_CURVE('',#12572,#12691,#12693,.T.);
#12691 = VERTEX_POINT('',#12692);
#12692 = CARTESIAN_POINT('',(24.5,20.,-7.105427357601E-15));
#12693 = LINE('',#12694,#12695);
#12694 = CARTESIAN_POINT('',(24.5,20.,3.));
#12695 = VECTOR('',#12696,1.);
#12696 = DIRECTION('',(-0.,-4.440892098501E-16,-1.));
#12697 = ORIENTED_EDGE('',*,*,#12698,.T.);
#12698 = EDGE_CURVE('',#12691,#12691,#12699,.T.);
#12699 = CIRCLE('',#12700,2.5);
#12700 = AXIS2_PLACEMENT_3D('',#12701,#12702,#12703);
#12701 = CARTESIAN_POINT('',(22.,20.,-4.440892098501E-15));
#12702 = DIRECTION('',(-0.,4.440892098501E-16,1.));
#12703 = DIRECTION('',(1.,0.,0.));
#12704 = ORIENTED_EDGE('',*,*,#12690,.F.);
#12705 = ORIENTED_EDGE('',*,*,#12571,.F.);
#12706 = CYLINDRICAL_SURFACE('',#12707,2.5);
#12707 = AXIS2_PLACEMENT_3D('',#12708,#12709,#12710);
#12708 = CARTESIAN_POINT('',(22.,20.,3.));
#12709 = DIRECTION('',(0.,4.440892098501E-16,1.));
#12710 = DIRECTION('',(1.,0.,0.));
#12711 = ADVANCED_FACE('',(#12712),#12715,.F.);
#12712 = FACE_BOUND('',#12713,.F.);
#12713 = EDGE_LOOP('',(#12714));
#12714 = ORIENTED_EDGE('',*,*,#12698,.T.);
#12715 = PLANE('',#12716);
#12716 = AXIS2_PLACEMENT_3D('',#12717,#12718,#12719);
#12717 = CARTESIAN_POINT('',(9.572080927776E-16,57.5,-2.30926389122E-14)
  );
#12718 = DIRECTION('',(0.,4.440892098501E-16,1.));
#12719 = DIRECTION('',(1.,0.,0.));
#12720 = ADVANCED_FACE('',(#12721),#12729,.T.);
#12721 = FACE_BOUND('',#12722,.T.);
#12722 = EDGE_LOOP('',(#12723,#12724,#12725,#12726,#12727,#12728));
#12723 = ORIENTED_EDGE('',*,*,#12522,.F.);
#12724 = ORIENTED_EDGE('',*,*,#12108,.F.);
#12725 = ORIENTED_EDGE('',*,*,#12139,.F.);
#12726 = ORIENTED_EDGE('',*,*,#12337,.F.);
#12727 = ORIENTED_EDGE('',*,*,#12378,.T.);
#12728 = ORIENTED_EDGE('',*,*,#12432,.T.);
#12729 = PLANE('',#12730);
#12730 = AXIS2_PLACEMENT_3D('',#12731,#12732,#12733);
#12731 = CARTESIAN_POINT('',(-29.7,61.733333333333,6.529166666667));
#12732 = DIRECTION('',(-1.,-6.603600738218E-32,-2.973997382394E-16));
#12733 = DIRECTION('',(2.973997382394E-16,-2.22044604925E-16,-1.));
#12734 = ADVANCED_FACE('',(#12735),#12746,.T.);
#12735 = FACE_BOUND('',#12736,.T.);
#12736 = EDGE_LOOP('',(#12737,#12738,#12739,#12745));
#12737 = ORIENTED_EDGE('',*,*,#12529,.T.);
#12738 = ORIENTED_EDGE('',*,*,#12409,.T.);
#12739 = ORIENTED_EDGE('',*,*,#12740,.F.);
#12740 = EDGE_CURVE('',#12029,#12410,#12741,.T.);
#12741 = LINE('',#12742,#12743);
#12742 = CARTESIAN_POINT('',(30.,109.8,-1.130207039068E-14));
#12743 = VECTOR('',#12744,1.);
#12744 = DIRECTION('',(0.,1.,-3.330669073875E-16));
#12745 = ORIENTED_EDGE('',*,*,#12028,.F.);
#12746 = PLANE('',#12747);
#12747 = AXIS2_PLACEMENT_3D('',#12748,#12749,#12750);
#12748 = CARTESIAN_POINT('',(30.,60.4,1.5));
#12749 = DIRECTION('',(-1.,2.629536350737E-31,1.184237892934E-15));
#12750 = DIRECTION('',(-1.184237892934E-15,-2.22044604925E-16,-1.));
#12751 = ADVANCED_FACE('',(#12752),#12765,.T.);
#12752 = FACE_BOUND('',#12753,.T.);
#12753 = EDGE_LOOP('',(#12754,#12755,#12756,#12762,#12763,#12764));
#12754 = ORIENTED_EDGE('',*,*,#12740,.T.);
#12755 = ORIENTED_EDGE('',*,*,#12417,.T.);
#12756 = ORIENTED_EDGE('',*,*,#12757,.F.);
#12757 = EDGE_CURVE('',#12447,#12418,#12758,.T.);
#12758 = LINE('',#12759,#12760);
#12759 = CARTESIAN_POINT('',(83.6,109.8,-1.130207039068E-14));
#12760 = VECTOR('',#12761,1.);
#12761 = DIRECTION('',(0.,1.,-3.330669073875E-16));
#12762 = ORIENTED_EDGE('',*,*,#12446,.T.);
#12763 = ORIENTED_EDGE('',*,*,#12153,.F.);
#12764 = ORIENTED_EDGE('',*,*,#12036,.F.);
#12765 = PLANE('',#12766);
#12766 = AXIS2_PLACEMENT_3D('',#12767,#12768,#12769);
#12767 = CARTESIAN_POINT('',(64.26866359447,60.26866359447,
    -3.257170518963E-14));
#12768 = DIRECTION('',(0.,-6.13696494076E-16,-1.));
#12769 = DIRECTION('',(0.,1.,-6.13696494076E-16));
#12770 = ADVANCED_FACE('',(#12771),#12781,.T.);
#12771 = FACE_BOUND('',#12772,.T.);
#12772 = EDGE_LOOP('',(#12773,#12774,#12775,#12776,#12777,#12778,#12779,
    #12780));
#12773 = ORIENTED_EDGE('',*,*,#12076,.F.);
#12774 = ORIENTED_EDGE('',*,*,#12266,.T.);
#12775 = ORIENTED_EDGE('',*,*,#12454,.F.);
#12776 = ORIENTED_EDGE('',*,*,#12757,.T.);
#12777 = ORIENTED_EDGE('',*,*,#12425,.T.);
#12778 = ORIENTED_EDGE('',*,*,#12360,.F.);
#12779 = ORIENTED_EDGE('',*,*,#12508,.T.);
#12780 = ORIENTED_EDGE('',*,*,#12281,.F.);
#12781 = PLANE('',#12782);
#12782 = AXIS2_PLACEMENT_3D('',#12783,#12784,#12785);
#12783 = CARTESIAN_POINT('',(83.6,62.831340542746,11.293840542746));
#12784 = DIRECTION('',(1.,0.,0.));
#12785 = DIRECTION('',(0.,-1.,2.22044604925E-16));
#12786 = MANIFOLD_SOLID_BREP('',#12787);
#12787 = CLOSED_SHELL('',(#12788,#12828,#12943,#13058,#13153,#13248,
    #13265,#13282,#13294,#13336,#13360,#13395,#13412,#13454,#13478,
    #13513,#13530,#13561,#13596,#13620,#13648,#13679,#13714,#13738,
    #13766,#13783,#13800,#13817,#13839,#13856,#13873,#13885,#13902,
    #13919,#13936,#13953,#13970,#13982,#13994,#14006));
#12788 = ADVANCED_FACE('',(#12789),#12823,.T.);
#12789 = FACE_BOUND('',#12790,.T.);
#12790 = EDGE_LOOP('',(#12791,#12801,#12809,#12817));
#12791 = ORIENTED_EDGE('',*,*,#12792,.T.);
#12792 = EDGE_CURVE('',#12793,#12795,#12797,.T.);
#12793 = VERTEX_POINT('',#12794);
#12794 = CARTESIAN_POINT('',(-106.8,0.,0.));
#12795 = VERTEX_POINT('',#12796);
#12796 = CARTESIAN_POINT('',(-106.8,8.,-6.217248937901E-15));
#12797 = LINE('',#12798,#12799);
#12798 = CARTESIAN_POINT('',(-106.8,0.,0.));
#12799 = VECTOR('',#12800,1.);
#12800 = DIRECTION('',(0.,1.,-7.771561172376E-16));
#12801 = ORIENTED_EDGE('',*,*,#12802,.T.);
#12802 = EDGE_CURVE('',#12795,#12803,#12805,.T.);
#12803 = VERTEX_POINT('',#12804);
#12804 = CARTESIAN_POINT('',(106.8,8.,-6.217248937901E-15));
#12805 = LINE('',#12806,#12807);
#12806 = CARTESIAN_POINT('',(-106.8,8.,-6.217248937901E-15));
#12807 = VECTOR('',#12808,1.);
#12808 = DIRECTION('',(1.,0.,0.));
#12809 = ORIENTED_EDGE('',*,*,#12810,.F.);
#12810 = EDGE_CURVE('',#12811,#12803,#12813,.T.);
#12811 = VERTEX_POINT('',#12812);
#12812 = CARTESIAN_POINT('',(106.8,0.,0.));
#12813 = LINE('',#12814,#12815);
#12814 = CARTESIAN_POINT('',(106.8,0.,0.));
#12815 = VECTOR('',#12816,1.);
#12816 = DIRECTION('',(0.,1.,-7.771561172376E-16));
#12817 = ORIENTED_EDGE('',*,*,#12818,.F.);
#12818 = EDGE_CURVE('',#12793,#12811,#12819,.T.);
#12819 = LINE('',#12820,#12821);
#12820 = CARTESIAN_POINT('',(-106.8,0.,0.));
#12821 = VECTOR('',#12822,1.);
#12822 = DIRECTION('',(1.,0.,0.));
#12823 = PLANE('',#12824);
#12824 = AXIS2_PLACEMENT_3D('',#12825,#12826,#12827);
#12825 = CARTESIAN_POINT('',(-106.8,0.,0.));
#12826 = DIRECTION('',(0.,-7.771561172376E-16,-1.));
#12827 = DIRECTION('',(1.,0.,0.));
#12828 = ADVANCED_FACE('',(#12829,#12870,#12904),#12938,.T.);
#12829 = FACE_BOUND('',#12830,.T.);
#12830 = EDGE_LOOP('',(#12831,#12841,#12849,#12857,#12863,#12864));
#12831 = ORIENTED_EDGE('',*,*,#12832,.T.);
#12832 = EDGE_CURVE('',#12833,#12835,#12837,.T.);
#12833 = VERTEX_POINT('',#12834);
#12834 = CARTESIAN_POINT('',(-106.8,3.454458941121E-14,44.45));
#12835 = VERTEX_POINT('',#12836);
#12836 = CARTESIAN_POINT('',(-106.8,20.,44.45));
#12837 = LINE('',#12838,#12839);
#12838 = CARTESIAN_POINT('',(-106.8,3.454458941121E-14,44.45));
#12839 = VECTOR('',#12840,1.);
#12840 = DIRECTION('',(0.,1.,-7.771561172376E-16));
#12841 = ORIENTED_EDGE('',*,*,#12842,.T.);
#12842 = EDGE_CURVE('',#12835,#12843,#12845,.T.);
#12843 = VERTEX_POINT('',#12844);
#12844 = CARTESIAN_POINT('',(-106.8,20.,35.525));
#12845 = LINE('',#12846,#12847);
#12846 = CARTESIAN_POINT('',(-106.8,20.,44.45));
#12847 = VECTOR('',#12848,1.);
#12848 = DIRECTION('',(0.,-5.551115123126E-16,-1.));
#12849 = ORIENTED_EDGE('',*,*,#12850,.F.);
#12850 = EDGE_CURVE('',#12851,#12843,#12853,.T.);
#12851 = VERTEX_POINT('',#12852);
#12852 = CARTESIAN_POINT('',(-106.8,8.,35.525));
#12853 = LINE('',#12854,#12855);
#12854 = CARTESIAN_POINT('',(-106.8,8.,35.525));
#12855 = VECTOR('',#12856,1.);
#12856 = DIRECTION('',(0.,1.,-5.551115123126E-16));
#12857 = ORIENTED_EDGE('',*,*,#12858,.T.);
#12858 = EDGE_CURVE('',#12851,#12795,#12859,.T.);
#12859 = LINE('',#12860,#12861);
#12860 = CARTESIAN_POINT('',(-106.8,8.,44.45));
#12861 = VECTOR('',#12862,1.);
#12862 = DIRECTION('',(0.,-7.771561172376E-16,-1.));
#12863 = ORIENTED_EDGE('',*,*,#12792,.F.);
#12864 = ORIENTED_EDGE('',*,*,#12865,.F.);
#12865 = EDGE_CURVE('',#12833,#12793,#12866,.T.);
#12866 = LINE('',#12867,#12868);
#12867 = CARTESIAN_POINT('',(-106.8,3.454458941121E-14,44.45));
#12868 = VECTOR('',#12869,1.);
#12869 = DIRECTION('',(0.,-7.771561172376E-16,-1.));
#12870 = FACE_BOUND('',#12871,.T.);
#12871 = EDGE_LOOP('',(#12872,#12882,#12890,#12898));
#12872 = ORIENTED_EDGE('',*,*,#12873,.T.);
#12873 = EDGE_CURVE('',#12874,#12876,#12878,.T.);
#12874 = VERTEX_POINT('',#12875);
#12875 = CARTESIAN_POINT('',(-106.8,1.35,35.355));
#12876 = VERTEX_POINT('',#12877);
#12877 = CARTESIAN_POINT('',(-106.8,1.35,24.965));
#12878 = LINE('',#12879,#12880);
#12879 = CARTESIAN_POINT('',(-106.8,1.35,23.878607447634));
#12880 = VECTOR('',#12881,1.);
#12881 = DIRECTION('',(0.,-1.110223024625E-16,-1.));
#12882 = ORIENTED_EDGE('',*,*,#12883,.T.);
#12883 = EDGE_CURVE('',#12876,#12884,#12886,.T.);
#12884 = VERTEX_POINT('',#12885);
#12885 = CARTESIAN_POINT('',(-106.8,6.65,24.965));
#12886 = LINE('',#12887,#12888);
#12887 = CARTESIAN_POINT('',(-106.8,4.021392552366,24.965));
#12888 = VECTOR('',#12889,1.);
#12889 = DIRECTION('',(0.,1.,-3.330669073875E-16));
#12890 = ORIENTED_EDGE('',*,*,#12891,.F.);
#12891 = EDGE_CURVE('',#12892,#12884,#12894,.T.);
#12892 = VERTEX_POINT('',#12893);
#12893 = CARTESIAN_POINT('',(-106.8,6.65,35.355));
#12894 = LINE('',#12895,#12896);
#12895 = CARTESIAN_POINT('',(-106.8,6.65,23.878607447634));
#12896 = VECTOR('',#12897,1.);
#12897 = DIRECTION('',(0.,-1.110223024625E-16,-1.));
#12898 = ORIENTED_EDGE('',*,*,#12899,.T.);
#12899 = EDGE_CURVE('',#12892,#12874,#12900,.T.);
#12900 = LINE('',#12901,#12902);
#12901 = CARTESIAN_POINT('',(-106.8,4.021392552366,35.355));
#12902 = VECTOR('',#12903,1.);
#12903 = DIRECTION('',(0.,-1.,3.330669073875E-16));
#12904 = FACE_BOUND('',#12905,.T.);
#12905 = EDGE_LOOP('',(#12906,#12916,#12924,#12932));
#12906 = ORIENTED_EDGE('',*,*,#12907,.T.);
#12907 = EDGE_CURVE('',#12908,#12910,#12912,.T.);
#12908 = VERTEX_POINT('',#12909);
#12909 = CARTESIAN_POINT('',(-106.8,1.35,19.485));
#12910 = VERTEX_POINT('',#12911);
#12911 = CARTESIAN_POINT('',(-106.8,1.35,9.095));
#12912 = LINE('',#12913,#12914);
#12913 = CARTESIAN_POINT('',(-106.8,1.35,23.878607447634));
#12914 = VECTOR('',#12915,1.);
#12915 = DIRECTION('',(0.,-1.110223024625E-16,-1.));
#12916 = ORIENTED_EDGE('',*,*,#12917,.T.);
#12917 = EDGE_CURVE('',#12910,#12918,#12920,.T.);
#12918 = VERTEX_POINT('',#12919);
#12919 = CARTESIAN_POINT('',(-106.8,6.65,9.095));
#12920 = LINE('',#12921,#12922);
#12921 = CARTESIAN_POINT('',(-106.8,4.021392552366,9.095));
#12922 = VECTOR('',#12923,1.);
#12923 = DIRECTION('',(0.,1.,-3.330669073875E-16));
#12924 = ORIENTED_EDGE('',*,*,#12925,.F.);
#12925 = EDGE_CURVE('',#12926,#12918,#12928,.T.);
#12926 = VERTEX_POINT('',#12927);
#12927 = CARTESIAN_POINT('',(-106.8,6.65,19.485));
#12928 = LINE('',#12929,#12930);
#12929 = CARTESIAN_POINT('',(-106.8,6.65,23.878607447634));
#12930 = VECTOR('',#12931,1.);
#12931 = DIRECTION('',(0.,-1.110223024625E-16,-1.));
#12932 = ORIENTED_EDGE('',*,*,#12933,.T.);
#12933 = EDGE_CURVE('',#12926,#12908,#12934,.T.);
#12934 = LINE('',#12935,#12936);
#12935 = CARTESIAN_POINT('',(-106.8,4.021392552366,19.485));
#12936 = VECTOR('',#12937,1.);
#12937 = DIRECTION('',(0.,-1.,3.330669073875E-16));
#12938 = PLANE('',#12939);
#12939 = AXIS2_PLACEMENT_3D('',#12940,#12941,#12942);
#12940 = CARTESIAN_POINT('',(-106.8,6.692785104732,25.532214895268));
#12941 = DIRECTION('',(-1.,0.,-0.));
#12942 = DIRECTION('',(0.,1.,-4.440892098501E-16));
#12943 = ADVANCED_FACE('',(#12944,#12985,#13019),#13053,.T.);
#12944 = FACE_BOUND('',#12945,.T.);
#12945 = EDGE_LOOP('',(#12946,#12947,#12955,#12963,#12971,#12979));
#12946 = ORIENTED_EDGE('',*,*,#12810,.T.);
#12947 = ORIENTED_EDGE('',*,*,#12948,.T.);
#12948 = EDGE_CURVE('',#12803,#12949,#12951,.T.);
#12949 = VERTEX_POINT('',#12950);
#12950 = CARTESIAN_POINT('',(106.8,8.,35.525));
#12951 = LINE('',#12952,#12953);
#12952 = CARTESIAN_POINT('',(106.8,8.,-6.217248937901E-15));
#12953 = VECTOR('',#12954,1.);
#12954 = DIRECTION('',(0.,7.771561172376E-16,1.));
#12955 = ORIENTED_EDGE('',*,*,#12956,.T.);
#12956 = EDGE_CURVE('',#12949,#12957,#12959,.T.);
#12957 = VERTEX_POINT('',#12958);
#12958 = CARTESIAN_POINT('',(106.8,20.,35.525));
#12959 = LINE('',#12960,#12961);
#12960 = CARTESIAN_POINT('',(106.8,8.,35.525));
#12961 = VECTOR('',#12962,1.);
#12962 = DIRECTION('',(0.,1.,-5.551115123126E-16));
#12963 = ORIENTED_EDGE('',*,*,#12964,.T.);
#12964 = EDGE_CURVE('',#12957,#12965,#12967,.T.);
#12965 = VERTEX_POINT('',#12966);
#12966 = CARTESIAN_POINT('',(106.8,20.,44.45));
#12967 = LINE('',#12968,#12969);
#12968 = CARTESIAN_POINT('',(106.8,20.,35.525));
#12969 = VECTOR('',#12970,1.);
#12970 = DIRECTION('',(0.,5.551115123126E-16,1.));
#12971 = ORIENTED_EDGE('',*,*,#12972,.F.);
#12972 = EDGE_CURVE('',#12973,#12965,#12975,.T.);
#12973 = VERTEX_POINT('',#12974);
#12974 = CARTESIAN_POINT('',(106.8,3.454458941121E-14,44.45));
#12975 = LINE('',#12976,#12977);
#12976 = CARTESIAN_POINT('',(106.8,8.,44.45));
#12977 = VECTOR('',#12978,1.);
#12978 = DIRECTION('',(0.,1.,-5.551115123126E-16));
#12979 = ORIENTED_EDGE('',*,*,#12980,.F.);
#12980 = EDGE_CURVE('',#12811,#12973,#12981,.T.);
#12981 = LINE('',#12982,#12983);
#12982 = CARTESIAN_POINT('',(106.8,0.,0.));
#12983 = VECTOR('',#12984,1.);
#12984 = DIRECTION('',(0.,7.771561172376E-16,1.));
#12985 = FACE_BOUND('',#12986,.T.);
#12986 = EDGE_LOOP('',(#12987,#12997,#13005,#13013));
#12987 = ORIENTED_EDGE('',*,*,#12988,.F.);
#12988 = EDGE_CURVE('',#12989,#12991,#12993,.T.);
#12989 = VERTEX_POINT('',#12990);
#12990 = CARTESIAN_POINT('',(106.8,1.35,24.965));
#12991 = VERTEX_POINT('',#12992);
#12992 = CARTESIAN_POINT('',(106.8,6.65,24.965));
#12993 = LINE('',#12994,#12995);
#12994 = CARTESIAN_POINT('',(106.8,4.021392552366,24.965));
#12995 = VECTOR('',#12996,1.);
#12996 = DIRECTION('',(0.,1.,-3.330669073875E-16));
#12997 = ORIENTED_EDGE('',*,*,#12998,.T.);
#12998 = EDGE_CURVE('',#12989,#12999,#13001,.T.);
#12999 = VERTEX_POINT('',#13000);
#13000 = CARTESIAN_POINT('',(106.8,1.35,35.355));
#13001 = LINE('',#13002,#13003);
#13002 = CARTESIAN_POINT('',(106.8,1.35,23.878607447634));
#13003 = VECTOR('',#13004,1.);
#13004 = DIRECTION('',(0.,1.110223024625E-16,1.));
#13005 = ORIENTED_EDGE('',*,*,#13006,.F.);
#13006 = EDGE_CURVE('',#13007,#12999,#13009,.T.);
#13007 = VERTEX_POINT('',#13008);
#13008 = CARTESIAN_POINT('',(106.8,6.65,35.355));
#13009 = LINE('',#13010,#13011);
#13010 = CARTESIAN_POINT('',(106.8,4.021392552366,35.355));
#13011 = VECTOR('',#13012,1.);
#13012 = DIRECTION('',(0.,-1.,3.330669073875E-16));
#13013 = ORIENTED_EDGE('',*,*,#13014,.F.);
#13014 = EDGE_CURVE('',#12991,#13007,#13015,.T.);
#13015 = LINE('',#13016,#13017);
#13016 = CARTESIAN_POINT('',(106.8,6.65,23.878607447634));
#13017 = VECTOR('',#13018,1.);
#13018 = DIRECTION('',(0.,1.110223024625E-16,1.));
#13019 = FACE_BOUND('',#13020,.T.);
#13020 = EDGE_LOOP('',(#13021,#13031,#13039,#13047));
#13021 = ORIENTED_EDGE('',*,*,#13022,.F.);
#13022 = EDGE_CURVE('',#13023,#13025,#13027,.T.);
#13023 = VERTEX_POINT('',#13024);
#13024 = CARTESIAN_POINT('',(106.8,1.35,9.095));
#13025 = VERTEX_POINT('',#13026);
#13026 = CARTESIAN_POINT('',(106.8,6.65,9.095));
#13027 = LINE('',#13028,#13029);
#13028 = CARTESIAN_POINT('',(106.8,4.021392552366,9.095));
#13029 = VECTOR('',#13030,1.);
#13030 = DIRECTION('',(0.,1.,-3.330669073875E-16));
#13031 = ORIENTED_EDGE('',*,*,#13032,.T.);
#13032 = EDGE_CURVE('',#13023,#13033,#13035,.T.);
#13033 = VERTEX_POINT('',#13034);
#13034 = CARTESIAN_POINT('',(106.8,1.35,19.485));
#13035 = LINE('',#13036,#13037);
#13036 = CARTESIAN_POINT('',(106.8,1.35,23.878607447634));
#13037 = VECTOR('',#13038,1.);
#13038 = DIRECTION('',(0.,1.110223024625E-16,1.));
#13039 = ORIENTED_EDGE('',*,*,#13040,.F.);
#13040 = EDGE_CURVE('',#13041,#13033,#13043,.T.);
#13041 = VERTEX_POINT('',#13042);
#13042 = CARTESIAN_POINT('',(106.8,6.65,19.485));
#13043 = LINE('',#13044,#13045);
#13044 = CARTESIAN_POINT('',(106.8,4.021392552366,19.485));
#13045 = VECTOR('',#13046,1.);
#13046 = DIRECTION('',(0.,-1.,3.330669073875E-16));
#13047 = ORIENTED_EDGE('',*,*,#13048,.F.);
#13048 = EDGE_CURVE('',#13025,#13041,#13049,.T.);
#13049 = LINE('',#13050,#13051);
#13050 = CARTESIAN_POINT('',(106.8,6.65,23.878607447634));
#13051 = VECTOR('',#13052,1.);
#13052 = DIRECTION('',(0.,1.110223024625E-16,1.));
#13053 = PLANE('',#13054);
#13054 = AXIS2_PLACEMENT_3D('',#13055,#13056,#13057);
#13055 = CARTESIAN_POINT('',(106.8,6.692785104732,25.532214895268));
#13056 = DIRECTION('',(1.,0.,0.));
#13057 = DIRECTION('',(0.,-1.,4.440892098501E-16));
#13058 = ADVANCED_FACE('',(#13059,#13070,#13081,#13092,#13103,#13137),
  #13148,.F.);
#13059 = FACE_BOUND('',#13060,.F.);
#13060 = EDGE_LOOP('',(#13061,#13062,#13063,#13069));
#13061 = ORIENTED_EDGE('',*,*,#12818,.F.);
#13062 = ORIENTED_EDGE('',*,*,#12865,.F.);
#13063 = ORIENTED_EDGE('',*,*,#13064,.F.);
#13064 = EDGE_CURVE('',#12973,#12833,#13065,.T.);
#13065 = LINE('',#13066,#13067);
#13066 = CARTESIAN_POINT('',(106.8,3.454458941121E-14,44.45));
#13067 = VECTOR('',#13068,1.);
#13068 = DIRECTION('',(-1.,0.,0.));
#13069 = ORIENTED_EDGE('',*,*,#12980,.F.);
#13070 = FACE_BOUND('',#13071,.F.);
#13071 = EDGE_LOOP('',(#13072));
#13072 = ORIENTED_EDGE('',*,*,#13073,.T.);
#13073 = EDGE_CURVE('',#13074,#13074,#13076,.T.);
#13074 = VERTEX_POINT('',#13075);
#13075 = CARTESIAN_POINT('',(-96.8,6.346034808757E-15,14.29));
#13076 = CIRCLE('',#13077,3.2);
#13077 = AXIS2_PLACEMENT_3D('',#13078,#13079,#13080);
#13078 = CARTESIAN_POINT('',(-100.,6.346034808757E-15,14.29));
#13079 = DIRECTION('',(0.,-1.,4.440892098501E-16));
#13080 = DIRECTION('',(1.,0.,0.));
#13081 = FACE_BOUND('',#13082,.F.);
#13082 = EDGE_LOOP('',(#13083));
#13083 = ORIENTED_EDGE('',*,*,#13084,.T.);
#13084 = EDGE_CURVE('',#13085,#13085,#13087,.T.);
#13085 = VERTEX_POINT('',#13086);
#13086 = CARTESIAN_POINT('',(-96.8,1.339373056908E-14,30.16));
#13087 = CIRCLE('',#13088,3.2);
#13088 = AXIS2_PLACEMENT_3D('',#13089,#13090,#13091);
#13089 = CARTESIAN_POINT('',(-100.,1.339373056908E-14,30.16));
#13090 = DIRECTION('',(0.,-1.,4.440892098501E-16));
#13091 = DIRECTION('',(1.,0.,0.));
#13092 = FACE_BOUND('',#13093,.F.);
#13093 = EDGE_LOOP('',(#13094));
#13094 = ORIENTED_EDGE('',*,*,#13095,.T.);
#13095 = EDGE_CURVE('',#13096,#13096,#13098,.T.);
#13096 = VERTEX_POINT('',#13097);
#13097 = CARTESIAN_POINT('',(103.2,6.346034808757E-15,14.29));
#13098 = CIRCLE('',#13099,3.2);
#13099 = AXIS2_PLACEMENT_3D('',#13100,#13101,#13102);
#13100 = CARTESIAN_POINT('',(100.,6.346034808757E-15,14.29));
#13101 = DIRECTION('',(0.,-1.,4.440892098501E-16));
#13102 = DIRECTION('',(1.,0.,0.));
#13103 = FACE_BOUND('',#13104,.F.);
#13104 = EDGE_LOOP('',(#13105,#13115,#13123,#13131));
#13105 = ORIENTED_EDGE('',*,*,#13106,.T.);
#13106 = EDGE_CURVE('',#13107,#13109,#13111,.T.);
#13107 = VERTEX_POINT('',#13108);
#13108 = CARTESIAN_POINT('',(-75.,2.046696145896E-14,30.725));
#13109 = VERTEX_POINT('',#13110);
#13110 = CARTESIAN_POINT('',(-75.,9.142686607788E-15,13.725));
#13111 = LINE('',#13112,#13113);
#13112 = CARTESIAN_POINT('',(-75.,2.046696145896E-14,30.725));
#13113 = VECTOR('',#13114,1.);
#13114 = DIRECTION('',(0.,-6.661338147751E-16,-1.));
#13115 = ORIENTED_EDGE('',*,*,#13116,.T.);
#13116 = EDGE_CURVE('',#13109,#13117,#13119,.T.);
#13117 = VERTEX_POINT('',#13118);
#13118 = CARTESIAN_POINT('',(75.,9.142686607788E-15,13.725));
#13119 = LINE('',#13120,#13121);
#13120 = CARTESIAN_POINT('',(-75.,9.142686607788E-15,13.725));
#13121 = VECTOR('',#13122,1.);
#13122 = DIRECTION('',(1.,0.,0.));
#13123 = ORIENTED_EDGE('',*,*,#13124,.T.);
#13124 = EDGE_CURVE('',#13117,#13125,#13127,.T.);
#13125 = VERTEX_POINT('',#13126);
#13126 = CARTESIAN_POINT('',(75.,2.046696145896E-14,30.725));
#13127 = LINE('',#13128,#13129);
#13128 = CARTESIAN_POINT('',(75.,9.142686607788E-15,13.725));
#13129 = VECTOR('',#13130,1.);
#13130 = DIRECTION('',(0.,6.661338147751E-16,1.));
#13131 = ORIENTED_EDGE('',*,*,#13132,.T.);
#13132 = EDGE_CURVE('',#13125,#13107,#13133,.T.);
#13133 = LINE('',#13134,#13135);
#13134 = CARTESIAN_POINT('',(75.,2.046696145896E-14,30.725));
#13135 = VECTOR('',#13136,1.);
#13136 = DIRECTION('',(-1.,0.,0.));
#13137 = FACE_BOUND('',#13138,.F.);
#13138 = EDGE_LOOP('',(#13139));
#13139 = ORIENTED_EDGE('',*,*,#13140,.T.);
#13140 = EDGE_CURVE('',#13141,#13141,#13143,.T.);
#13141 = VERTEX_POINT('',#13142);
#13142 = CARTESIAN_POINT('',(103.2,1.339373056908E-14,30.16));
#13143 = CIRCLE('',#13144,3.2);
#13144 = AXIS2_PLACEMENT_3D('',#13145,#13146,#13147);
#13145 = CARTESIAN_POINT('',(100.,1.339373056908E-14,30.16));
#13146 = DIRECTION('',(0.,-1.,4.440892098501E-16));
#13147 = DIRECTION('',(1.,0.,0.));
#13148 = PLANE('',#13149);
#13149 = AXIS2_PLACEMENT_3D('',#13150,#13151,#13152);
#13150 = CARTESIAN_POINT('',(0.,1.727229470561E-14,22.225));
#13151 = DIRECTION('',(0.,1.,-5.551115123126E-16));
#13152 = DIRECTION('',(0.,5.551115123126E-16,1.));
#13153 = ADVANCED_FACE('',(#13154,#13165,#13176,#13187,#13221,#13232),
  #13243,.T.);
#13154 = FACE_BOUND('',#13155,.T.);
#13155 = EDGE_LOOP('',(#13156,#13157,#13158,#13164));
#13156 = ORIENTED_EDGE('',*,*,#12802,.F.);
#13157 = ORIENTED_EDGE('',*,*,#12858,.F.);
#13158 = ORIENTED_EDGE('',*,*,#13159,.T.);
#13159 = EDGE_CURVE('',#12851,#12949,#13160,.T.);
#13160 = LINE('',#13161,#13162);
#13161 = CARTESIAN_POINT('',(-106.8,8.,35.525));
#13162 = VECTOR('',#13163,1.);
#13163 = DIRECTION('',(1.,0.,0.));
#13164 = ORIENTED_EDGE('',*,*,#12948,.F.);
#13165 = FACE_BOUND('',#13166,.T.);
#13166 = EDGE_LOOP('',(#13167));
#13167 = ORIENTED_EDGE('',*,*,#13168,.T.);
#13168 = EDGE_CURVE('',#13169,#13169,#13171,.T.);
#13169 = VERTEX_POINT('',#13170);
#13170 = CARTESIAN_POINT('',(-96.8,8.,14.29));
#13171 = CIRCLE('',#13172,3.2);
#13172 = AXIS2_PLACEMENT_3D('',#13173,#13174,#13175);
#13173 = CARTESIAN_POINT('',(-100.,8.,14.29));
#13174 = DIRECTION('',(0.,-1.,4.440892098501E-16));
#13175 = DIRECTION('',(1.,0.,0.));
#13176 = FACE_BOUND('',#13177,.T.);
#13177 = EDGE_LOOP('',(#13178));
#13178 = ORIENTED_EDGE('',*,*,#13179,.T.);
#13179 = EDGE_CURVE('',#13180,#13180,#13182,.T.);
#13180 = VERTEX_POINT('',#13181);
#13181 = CARTESIAN_POINT('',(-96.8,8.,30.16));
#13182 = CIRCLE('',#13183,3.2);
#13183 = AXIS2_PLACEMENT_3D('',#13184,#13185,#13186);
#13184 = CARTESIAN_POINT('',(-100.,8.,30.16));
#13185 = DIRECTION('',(0.,-1.,4.440892098501E-16));
#13186 = DIRECTION('',(1.,0.,0.));
#13187 = FACE_BOUND('',#13188,.T.);
#13188 = EDGE_LOOP('',(#13189,#13199,#13207,#13215));
#13189 = ORIENTED_EDGE('',*,*,#13190,.T.);
#13190 = EDGE_CURVE('',#13191,#13193,#13195,.T.);
#13191 = VERTEX_POINT('',#13192);
#13192 = CARTESIAN_POINT('',(-75.,8.,30.725));
#13193 = VERTEX_POINT('',#13194);
#13194 = CARTESIAN_POINT('',(-75.,8.,13.725));
#13195 = LINE('',#13196,#13197);
#13196 = CARTESIAN_POINT('',(-75.,8.,30.725));
#13197 = VECTOR('',#13198,1.);
#13198 = DIRECTION('',(0.,-6.661338147751E-16,-1.));
#13199 = ORIENTED_EDGE('',*,*,#13200,.T.);
#13200 = EDGE_CURVE('',#13193,#13201,#13203,.T.);
#13201 = VERTEX_POINT('',#13202);
#13202 = CARTESIAN_POINT('',(75.,8.,13.725));
#13203 = LINE('',#13204,#13205);
#13204 = CARTESIAN_POINT('',(-75.,8.,13.725));
#13205 = VECTOR('',#13206,1.);
#13206 = DIRECTION('',(1.,0.,0.));
#13207 = ORIENTED_EDGE('',*,*,#13208,.T.);
#13208 = EDGE_CURVE('',#13201,#13209,#13211,.T.);
#13209 = VERTEX_POINT('',#13210);
#13210 = CARTESIAN_POINT('',(75.,8.,30.725));
#13211 = LINE('',#13212,#13213);
#13212 = CARTESIAN_POINT('',(75.,8.,13.725));
#13213 = VECTOR('',#13214,1.);
#13214 = DIRECTION('',(0.,6.661338147751E-16,1.));
#13215 = ORIENTED_EDGE('',*,*,#13216,.T.);
#13216 = EDGE_CURVE('',#13209,#13191,#13217,.T.);
#13217 = LINE('',#13218,#13219);
#13218 = CARTESIAN_POINT('',(75.,8.,30.725));
#13219 = VECTOR('',#13220,1.);
#13220 = DIRECTION('',(-1.,0.,0.));
#13221 = FACE_BOUND('',#13222,.T.);
#13222 = EDGE_LOOP('',(#13223));
#13223 = ORIENTED_EDGE('',*,*,#13224,.T.);
#13224 = EDGE_CURVE('',#13225,#13225,#13227,.T.);
#13225 = VERTEX_POINT('',#13226);
#13226 = CARTESIAN_POINT('',(103.2,8.,14.29));
#13227 = CIRCLE('',#13228,3.2);
#13228 = AXIS2_PLACEMENT_3D('',#13229,#13230,#13231);
#13229 = CARTESIAN_POINT('',(100.,8.,14.29));
#13230 = DIRECTION('',(0.,-1.,4.440892098501E-16));
#13231 = DIRECTION('',(1.,0.,0.));
#13232 = FACE_BOUND('',#13233,.T.);
#13233 = EDGE_LOOP('',(#13234));
#13234 = ORIENTED_EDGE('',*,*,#13235,.T.);
#13235 = EDGE_CURVE('',#13236,#13236,#13238,.T.);
#13236 = VERTEX_POINT('',#13237);
#13237 = CARTESIAN_POINT('',(103.2,8.,30.16));
#13238 = CIRCLE('',#13239,3.2);
#13239 = AXIS2_PLACEMENT_3D('',#13240,#13241,#13242);
#13240 = CARTESIAN_POINT('',(100.,8.,30.16));
#13241 = DIRECTION('',(0.,-1.,4.440892098501E-16));
#13242 = DIRECTION('',(1.,0.,0.));
#13243 = PLANE('',#13244);
#13244 = AXIS2_PLACEMENT_3D('',#13245,#13246,#13247);
#13245 = CARTESIAN_POINT('',(0.,8.,22.225));
#13246 = DIRECTION('',(0.,1.,-5.551115123126E-16));
#13247 = DIRECTION('',(0.,5.551115123126E-16,1.));
#13248 = ADVANCED_FACE('',(#13249),#13260,.T.);
#13249 = FACE_BOUND('',#13250,.T.);
#13250 = EDGE_LOOP('',(#13251,#13252,#13258,#13259));
#13251 = ORIENTED_EDGE('',*,*,#12972,.T.);
#13252 = ORIENTED_EDGE('',*,*,#13253,.T.);
#13253 = EDGE_CURVE('',#12965,#12835,#13254,.T.);
#13254 = LINE('',#13255,#13256);
#13255 = CARTESIAN_POINT('',(106.8,20.,44.45));
#13256 = VECTOR('',#13257,1.);
#13257 = DIRECTION('',(-1.,0.,0.));
#13258 = ORIENTED_EDGE('',*,*,#12832,.F.);
#13259 = ORIENTED_EDGE('',*,*,#13064,.F.);
#13260 = PLANE('',#13261);
#13261 = AXIS2_PLACEMENT_3D('',#13262,#13263,#13264);
#13262 = CARTESIAN_POINT('',(0.,10.,44.45));
#13263 = DIRECTION('',(0.,4.440892098501E-16,1.));
#13264 = DIRECTION('',(0.,-1.,4.440892098501E-16));
#13265 = ADVANCED_FACE('',(#13266),#13277,.T.);
#13266 = FACE_BOUND('',#13267,.F.);
#13267 = EDGE_LOOP('',(#13268,#13274,#13275,#13276));
#13268 = ORIENTED_EDGE('',*,*,#13269,.T.);
#13269 = EDGE_CURVE('',#12843,#12957,#13270,.T.);
#13270 = LINE('',#13271,#13272);
#13271 = CARTESIAN_POINT('',(-106.8,20.,35.525));
#13272 = VECTOR('',#13273,1.);
#13273 = DIRECTION('',(1.,0.,0.));
#13274 = ORIENTED_EDGE('',*,*,#12964,.T.);
#13275 = ORIENTED_EDGE('',*,*,#13253,.T.);
#13276 = ORIENTED_EDGE('',*,*,#12842,.T.);
#13277 = PLANE('',#13278);
#13278 = AXIS2_PLACEMENT_3D('',#13279,#13280,#13281);
#13279 = CARTESIAN_POINT('',(2.554473378758E-16,20.,39.9875));
#13280 = DIRECTION('',(0.,1.,-7.311300646761E-16));
#13281 = DIRECTION('',(0.,7.311300646761E-16,1.));
#13282 = ADVANCED_FACE('',(#13283),#13289,.T.);
#13283 = FACE_BOUND('',#13284,.T.);
#13284 = EDGE_LOOP('',(#13285,#13286,#13287,#13288));
#13285 = ORIENTED_EDGE('',*,*,#12850,.T.);
#13286 = ORIENTED_EDGE('',*,*,#13269,.T.);
#13287 = ORIENTED_EDGE('',*,*,#12956,.F.);
#13288 = ORIENTED_EDGE('',*,*,#13159,.F.);
#13289 = PLANE('',#13290);
#13290 = AXIS2_PLACEMENT_3D('',#13291,#13292,#13293);
#13291 = CARTESIAN_POINT('',(-106.8,8.,35.525));
#13292 = DIRECTION('',(0.,-5.551115123126E-16,-1.));
#13293 = DIRECTION('',(1.,0.,0.));
#13294 = ADVANCED_FACE('',(#13295,#13320),#13331,.T.);
#13295 = FACE_BOUND('',#13296,.T.);
#13296 = EDGE_LOOP('',(#13297,#13307,#13313,#13314));
#13297 = ORIENTED_EDGE('',*,*,#13298,.T.);
#13298 = EDGE_CURVE('',#13299,#13301,#13303,.T.);
#13299 = VERTEX_POINT('',#13300);
#13300 = CARTESIAN_POINT('',(-93.87453578387,1.35,35.355));
#13301 = VERTEX_POINT('',#13302);
#13302 = CARTESIAN_POINT('',(-93.87453578387,1.35,24.965));
#13303 = LINE('',#13304,#13305);
#13304 = CARTESIAN_POINT('',(-93.87453578387,1.35,35.355));
#13305 = VECTOR('',#13306,1.);
#13306 = DIRECTION('',(0.,-3.330669073875E-16,-1.));
#13307 = ORIENTED_EDGE('',*,*,#13308,.T.);
#13308 = EDGE_CURVE('',#13301,#12876,#13309,.T.);
#13309 = LINE('',#13310,#13311);
#13310 = CARTESIAN_POINT('',(-93.87453578387,1.35,24.965));
#13311 = VECTOR('',#13312,1.);
#13312 = DIRECTION('',(-1.,0.,0.));
#13313 = ORIENTED_EDGE('',*,*,#12873,.F.);
#13314 = ORIENTED_EDGE('',*,*,#13315,.T.);
#13315 = EDGE_CURVE('',#12874,#13299,#13316,.T.);
#13316 = LINE('',#13317,#13318);
#13317 = CARTESIAN_POINT('',(-107.3,1.35,35.355));
#13318 = VECTOR('',#13319,1.);
#13319 = DIRECTION('',(1.,0.,0.));
#13320 = FACE_BOUND('',#13321,.T.);
#13321 = EDGE_LOOP('',(#13322));
#13322 = ORIENTED_EDGE('',*,*,#13323,.T.);
#13323 = EDGE_CURVE('',#13324,#13324,#13326,.T.);
#13324 = VERTEX_POINT('',#13325);
#13325 = CARTESIAN_POINT('',(-96.8,1.35,30.16));
#13326 = CIRCLE('',#13327,3.2);
#13327 = AXIS2_PLACEMENT_3D('',#13328,#13329,#13330);
#13328 = CARTESIAN_POINT('',(-100.,1.35,30.16));
#13329 = DIRECTION('',(0.,-1.,4.440892098501E-16));
#13330 = DIRECTION('',(1.,0.,0.));
#13331 = PLANE('',#13332);
#13332 = AXIS2_PLACEMENT_3D('',#13333,#13334,#13335);
#13333 = CARTESIAN_POINT('',(-6.563777235188E-15,1.35,22.225));
#13334 = DIRECTION('',(0.,1.,-1.110223024625E-16));
#13335 = DIRECTION('',(0.,1.110223024625E-16,1.));
#13336 = ADVANCED_FACE('',(#13337),#13355,.T.);
#13337 = FACE_BOUND('',#13338,.T.);
#13338 = EDGE_LOOP('',(#13339,#13340,#13341,#13349));
#13339 = ORIENTED_EDGE('',*,*,#13315,.F.);
#13340 = ORIENTED_EDGE('',*,*,#12899,.F.);
#13341 = ORIENTED_EDGE('',*,*,#13342,.T.);
#13342 = EDGE_CURVE('',#12892,#13343,#13345,.T.);
#13343 = VERTEX_POINT('',#13344);
#13344 = CARTESIAN_POINT('',(-93.87453578387,6.65,35.355));
#13345 = LINE('',#13346,#13347);
#13346 = CARTESIAN_POINT('',(-107.3,6.65,35.355));
#13347 = VECTOR('',#13348,1.);
#13348 = DIRECTION('',(1.,0.,0.));
#13349 = ORIENTED_EDGE('',*,*,#13350,.F.);
#13350 = EDGE_CURVE('',#13299,#13343,#13351,.T.);
#13351 = LINE('',#13352,#13353);
#13352 = CARTESIAN_POINT('',(-93.87453578387,1.35,35.355));
#13353 = VECTOR('',#13354,1.);
#13354 = DIRECTION('',(0.,1.,-3.330669073875E-16));
#13355 = PLANE('',#13356);
#13356 = AXIS2_PLACEMENT_3D('',#13357,#13358,#13359);
#13357 = CARTESIAN_POINT('',(-107.3,1.35,35.355));
#13358 = DIRECTION('',(0.,-3.330669073875E-16,-1.));
#13359 = DIRECTION('',(1.,0.,0.));
#13360 = ADVANCED_FACE('',(#13361,#13379),#13390,.F.);
#13361 = FACE_BOUND('',#13362,.F.);
#13362 = EDGE_LOOP('',(#13363,#13371,#13377,#13378));
#13363 = ORIENTED_EDGE('',*,*,#13364,.T.);
#13364 = EDGE_CURVE('',#13343,#13365,#13367,.T.);
#13365 = VERTEX_POINT('',#13366);
#13366 = CARTESIAN_POINT('',(-93.87453578387,6.65,24.965));
#13367 = LINE('',#13368,#13369);
#13368 = CARTESIAN_POINT('',(-93.87453578387,6.65,35.355));
#13369 = VECTOR('',#13370,1.);
#13370 = DIRECTION('',(0.,-3.330669073875E-16,-1.));
#13371 = ORIENTED_EDGE('',*,*,#13372,.T.);
#13372 = EDGE_CURVE('',#13365,#12884,#13373,.T.);
#13373 = LINE('',#13374,#13375);
#13374 = CARTESIAN_POINT('',(-93.87453578387,6.65,24.965));
#13375 = VECTOR('',#13376,1.);
#13376 = DIRECTION('',(-1.,0.,0.));
#13377 = ORIENTED_EDGE('',*,*,#12891,.F.);
#13378 = ORIENTED_EDGE('',*,*,#13342,.T.);
#13379 = FACE_BOUND('',#13380,.F.);
#13380 = EDGE_LOOP('',(#13381));
#13381 = ORIENTED_EDGE('',*,*,#13382,.T.);
#13382 = EDGE_CURVE('',#13383,#13383,#13385,.T.);
#13383 = VERTEX_POINT('',#13384);
#13384 = CARTESIAN_POINT('',(-96.8,6.65,30.16));
#13385 = CIRCLE('',#13386,3.2);
#13386 = AXIS2_PLACEMENT_3D('',#13387,#13388,#13389);
#13387 = CARTESIAN_POINT('',(-100.,6.65,30.16));
#13388 = DIRECTION('',(0.,-1.,4.440892098501E-16));
#13389 = DIRECTION('',(1.,0.,0.));
#13390 = PLANE('',#13391);
#13391 = AXIS2_PLACEMENT_3D('',#13392,#13393,#13394);
#13392 = CARTESIAN_POINT('',(-6.563777235188E-15,6.65,22.225));
#13393 = DIRECTION('',(0.,1.,-1.110223024625E-16));
#13394 = DIRECTION('',(0.,1.110223024625E-16,1.));
#13395 = ADVANCED_FACE('',(#13396),#13407,.T.);
#13396 = FACE_BOUND('',#13397,.T.);
#13397 = EDGE_LOOP('',(#13398,#13399,#13405,#13406));
#13398 = ORIENTED_EDGE('',*,*,#13308,.F.);
#13399 = ORIENTED_EDGE('',*,*,#13400,.T.);
#13400 = EDGE_CURVE('',#13301,#13365,#13401,.T.);
#13401 = LINE('',#13402,#13403);
#13402 = CARTESIAN_POINT('',(-93.87453578387,1.35,24.965));
#13403 = VECTOR('',#13404,1.);
#13404 = DIRECTION('',(0.,1.,-3.330669073875E-16));
#13405 = ORIENTED_EDGE('',*,*,#13372,.T.);
#13406 = ORIENTED_EDGE('',*,*,#12883,.F.);
#13407 = PLANE('',#13408);
#13408 = AXIS2_PLACEMENT_3D('',#13409,#13410,#13411);
#13409 = CARTESIAN_POINT('',(-93.87453578387,1.35,24.965));
#13410 = DIRECTION('',(0.,3.330669073875E-16,1.));
#13411 = DIRECTION('',(-1.,0.,0.));
#13412 = ADVANCED_FACE('',(#13413,#13438),#13449,.T.);
#13413 = FACE_BOUND('',#13414,.T.);
#13414 = EDGE_LOOP('',(#13415,#13425,#13431,#13432));
#13415 = ORIENTED_EDGE('',*,*,#13416,.T.);
#13416 = EDGE_CURVE('',#13417,#13419,#13421,.T.);
#13417 = VERTEX_POINT('',#13418);
#13418 = CARTESIAN_POINT('',(-93.87453578387,1.35,19.485));
#13419 = VERTEX_POINT('',#13420);
#13420 = CARTESIAN_POINT('',(-93.87453578387,1.35,9.095));
#13421 = LINE('',#13422,#13423);
#13422 = CARTESIAN_POINT('',(-93.87453578387,1.35,19.485));
#13423 = VECTOR('',#13424,1.);
#13424 = DIRECTION('',(0.,-3.330669073875E-16,-1.));
#13425 = ORIENTED_EDGE('',*,*,#13426,.T.);
#13426 = EDGE_CURVE('',#13419,#12910,#13427,.T.);
#13427 = LINE('',#13428,#13429);
#13428 = CARTESIAN_POINT('',(-93.87453578387,1.35,9.095));
#13429 = VECTOR('',#13430,1.);
#13430 = DIRECTION('',(-1.,0.,0.));
#13431 = ORIENTED_EDGE('',*,*,#12907,.F.);
#13432 = ORIENTED_EDGE('',*,*,#13433,.T.);
#13433 = EDGE_CURVE('',#12908,#13417,#13434,.T.);
#13434 = LINE('',#13435,#13436);
#13435 = CARTESIAN_POINT('',(-107.3,1.35,19.485));
#13436 = VECTOR('',#13437,1.);
#13437 = DIRECTION('',(1.,0.,0.));
#13438 = FACE_BOUND('',#13439,.T.);
#13439 = EDGE_LOOP('',(#13440));
#13440 = ORIENTED_EDGE('',*,*,#13441,.T.);
#13441 = EDGE_CURVE('',#13442,#13442,#13444,.T.);
#13442 = VERTEX_POINT('',#13443);
#13443 = CARTESIAN_POINT('',(-96.8,1.35,14.29));
#13444 = CIRCLE('',#13445,3.2);
#13445 = AXIS2_PLACEMENT_3D('',#13446,#13447,#13448);
#13446 = CARTESIAN_POINT('',(-100.,1.35,14.29));
#13447 = DIRECTION('',(0.,-1.,4.440892098501E-16));
#13448 = DIRECTION('',(1.,0.,0.));
#13449 = PLANE('',#13450);
#13450 = AXIS2_PLACEMENT_3D('',#13451,#13452,#13453);
#13451 = CARTESIAN_POINT('',(-6.563777235188E-15,1.35,22.225));
#13452 = DIRECTION('',(0.,1.,-1.110223024625E-16));
#13453 = DIRECTION('',(0.,1.110223024625E-16,1.));
#13454 = ADVANCED_FACE('',(#13455),#13473,.T.);
#13455 = FACE_BOUND('',#13456,.T.);
#13456 = EDGE_LOOP('',(#13457,#13458,#13459,#13467));
#13457 = ORIENTED_EDGE('',*,*,#13433,.F.);
#13458 = ORIENTED_EDGE('',*,*,#12933,.F.);
#13459 = ORIENTED_EDGE('',*,*,#13460,.T.);
#13460 = EDGE_CURVE('',#12926,#13461,#13463,.T.);
#13461 = VERTEX_POINT('',#13462);
#13462 = CARTESIAN_POINT('',(-93.87453578387,6.65,19.485));
#13463 = LINE('',#13464,#13465);
#13464 = CARTESIAN_POINT('',(-107.3,6.65,19.485));
#13465 = VECTOR('',#13466,1.);
#13466 = DIRECTION('',(1.,0.,0.));
#13467 = ORIENTED_EDGE('',*,*,#13468,.F.);
#13468 = EDGE_CURVE('',#13417,#13461,#13469,.T.);
#13469 = LINE('',#13470,#13471);
#13470 = CARTESIAN_POINT('',(-93.87453578387,1.35,19.485));
#13471 = VECTOR('',#13472,1.);
#13472 = DIRECTION('',(0.,1.,-3.330669073875E-16));
#13473 = PLANE('',#13474);
#13474 = AXIS2_PLACEMENT_3D('',#13475,#13476,#13477);
#13475 = CARTESIAN_POINT('',(-107.3,1.35,19.485));
#13476 = DIRECTION('',(0.,-3.330669073875E-16,-1.));
#13477 = DIRECTION('',(1.,0.,0.));
#13478 = ADVANCED_FACE('',(#13479,#13497),#13508,.F.);
#13479 = FACE_BOUND('',#13480,.F.);
#13480 = EDGE_LOOP('',(#13481,#13489,#13495,#13496));
#13481 = ORIENTED_EDGE('',*,*,#13482,.T.);
#13482 = EDGE_CURVE('',#13461,#13483,#13485,.T.);
#13483 = VERTEX_POINT('',#13484);
#13484 = CARTESIAN_POINT('',(-93.87453578387,6.65,9.095));
#13485 = LINE('',#13486,#13487);
#13486 = CARTESIAN_POINT('',(-93.87453578387,6.65,19.485));
#13487 = VECTOR('',#13488,1.);
#13488 = DIRECTION('',(0.,-3.330669073875E-16,-1.));
#13489 = ORIENTED_EDGE('',*,*,#13490,.T.);
#13490 = EDGE_CURVE('',#13483,#12918,#13491,.T.);
#13491 = LINE('',#13492,#13493);
#13492 = CARTESIAN_POINT('',(-93.87453578387,6.65,9.095));
#13493 = VECTOR('',#13494,1.);
#13494 = DIRECTION('',(-1.,0.,0.));
#13495 = ORIENTED_EDGE('',*,*,#12925,.F.);
#13496 = ORIENTED_EDGE('',*,*,#13460,.T.);
#13497 = FACE_BOUND('',#13498,.F.);
#13498 = EDGE_LOOP('',(#13499));
#13499 = ORIENTED_EDGE('',*,*,#13500,.T.);
#13500 = EDGE_CURVE('',#13501,#13501,#13503,.T.);
#13501 = VERTEX_POINT('',#13502);
#13502 = CARTESIAN_POINT('',(-96.8,6.65,14.29));
#13503 = CIRCLE('',#13504,3.2);
#13504 = AXIS2_PLACEMENT_3D('',#13505,#13506,#13507);
#13505 = CARTESIAN_POINT('',(-100.,6.65,14.29));
#13506 = DIRECTION('',(0.,-1.,4.440892098501E-16));
#13507 = DIRECTION('',(1.,0.,0.));
#13508 = PLANE('',#13509);
#13509 = AXIS2_PLACEMENT_3D('',#13510,#13511,#13512);
#13510 = CARTESIAN_POINT('',(-6.563777235188E-15,6.65,22.225));
#13511 = DIRECTION('',(0.,1.,-1.110223024625E-16));
#13512 = DIRECTION('',(0.,1.110223024625E-16,1.));
#13513 = ADVANCED_FACE('',(#13514),#13525,.T.);
#13514 = FACE_BOUND('',#13515,.T.);
#13515 = EDGE_LOOP('',(#13516,#13517,#13523,#13524));
#13516 = ORIENTED_EDGE('',*,*,#13426,.F.);
#13517 = ORIENTED_EDGE('',*,*,#13518,.T.);
#13518 = EDGE_CURVE('',#13419,#13483,#13519,.T.);
#13519 = LINE('',#13520,#13521);
#13520 = CARTESIAN_POINT('',(-93.87453578387,1.35,9.095));
#13521 = VECTOR('',#13522,1.);
#13522 = DIRECTION('',(0.,1.,-3.330669073875E-16));
#13523 = ORIENTED_EDGE('',*,*,#13490,.T.);
#13524 = ORIENTED_EDGE('',*,*,#12917,.F.);
#13525 = PLANE('',#13526);
#13526 = AXIS2_PLACEMENT_3D('',#13527,#13528,#13529);
#13527 = CARTESIAN_POINT('',(-93.87453578387,1.35,9.095));
#13528 = DIRECTION('',(0.,3.330669073875E-16,1.));
#13529 = DIRECTION('',(-1.,0.,0.));
#13530 = ADVANCED_FACE('',(#13531),#13556,.F.);
#13531 = FACE_BOUND('',#13532,.F.);
#13532 = EDGE_LOOP('',(#13533,#13541,#13549,#13555));
#13533 = ORIENTED_EDGE('',*,*,#13534,.F.);
#13534 = EDGE_CURVE('',#13535,#12989,#13537,.T.);
#13535 = VERTEX_POINT('',#13536);
#13536 = CARTESIAN_POINT('',(93.874535783877,1.35,24.965));
#13537 = LINE('',#13538,#13539);
#13538 = CARTESIAN_POINT('',(93.874535783877,1.35,24.965));
#13539 = VECTOR('',#13540,1.);
#13540 = DIRECTION('',(1.,0.,0.));
#13541 = ORIENTED_EDGE('',*,*,#13542,.T.);
#13542 = EDGE_CURVE('',#13535,#13543,#13545,.T.);
#13543 = VERTEX_POINT('',#13544);
#13544 = CARTESIAN_POINT('',(93.874535783877,6.65,24.965));
#13545 = LINE('',#13546,#13547);
#13546 = CARTESIAN_POINT('',(93.874535783877,1.35,24.965));
#13547 = VECTOR('',#13548,1.);
#13548 = DIRECTION('',(0.,1.,-3.330669073875E-16));
#13549 = ORIENTED_EDGE('',*,*,#13550,.T.);
#13550 = EDGE_CURVE('',#13543,#12991,#13551,.T.);
#13551 = LINE('',#13552,#13553);
#13552 = CARTESIAN_POINT('',(93.874535783877,6.65,24.965));
#13553 = VECTOR('',#13554,1.);
#13554 = DIRECTION('',(1.,0.,0.));
#13555 = ORIENTED_EDGE('',*,*,#12988,.F.);
#13556 = PLANE('',#13557);
#13557 = AXIS2_PLACEMENT_3D('',#13558,#13559,#13560);
#13558 = CARTESIAN_POINT('',(93.874535783877,1.35,24.965));
#13559 = DIRECTION('',(0.,-3.330669073875E-16,-1.));
#13560 = DIRECTION('',(1.,0.,0.));
#13561 = ADVANCED_FACE('',(#13562,#13580),#13591,.F.);
#13562 = FACE_BOUND('',#13563,.F.);
#13563 = EDGE_LOOP('',(#13564,#13565,#13573,#13579));
#13564 = ORIENTED_EDGE('',*,*,#13550,.F.);
#13565 = ORIENTED_EDGE('',*,*,#13566,.F.);
#13566 = EDGE_CURVE('',#13567,#13543,#13569,.T.);
#13567 = VERTEX_POINT('',#13568);
#13568 = CARTESIAN_POINT('',(93.874535783877,6.65,35.355));
#13569 = LINE('',#13570,#13571);
#13570 = CARTESIAN_POINT('',(93.874535783877,6.65,35.355));
#13571 = VECTOR('',#13572,1.);
#13572 = DIRECTION('',(0.,-3.330669073875E-16,-1.));
#13573 = ORIENTED_EDGE('',*,*,#13574,.F.);
#13574 = EDGE_CURVE('',#13007,#13567,#13575,.T.);
#13575 = LINE('',#13576,#13577);
#13576 = CARTESIAN_POINT('',(107.3,6.65,35.355));
#13577 = VECTOR('',#13578,1.);
#13578 = DIRECTION('',(-1.,0.,0.));
#13579 = ORIENTED_EDGE('',*,*,#13014,.F.);
#13580 = FACE_BOUND('',#13581,.F.);
#13581 = EDGE_LOOP('',(#13582));
#13582 = ORIENTED_EDGE('',*,*,#13583,.T.);
#13583 = EDGE_CURVE('',#13584,#13584,#13586,.T.);
#13584 = VERTEX_POINT('',#13585);
#13585 = CARTESIAN_POINT('',(103.2,6.65,30.16));
#13586 = CIRCLE('',#13587,3.2);
#13587 = AXIS2_PLACEMENT_3D('',#13588,#13589,#13590);
#13588 = CARTESIAN_POINT('',(100.,6.65,30.16));
#13589 = DIRECTION('',(0.,-1.,4.440892098501E-16));
#13590 = DIRECTION('',(1.,0.,0.));
#13591 = PLANE('',#13592);
#13592 = AXIS2_PLACEMENT_3D('',#13593,#13594,#13595);
#13593 = CARTESIAN_POINT('',(-6.563777235188E-15,6.65,22.225));
#13594 = DIRECTION('',(0.,1.,-1.110223024625E-16));
#13595 = DIRECTION('',(0.,1.110223024625E-16,1.));
#13596 = ADVANCED_FACE('',(#13597),#13615,.F.);
#13597 = FACE_BOUND('',#13598,.F.);
#13598 = EDGE_LOOP('',(#13599,#13607,#13608,#13609));
#13599 = ORIENTED_EDGE('',*,*,#13600,.F.);
#13600 = EDGE_CURVE('',#12999,#13601,#13603,.T.);
#13601 = VERTEX_POINT('',#13602);
#13602 = CARTESIAN_POINT('',(93.874535783877,1.35,35.355));
#13603 = LINE('',#13604,#13605);
#13604 = CARTESIAN_POINT('',(107.3,1.35,35.355));
#13605 = VECTOR('',#13606,1.);
#13606 = DIRECTION('',(-1.,0.,0.));
#13607 = ORIENTED_EDGE('',*,*,#13006,.F.);
#13608 = ORIENTED_EDGE('',*,*,#13574,.T.);
#13609 = ORIENTED_EDGE('',*,*,#13610,.F.);
#13610 = EDGE_CURVE('',#13601,#13567,#13611,.T.);
#13611 = LINE('',#13612,#13613);
#13612 = CARTESIAN_POINT('',(93.874535783877,1.35,35.355));
#13613 = VECTOR('',#13614,1.);
#13614 = DIRECTION('',(0.,1.,-3.330669073875E-16));
#13615 = PLANE('',#13616);
#13616 = AXIS2_PLACEMENT_3D('',#13617,#13618,#13619);
#13617 = CARTESIAN_POINT('',(107.3,1.35,35.355));
#13618 = DIRECTION('',(0.,3.330669073875E-16,1.));
#13619 = DIRECTION('',(-1.,0.,0.));
#13620 = ADVANCED_FACE('',(#13621,#13632),#13643,.T.);
#13621 = FACE_BOUND('',#13622,.T.);
#13622 = EDGE_LOOP('',(#13623,#13624,#13630,#13631));
#13623 = ORIENTED_EDGE('',*,*,#13534,.F.);
#13624 = ORIENTED_EDGE('',*,*,#13625,.F.);
#13625 = EDGE_CURVE('',#13601,#13535,#13626,.T.);
#13626 = LINE('',#13627,#13628);
#13627 = CARTESIAN_POINT('',(93.874535783877,1.35,35.355));
#13628 = VECTOR('',#13629,1.);
#13629 = DIRECTION('',(0.,-3.330669073875E-16,-1.));
#13630 = ORIENTED_EDGE('',*,*,#13600,.F.);
#13631 = ORIENTED_EDGE('',*,*,#12998,.F.);
#13632 = FACE_BOUND('',#13633,.T.);
#13633 = EDGE_LOOP('',(#13634));
#13634 = ORIENTED_EDGE('',*,*,#13635,.T.);
#13635 = EDGE_CURVE('',#13636,#13636,#13638,.T.);
#13636 = VERTEX_POINT('',#13637);
#13637 = CARTESIAN_POINT('',(103.2,1.35,30.16));
#13638 = CIRCLE('',#13639,3.2);
#13639 = AXIS2_PLACEMENT_3D('',#13640,#13641,#13642);
#13640 = CARTESIAN_POINT('',(100.,1.35,30.16));
#13641 = DIRECTION('',(0.,-1.,4.440892098501E-16));
#13642 = DIRECTION('',(1.,0.,0.));
#13643 = PLANE('',#13644);
#13644 = AXIS2_PLACEMENT_3D('',#13645,#13646,#13647);
#13645 = CARTESIAN_POINT('',(-6.563777235188E-15,1.35,22.225));
#13646 = DIRECTION('',(0.,1.,-1.110223024625E-16));
#13647 = DIRECTION('',(0.,1.110223024625E-16,1.));
#13648 = ADVANCED_FACE('',(#13649),#13674,.F.);
#13649 = FACE_BOUND('',#13650,.F.);
#13650 = EDGE_LOOP('',(#13651,#13659,#13667,#13673));
#13651 = ORIENTED_EDGE('',*,*,#13652,.F.);
#13652 = EDGE_CURVE('',#13653,#13023,#13655,.T.);
#13653 = VERTEX_POINT('',#13654);
#13654 = CARTESIAN_POINT('',(93.874535783877,1.35,9.095));
#13655 = LINE('',#13656,#13657);
#13656 = CARTESIAN_POINT('',(93.874535783877,1.35,9.095));
#13657 = VECTOR('',#13658,1.);
#13658 = DIRECTION('',(1.,0.,0.));
#13659 = ORIENTED_EDGE('',*,*,#13660,.T.);
#13660 = EDGE_CURVE('',#13653,#13661,#13663,.T.);
#13661 = VERTEX_POINT('',#13662);
#13662 = CARTESIAN_POINT('',(93.874535783877,6.65,9.095));
#13663 = LINE('',#13664,#13665);
#13664 = CARTESIAN_POINT('',(93.874535783877,1.35,9.095));
#13665 = VECTOR('',#13666,1.);
#13666 = DIRECTION('',(0.,1.,-3.330669073875E-16));
#13667 = ORIENTED_EDGE('',*,*,#13668,.T.);
#13668 = EDGE_CURVE('',#13661,#13025,#13669,.T.);
#13669 = LINE('',#13670,#13671);
#13670 = CARTESIAN_POINT('',(93.874535783877,6.65,9.095));
#13671 = VECTOR('',#13672,1.);
#13672 = DIRECTION('',(1.,0.,0.));
#13673 = ORIENTED_EDGE('',*,*,#13022,.F.);
#13674 = PLANE('',#13675);
#13675 = AXIS2_PLACEMENT_3D('',#13676,#13677,#13678);
#13676 = CARTESIAN_POINT('',(93.874535783877,1.35,9.095));
#13677 = DIRECTION('',(0.,-3.330669073875E-16,-1.));
#13678 = DIRECTION('',(1.,0.,0.));
#13679 = ADVANCED_FACE('',(#13680,#13698),#13709,.F.);
#13680 = FACE_BOUND('',#13681,.F.);
#13681 = EDGE_LOOP('',(#13682,#13683,#13691,#13697));
#13682 = ORIENTED_EDGE('',*,*,#13668,.F.);
#13683 = ORIENTED_EDGE('',*,*,#13684,.F.);
#13684 = EDGE_CURVE('',#13685,#13661,#13687,.T.);
#13685 = VERTEX_POINT('',#13686);
#13686 = CARTESIAN_POINT('',(93.874535783877,6.65,19.485));
#13687 = LINE('',#13688,#13689);
#13688 = CARTESIAN_POINT('',(93.874535783877,6.65,19.485));
#13689 = VECTOR('',#13690,1.);
#13690 = DIRECTION('',(0.,-3.330669073875E-16,-1.));
#13691 = ORIENTED_EDGE('',*,*,#13692,.F.);
#13692 = EDGE_CURVE('',#13041,#13685,#13693,.T.);
#13693 = LINE('',#13694,#13695);
#13694 = CARTESIAN_POINT('',(107.3,6.65,19.485));
#13695 = VECTOR('',#13696,1.);
#13696 = DIRECTION('',(-1.,0.,0.));
#13697 = ORIENTED_EDGE('',*,*,#13048,.F.);
#13698 = FACE_BOUND('',#13699,.F.);
#13699 = EDGE_LOOP('',(#13700));
#13700 = ORIENTED_EDGE('',*,*,#13701,.T.);
#13701 = EDGE_CURVE('',#13702,#13702,#13704,.T.);
#13702 = VERTEX_POINT('',#13703);
#13703 = CARTESIAN_POINT('',(103.2,6.65,14.29));
#13704 = CIRCLE('',#13705,3.2);
#13705 = AXIS2_PLACEMENT_3D('',#13706,#13707,#13708);
#13706 = CARTESIAN_POINT('',(100.,6.65,14.29));
#13707 = DIRECTION('',(0.,-1.,4.440892098501E-16));
#13708 = DIRECTION('',(1.,0.,0.));
#13709 = PLANE('',#13710);
#13710 = AXIS2_PLACEMENT_3D('',#13711,#13712,#13713);
#13711 = CARTESIAN_POINT('',(-6.563777235188E-15,6.65,22.225));
#13712 = DIRECTION('',(0.,1.,-1.110223024625E-16));
#13713 = DIRECTION('',(0.,1.110223024625E-16,1.));
#13714 = ADVANCED_FACE('',(#13715),#13733,.F.);
#13715 = FACE_BOUND('',#13716,.F.);
#13716 = EDGE_LOOP('',(#13717,#13725,#13726,#13727));
#13717 = ORIENTED_EDGE('',*,*,#13718,.F.);
#13718 = EDGE_CURVE('',#13033,#13719,#13721,.T.);
#13719 = VERTEX_POINT('',#13720);
#13720 = CARTESIAN_POINT('',(93.874535783877,1.35,19.485));
#13721 = LINE('',#13722,#13723);
#13722 = CARTESIAN_POINT('',(107.3,1.35,19.485));
#13723 = VECTOR('',#13724,1.);
#13724 = DIRECTION('',(-1.,0.,0.));
#13725 = ORIENTED_EDGE('',*,*,#13040,.F.);
#13726 = ORIENTED_EDGE('',*,*,#13692,.T.);
#13727 = ORIENTED_EDGE('',*,*,#13728,.F.);
#13728 = EDGE_CURVE('',#13719,#13685,#13729,.T.);
#13729 = LINE('',#13730,#13731);
#13730 = CARTESIAN_POINT('',(93.874535783877,1.35,19.485));
#13731 = VECTOR('',#13732,1.);
#13732 = DIRECTION('',(0.,1.,-3.330669073875E-16));
#13733 = PLANE('',#13734);
#13734 = AXIS2_PLACEMENT_3D('',#13735,#13736,#13737);
#13735 = CARTESIAN_POINT('',(107.3,1.35,19.485));
#13736 = DIRECTION('',(0.,3.330669073875E-16,1.));
#13737 = DIRECTION('',(-1.,0.,0.));
#13738 = ADVANCED_FACE('',(#13739,#13750),#13761,.T.);
#13739 = FACE_BOUND('',#13740,.T.);
#13740 = EDGE_LOOP('',(#13741,#13742,#13748,#13749));
#13741 = ORIENTED_EDGE('',*,*,#13652,.F.);
#13742 = ORIENTED_EDGE('',*,*,#13743,.F.);
#13743 = EDGE_CURVE('',#13719,#13653,#13744,.T.);
#13744 = LINE('',#13745,#13746);
#13745 = CARTESIAN_POINT('',(93.874535783877,1.35,19.485));
#13746 = VECTOR('',#13747,1.);
#13747 = DIRECTION('',(0.,-3.330669073875E-16,-1.));
#13748 = ORIENTED_EDGE('',*,*,#13718,.F.);
#13749 = ORIENTED_EDGE('',*,*,#13032,.F.);
#13750 = FACE_BOUND('',#13751,.T.);
#13751 = EDGE_LOOP('',(#13752));
#13752 = ORIENTED_EDGE('',*,*,#13753,.T.);
#13753 = EDGE_CURVE('',#13754,#13754,#13756,.T.);
#13754 = VERTEX_POINT('',#13755);
#13755 = CARTESIAN_POINT('',(103.2,1.35,14.29));
#13756 = CIRCLE('',#13757,3.2);
#13757 = AXIS2_PLACEMENT_3D('',#13758,#13759,#13760);
#13758 = CARTESIAN_POINT('',(100.,1.35,14.29));
#13759 = DIRECTION('',(0.,-1.,4.440892098501E-16));
#13760 = DIRECTION('',(1.,0.,0.));
#13761 = PLANE('',#13762);
#13762 = AXIS2_PLACEMENT_3D('',#13763,#13764,#13765);
#13763 = CARTESIAN_POINT('',(-6.563777235188E-15,1.35,22.225));
#13764 = DIRECTION('',(0.,1.,-1.110223024625E-16));
#13765 = DIRECTION('',(0.,1.110223024625E-16,1.));
#13766 = ADVANCED_FACE('',(#13767),#13778,.F.);
#13767 = FACE_BOUND('',#13768,.F.);
#13768 = EDGE_LOOP('',(#13769,#13770,#13776,#13777));
#13769 = ORIENTED_EDGE('',*,*,#13073,.F.);
#13770 = ORIENTED_EDGE('',*,*,#13771,.T.);
#13771 = EDGE_CURVE('',#13074,#13442,#13772,.T.);
#13772 = LINE('',#13773,#13774);
#13773 = CARTESIAN_POINT('',(-96.8,6.346034808757E-15,14.29));
#13774 = VECTOR('',#13775,1.);
#13775 = DIRECTION('',(0.,1.,-4.440892098501E-16));
#13776 = ORIENTED_EDGE('',*,*,#13441,.T.);
#13777 = ORIENTED_EDGE('',*,*,#13771,.F.);
#13778 = CYLINDRICAL_SURFACE('',#13779,3.2);
#13779 = AXIS2_PLACEMENT_3D('',#13780,#13781,#13782);
#13780 = CARTESIAN_POINT('',(-100.,6.346034808757E-15,14.29));
#13781 = DIRECTION('',(0.,-1.,4.440892098501E-16));
#13782 = DIRECTION('',(1.,0.,0.));
#13783 = ADVANCED_FACE('',(#13784),#13795,.F.);
#13784 = FACE_BOUND('',#13785,.F.);
#13785 = EDGE_LOOP('',(#13786,#13787,#13793,#13794));
#13786 = ORIENTED_EDGE('',*,*,#13084,.F.);
#13787 = ORIENTED_EDGE('',*,*,#13788,.T.);
#13788 = EDGE_CURVE('',#13085,#13324,#13789,.T.);
#13789 = LINE('',#13790,#13791);
#13790 = CARTESIAN_POINT('',(-96.8,1.339373056908E-14,30.16));
#13791 = VECTOR('',#13792,1.);
#13792 = DIRECTION('',(0.,1.,-4.440892098501E-16));
#13793 = ORIENTED_EDGE('',*,*,#13323,.T.);
#13794 = ORIENTED_EDGE('',*,*,#13788,.F.);
#13795 = CYLINDRICAL_SURFACE('',#13796,3.2);
#13796 = AXIS2_PLACEMENT_3D('',#13797,#13798,#13799);
#13797 = CARTESIAN_POINT('',(-100.,1.339373056908E-14,30.16));
#13798 = DIRECTION('',(0.,-1.,4.440892098501E-16));
#13799 = DIRECTION('',(1.,0.,0.));
#13800 = ADVANCED_FACE('',(#13801),#13812,.F.);
#13801 = FACE_BOUND('',#13802,.F.);
#13802 = EDGE_LOOP('',(#13803,#13804,#13810,#13811));
#13803 = ORIENTED_EDGE('',*,*,#13095,.F.);
#13804 = ORIENTED_EDGE('',*,*,#13805,.T.);
#13805 = EDGE_CURVE('',#13096,#13754,#13806,.T.);
#13806 = LINE('',#13807,#13808);
#13807 = CARTESIAN_POINT('',(103.2,6.346034808757E-15,14.29));
#13808 = VECTOR('',#13809,1.);
#13809 = DIRECTION('',(0.,1.,-4.440892098501E-16));
#13810 = ORIENTED_EDGE('',*,*,#13753,.T.);
#13811 = ORIENTED_EDGE('',*,*,#13805,.F.);
#13812 = CYLINDRICAL_SURFACE('',#13813,3.2);
#13813 = AXIS2_PLACEMENT_3D('',#13814,#13815,#13816);
#13814 = CARTESIAN_POINT('',(100.,6.346034808757E-15,14.29));
#13815 = DIRECTION('',(0.,-1.,4.440892098501E-16));
#13816 = DIRECTION('',(1.,0.,0.));
#13817 = ADVANCED_FACE('',(#13818),#13834,.F.);
#13818 = FACE_BOUND('',#13819,.F.);
#13819 = EDGE_LOOP('',(#13820,#13826,#13827,#13833));
#13820 = ORIENTED_EDGE('',*,*,#13821,.T.);
#13821 = EDGE_CURVE('',#13107,#13191,#13822,.T.);
#13822 = LINE('',#13823,#13824);
#13823 = CARTESIAN_POINT('',(-75.,2.046696145896E-14,30.725));
#13824 = VECTOR('',#13825,1.);
#13825 = DIRECTION('',(0.,1.,-6.661338147751E-16));
#13826 = ORIENTED_EDGE('',*,*,#13190,.T.);
#13827 = ORIENTED_EDGE('',*,*,#13828,.F.);
#13828 = EDGE_CURVE('',#13109,#13193,#13829,.T.);
#13829 = LINE('',#13830,#13831);
#13830 = CARTESIAN_POINT('',(-75.,9.142686607788E-15,13.725));
#13831 = VECTOR('',#13832,1.);
#13832 = DIRECTION('',(0.,1.,-6.661338147751E-16));
#13833 = ORIENTED_EDGE('',*,*,#13106,.F.);
#13834 = PLANE('',#13835);
#13835 = AXIS2_PLACEMENT_3D('',#13836,#13837,#13838);
#13836 = CARTESIAN_POINT('',(-75.,2.046696145896E-14,30.725));
#13837 = DIRECTION('',(-1.,0.,0.));
#13838 = DIRECTION('',(0.,-6.661338147751E-16,-1.));
#13839 = ADVANCED_FACE('',(#13840),#13851,.F.);
#13840 = FACE_BOUND('',#13841,.F.);
#13841 = EDGE_LOOP('',(#13842,#13848,#13849,#13850));
#13842 = ORIENTED_EDGE('',*,*,#13843,.T.);
#13843 = EDGE_CURVE('',#13125,#13209,#13844,.T.);
#13844 = LINE('',#13845,#13846);
#13845 = CARTESIAN_POINT('',(75.,2.046696145896E-14,30.725));
#13846 = VECTOR('',#13847,1.);
#13847 = DIRECTION('',(0.,1.,-6.661338147751E-16));
#13848 = ORIENTED_EDGE('',*,*,#13216,.T.);
#13849 = ORIENTED_EDGE('',*,*,#13821,.F.);
#13850 = ORIENTED_EDGE('',*,*,#13132,.F.);
#13851 = PLANE('',#13852);
#13852 = AXIS2_PLACEMENT_3D('',#13853,#13854,#13855);
#13853 = CARTESIAN_POINT('',(75.,2.046696145896E-14,30.725));
#13854 = DIRECTION('',(0.,6.661338147751E-16,1.));
#13855 = DIRECTION('',(-1.,0.,0.));
#13856 = ADVANCED_FACE('',(#13857),#13868,.F.);
#13857 = FACE_BOUND('',#13858,.F.);
#13858 = EDGE_LOOP('',(#13859,#13860,#13861,#13867));
#13859 = ORIENTED_EDGE('',*,*,#13828,.T.);
#13860 = ORIENTED_EDGE('',*,*,#13200,.T.);
#13861 = ORIENTED_EDGE('',*,*,#13862,.F.);
#13862 = EDGE_CURVE('',#13117,#13201,#13863,.T.);
#13863 = LINE('',#13864,#13865);
#13864 = CARTESIAN_POINT('',(75.,9.142686607788E-15,13.725));
#13865 = VECTOR('',#13866,1.);
#13866 = DIRECTION('',(0.,1.,-6.661338147751E-16));
#13867 = ORIENTED_EDGE('',*,*,#13116,.F.);
#13868 = PLANE('',#13869);
#13869 = AXIS2_PLACEMENT_3D('',#13870,#13871,#13872);
#13870 = CARTESIAN_POINT('',(-75.,9.142686607788E-15,13.725));
#13871 = DIRECTION('',(0.,-6.661338147751E-16,-1.));
#13872 = DIRECTION('',(1.,0.,0.));
#13873 = ADVANCED_FACE('',(#13874),#13880,.F.);
#13874 = FACE_BOUND('',#13875,.F.);
#13875 = EDGE_LOOP('',(#13876,#13877,#13878,#13879));
#13876 = ORIENTED_EDGE('',*,*,#13862,.T.);
#13877 = ORIENTED_EDGE('',*,*,#13208,.T.);
#13878 = ORIENTED_EDGE('',*,*,#13843,.F.);
#13879 = ORIENTED_EDGE('',*,*,#13124,.F.);
#13880 = PLANE('',#13881);
#13881 = AXIS2_PLACEMENT_3D('',#13882,#13883,#13884);
#13882 = CARTESIAN_POINT('',(75.,9.142686607788E-15,13.725));
#13883 = DIRECTION('',(1.,0.,0.));
#13884 = DIRECTION('',(0.,6.661338147751E-16,1.));
#13885 = ADVANCED_FACE('',(#13886),#13897,.F.);
#13886 = FACE_BOUND('',#13887,.F.);
#13887 = EDGE_LOOP('',(#13888,#13889,#13895,#13896));
#13888 = ORIENTED_EDGE('',*,*,#13140,.F.);
#13889 = ORIENTED_EDGE('',*,*,#13890,.T.);
#13890 = EDGE_CURVE('',#13141,#13636,#13891,.T.);
#13891 = LINE('',#13892,#13893);
#13892 = CARTESIAN_POINT('',(103.2,1.339373056908E-14,30.16));
#13893 = VECTOR('',#13894,1.);
#13894 = DIRECTION('',(0.,1.,-4.440892098501E-16));
#13895 = ORIENTED_EDGE('',*,*,#13635,.T.);
#13896 = ORIENTED_EDGE('',*,*,#13890,.F.);
#13897 = CYLINDRICAL_SURFACE('',#13898,3.2);
#13898 = AXIS2_PLACEMENT_3D('',#13899,#13900,#13901);
#13899 = CARTESIAN_POINT('',(100.,1.339373056908E-14,30.16));
#13900 = DIRECTION('',(0.,-1.,4.440892098501E-16));
#13901 = DIRECTION('',(1.,0.,0.));
#13902 = ADVANCED_FACE('',(#13903),#13914,.F.);
#13903 = FACE_BOUND('',#13904,.F.);
#13904 = EDGE_LOOP('',(#13905,#13906,#13912,#13913));
#13905 = ORIENTED_EDGE('',*,*,#13500,.F.);
#13906 = ORIENTED_EDGE('',*,*,#13907,.T.);
#13907 = EDGE_CURVE('',#13501,#13169,#13908,.T.);
#13908 = LINE('',#13909,#13910);
#13909 = CARTESIAN_POINT('',(-96.8,6.346034808757E-15,14.29));
#13910 = VECTOR('',#13911,1.);
#13911 = DIRECTION('',(0.,1.,-4.440892098501E-16));
#13912 = ORIENTED_EDGE('',*,*,#13168,.T.);
#13913 = ORIENTED_EDGE('',*,*,#13907,.F.);
#13914 = CYLINDRICAL_SURFACE('',#13915,3.2);
#13915 = AXIS2_PLACEMENT_3D('',#13916,#13917,#13918);
#13916 = CARTESIAN_POINT('',(-100.,6.346034808757E-15,14.29));
#13917 = DIRECTION('',(0.,-1.,4.440892098501E-16));
#13918 = DIRECTION('',(1.,0.,0.));
#13919 = ADVANCED_FACE('',(#13920),#13931,.F.);
#13920 = FACE_BOUND('',#13921,.F.);
#13921 = EDGE_LOOP('',(#13922,#13923,#13929,#13930));
#13922 = ORIENTED_EDGE('',*,*,#13382,.F.);
#13923 = ORIENTED_EDGE('',*,*,#13924,.T.);
#13924 = EDGE_CURVE('',#13383,#13180,#13925,.T.);
#13925 = LINE('',#13926,#13927);
#13926 = CARTESIAN_POINT('',(-96.8,1.339373056908E-14,30.16));
#13927 = VECTOR('',#13928,1.);
#13928 = DIRECTION('',(0.,1.,-4.440892098501E-16));
#13929 = ORIENTED_EDGE('',*,*,#13179,.T.);
#13930 = ORIENTED_EDGE('',*,*,#13924,.F.);
#13931 = CYLINDRICAL_SURFACE('',#13932,3.2);
#13932 = AXIS2_PLACEMENT_3D('',#13933,#13934,#13935);
#13933 = CARTESIAN_POINT('',(-100.,1.339373056908E-14,30.16));
#13934 = DIRECTION('',(0.,-1.,4.440892098501E-16));
#13935 = DIRECTION('',(1.,0.,0.));
#13936 = ADVANCED_FACE('',(#13937),#13948,.F.);
#13937 = FACE_BOUND('',#13938,.F.);
#13938 = EDGE_LOOP('',(#13939,#13940,#13946,#13947));
#13939 = ORIENTED_EDGE('',*,*,#13701,.F.);
#13940 = ORIENTED_EDGE('',*,*,#13941,.T.);
#13941 = EDGE_CURVE('',#13702,#13225,#13942,.T.);
#13942 = LINE('',#13943,#13944);
#13943 = CARTESIAN_POINT('',(103.2,6.346034808757E-15,14.29));
#13944 = VECTOR('',#13945,1.);
#13945 = DIRECTION('',(0.,1.,-4.440892098501E-16));
#13946 = ORIENTED_EDGE('',*,*,#13224,.T.);
#13947 = ORIENTED_EDGE('',*,*,#13941,.F.);
#13948 = CYLINDRICAL_SURFACE('',#13949,3.2);
#13949 = AXIS2_PLACEMENT_3D('',#13950,#13951,#13952);
#13950 = CARTESIAN_POINT('',(100.,6.346034808757E-15,14.29));
#13951 = DIRECTION('',(0.,-1.,4.440892098501E-16));
#13952 = DIRECTION('',(1.,0.,0.));
#13953 = ADVANCED_FACE('',(#13954),#13965,.F.);
#13954 = FACE_BOUND('',#13955,.F.);
#13955 = EDGE_LOOP('',(#13956,#13957,#13963,#13964));
#13956 = ORIENTED_EDGE('',*,*,#13583,.F.);
#13957 = ORIENTED_EDGE('',*,*,#13958,.T.);
#13958 = EDGE_CURVE('',#13584,#13236,#13959,.T.);
#13959 = LINE('',#13960,#13961);
#13960 = CARTESIAN_POINT('',(103.2,1.339373056908E-14,30.16));
#13961 = VECTOR('',#13962,1.);
#13962 = DIRECTION('',(0.,1.,-4.440892098501E-16));
#13963 = ORIENTED_EDGE('',*,*,#13235,.T.);
#13964 = ORIENTED_EDGE('',*,*,#13958,.F.);
#13965 = CYLINDRICAL_SURFACE('',#13966,3.2);
#13966 = AXIS2_PLACEMENT_3D('',#13967,#13968,#13969);
#13967 = CARTESIAN_POINT('',(100.,1.339373056908E-14,30.16));
#13968 = DIRECTION('',(0.,-1.,4.440892098501E-16));
#13969 = DIRECTION('',(1.,0.,0.));
#13970 = ADVANCED_FACE('',(#13971),#13977,.T.);
#13971 = FACE_BOUND('',#13972,.T.);
#13972 = EDGE_LOOP('',(#13973,#13974,#13975,#13976));
#13973 = ORIENTED_EDGE('',*,*,#13350,.T.);
#13974 = ORIENTED_EDGE('',*,*,#13364,.T.);
#13975 = ORIENTED_EDGE('',*,*,#13400,.F.);
#13976 = ORIENTED_EDGE('',*,*,#13298,.F.);
#13977 = PLANE('',#13978);
#13978 = AXIS2_PLACEMENT_3D('',#13979,#13980,#13981);
#13979 = CARTESIAN_POINT('',(-93.87453578387,1.35,35.355));
#13980 = DIRECTION('',(-1.,0.,0.));
#13981 = DIRECTION('',(0.,-3.330669073875E-16,-1.));
#13982 = ADVANCED_FACE('',(#13983),#13989,.T.);
#13983 = FACE_BOUND('',#13984,.T.);
#13984 = EDGE_LOOP('',(#13985,#13986,#13987,#13988));
#13985 = ORIENTED_EDGE('',*,*,#13468,.T.);
#13986 = ORIENTED_EDGE('',*,*,#13482,.T.);
#13987 = ORIENTED_EDGE('',*,*,#13518,.F.);
#13988 = ORIENTED_EDGE('',*,*,#13416,.F.);
#13989 = PLANE('',#13990);
#13990 = AXIS2_PLACEMENT_3D('',#13991,#13992,#13993);
#13991 = CARTESIAN_POINT('',(-93.87453578387,1.35,19.485));
#13992 = DIRECTION('',(-1.,0.,0.));
#13993 = DIRECTION('',(0.,-3.330669073875E-16,-1.));
#13994 = ADVANCED_FACE('',(#13995),#14001,.F.);
#13995 = FACE_BOUND('',#13996,.F.);
#13996 = EDGE_LOOP('',(#13997,#13998,#13999,#14000));
#13997 = ORIENTED_EDGE('',*,*,#13610,.T.);
#13998 = ORIENTED_EDGE('',*,*,#13566,.T.);
#13999 = ORIENTED_EDGE('',*,*,#13542,.F.);
#14000 = ORIENTED_EDGE('',*,*,#13625,.F.);
#14001 = PLANE('',#14002);
#14002 = AXIS2_PLACEMENT_3D('',#14003,#14004,#14005);
#14003 = CARTESIAN_POINT('',(93.874535783877,1.35,35.355));
#14004 = DIRECTION('',(-1.,0.,0.));
#14005 = DIRECTION('',(0.,-3.330669073875E-16,-1.));
#14006 = ADVANCED_FACE('',(#14007),#14013,.F.);
#14007 = FACE_BOUND('',#14008,.F.);
#14008 = EDGE_LOOP('',(#14009,#14010,#14011,#14012));
#14009 = ORIENTED_EDGE('',*,*,#13728,.T.);
#14010 = ORIENTED_EDGE('',*,*,#13684,.T.);
#14011 = ORIENTED_EDGE('',*,*,#13660,.F.);
#14012 = ORIENTED_EDGE('',*,*,#13743,.F.);
#14013 = PLANE('',#14014);
#14014 = AXIS2_PLACEMENT_3D('',#14015,#14016,#14017);
#14015 = CARTESIAN_POINT('',(93.874535783877,1.35,19.485));
#14016 = DIRECTION('',(-1.,0.,0.));
#14017 = DIRECTION('',(0.,-3.330669073875E-16,-1.));
#14018 = MANIFOLD_SOLID_BREP('',#14019);
#14019 = CLOSED_SHELL('',(#14020,#14060,#14099,#14155,#14210,#14241,
    #14265,#14282,#14313,#14344,#14405,#14430,#14455,#14480,#14505,
    #14666,#14697,#14721,#14745,#14762,#14793,#14817,#14841,#14858,
    #14889,#14913,#14937,#14954,#14985,#15009,#15033,#15050,#15089,
    #15101,#15132,#15156,#15173,#15230));
#14020 = ADVANCED_FACE('',(#14021),#14055,.T.);
#14021 = FACE_BOUND('',#14022,.T.);
#14022 = EDGE_LOOP('',(#14023,#14033,#14041,#14049));
#14023 = ORIENTED_EDGE('',*,*,#14024,.T.);
#14024 = EDGE_CURVE('',#14025,#14027,#14029,.T.);
#14025 = VERTEX_POINT('',#14026);
#14026 = CARTESIAN_POINT('',(-98.8,8.,3.));
#14027 = VERTEX_POINT('',#14028);
#14028 = CARTESIAN_POINT('',(-98.8,124.8,3.));
#14029 = LINE('',#14030,#14031);
#14030 = CARTESIAN_POINT('',(-98.8,8.,3.));
#14031 = VECTOR('',#14032,1.);
#14032 = DIRECTION('',(0.,1.,-8.881784197001E-16));
#14033 = ORIENTED_EDGE('',*,*,#14034,.T.);
#14034 = EDGE_CURVE('',#14027,#14035,#14037,.T.);
#14035 = VERTEX_POINT('',#14036);
#14036 = CARTESIAN_POINT('',(-98.8,124.8,-1.030286966852E-13));
#14037 = LINE('',#14038,#14039);
#14038 = CARTESIAN_POINT('',(-98.8,124.8,3.));
#14039 = VECTOR('',#14040,1.);
#14040 = DIRECTION('',(0.,-8.881784197001E-16,-1.));
#14041 = ORIENTED_EDGE('',*,*,#14042,.F.);
#14042 = EDGE_CURVE('',#14043,#14035,#14045,.T.);
#14043 = VERTEX_POINT('',#14044);
#14044 = CARTESIAN_POINT('',(-98.8,8.,0.));
#14045 = LINE('',#14046,#14047);
#14046 = CARTESIAN_POINT('',(-98.8,8.,0.));
#14047 = VECTOR('',#14048,1.);
#14048 = DIRECTION('',(0.,1.,-8.881784197001E-16));
#14049 = ORIENTED_EDGE('',*,*,#14050,.F.);
#14050 = EDGE_CURVE('',#14025,#14043,#14051,.T.);
#14051 = LINE('',#14052,#14053);
#14052 = CARTESIAN_POINT('',(-98.8,8.,3.));
#14053 = VECTOR('',#14054,1.);
#14054 = DIRECTION('',(0.,-8.881784197001E-16,-1.));
#14055 = PLANE('',#14056);
#14056 = AXIS2_PLACEMENT_3D('',#14057,#14058,#14059);
#14057 = CARTESIAN_POINT('',(-98.8,8.,3.));
#14058 = DIRECTION('',(-1.,0.,0.));
#14059 = DIRECTION('',(0.,-8.881784197001E-16,-1.));
#14060 = ADVANCED_FACE('',(#14061),#14094,.T.);
#14061 = FACE_BOUND('',#14062,.T.);
#14062 = EDGE_LOOP('',(#14063,#14073,#14081,#14087,#14088));
#14063 = ORIENTED_EDGE('',*,*,#14064,.T.);
#14064 = EDGE_CURVE('',#14065,#14067,#14069,.T.);
#14065 = VERTEX_POINT('',#14066);
#14066 = CARTESIAN_POINT('',(-106.8,8.,3.));
#14067 = VERTEX_POINT('',#14068);
#14068 = CARTESIAN_POINT('',(-106.8,136.4,3.));
#14069 = LINE('',#14070,#14071);
#14070 = CARTESIAN_POINT('',(-106.8,8.,3.));
#14071 = VECTOR('',#14072,1.);
#14072 = DIRECTION('',(0.,1.,-8.881784197001E-16));
#14073 = ORIENTED_EDGE('',*,*,#14074,.F.);
#14074 = EDGE_CURVE('',#14075,#14067,#14077,.T.);
#14075 = VERTEX_POINT('',#14076);
#14076 = CARTESIAN_POINT('',(-98.8,136.4,3.));
#14077 = LINE('',#14078,#14079);
#14078 = CARTESIAN_POINT('',(-98.8,136.4,3.));
#14079 = VECTOR('',#14080,1.);
#14080 = DIRECTION('',(-1.,0.,0.));
#14081 = ORIENTED_EDGE('',*,*,#14082,.F.);
#14082 = EDGE_CURVE('',#14027,#14075,#14083,.T.);
#14083 = LINE('',#14084,#14085);
#14084 = CARTESIAN_POINT('',(-98.8,124.8,3.));
#14085 = VECTOR('',#14086,1.);
#14086 = DIRECTION('',(0.,1.,-7.771561172376E-16));
#14087 = ORIENTED_EDGE('',*,*,#14024,.F.);
#14088 = ORIENTED_EDGE('',*,*,#14089,.F.);
#14089 = EDGE_CURVE('',#14065,#14025,#14090,.T.);
#14090 = LINE('',#14091,#14092);
#14091 = CARTESIAN_POINT('',(-106.8,8.,3.));
#14092 = VECTOR('',#14093,1.);
#14093 = DIRECTION('',(1.,0.,0.));
#14094 = PLANE('',#14095);
#14095 = AXIS2_PLACEMENT_3D('',#14096,#14097,#14098);
#14096 = CARTESIAN_POINT('',(-102.8,72.2,3.));
#14097 = DIRECTION('',(-0.,-6.661338147751E-16,-1.));
#14098 = DIRECTION('',(0.,1.,-6.661338147751E-16));
#14099 = ADVANCED_FACE('',(#14100),#14150,.T.);
#14100 = FACE_BOUND('',#14101,.T.);
#14101 = EDGE_LOOP('',(#14102,#14103,#14104,#14112,#14120,#14128,#14136,
    #14144));
#14102 = ORIENTED_EDGE('',*,*,#14089,.T.);
#14103 = ORIENTED_EDGE('',*,*,#14050,.T.);
#14104 = ORIENTED_EDGE('',*,*,#14105,.T.);
#14105 = EDGE_CURVE('',#14043,#14106,#14108,.T.);
#14106 = VERTEX_POINT('',#14107);
#14107 = CARTESIAN_POINT('',(29.7,8.,0.));
#14108 = LINE('',#14109,#14110);
#14109 = CARTESIAN_POINT('',(-98.8,8.,0.));
#14110 = VECTOR('',#14111,1.);
#14111 = DIRECTION('',(1.,0.,0.));
#14112 = ORIENTED_EDGE('',*,*,#14113,.T.);
#14113 = EDGE_CURVE('',#14106,#14114,#14116,.T.);
#14114 = VERTEX_POINT('',#14115);
#14115 = CARTESIAN_POINT('',(29.7,8.,3.));
#14116 = LINE('',#14117,#14118);
#14117 = CARTESIAN_POINT('',(29.7,8.,0.));
#14118 = VECTOR('',#14119,1.);
#14119 = DIRECTION('',(-1.184237892934E-15,8.881784197001E-16,1.));
#14120 = ORIENTED_EDGE('',*,*,#14121,.T.);
#14121 = EDGE_CURVE('',#14114,#14122,#14124,.T.);
#14122 = VERTEX_POINT('',#14123);
#14123 = CARTESIAN_POINT('',(-30.,8.,3.));
#14124 = LINE('',#14125,#14126);
#14125 = CARTESIAN_POINT('',(29.7,8.,3.));
#14126 = VECTOR('',#14127,1.);
#14127 = DIRECTION('',(-1.,0.,0.));
#14128 = ORIENTED_EDGE('',*,*,#14129,.T.);
#14129 = EDGE_CURVE('',#14122,#14130,#14132,.T.);
#14130 = VERTEX_POINT('',#14131);
#14131 = CARTESIAN_POINT('',(-30.,8.,8.225));
#14132 = LINE('',#14133,#14134);
#14133 = CARTESIAN_POINT('',(-30.,8.,3.));
#14134 = VECTOR('',#14135,1.);
#14135 = DIRECTION('',(1.184237892934E-15,8.881784197001E-16,1.));
#14136 = ORIENTED_EDGE('',*,*,#14137,.F.);
#14137 = EDGE_CURVE('',#14138,#14130,#14140,.T.);
#14138 = VERTEX_POINT('',#14139);
#14139 = CARTESIAN_POINT('',(-106.8,8.,8.225));
#14140 = LINE('',#14141,#14142);
#14141 = CARTESIAN_POINT('',(-106.8,8.,8.225));
#14142 = VECTOR('',#14143,1.);
#14143 = DIRECTION('',(1.,0.,0.));
#14144 = ORIENTED_EDGE('',*,*,#14145,.F.);
#14145 = EDGE_CURVE('',#14065,#14138,#14146,.T.);
#14146 = LINE('',#14147,#14148);
#14147 = CARTESIAN_POINT('',(-106.8,8.,6.));
#14148 = VECTOR('',#14149,1.);
#14149 = DIRECTION('',(0.,3.330669073875E-16,1.));
#14150 = PLANE('',#14151);
#14151 = AXIS2_PLACEMENT_3D('',#14152,#14153,#14154);
#14152 = CARTESIAN_POINT('',(-39.54475729832,8.,3.117742701676));
#14153 = DIRECTION('',(0.,-1.,4.440892098501E-16));
#14154 = DIRECTION('',(1.,0.,0.));
#14155 = ADVANCED_FACE('',(#14156),#14205,.T.);
#14156 = FACE_BOUND('',#14157,.T.);
#14157 = EDGE_LOOP('',(#14158,#14159,#14167,#14175,#14183,#14191,#14199)
  );
#14158 = ORIENTED_EDGE('',*,*,#14034,.F.);
#14159 = ORIENTED_EDGE('',*,*,#14160,.F.);
#14160 = EDGE_CURVE('',#14161,#14027,#14163,.T.);
#14161 = VERTEX_POINT('',#14162);
#14162 = CARTESIAN_POINT('',(-98.8,124.8,6.));
#14163 = LINE('',#14164,#14165);
#14164 = CARTESIAN_POINT('',(-98.8,124.8,6.));
#14165 = VECTOR('',#14166,1.);
#14166 = DIRECTION('',(0.,-7.771561172376E-16,-1.));
#14167 = ORIENTED_EDGE('',*,*,#14168,.T.);
#14168 = EDGE_CURVE('',#14161,#14169,#14171,.T.);
#14169 = VERTEX_POINT('',#14170);
#14170 = CARTESIAN_POINT('',(-106.8,124.8,6.));
#14171 = LINE('',#14172,#14173);
#14172 = CARTESIAN_POINT('',(-30.,124.8,6.));
#14173 = VECTOR('',#14174,1.);
#14174 = DIRECTION('',(-1.,0.,-0.));
#14175 = ORIENTED_EDGE('',*,*,#14176,.T.);
#14176 = EDGE_CURVE('',#14169,#14177,#14179,.T.);
#14177 = VERTEX_POINT('',#14178);
#14178 = CARTESIAN_POINT('',(-106.8,124.8,8.225));
#14179 = LINE('',#14180,#14181);
#14180 = CARTESIAN_POINT('',(-106.8,124.8,6.));
#14181 = VECTOR('',#14182,1.);
#14182 = DIRECTION('',(0.,3.330669073875E-16,1.));
#14183 = ORIENTED_EDGE('',*,*,#14184,.F.);
#14184 = EDGE_CURVE('',#14185,#14177,#14187,.T.);
#14185 = VERTEX_POINT('',#14186);
#14186 = CARTESIAN_POINT('',(-98.7,124.8,8.225));
#14187 = LINE('',#14188,#14189);
#14188 = CARTESIAN_POINT('',(-30.,124.8,8.225));
#14189 = VECTOR('',#14190,1.);
#14190 = DIRECTION('',(-1.,0.,-0.));
#14191 = ORIENTED_EDGE('',*,*,#14192,.T.);
#14192 = EDGE_CURVE('',#14185,#14193,#14195,.T.);
#14193 = VERTEX_POINT('',#14194);
#14194 = CARTESIAN_POINT('',(-98.7,124.8,-1.24344978758E-14));
#14195 = LINE('',#14196,#14197);
#14196 = CARTESIAN_POINT('',(-98.7,124.8,11.225));
#14197 = VECTOR('',#14198,1.);
#14198 = DIRECTION('',(0.,-3.330669073875E-16,-1.));
#14199 = ORIENTED_EDGE('',*,*,#14200,.F.);
#14200 = EDGE_CURVE('',#14035,#14193,#14201,.T.);
#14201 = LINE('',#14202,#14203);
#14202 = CARTESIAN_POINT('',(-98.8,124.8,-9.947598300641E-14));
#14203 = VECTOR('',#14204,1.);
#14204 = DIRECTION('',(1.,0.,0.));
#14205 = PLANE('',#14206);
#14206 = AXIS2_PLACEMENT_3D('',#14207,#14208,#14209);
#14207 = CARTESIAN_POINT('',(-39.46184142338,124.8,3.200658576611));
#14208 = DIRECTION('',(0.,1.,-4.440892098501E-16));
#14209 = DIRECTION('',(-1.,0.,0.));
#14210 = ADVANCED_FACE('',(#14211),#14236,.T.);
#14211 = FACE_BOUND('',#14212,.T.);
#14212 = EDGE_LOOP('',(#14213,#14221,#14227,#14228,#14229,#14235));
#14213 = ORIENTED_EDGE('',*,*,#14214,.T.);
#14214 = EDGE_CURVE('',#14169,#14215,#14217,.T.);
#14215 = VERTEX_POINT('',#14216);
#14216 = CARTESIAN_POINT('',(-106.8,136.4,6.));
#14217 = LINE('',#14218,#14219);
#14218 = CARTESIAN_POINT('',(-106.8,8.,6.));
#14219 = VECTOR('',#14220,1.);
#14220 = DIRECTION('',(0.,1.,-8.881784197001E-16));
#14221 = ORIENTED_EDGE('',*,*,#14222,.F.);
#14222 = EDGE_CURVE('',#14067,#14215,#14223,.T.);
#14223 = LINE('',#14224,#14225);
#14224 = CARTESIAN_POINT('',(-106.8,136.4,3.));
#14225 = VECTOR('',#14226,1.);
#14226 = DIRECTION('',(0.,7.771561172376E-16,1.));
#14227 = ORIENTED_EDGE('',*,*,#14064,.F.);
#14228 = ORIENTED_EDGE('',*,*,#14145,.T.);
#14229 = ORIENTED_EDGE('',*,*,#14230,.F.);
#14230 = EDGE_CURVE('',#14177,#14138,#14231,.T.);
#14231 = LINE('',#14232,#14233);
#14232 = CARTESIAN_POINT('',(-106.8,124.8,8.225));
#14233 = VECTOR('',#14234,1.);
#14234 = DIRECTION('',(0.,-1.,3.330669073875E-16));
#14235 = ORIENTED_EDGE('',*,*,#14176,.F.);
#14236 = PLANE('',#14237);
#14237 = AXIS2_PLACEMENT_3D('',#14238,#14239,#14240);
#14238 = CARTESIAN_POINT('',(-106.8,72.103423760524,5.515923760524));
#14239 = DIRECTION('',(-1.,0.,-0.));
#14240 = DIRECTION('',(0.,1.,-4.440892098501E-16));
#14241 = ADVANCED_FACE('',(#14242),#14260,.T.);
#14242 = FACE_BOUND('',#14243,.T.);
#14243 = EDGE_LOOP('',(#14244,#14245,#14246,#14254));
#14244 = ORIENTED_EDGE('',*,*,#14074,.T.);
#14245 = ORIENTED_EDGE('',*,*,#14222,.T.);
#14246 = ORIENTED_EDGE('',*,*,#14247,.T.);
#14247 = EDGE_CURVE('',#14215,#14248,#14250,.T.);
#14248 = VERTEX_POINT('',#14249);
#14249 = CARTESIAN_POINT('',(-98.8,136.4,6.));
#14250 = LINE('',#14251,#14252);
#14251 = CARTESIAN_POINT('',(-106.8,136.4,6.));
#14252 = VECTOR('',#14253,1.);
#14253 = DIRECTION('',(1.,0.,0.));
#14254 = ORIENTED_EDGE('',*,*,#14255,.T.);
#14255 = EDGE_CURVE('',#14248,#14075,#14256,.T.);
#14256 = LINE('',#14257,#14258);
#14257 = CARTESIAN_POINT('',(-98.8,136.4,6.));
#14258 = VECTOR('',#14259,1.);
#14259 = DIRECTION('',(0.,-7.771561172376E-16,-1.));
#14260 = PLANE('',#14261);
#14261 = AXIS2_PLACEMENT_3D('',#14262,#14263,#14264);
#14262 = CARTESIAN_POINT('',(-102.8,136.4,4.5));
#14263 = DIRECTION('',(0.,1.,-5.551115123126E-16));
#14264 = DIRECTION('',(0.,5.551115123126E-16,1.));
#14265 = ADVANCED_FACE('',(#14266),#14277,.F.);
#14266 = FACE_BOUND('',#14267,.F.);
#14267 = EDGE_LOOP('',(#14268,#14274,#14275,#14276));
#14268 = ORIENTED_EDGE('',*,*,#14269,.T.);
#14269 = EDGE_CURVE('',#14161,#14248,#14270,.T.);
#14270 = LINE('',#14271,#14272);
#14271 = CARTESIAN_POINT('',(-98.8,124.8,6.));
#14272 = VECTOR('',#14273,1.);
#14273 = DIRECTION('',(0.,1.,-7.771561172376E-16));
#14274 = ORIENTED_EDGE('',*,*,#14255,.T.);
#14275 = ORIENTED_EDGE('',*,*,#14082,.F.);
#14276 = ORIENTED_EDGE('',*,*,#14160,.F.);
#14277 = PLANE('',#14278);
#14278 = AXIS2_PLACEMENT_3D('',#14279,#14280,#14281);
#14279 = CARTESIAN_POINT('',(-98.8,124.8,6.));
#14280 = DIRECTION('',(-1.,0.,0.));
#14281 = DIRECTION('',(0.,-7.771561172376E-16,-1.));
#14282 = ADVANCED_FACE('',(#14283),#14308,.T.);
#14283 = FACE_BOUND('',#14284,.T.);
#14284 = EDGE_LOOP('',(#14285,#14293,#14301,#14307));
#14285 = ORIENTED_EDGE('',*,*,#14286,.T.);
#14286 = EDGE_CURVE('',#14106,#14287,#14289,.T.);
#14287 = VERTEX_POINT('',#14288);
#14288 = CARTESIAN_POINT('',(29.7,124.8,-1.030286966852E-13));
#14289 = LINE('',#14290,#14291);
#14290 = CARTESIAN_POINT('',(29.7,8.,0.));
#14291 = VECTOR('',#14292,1.);
#14292 = DIRECTION('',(0.,1.,-8.881784197001E-16));
#14293 = ORIENTED_EDGE('',*,*,#14294,.T.);
#14294 = EDGE_CURVE('',#14287,#14295,#14297,.T.);
#14295 = VERTEX_POINT('',#14296);
#14296 = CARTESIAN_POINT('',(29.7,124.8,3.));
#14297 = LINE('',#14298,#14299);
#14298 = CARTESIAN_POINT('',(29.7,124.8,-9.947598300641E-14));
#14299 = VECTOR('',#14300,1.);
#14300 = DIRECTION('',(-1.184237892934E-15,8.881784197001E-16,1.));
#14301 = ORIENTED_EDGE('',*,*,#14302,.F.);
#14302 = EDGE_CURVE('',#14114,#14295,#14303,.T.);
#14303 = LINE('',#14304,#14305);
#14304 = CARTESIAN_POINT('',(29.7,8.,3.));
#14305 = VECTOR('',#14306,1.);
#14306 = DIRECTION('',(0.,1.,-8.881784197001E-16));
#14307 = ORIENTED_EDGE('',*,*,#14113,.F.);
#14308 = PLANE('',#14309);
#14309 = AXIS2_PLACEMENT_3D('',#14310,#14311,#14312);
#14310 = CARTESIAN_POINT('',(29.7,8.,0.));
#14311 = DIRECTION('',(1.,1.051814540295E-30,1.184237892934E-15));
#14312 = DIRECTION('',(-1.184237892934E-15,8.881784197001E-16,1.));
#14313 = ADVANCED_FACE('',(#14314),#14339,.T.);
#14314 = FACE_BOUND('',#14315,.T.);
#14315 = EDGE_LOOP('',(#14316,#14324,#14332,#14338));
#14316 = ORIENTED_EDGE('',*,*,#14317,.F.);
#14317 = EDGE_CURVE('',#14318,#14287,#14320,.T.);
#14318 = VERTEX_POINT('',#14319);
#14319 = CARTESIAN_POINT('',(-30.,124.8,-1.24344978758E-14));
#14320 = LINE('',#14321,#14322);
#14321 = CARTESIAN_POINT('',(-98.8,124.8,-9.947598300641E-14));
#14322 = VECTOR('',#14323,1.);
#14323 = DIRECTION('',(1.,0.,0.));
#14324 = ORIENTED_EDGE('',*,*,#14325,.T.);
#14325 = EDGE_CURVE('',#14318,#14326,#14328,.T.);
#14326 = VERTEX_POINT('',#14327);
#14327 = CARTESIAN_POINT('',(-30.,124.8,3.));
#14328 = LINE('',#14329,#14330);
#14329 = CARTESIAN_POINT('',(-30.,124.8,-1.42108547152E-14));
#14330 = VECTOR('',#14331,1.);
#14331 = DIRECTION('',(0.,3.330669073875E-16,1.));
#14332 = ORIENTED_EDGE('',*,*,#14333,.F.);
#14333 = EDGE_CURVE('',#14295,#14326,#14334,.T.);
#14334 = LINE('',#14335,#14336);
#14335 = CARTESIAN_POINT('',(29.7,124.8,3.));
#14336 = VECTOR('',#14337,1.);
#14337 = DIRECTION('',(-1.,0.,0.));
#14338 = ORIENTED_EDGE('',*,*,#14294,.F.);
#14339 = PLANE('',#14340);
#14340 = AXIS2_PLACEMENT_3D('',#14341,#14342,#14343);
#14341 = CARTESIAN_POINT('',(-39.46184142338,124.8,3.200658576611));
#14342 = DIRECTION('',(0.,1.,-4.440892098501E-16));
#14343 = DIRECTION('',(-1.,0.,0.));
#14344 = ADVANCED_FACE('',(#14345,#14356,#14367,#14378,#14389),#14400,
  .T.);
#14345 = FACE_BOUND('',#14346,.T.);
#14346 = EDGE_LOOP('',(#14347,#14348,#14349,#14355));
#14347 = ORIENTED_EDGE('',*,*,#14302,.T.);
#14348 = ORIENTED_EDGE('',*,*,#14333,.T.);
#14349 = ORIENTED_EDGE('',*,*,#14350,.F.);
#14350 = EDGE_CURVE('',#14122,#14326,#14351,.T.);
#14351 = LINE('',#14352,#14353);
#14352 = CARTESIAN_POINT('',(-30.,8.,3.));
#14353 = VECTOR('',#14354,1.);
#14354 = DIRECTION('',(0.,1.,-8.881784197001E-16));
#14355 = ORIENTED_EDGE('',*,*,#14121,.F.);
#14356 = FACE_BOUND('',#14357,.T.);
#14357 = EDGE_LOOP('',(#14358));
#14358 = ORIENTED_EDGE('',*,*,#14359,.F.);
#14359 = EDGE_CURVE('',#14360,#14360,#14362,.T.);
#14360 = VERTEX_POINT('',#14361);
#14361 = CARTESIAN_POINT('',(24.75,110.,3.));
#14362 = CIRCLE('',#14363,2.75);
#14363 = AXIS2_PLACEMENT_3D('',#14364,#14365,#14366);
#14364 = CARTESIAN_POINT('',(22.,110.,3.));
#14365 = DIRECTION('',(-0.,4.440892098501E-16,1.));
#14366 = DIRECTION('',(1.,0.,0.));
#14367 = FACE_BOUND('',#14368,.T.);
#14368 = EDGE_LOOP('',(#14369));
#14369 = ORIENTED_EDGE('',*,*,#14370,.F.);
#14370 = EDGE_CURVE('',#14371,#14371,#14373,.T.);
#14371 = VERTEX_POINT('',#14372);
#14372 = CARTESIAN_POINT('',(-19.25,110.,3.));
#14373 = CIRCLE('',#14374,2.75);
#14374 = AXIS2_PLACEMENT_3D('',#14375,#14376,#14377);
#14375 = CARTESIAN_POINT('',(-22.,110.,3.));
#14376 = DIRECTION('',(-0.,4.440892098501E-16,1.));
#14377 = DIRECTION('',(1.,0.,0.));
#14378 = FACE_BOUND('',#14379,.T.);
#14379 = EDGE_LOOP('',(#14380));
#14380 = ORIENTED_EDGE('',*,*,#14381,.F.);
#14381 = EDGE_CURVE('',#14382,#14382,#14384,.T.);
#14382 = VERTEX_POINT('',#14383);
#14383 = CARTESIAN_POINT('',(24.75,20.,3.));
#14384 = CIRCLE('',#14385,2.75);
#14385 = AXIS2_PLACEMENT_3D('',#14386,#14387,#14388);
#14386 = CARTESIAN_POINT('',(22.,20.,3.));
#14387 = DIRECTION('',(-0.,4.440892098501E-16,1.));
#14388 = DIRECTION('',(1.,0.,0.));
#14389 = FACE_BOUND('',#14390,.T.);
#14390 = EDGE_LOOP('',(#14391));
#14391 = ORIENTED_EDGE('',*,*,#14392,.F.);
#14392 = EDGE_CURVE('',#14393,#14393,#14395,.T.);
#14393 = VERTEX_POINT('',#14394);
#14394 = CARTESIAN_POINT('',(-19.25,20.,3.));
#14395 = CIRCLE('',#14396,2.75);
#14396 = AXIS2_PLACEMENT_3D('',#14397,#14398,#14399);
#14397 = CARTESIAN_POINT('',(-22.,20.,3.));
#14398 = DIRECTION('',(-0.,4.440892098501E-16,1.));
#14399 = DIRECTION('',(1.,0.,0.));
#14400 = PLANE('',#14401);
#14401 = AXIS2_PLACEMENT_3D('',#14402,#14403,#14404);
#14402 = CARTESIAN_POINT('',(29.7,8.,3.));
#14403 = DIRECTION('',(0.,8.881784197001E-16,1.));
#14404 = DIRECTION('',(-1.,0.,0.));
#14405 = ADVANCED_FACE('',(#14406),#14425,.F.);
#14406 = FACE_BOUND('',#14407,.F.);
#14407 = EDGE_LOOP('',(#14408,#14416,#14423,#14424));
#14408 = ORIENTED_EDGE('',*,*,#14409,.T.);
#14409 = EDGE_CURVE('',#14360,#14410,#14412,.T.);
#14410 = VERTEX_POINT('',#14411);
#14411 = CARTESIAN_POINT('',(24.75,110.,-4.440892098501E-14));
#14412 = LINE('',#14413,#14414);
#14413 = CARTESIAN_POINT('',(24.75,110.,3.));
#14414 = VECTOR('',#14415,1.);
#14415 = DIRECTION('',(-0.,-4.440892098501E-16,-1.));
#14416 = ORIENTED_EDGE('',*,*,#14417,.T.);
#14417 = EDGE_CURVE('',#14410,#14410,#14418,.T.);
#14418 = CIRCLE('',#14419,2.75);
#14419 = AXIS2_PLACEMENT_3D('',#14420,#14421,#14422);
#14420 = CARTESIAN_POINT('',(22.,110.,-4.707345624411E-14));
#14421 = DIRECTION('',(-0.,4.440892098501E-16,1.));
#14422 = DIRECTION('',(1.,0.,0.));
#14423 = ORIENTED_EDGE('',*,*,#14409,.F.);
#14424 = ORIENTED_EDGE('',*,*,#14359,.F.);
#14425 = CYLINDRICAL_SURFACE('',#14426,2.75);
#14426 = AXIS2_PLACEMENT_3D('',#14427,#14428,#14429);
#14427 = CARTESIAN_POINT('',(22.,110.,3.));
#14428 = DIRECTION('',(0.,4.440892098501E-16,1.));
#14429 = DIRECTION('',(1.,0.,0.));
#14430 = ADVANCED_FACE('',(#14431),#14450,.F.);
#14431 = FACE_BOUND('',#14432,.F.);
#14432 = EDGE_LOOP('',(#14433,#14441,#14448,#14449));
#14433 = ORIENTED_EDGE('',*,*,#14434,.T.);
#14434 = EDGE_CURVE('',#14371,#14435,#14437,.T.);
#14435 = VERTEX_POINT('',#14436);
#14436 = CARTESIAN_POINT('',(-19.25,110.,-4.440892098501E-14));
#14437 = LINE('',#14438,#14439);
#14438 = CARTESIAN_POINT('',(-19.25,110.,3.));
#14439 = VECTOR('',#14440,1.);
#14440 = DIRECTION('',(-0.,-4.440892098501E-16,-1.));
#14441 = ORIENTED_EDGE('',*,*,#14442,.T.);
#14442 = EDGE_CURVE('',#14435,#14435,#14443,.T.);
#14443 = CIRCLE('',#14444,2.75);
#14444 = AXIS2_PLACEMENT_3D('',#14445,#14446,#14447);
#14445 = CARTESIAN_POINT('',(-22.,110.,-4.707345624411E-14));
#14446 = DIRECTION('',(-0.,4.440892098501E-16,1.));
#14447 = DIRECTION('',(1.,0.,0.));
#14448 = ORIENTED_EDGE('',*,*,#14434,.F.);
#14449 = ORIENTED_EDGE('',*,*,#14370,.F.);
#14450 = CYLINDRICAL_SURFACE('',#14451,2.75);
#14451 = AXIS2_PLACEMENT_3D('',#14452,#14453,#14454);
#14452 = CARTESIAN_POINT('',(-22.,110.,3.));
#14453 = DIRECTION('',(0.,4.440892098501E-16,1.));
#14454 = DIRECTION('',(1.,0.,0.));
#14455 = ADVANCED_FACE('',(#14456),#14475,.F.);
#14456 = FACE_BOUND('',#14457,.F.);
#14457 = EDGE_LOOP('',(#14458,#14466,#14473,#14474));
#14458 = ORIENTED_EDGE('',*,*,#14459,.T.);
#14459 = EDGE_CURVE('',#14382,#14460,#14462,.T.);
#14460 = VERTEX_POINT('',#14461);
#14461 = CARTESIAN_POINT('',(24.75,20.,-7.105427357601E-15));
#14462 = LINE('',#14463,#14464);
#14463 = CARTESIAN_POINT('',(24.75,20.,3.));
#14464 = VECTOR('',#14465,1.);
#14465 = DIRECTION('',(-0.,-4.440892098501E-16,-1.));
#14466 = ORIENTED_EDGE('',*,*,#14467,.T.);
#14467 = EDGE_CURVE('',#14460,#14460,#14468,.T.);
#14468 = CIRCLE('',#14469,2.75);
#14469 = AXIS2_PLACEMENT_3D('',#14470,#14471,#14472);
#14470 = CARTESIAN_POINT('',(22.,20.,-4.440892098501E-15));
#14471 = DIRECTION('',(-0.,4.440892098501E-16,1.));
#14472 = DIRECTION('',(1.,0.,0.));
#14473 = ORIENTED_EDGE('',*,*,#14459,.F.);
#14474 = ORIENTED_EDGE('',*,*,#14381,.F.);
#14475 = CYLINDRICAL_SURFACE('',#14476,2.75);
#14476 = AXIS2_PLACEMENT_3D('',#14477,#14478,#14479);
#14477 = CARTESIAN_POINT('',(22.,20.,3.));
#14478 = DIRECTION('',(0.,4.440892098501E-16,1.));
#14479 = DIRECTION('',(1.,0.,0.));
#14480 = ADVANCED_FACE('',(#14481),#14500,.F.);
#14481 = FACE_BOUND('',#14482,.F.);
#14482 = EDGE_LOOP('',(#14483,#14491,#14498,#14499));
#14483 = ORIENTED_EDGE('',*,*,#14484,.T.);
#14484 = EDGE_CURVE('',#14393,#14485,#14487,.T.);
#14485 = VERTEX_POINT('',#14486);
#14486 = CARTESIAN_POINT('',(-19.25,20.,-7.105427357601E-15));
#14487 = LINE('',#14488,#14489);
#14488 = CARTESIAN_POINT('',(-19.25,20.,3.));
#14489 = VECTOR('',#14490,1.);
#14490 = DIRECTION('',(-0.,-4.440892098501E-16,-1.));
#14491 = ORIENTED_EDGE('',*,*,#14492,.T.);
#14492 = EDGE_CURVE('',#14485,#14485,#14493,.T.);
#14493 = CIRCLE('',#14494,2.75);
#14494 = AXIS2_PLACEMENT_3D('',#14495,#14496,#14497);
#14495 = CARTESIAN_POINT('',(-22.,20.,-4.440892098501E-15));
#14496 = DIRECTION('',(-0.,4.440892098501E-16,1.));
#14497 = DIRECTION('',(1.,0.,0.));
#14498 = ORIENTED_EDGE('',*,*,#14484,.F.);
#14499 = ORIENTED_EDGE('',*,*,#14392,.F.);
#14500 = CYLINDRICAL_SURFACE('',#14501,2.75);
#14501 = AXIS2_PLACEMENT_3D('',#14502,#14503,#14504);
#14502 = CARTESIAN_POINT('',(-22.,20.,3.));
#14503 = DIRECTION('',(0.,4.440892098501E-16,1.));
#14504 = DIRECTION('',(1.,0.,0.));
#14505 = ADVANCED_FACE('',(#14506,#14525,#14559,#14593,#14627),#14661,
  .T.);
#14506 = FACE_BOUND('',#14507,.T.);
#14507 = EDGE_LOOP('',(#14508,#14509,#14517,#14523,#14524));
#14508 = ORIENTED_EDGE('',*,*,#14137,.T.);
#14509 = ORIENTED_EDGE('',*,*,#14510,.T.);
#14510 = EDGE_CURVE('',#14130,#14511,#14513,.T.);
#14511 = VERTEX_POINT('',#14512);
#14512 = CARTESIAN_POINT('',(-30.,124.8,8.225));
#14513 = LINE('',#14514,#14515);
#14514 = CARTESIAN_POINT('',(-30.,8.,8.225));
#14515 = VECTOR('',#14516,1.);
#14516 = DIRECTION('',(0.,1.,-3.330669073875E-16));
#14517 = ORIENTED_EDGE('',*,*,#14518,.T.);
#14518 = EDGE_CURVE('',#14511,#14185,#14519,.T.);
#14519 = LINE('',#14520,#14521);
#14520 = CARTESIAN_POINT('',(-30.,124.8,8.225));
#14521 = VECTOR('',#14522,1.);
#14522 = DIRECTION('',(-1.,0.,-0.));
#14523 = ORIENTED_EDGE('',*,*,#14184,.T.);
#14524 = ORIENTED_EDGE('',*,*,#14230,.T.);
#14525 = FACE_BOUND('',#14526,.T.);
#14526 = EDGE_LOOP('',(#14527,#14537,#14545,#14553));
#14527 = ORIENTED_EDGE('',*,*,#14528,.F.);
#14528 = EDGE_CURVE('',#14529,#14531,#14533,.T.);
#14529 = VERTEX_POINT('',#14530);
#14530 = CARTESIAN_POINT('',(-88.,14.,8.225));
#14531 = VERTEX_POINT('',#14532);
#14532 = CARTESIAN_POINT('',(-80.,14.,8.225));
#14533 = LINE('',#14534,#14535);
#14534 = CARTESIAN_POINT('',(-88.,14.,8.225));
#14535 = VECTOR('',#14536,1.);
#14536 = DIRECTION('',(1.,0.,0.));
#14537 = ORIENTED_EDGE('',*,*,#14538,.F.);
#14538 = EDGE_CURVE('',#14539,#14529,#14541,.T.);
#14539 = VERTEX_POINT('',#14540);
#14540 = CARTESIAN_POINT('',(-88.,118.8,8.225));
#14541 = LINE('',#14542,#14543);
#14542 = CARTESIAN_POINT('',(-88.,118.8,8.225));
#14543 = VECTOR('',#14544,1.);
#14544 = DIRECTION('',(0.,-1.,2.22044604925E-16));
#14545 = ORIENTED_EDGE('',*,*,#14546,.F.);
#14546 = EDGE_CURVE('',#14547,#14539,#14549,.T.);
#14547 = VERTEX_POINT('',#14548);
#14548 = CARTESIAN_POINT('',(-80.,118.8,8.225));
#14549 = LINE('',#14550,#14551);
#14550 = CARTESIAN_POINT('',(-80.,118.8,8.225));
#14551 = VECTOR('',#14552,1.);
#14552 = DIRECTION('',(-1.,0.,0.));
#14553 = ORIENTED_EDGE('',*,*,#14554,.F.);
#14554 = EDGE_CURVE('',#14531,#14547,#14555,.T.);
#14555 = LINE('',#14556,#14557);
#14556 = CARTESIAN_POINT('',(-80.,14.,8.225));
#14557 = VECTOR('',#14558,1.);
#14558 = DIRECTION('',(0.,1.,-2.22044604925E-16));
#14559 = FACE_BOUND('',#14560,.T.);
#14560 = EDGE_LOOP('',(#14561,#14571,#14579,#14587));
#14561 = ORIENTED_EDGE('',*,*,#14562,.F.);
#14562 = EDGE_CURVE('',#14563,#14565,#14567,.T.);
#14563 = VERTEX_POINT('',#14564);
#14564 = CARTESIAN_POINT('',(-75.,14.,8.225));
#14565 = VERTEX_POINT('',#14566);
#14566 = CARTESIAN_POINT('',(-67.,14.,8.225));
#14567 = LINE('',#14568,#14569);
#14568 = CARTESIAN_POINT('',(-75.,14.,8.225));
#14569 = VECTOR('',#14570,1.);
#14570 = DIRECTION('',(1.,0.,0.));
#14571 = ORIENTED_EDGE('',*,*,#14572,.F.);
#14572 = EDGE_CURVE('',#14573,#14563,#14575,.T.);
#14573 = VERTEX_POINT('',#14574);
#14574 = CARTESIAN_POINT('',(-75.,118.8,8.225));
#14575 = LINE('',#14576,#14577);
#14576 = CARTESIAN_POINT('',(-75.,118.8,8.225));
#14577 = VECTOR('',#14578,1.);
#14578 = DIRECTION('',(0.,-1.,2.22044604925E-16));
#14579 = ORIENTED_EDGE('',*,*,#14580,.F.);
#14580 = EDGE_CURVE('',#14581,#14573,#14583,.T.);
#14581 = VERTEX_POINT('',#14582);
#14582 = CARTESIAN_POINT('',(-67.,118.8,8.225));
#14583 = LINE('',#14584,#14585);
#14584 = CARTESIAN_POINT('',(-67.,118.8,8.225));
#14585 = VECTOR('',#14586,1.);
#14586 = DIRECTION('',(-1.,0.,0.));
#14587 = ORIENTED_EDGE('',*,*,#14588,.F.);
#14588 = EDGE_CURVE('',#14565,#14581,#14589,.T.);
#14589 = LINE('',#14590,#14591);
#14590 = CARTESIAN_POINT('',(-67.,14.,8.225));
#14591 = VECTOR('',#14592,1.);
#14592 = DIRECTION('',(0.,1.,-2.22044604925E-16));
#14593 = FACE_BOUND('',#14594,.T.);
#14594 = EDGE_LOOP('',(#14595,#14605,#14613,#14621));
#14595 = ORIENTED_EDGE('',*,*,#14596,.F.);
#14596 = EDGE_CURVE('',#14597,#14599,#14601,.T.);
#14597 = VERTEX_POINT('',#14598);
#14598 = CARTESIAN_POINT('',(-62.,14.,8.225));
#14599 = VERTEX_POINT('',#14600);
#14600 = CARTESIAN_POINT('',(-54.,14.,8.225));
#14601 = LINE('',#14602,#14603);
#14602 = CARTESIAN_POINT('',(-62.,14.,8.225));
#14603 = VECTOR('',#14604,1.);
#14604 = DIRECTION('',(1.,0.,0.));
#14605 = ORIENTED_EDGE('',*,*,#14606,.F.);
#14606 = EDGE_CURVE('',#14607,#14597,#14609,.T.);
#14607 = VERTEX_POINT('',#14608);
#14608 = CARTESIAN_POINT('',(-62.,118.8,8.225));
#14609 = LINE('',#14610,#14611);
#14610 = CARTESIAN_POINT('',(-62.,118.8,8.225));
#14611 = VECTOR('',#14612,1.);
#14612 = DIRECTION('',(0.,-1.,2.22044604925E-16));
#14613 = ORIENTED_EDGE('',*,*,#14614,.F.);
#14614 = EDGE_CURVE('',#14615,#14607,#14617,.T.);
#14615 = VERTEX_POINT('',#14616);
#14616 = CARTESIAN_POINT('',(-54.,118.8,8.225));
#14617 = LINE('',#14618,#14619);
#14618 = CARTESIAN_POINT('',(-54.,118.8,8.225));
#14619 = VECTOR('',#14620,1.);
#14620 = DIRECTION('',(-1.,0.,0.));
#14621 = ORIENTED_EDGE('',*,*,#14622,.F.);
#14622 = EDGE_CURVE('',#14599,#14615,#14623,.T.);
#14623 = LINE('',#14624,#14625);
#14624 = CARTESIAN_POINT('',(-54.,14.,8.225));
#14625 = VECTOR('',#14626,1.);
#14626 = DIRECTION('',(0.,1.,-2.22044604925E-16));
#14627 = FACE_BOUND('',#14628,.T.);
#14628 = EDGE_LOOP('',(#14629,#14639,#14647,#14655));
#14629 = ORIENTED_EDGE('',*,*,#14630,.F.);
#14630 = EDGE_CURVE('',#14631,#14633,#14635,.T.);
#14631 = VERTEX_POINT('',#14632);
#14632 = CARTESIAN_POINT('',(-49.,14.,8.225));
#14633 = VERTEX_POINT('',#14634);
#14634 = CARTESIAN_POINT('',(-41.,14.,8.225));
#14635 = LINE('',#14636,#14637);
#14636 = CARTESIAN_POINT('',(-49.,14.,8.225));
#14637 = VECTOR('',#14638,1.);
#14638 = DIRECTION('',(1.,0.,0.));
#14639 = ORIENTED_EDGE('',*,*,#14640,.F.);
#14640 = EDGE_CURVE('',#14641,#14631,#14643,.T.);
#14641 = VERTEX_POINT('',#14642);
#14642 = CARTESIAN_POINT('',(-49.,118.8,8.225));
#14643 = LINE('',#14644,#14645);
#14644 = CARTESIAN_POINT('',(-49.,118.8,8.225));
#14645 = VECTOR('',#14646,1.);
#14646 = DIRECTION('',(0.,-1.,2.22044604925E-16));
#14647 = ORIENTED_EDGE('',*,*,#14648,.F.);
#14648 = EDGE_CURVE('',#14649,#14641,#14651,.T.);
#14649 = VERTEX_POINT('',#14650);
#14650 = CARTESIAN_POINT('',(-41.,118.8,8.225));
#14651 = LINE('',#14652,#14653);
#14652 = CARTESIAN_POINT('',(-41.,118.8,8.225));
#14653 = VECTOR('',#14654,1.);
#14654 = DIRECTION('',(-1.,0.,0.));
#14655 = ORIENTED_EDGE('',*,*,#14656,.F.);
#14656 = EDGE_CURVE('',#14633,#14649,#14657,.T.);
#14657 = LINE('',#14658,#14659);
#14658 = CARTESIAN_POINT('',(-41.,14.,8.225));
#14659 = VECTOR('',#14660,1.);
#14660 = DIRECTION('',(0.,1.,-2.22044604925E-16));
#14661 = PLANE('',#14662);
#14662 = AXIS2_PLACEMENT_3D('',#14663,#14664,#14665);
#14663 = CARTESIAN_POINT('',(-68.4,66.4,8.225));
#14664 = DIRECTION('',(0.,3.330669073875E-16,1.));
#14665 = DIRECTION('',(1.,0.,0.));
#14666 = ADVANCED_FACE('',(#14667),#14692,.T.);
#14667 = FACE_BOUND('',#14668,.T.);
#14668 = EDGE_LOOP('',(#14669,#14677,#14678,#14686));
#14669 = ORIENTED_EDGE('',*,*,#14670,.T.);
#14670 = EDGE_CURVE('',#14671,#14539,#14673,.T.);
#14671 = VERTEX_POINT('',#14672);
#14672 = CARTESIAN_POINT('',(-88.,118.8,-2.48689957516E-14));
#14673 = LINE('',#14674,#14675);
#14674 = CARTESIAN_POINT('',(-88.,118.8,-2.460254222569E-14));
#14675 = VECTOR('',#14676,1.);
#14676 = DIRECTION('',(0.,2.22044604925E-16,1.));
#14677 = ORIENTED_EDGE('',*,*,#14538,.T.);
#14678 = ORIENTED_EDGE('',*,*,#14679,.F.);
#14679 = EDGE_CURVE('',#14680,#14529,#14682,.T.);
#14680 = VERTEX_POINT('',#14681);
#14681 = CARTESIAN_POINT('',(-88.,14.,0.));
#14682 = LINE('',#14683,#14684);
#14683 = CARTESIAN_POINT('',(-88.,14.,-1.33226762955E-15));
#14684 = VECTOR('',#14685,1.);
#14685 = DIRECTION('',(0.,2.22044604925E-16,1.));
#14686 = ORIENTED_EDGE('',*,*,#14687,.F.);
#14687 = EDGE_CURVE('',#14671,#14680,#14688,.T.);
#14688 = LINE('',#14689,#14690);
#14689 = CARTESIAN_POINT('',(-88.,118.8,-2.48689957516E-14));
#14690 = VECTOR('',#14691,1.);
#14691 = DIRECTION('',(0.,-1.,2.22044604925E-16));
#14692 = PLANE('',#14693);
#14693 = AXIS2_PLACEMENT_3D('',#14694,#14695,#14696);
#14694 = CARTESIAN_POINT('',(-88.,118.8,-2.460254222569E-14));
#14695 = DIRECTION('',(1.,0.,0.));
#14696 = DIRECTION('',(0.,-1.,2.22044604925E-16));
#14697 = ADVANCED_FACE('',(#14698),#14716,.T.);
#14698 = FACE_BOUND('',#14699,.T.);
#14699 = EDGE_LOOP('',(#14700,#14708,#14709,#14710));
#14700 = ORIENTED_EDGE('',*,*,#14701,.T.);
#14701 = EDGE_CURVE('',#14702,#14547,#14704,.T.);
#14702 = VERTEX_POINT('',#14703);
#14703 = CARTESIAN_POINT('',(-80.,118.8,-2.48689957516E-14));
#14704 = LINE('',#14705,#14706);
#14705 = CARTESIAN_POINT('',(-80.,118.8,-2.460254222569E-14));
#14706 = VECTOR('',#14707,1.);
#14707 = DIRECTION('',(0.,2.22044604925E-16,1.));
#14708 = ORIENTED_EDGE('',*,*,#14546,.T.);
#14709 = ORIENTED_EDGE('',*,*,#14670,.F.);
#14710 = ORIENTED_EDGE('',*,*,#14711,.F.);
#14711 = EDGE_CURVE('',#14702,#14671,#14712,.T.);
#14712 = LINE('',#14713,#14714);
#14713 = CARTESIAN_POINT('',(-80.,118.8,-2.48689957516E-14));
#14714 = VECTOR('',#14715,1.);
#14715 = DIRECTION('',(-1.,0.,0.));
#14716 = PLANE('',#14717);
#14717 = AXIS2_PLACEMENT_3D('',#14718,#14719,#14720);
#14718 = CARTESIAN_POINT('',(-80.,118.8,-2.460254222569E-14));
#14719 = DIRECTION('',(0.,-1.,2.22044604925E-16));
#14720 = DIRECTION('',(-1.,0.,0.));
#14721 = ADVANCED_FACE('',(#14722),#14740,.T.);
#14722 = FACE_BOUND('',#14723,.T.);
#14723 = EDGE_LOOP('',(#14724,#14732,#14733,#14734));
#14724 = ORIENTED_EDGE('',*,*,#14725,.T.);
#14725 = EDGE_CURVE('',#14726,#14531,#14728,.T.);
#14726 = VERTEX_POINT('',#14727);
#14727 = CARTESIAN_POINT('',(-80.,14.,0.));
#14728 = LINE('',#14729,#14730);
#14729 = CARTESIAN_POINT('',(-80.,14.,-1.33226762955E-15));
#14730 = VECTOR('',#14731,1.);
#14731 = DIRECTION('',(0.,2.22044604925E-16,1.));
#14732 = ORIENTED_EDGE('',*,*,#14554,.T.);
#14733 = ORIENTED_EDGE('',*,*,#14701,.F.);
#14734 = ORIENTED_EDGE('',*,*,#14735,.F.);
#14735 = EDGE_CURVE('',#14726,#14702,#14736,.T.);
#14736 = LINE('',#14737,#14738);
#14737 = CARTESIAN_POINT('',(-80.,14.,-1.7763568394E-15));
#14738 = VECTOR('',#14739,1.);
#14739 = DIRECTION('',(0.,1.,-2.22044604925E-16));
#14740 = PLANE('',#14741);
#14741 = AXIS2_PLACEMENT_3D('',#14742,#14743,#14744);
#14742 = CARTESIAN_POINT('',(-80.,14.,-1.33226762955E-15));
#14743 = DIRECTION('',(-1.,0.,0.));
#14744 = DIRECTION('',(0.,1.,-2.22044604925E-16));
#14745 = ADVANCED_FACE('',(#14746),#14757,.T.);
#14746 = FACE_BOUND('',#14747,.T.);
#14747 = EDGE_LOOP('',(#14748,#14749,#14750,#14751));
#14748 = ORIENTED_EDGE('',*,*,#14679,.T.);
#14749 = ORIENTED_EDGE('',*,*,#14528,.T.);
#14750 = ORIENTED_EDGE('',*,*,#14725,.F.);
#14751 = ORIENTED_EDGE('',*,*,#14752,.F.);
#14752 = EDGE_CURVE('',#14680,#14726,#14753,.T.);
#14753 = LINE('',#14754,#14755);
#14754 = CARTESIAN_POINT('',(-88.,14.,-1.7763568394E-15));
#14755 = VECTOR('',#14756,1.);
#14756 = DIRECTION('',(1.,0.,0.));
#14757 = PLANE('',#14758);
#14758 = AXIS2_PLACEMENT_3D('',#14759,#14760,#14761);
#14759 = CARTESIAN_POINT('',(-88.,14.,-1.33226762955E-15));
#14760 = DIRECTION('',(0.,1.,-2.22044604925E-16));
#14761 = DIRECTION('',(1.,0.,0.));
#14762 = ADVANCED_FACE('',(#14763),#14788,.T.);
#14763 = FACE_BOUND('',#14764,.T.);
#14764 = EDGE_LOOP('',(#14765,#14773,#14774,#14782));
#14765 = ORIENTED_EDGE('',*,*,#14766,.T.);
#14766 = EDGE_CURVE('',#14767,#14573,#14769,.T.);
#14767 = VERTEX_POINT('',#14768);
#14768 = CARTESIAN_POINT('',(-75.,118.8,-2.48689957516E-14));
#14769 = LINE('',#14770,#14771);
#14770 = CARTESIAN_POINT('',(-75.,118.8,-2.460254222569E-14));
#14771 = VECTOR('',#14772,1.);
#14772 = DIRECTION('',(0.,2.22044604925E-16,1.));
#14773 = ORIENTED_EDGE('',*,*,#14572,.T.);
#14774 = ORIENTED_EDGE('',*,*,#14775,.F.);
#14775 = EDGE_CURVE('',#14776,#14563,#14778,.T.);
#14776 = VERTEX_POINT('',#14777);
#14777 = CARTESIAN_POINT('',(-75.,14.,0.));
#14778 = LINE('',#14779,#14780);
#14779 = CARTESIAN_POINT('',(-75.,14.,-1.33226762955E-15));
#14780 = VECTOR('',#14781,1.);
#14781 = DIRECTION('',(0.,2.22044604925E-16,1.));
#14782 = ORIENTED_EDGE('',*,*,#14783,.F.);
#14783 = EDGE_CURVE('',#14767,#14776,#14784,.T.);
#14784 = LINE('',#14785,#14786);
#14785 = CARTESIAN_POINT('',(-75.,118.8,-2.48689957516E-14));
#14786 = VECTOR('',#14787,1.);
#14787 = DIRECTION('',(0.,-1.,2.22044604925E-16));
#14788 = PLANE('',#14789);
#14789 = AXIS2_PLACEMENT_3D('',#14790,#14791,#14792);
#14790 = CARTESIAN_POINT('',(-75.,118.8,-2.460254222569E-14));
#14791 = DIRECTION('',(1.,0.,0.));
#14792 = DIRECTION('',(0.,-1.,2.22044604925E-16));
#14793 = ADVANCED_FACE('',(#14794),#14812,.T.);
#14794 = FACE_BOUND('',#14795,.T.);
#14795 = EDGE_LOOP('',(#14796,#14804,#14805,#14806));
#14796 = ORIENTED_EDGE('',*,*,#14797,.T.);
#14797 = EDGE_CURVE('',#14798,#14581,#14800,.T.);
#14798 = VERTEX_POINT('',#14799);
#14799 = CARTESIAN_POINT('',(-67.,118.8,-2.48689957516E-14));
#14800 = LINE('',#14801,#14802);
#14801 = CARTESIAN_POINT('',(-67.,118.8,-2.460254222569E-14));
#14802 = VECTOR('',#14803,1.);
#14803 = DIRECTION('',(0.,2.22044604925E-16,1.));
#14804 = ORIENTED_EDGE('',*,*,#14580,.T.);
#14805 = ORIENTED_EDGE('',*,*,#14766,.F.);
#14806 = ORIENTED_EDGE('',*,*,#14807,.F.);
#14807 = EDGE_CURVE('',#14798,#14767,#14808,.T.);
#14808 = LINE('',#14809,#14810);
#14809 = CARTESIAN_POINT('',(-67.,118.8,-2.48689957516E-14));
#14810 = VECTOR('',#14811,1.);
#14811 = DIRECTION('',(-1.,0.,0.));
#14812 = PLANE('',#14813);
#14813 = AXIS2_PLACEMENT_3D('',#14814,#14815,#14816);
#14814 = CARTESIAN_POINT('',(-67.,118.8,-2.460254222569E-14));
#14815 = DIRECTION('',(0.,-1.,2.22044604925E-16));
#14816 = DIRECTION('',(-1.,0.,0.));
#14817 = ADVANCED_FACE('',(#14818),#14836,.T.);
#14818 = FACE_BOUND('',#14819,.T.);
#14819 = EDGE_LOOP('',(#14820,#14828,#14829,#14830));
#14820 = ORIENTED_EDGE('',*,*,#14821,.T.);
#14821 = EDGE_CURVE('',#14822,#14565,#14824,.T.);
#14822 = VERTEX_POINT('',#14823);
#14823 = CARTESIAN_POINT('',(-67.,14.,0.));
#14824 = LINE('',#14825,#14826);
#14825 = CARTESIAN_POINT('',(-67.,14.,-1.33226762955E-15));
#14826 = VECTOR('',#14827,1.);
#14827 = DIRECTION('',(0.,2.22044604925E-16,1.));
#14828 = ORIENTED_EDGE('',*,*,#14588,.T.);
#14829 = ORIENTED_EDGE('',*,*,#14797,.F.);
#14830 = ORIENTED_EDGE('',*,*,#14831,.F.);
#14831 = EDGE_CURVE('',#14822,#14798,#14832,.T.);
#14832 = LINE('',#14833,#14834);
#14833 = CARTESIAN_POINT('',(-67.,14.,-1.7763568394E-15));
#14834 = VECTOR('',#14835,1.);
#14835 = DIRECTION('',(0.,1.,-2.22044604925E-16));
#14836 = PLANE('',#14837);
#14837 = AXIS2_PLACEMENT_3D('',#14838,#14839,#14840);
#14838 = CARTESIAN_POINT('',(-67.,14.,-1.33226762955E-15));
#14839 = DIRECTION('',(-1.,0.,0.));
#14840 = DIRECTION('',(0.,1.,-2.22044604925E-16));
#14841 = ADVANCED_FACE('',(#14842),#14853,.T.);
#14842 = FACE_BOUND('',#14843,.T.);
#14843 = EDGE_LOOP('',(#14844,#14845,#14846,#14847));
#14844 = ORIENTED_EDGE('',*,*,#14775,.T.);
#14845 = ORIENTED_EDGE('',*,*,#14562,.T.);
#14846 = ORIENTED_EDGE('',*,*,#14821,.F.);
#14847 = ORIENTED_EDGE('',*,*,#14848,.F.);
#14848 = EDGE_CURVE('',#14776,#14822,#14849,.T.);
#14849 = LINE('',#14850,#14851);
#14850 = CARTESIAN_POINT('',(-75.,14.,-1.7763568394E-15));
#14851 = VECTOR('',#14852,1.);
#14852 = DIRECTION('',(1.,0.,0.));
#14853 = PLANE('',#14854);
#14854 = AXIS2_PLACEMENT_3D('',#14855,#14856,#14857);
#14855 = CARTESIAN_POINT('',(-75.,14.,-1.33226762955E-15));
#14856 = DIRECTION('',(0.,1.,-2.22044604925E-16));
#14857 = DIRECTION('',(1.,0.,0.));
#14858 = ADVANCED_FACE('',(#14859),#14884,.T.);
#14859 = FACE_BOUND('',#14860,.T.);
#14860 = EDGE_LOOP('',(#14861,#14869,#14870,#14878));
#14861 = ORIENTED_EDGE('',*,*,#14862,.T.);
#14862 = EDGE_CURVE('',#14863,#14607,#14865,.T.);
#14863 = VERTEX_POINT('',#14864);
#14864 = CARTESIAN_POINT('',(-62.,118.8,-2.48689957516E-14));
#14865 = LINE('',#14866,#14867);
#14866 = CARTESIAN_POINT('',(-62.,118.8,-2.460254222569E-14));
#14867 = VECTOR('',#14868,1.);
#14868 = DIRECTION('',(0.,2.22044604925E-16,1.));
#14869 = ORIENTED_EDGE('',*,*,#14606,.T.);
#14870 = ORIENTED_EDGE('',*,*,#14871,.F.);
#14871 = EDGE_CURVE('',#14872,#14597,#14874,.T.);
#14872 = VERTEX_POINT('',#14873);
#14873 = CARTESIAN_POINT('',(-62.,14.,0.));
#14874 = LINE('',#14875,#14876);
#14875 = CARTESIAN_POINT('',(-62.,14.,-1.33226762955E-15));
#14876 = VECTOR('',#14877,1.);
#14877 = DIRECTION('',(0.,2.22044604925E-16,1.));
#14878 = ORIENTED_EDGE('',*,*,#14879,.F.);
#14879 = EDGE_CURVE('',#14863,#14872,#14880,.T.);
#14880 = LINE('',#14881,#14882);
#14881 = CARTESIAN_POINT('',(-62.,118.8,-2.48689957516E-14));
#14882 = VECTOR('',#14883,1.);
#14883 = DIRECTION('',(0.,-1.,2.22044604925E-16));
#14884 = PLANE('',#14885);
#14885 = AXIS2_PLACEMENT_3D('',#14886,#14887,#14888);
#14886 = CARTESIAN_POINT('',(-62.,118.8,-2.460254222569E-14));
#14887 = DIRECTION('',(1.,0.,0.));
#14888 = DIRECTION('',(0.,-1.,2.22044604925E-16));
#14889 = ADVANCED_FACE('',(#14890),#14908,.T.);
#14890 = FACE_BOUND('',#14891,.T.);
#14891 = EDGE_LOOP('',(#14892,#14900,#14901,#14902));
#14892 = ORIENTED_EDGE('',*,*,#14893,.T.);
#14893 = EDGE_CURVE('',#14894,#14615,#14896,.T.);
#14894 = VERTEX_POINT('',#14895);
#14895 = CARTESIAN_POINT('',(-54.,118.8,-2.48689957516E-14));
#14896 = LINE('',#14897,#14898);
#14897 = CARTESIAN_POINT('',(-54.,118.8,-2.460254222569E-14));
#14898 = VECTOR('',#14899,1.);
#14899 = DIRECTION('',(0.,2.22044604925E-16,1.));
#14900 = ORIENTED_EDGE('',*,*,#14614,.T.);
#14901 = ORIENTED_EDGE('',*,*,#14862,.F.);
#14902 = ORIENTED_EDGE('',*,*,#14903,.F.);
#14903 = EDGE_CURVE('',#14894,#14863,#14904,.T.);
#14904 = LINE('',#14905,#14906);
#14905 = CARTESIAN_POINT('',(-54.,118.8,-2.48689957516E-14));
#14906 = VECTOR('',#14907,1.);
#14907 = DIRECTION('',(-1.,0.,0.));
#14908 = PLANE('',#14909);
#14909 = AXIS2_PLACEMENT_3D('',#14910,#14911,#14912);
#14910 = CARTESIAN_POINT('',(-54.,118.8,-2.460254222569E-14));
#14911 = DIRECTION('',(0.,-1.,2.22044604925E-16));
#14912 = DIRECTION('',(-1.,0.,0.));
#14913 = ADVANCED_FACE('',(#14914),#14932,.T.);
#14914 = FACE_BOUND('',#14915,.T.);
#14915 = EDGE_LOOP('',(#14916,#14924,#14925,#14926));
#14916 = ORIENTED_EDGE('',*,*,#14917,.T.);
#14917 = EDGE_CURVE('',#14918,#14599,#14920,.T.);
#14918 = VERTEX_POINT('',#14919);
#14919 = CARTESIAN_POINT('',(-54.,14.,0.));
#14920 = LINE('',#14921,#14922);
#14921 = CARTESIAN_POINT('',(-54.,14.,-1.33226762955E-15));
#14922 = VECTOR('',#14923,1.);
#14923 = DIRECTION('',(0.,2.22044604925E-16,1.));
#14924 = ORIENTED_EDGE('',*,*,#14622,.T.);
#14925 = ORIENTED_EDGE('',*,*,#14893,.F.);
#14926 = ORIENTED_EDGE('',*,*,#14927,.F.);
#14927 = EDGE_CURVE('',#14918,#14894,#14928,.T.);
#14928 = LINE('',#14929,#14930);
#14929 = CARTESIAN_POINT('',(-54.,14.,-1.7763568394E-15));
#14930 = VECTOR('',#14931,1.);
#14931 = DIRECTION('',(0.,1.,-2.22044604925E-16));
#14932 = PLANE('',#14933);
#14933 = AXIS2_PLACEMENT_3D('',#14934,#14935,#14936);
#14934 = CARTESIAN_POINT('',(-54.,14.,-1.33226762955E-15));
#14935 = DIRECTION('',(-1.,0.,0.));
#14936 = DIRECTION('',(0.,1.,-2.22044604925E-16));
#14937 = ADVANCED_FACE('',(#14938),#14949,.T.);
#14938 = FACE_BOUND('',#14939,.T.);
#14939 = EDGE_LOOP('',(#14940,#14941,#14942,#14943));
#14940 = ORIENTED_EDGE('',*,*,#14871,.T.);
#14941 = ORIENTED_EDGE('',*,*,#14596,.T.);
#14942 = ORIENTED_EDGE('',*,*,#14917,.F.);
#14943 = ORIENTED_EDGE('',*,*,#14944,.F.);
#14944 = EDGE_CURVE('',#14872,#14918,#14945,.T.);
#14945 = LINE('',#14946,#14947);
#14946 = CARTESIAN_POINT('',(-62.,14.,-1.7763568394E-15));
#14947 = VECTOR('',#14948,1.);
#14948 = DIRECTION('',(1.,0.,0.));
#14949 = PLANE('',#14950);
#14950 = AXIS2_PLACEMENT_3D('',#14951,#14952,#14953);
#14951 = CARTESIAN_POINT('',(-62.,14.,-1.33226762955E-15));
#14952 = DIRECTION('',(0.,1.,-2.22044604925E-16));
#14953 = DIRECTION('',(1.,0.,0.));
#14954 = ADVANCED_FACE('',(#14955),#14980,.T.);
#14955 = FACE_BOUND('',#14956,.T.);
#14956 = EDGE_LOOP('',(#14957,#14965,#14966,#14974));
#14957 = ORIENTED_EDGE('',*,*,#14958,.T.);
#14958 = EDGE_CURVE('',#14959,#14641,#14961,.T.);
#14959 = VERTEX_POINT('',#14960);
#14960 = CARTESIAN_POINT('',(-49.,118.8,-2.48689957516E-14));
#14961 = LINE('',#14962,#14963);
#14962 = CARTESIAN_POINT('',(-49.,118.8,-2.460254222569E-14));
#14963 = VECTOR('',#14964,1.);
#14964 = DIRECTION('',(0.,2.22044604925E-16,1.));
#14965 = ORIENTED_EDGE('',*,*,#14640,.T.);
#14966 = ORIENTED_EDGE('',*,*,#14967,.F.);
#14967 = EDGE_CURVE('',#14968,#14631,#14970,.T.);
#14968 = VERTEX_POINT('',#14969);
#14969 = CARTESIAN_POINT('',(-49.,14.,0.));
#14970 = LINE('',#14971,#14972);
#14971 = CARTESIAN_POINT('',(-49.,14.,-1.33226762955E-15));
#14972 = VECTOR('',#14973,1.);
#14973 = DIRECTION('',(0.,2.22044604925E-16,1.));
#14974 = ORIENTED_EDGE('',*,*,#14975,.F.);
#14975 = EDGE_CURVE('',#14959,#14968,#14976,.T.);
#14976 = LINE('',#14977,#14978);
#14977 = CARTESIAN_POINT('',(-49.,118.8,-2.48689957516E-14));
#14978 = VECTOR('',#14979,1.);
#14979 = DIRECTION('',(0.,-1.,2.22044604925E-16));
#14980 = PLANE('',#14981);
#14981 = AXIS2_PLACEMENT_3D('',#14982,#14983,#14984);
#14982 = CARTESIAN_POINT('',(-49.,118.8,-2.460254222569E-14));
#14983 = DIRECTION('',(1.,0.,0.));
#14984 = DIRECTION('',(0.,-1.,2.22044604925E-16));
#14985 = ADVANCED_FACE('',(#14986),#15004,.T.);
#14986 = FACE_BOUND('',#14987,.T.);
#14987 = EDGE_LOOP('',(#14988,#14996,#14997,#14998));
#14988 = ORIENTED_EDGE('',*,*,#14989,.T.);
#14989 = EDGE_CURVE('',#14990,#14649,#14992,.T.);
#14990 = VERTEX_POINT('',#14991);
#14991 = CARTESIAN_POINT('',(-41.,118.8,-2.48689957516E-14));
#14992 = LINE('',#14993,#14994);
#14993 = CARTESIAN_POINT('',(-41.,118.8,-2.460254222569E-14));
#14994 = VECTOR('',#14995,1.);
#14995 = DIRECTION('',(0.,2.22044604925E-16,1.));
#14996 = ORIENTED_EDGE('',*,*,#14648,.T.);
#14997 = ORIENTED_EDGE('',*,*,#14958,.F.);
#14998 = ORIENTED_EDGE('',*,*,#14999,.F.);
#14999 = EDGE_CURVE('',#14990,#14959,#15000,.T.);
#15000 = LINE('',#15001,#15002);
#15001 = CARTESIAN_POINT('',(-41.,118.8,-2.48689957516E-14));
#15002 = VECTOR('',#15003,1.);
#15003 = DIRECTION('',(-1.,0.,0.));
#15004 = PLANE('',#15005);
#15005 = AXIS2_PLACEMENT_3D('',#15006,#15007,#15008);
#15006 = CARTESIAN_POINT('',(-41.,118.8,-2.460254222569E-14));
#15007 = DIRECTION('',(0.,-1.,2.22044604925E-16));
#15008 = DIRECTION('',(-1.,0.,0.));
#15009 = ADVANCED_FACE('',(#15010),#15028,.T.);
#15010 = FACE_BOUND('',#15011,.T.);
#15011 = EDGE_LOOP('',(#15012,#15020,#15021,#15022));
#15012 = ORIENTED_EDGE('',*,*,#15013,.T.);
#15013 = EDGE_CURVE('',#15014,#14633,#15016,.T.);
#15014 = VERTEX_POINT('',#15015);
#15015 = CARTESIAN_POINT('',(-41.,14.,0.));
#15016 = LINE('',#15017,#15018);
#15017 = CARTESIAN_POINT('',(-41.,14.,-1.33226762955E-15));
#15018 = VECTOR('',#15019,1.);
#15019 = DIRECTION('',(0.,2.22044604925E-16,1.));
#15020 = ORIENTED_EDGE('',*,*,#14656,.T.);
#15021 = ORIENTED_EDGE('',*,*,#14989,.F.);
#15022 = ORIENTED_EDGE('',*,*,#15023,.F.);
#15023 = EDGE_CURVE('',#15014,#14990,#15024,.T.);
#15024 = LINE('',#15025,#15026);
#15025 = CARTESIAN_POINT('',(-41.,14.,-1.7763568394E-15));
#15026 = VECTOR('',#15027,1.);
#15027 = DIRECTION('',(0.,1.,-2.22044604925E-16));
#15028 = PLANE('',#15029);
#15029 = AXIS2_PLACEMENT_3D('',#15030,#15031,#15032);
#15030 = CARTESIAN_POINT('',(-41.,14.,-1.33226762955E-15));
#15031 = DIRECTION('',(-1.,0.,0.));
#15032 = DIRECTION('',(0.,1.,-2.22044604925E-16));
#15033 = ADVANCED_FACE('',(#15034),#15045,.T.);
#15034 = FACE_BOUND('',#15035,.T.);
#15035 = EDGE_LOOP('',(#15036,#15037,#15038,#15039));
#15036 = ORIENTED_EDGE('',*,*,#14967,.T.);
#15037 = ORIENTED_EDGE('',*,*,#14630,.T.);
#15038 = ORIENTED_EDGE('',*,*,#15013,.F.);
#15039 = ORIENTED_EDGE('',*,*,#15040,.F.);
#15040 = EDGE_CURVE('',#14968,#15014,#15041,.T.);
#15041 = LINE('',#15042,#15043);
#15042 = CARTESIAN_POINT('',(-49.,14.,-1.7763568394E-15));
#15043 = VECTOR('',#15044,1.);
#15044 = DIRECTION('',(1.,0.,0.));
#15045 = PLANE('',#15046);
#15046 = AXIS2_PLACEMENT_3D('',#15047,#15048,#15049);
#15047 = CARTESIAN_POINT('',(-49.,14.,-1.33226762955E-15));
#15048 = DIRECTION('',(0.,1.,-2.22044604925E-16));
#15049 = DIRECTION('',(1.,0.,0.));
#15050 = ADVANCED_FACE('',(#15051),#15084,.T.);
#15051 = FACE_BOUND('',#15052,.T.);
#15052 = EDGE_LOOP('',(#15053,#15063,#15071,#15077,#15078));
#15053 = ORIENTED_EDGE('',*,*,#15054,.T.);
#15054 = EDGE_CURVE('',#15055,#15057,#15059,.T.);
#15055 = VERTEX_POINT('',#15056);
#15056 = CARTESIAN_POINT('',(-98.7,124.8,11.225));
#15057 = VERTEX_POINT('',#15058);
#15058 = CARTESIAN_POINT('',(-98.7,127.8,11.225));
#15059 = LINE('',#15060,#15061);
#15060 = CARTESIAN_POINT('',(-98.7,124.8,11.225));
#15061 = VECTOR('',#15062,1.);
#15062 = DIRECTION('',(0.,1.,-3.330669073875E-16));
#15063 = ORIENTED_EDGE('',*,*,#15064,.T.);
#15064 = EDGE_CURVE('',#15057,#15065,#15067,.T.);
#15065 = VERTEX_POINT('',#15066);
#15066 = CARTESIAN_POINT('',(-98.7,127.8,-1.42108547152E-14));
#15067 = LINE('',#15068,#15069);
#15068 = CARTESIAN_POINT('',(-98.7,127.8,11.225));
#15069 = VECTOR('',#15070,1.);
#15070 = DIRECTION('',(0.,-3.330669073875E-16,-1.));
#15071 = ORIENTED_EDGE('',*,*,#15072,.F.);
#15072 = EDGE_CURVE('',#14193,#15065,#15073,.T.);
#15073 = LINE('',#15074,#15075);
#15074 = CARTESIAN_POINT('',(-98.7,124.8,-1.296740492762E-14));
#15075 = VECTOR('',#15076,1.);
#15076 = DIRECTION('',(0.,1.,-3.330669073875E-16));
#15077 = ORIENTED_EDGE('',*,*,#14192,.F.);
#15078 = ORIENTED_EDGE('',*,*,#15079,.F.);
#15079 = EDGE_CURVE('',#15055,#14185,#15080,.T.);
#15080 = LINE('',#15081,#15082);
#15081 = CARTESIAN_POINT('',(-98.7,124.8,11.225));
#15082 = VECTOR('',#15083,1.);
#15083 = DIRECTION('',(0.,-3.330669073875E-16,-1.));
#15084 = PLANE('',#15085);
#15085 = AXIS2_PLACEMENT_3D('',#15086,#15087,#15088);
#15086 = CARTESIAN_POINT('',(-98.7,124.8,11.225));
#15087 = DIRECTION('',(-1.,0.,0.));
#15088 = DIRECTION('',(0.,-3.330669073875E-16,-1.));
#15089 = ADVANCED_FACE('',(#15090),#15096,.T.);
#15090 = FACE_BOUND('',#15091,.T.);
#15091 = EDGE_LOOP('',(#15092,#15093,#15094,#15095));
#15092 = ORIENTED_EDGE('',*,*,#14168,.F.);
#15093 = ORIENTED_EDGE('',*,*,#14269,.T.);
#15094 = ORIENTED_EDGE('',*,*,#14247,.F.);
#15095 = ORIENTED_EDGE('',*,*,#14214,.F.);
#15096 = PLANE('',#15097);
#15097 = AXIS2_PLACEMENT_3D('',#15098,#15099,#15100);
#15098 = CARTESIAN_POINT('',(-70.34463937621,70.255360623782,6.));
#15099 = DIRECTION('',(0.,6.661338147751E-16,1.));
#15100 = DIRECTION('',(0.,-1.,6.661338147751E-16));
#15101 = ADVANCED_FACE('',(#15102),#15127,.T.);
#15102 = FACE_BOUND('',#15103,.F.);
#15103 = EDGE_LOOP('',(#15104,#15112,#15120,#15126));
#15104 = ORIENTED_EDGE('',*,*,#15105,.T.);
#15105 = EDGE_CURVE('',#15065,#15106,#15108,.T.);
#15106 = VERTEX_POINT('',#15107);
#15107 = CARTESIAN_POINT('',(-30.,127.8,-1.42108547152E-14));
#15108 = LINE('',#15109,#15110);
#15109 = CARTESIAN_POINT('',(-98.7,127.8,-1.42108547152E-14));
#15110 = VECTOR('',#15111,1.);
#15111 = DIRECTION('',(1.,0.,0.));
#15112 = ORIENTED_EDGE('',*,*,#15113,.T.);
#15113 = EDGE_CURVE('',#15106,#15114,#15116,.T.);
#15114 = VERTEX_POINT('',#15115);
#15115 = CARTESIAN_POINT('',(-30.,127.8,11.225));
#15116 = LINE('',#15117,#15118);
#15117 = CARTESIAN_POINT('',(-30.,127.8,-1.42108547152E-14));
#15118 = VECTOR('',#15119,1.);
#15119 = DIRECTION('',(0.,3.330669073875E-16,1.));
#15120 = ORIENTED_EDGE('',*,*,#15121,.T.);
#15121 = EDGE_CURVE('',#15114,#15057,#15122,.T.);
#15122 = LINE('',#15123,#15124);
#15123 = CARTESIAN_POINT('',(-30.,127.8,11.225));
#15124 = VECTOR('',#15125,1.);
#15125 = DIRECTION('',(-1.,0.,0.));
#15126 = ORIENTED_EDGE('',*,*,#15064,.T.);
#15127 = PLANE('',#15128);
#15128 = AXIS2_PLACEMENT_3D('',#15129,#15130,#15131);
#15129 = CARTESIAN_POINT('',(-64.35,127.8,5.6125));
#15130 = DIRECTION('',(0.,1.,-1.110223024625E-16));
#15131 = DIRECTION('',(0.,1.110223024625E-16,1.));
#15132 = ADVANCED_FACE('',(#15133),#15151,.F.);
#15133 = FACE_BOUND('',#15134,.F.);
#15134 = EDGE_LOOP('',(#15135,#15136,#15137,#15145));
#15135 = ORIENTED_EDGE('',*,*,#14518,.T.);
#15136 = ORIENTED_EDGE('',*,*,#15079,.F.);
#15137 = ORIENTED_EDGE('',*,*,#15138,.F.);
#15138 = EDGE_CURVE('',#15139,#15055,#15141,.T.);
#15139 = VERTEX_POINT('',#15140);
#15140 = CARTESIAN_POINT('',(-30.,124.8,11.225));
#15141 = LINE('',#15142,#15143);
#15142 = CARTESIAN_POINT('',(-30.,124.8,11.225));
#15143 = VECTOR('',#15144,1.);
#15144 = DIRECTION('',(-1.,0.,0.));
#15145 = ORIENTED_EDGE('',*,*,#15146,.F.);
#15146 = EDGE_CURVE('',#14511,#15139,#15147,.T.);
#15147 = LINE('',#15148,#15149);
#15148 = CARTESIAN_POINT('',(-30.,124.8,-1.42108547152E-14));
#15149 = VECTOR('',#15150,1.);
#15150 = DIRECTION('',(0.,3.330669073875E-16,1.));
#15151 = PLANE('',#15152);
#15152 = AXIS2_PLACEMENT_3D('',#15153,#15154,#15155);
#15153 = CARTESIAN_POINT('',(-64.35,124.8,5.6125));
#15154 = DIRECTION('',(0.,1.,-1.110223024625E-16));
#15155 = DIRECTION('',(0.,1.110223024625E-16,1.));
#15156 = ADVANCED_FACE('',(#15157),#15168,.T.);
#15157 = FACE_BOUND('',#15158,.T.);
#15158 = EDGE_LOOP('',(#15159,#15165,#15166,#15167));
#15159 = ORIENTED_EDGE('',*,*,#15160,.T.);
#15160 = EDGE_CURVE('',#15139,#15114,#15161,.T.);
#15161 = LINE('',#15162,#15163);
#15162 = CARTESIAN_POINT('',(-30.,124.8,11.225));
#15163 = VECTOR('',#15164,1.);
#15164 = DIRECTION('',(0.,1.,-3.330669073875E-16));
#15165 = ORIENTED_EDGE('',*,*,#15121,.T.);
#15166 = ORIENTED_EDGE('',*,*,#15054,.F.);
#15167 = ORIENTED_EDGE('',*,*,#15138,.F.);
#15168 = PLANE('',#15169);
#15169 = AXIS2_PLACEMENT_3D('',#15170,#15171,#15172);
#15170 = CARTESIAN_POINT('',(-30.,124.8,11.225));
#15171 = DIRECTION('',(0.,3.330669073875E-16,1.));
#15172 = DIRECTION('',(-1.,0.,0.));
#15173 = ADVANCED_FACE('',(#15174,#15189,#15195,#15201,#15207,#15213,
    #15216,#15219,#15222),#15225,.T.);
#15174 = FACE_BOUND('',#15175,.T.);
#15175 = EDGE_LOOP('',(#15176,#15177,#15178,#15179,#15180,#15186,#15187,
    #15188));
#15176 = ORIENTED_EDGE('',*,*,#14042,.T.);
#15177 = ORIENTED_EDGE('',*,*,#14200,.T.);
#15178 = ORIENTED_EDGE('',*,*,#15072,.T.);
#15179 = ORIENTED_EDGE('',*,*,#15105,.T.);
#15180 = ORIENTED_EDGE('',*,*,#15181,.F.);
#15181 = EDGE_CURVE('',#14318,#15106,#15182,.T.);
#15182 = LINE('',#15183,#15184);
#15183 = CARTESIAN_POINT('',(-30.,124.8,-1.296740492762E-14));
#15184 = VECTOR('',#15185,1.);
#15185 = DIRECTION('',(0.,1.,-3.330669073875E-16));
#15186 = ORIENTED_EDGE('',*,*,#14317,.T.);
#15187 = ORIENTED_EDGE('',*,*,#14286,.F.);
#15188 = ORIENTED_EDGE('',*,*,#14105,.F.);
#15189 = FACE_BOUND('',#15190,.T.);
#15190 = EDGE_LOOP('',(#15191,#15192,#15193,#15194));
#15191 = ORIENTED_EDGE('',*,*,#14687,.T.);
#15192 = ORIENTED_EDGE('',*,*,#14752,.T.);
#15193 = ORIENTED_EDGE('',*,*,#14735,.T.);
#15194 = ORIENTED_EDGE('',*,*,#14711,.T.);
#15195 = FACE_BOUND('',#15196,.T.);
#15196 = EDGE_LOOP('',(#15197,#15198,#15199,#15200));
#15197 = ORIENTED_EDGE('',*,*,#14783,.T.);
#15198 = ORIENTED_EDGE('',*,*,#14848,.T.);
#15199 = ORIENTED_EDGE('',*,*,#14831,.T.);
#15200 = ORIENTED_EDGE('',*,*,#14807,.T.);
#15201 = FACE_BOUND('',#15202,.T.);
#15202 = EDGE_LOOP('',(#15203,#15204,#15205,#15206));
#15203 = ORIENTED_EDGE('',*,*,#14879,.T.);
#15204 = ORIENTED_EDGE('',*,*,#14944,.T.);
#15205 = ORIENTED_EDGE('',*,*,#14927,.T.);
#15206 = ORIENTED_EDGE('',*,*,#14903,.T.);
#15207 = FACE_BOUND('',#15208,.T.);
#15208 = EDGE_LOOP('',(#15209,#15210,#15211,#15212));
#15209 = ORIENTED_EDGE('',*,*,#14975,.T.);
#15210 = ORIENTED_EDGE('',*,*,#15040,.T.);
#15211 = ORIENTED_EDGE('',*,*,#15023,.T.);
#15212 = ORIENTED_EDGE('',*,*,#14999,.T.);
#15213 = FACE_BOUND('',#15214,.T.);
#15214 = EDGE_LOOP('',(#15215));
#15215 = ORIENTED_EDGE('',*,*,#14442,.T.);
#15216 = FACE_BOUND('',#15217,.T.);
#15217 = EDGE_LOOP('',(#15218));
#15218 = ORIENTED_EDGE('',*,*,#14417,.T.);
#15219 = FACE_BOUND('',#15220,.T.);
#15220 = EDGE_LOOP('',(#15221));
#15221 = ORIENTED_EDGE('',*,*,#14492,.T.);
#15222 = FACE_BOUND('',#15223,.T.);
#15223 = EDGE_LOOP('',(#15224));
#15224 = ORIENTED_EDGE('',*,*,#14467,.T.);
#15225 = PLANE('',#15226);
#15226 = AXIS2_PLACEMENT_3D('',#15227,#15228,#15229);
#15227 = CARTESIAN_POINT('',(-34.91004832863,67.538743455497,
    -3.898642271771E-14));
#15228 = DIRECTION('',(0.,-6.478259802041E-16,-1.));
#15229 = DIRECTION('',(0.,1.,-6.478259802041E-16));
#15230 = ADVANCED_FACE('',(#15231),#15241,.T.);
#15231 = FACE_BOUND('',#15232,.T.);
#15232 = EDGE_LOOP('',(#15233,#15234,#15235,#15236,#15237,#15238,#15239,
    #15240));
#15233 = ORIENTED_EDGE('',*,*,#14350,.T.);
#15234 = ORIENTED_EDGE('',*,*,#14325,.F.);
#15235 = ORIENTED_EDGE('',*,*,#15181,.T.);
#15236 = ORIENTED_EDGE('',*,*,#15113,.T.);
#15237 = ORIENTED_EDGE('',*,*,#15160,.F.);
#15238 = ORIENTED_EDGE('',*,*,#15146,.F.);
#15239 = ORIENTED_EDGE('',*,*,#14510,.F.);
#15240 = ORIENTED_EDGE('',*,*,#14129,.F.);
#15241 = PLANE('',#15242);
#15242 = AXIS2_PLACEMENT_3D('',#15243,#15244,#15245);
#15243 = CARTESIAN_POINT('',(-30.,70.574298797939,5.6125));
#15244 = DIRECTION('',(1.,-1.099331026816E-31,-4.950946802725E-16));
#15245 = DIRECTION('',(4.950946802725E-16,2.22044604925E-16,1.));
#15246 = MANIFOLD_SOLID_BREP('',#15247);
#15247 = CLOSED_SHELL('',(#15248,#15320,#15495,#15526,#15558,#15591,
    #15630,#15661,#15692,#15716,#15740,#15757,#15788,#15812,#15836,
    #15853,#15884,#15908,#15932,#15949,#15980,#16004,#16028,#16045,
    #16076,#16123,#16147,#16164,#16176,#16194,#16260,#16285,#16294,
    #16319,#16328,#16353,#16362,#16387,#16396,#16410,#16427));
#15248 = ADVANCED_FACE('',(#15249),#15315,.T.);
#15249 = FACE_BOUND('',#15250,.T.);
#15250 = EDGE_LOOP('',(#15251,#15261,#15269,#15277,#15285,#15293,#15301,
    #15309));
#15251 = ORIENTED_EDGE('',*,*,#15252,.T.);
#15252 = EDGE_CURVE('',#15253,#15255,#15257,.T.);
#15253 = VERTEX_POINT('',#15254);
#15254 = CARTESIAN_POINT('',(-29.7,8.,3.));
#15255 = VERTEX_POINT('',#15256);
#15256 = CARTESIAN_POINT('',(30.,8.,3.));
#15257 = LINE('',#15258,#15259);
#15258 = CARTESIAN_POINT('',(-29.7,8.,3.));
#15259 = VECTOR('',#15260,1.);
#15260 = DIRECTION('',(1.,0.,0.));
#15261 = ORIENTED_EDGE('',*,*,#15262,.T.);
#15262 = EDGE_CURVE('',#15255,#15263,#15265,.T.);
#15263 = VERTEX_POINT('',#15264);
#15264 = CARTESIAN_POINT('',(30.,8.,0.));
#15265 = LINE('',#15266,#15267);
#15266 = CARTESIAN_POINT('',(30.,8.,3.));
#15267 = VECTOR('',#15268,1.);
#15268 = DIRECTION('',(-1.184237892934E-15,-8.881784197001E-16,-1.));
#15269 = ORIENTED_EDGE('',*,*,#15270,.T.);
#15270 = EDGE_CURVE('',#15263,#15271,#15273,.T.);
#15271 = VERTEX_POINT('',#15272);
#15272 = CARTESIAN_POINT('',(98.8,8.,0.));
#15273 = LINE('',#15274,#15275);
#15274 = CARTESIAN_POINT('',(30.,8.,0.));
#15275 = VECTOR('',#15276,1.);
#15276 = DIRECTION('',(1.,0.,0.));
#15277 = ORIENTED_EDGE('',*,*,#15278,.T.);
#15278 = EDGE_CURVE('',#15271,#15279,#15281,.T.);
#15279 = VERTEX_POINT('',#15280);
#15280 = CARTESIAN_POINT('',(98.8,8.,3.));
#15281 = LINE('',#15282,#15283);
#15282 = CARTESIAN_POINT('',(98.8,8.,0.));
#15283 = VECTOR('',#15284,1.);
#15284 = DIRECTION('',(0.,8.881784197001E-16,1.));
#15285 = ORIENTED_EDGE('',*,*,#15286,.T.);
#15286 = EDGE_CURVE('',#15279,#15287,#15289,.T.);
#15287 = VERTEX_POINT('',#15288);
#15288 = CARTESIAN_POINT('',(106.8,8.,3.));
#15289 = LINE('',#15290,#15291);
#15290 = CARTESIAN_POINT('',(98.8,8.,3.));
#15291 = VECTOR('',#15292,1.);
#15292 = DIRECTION('',(1.,0.,0.));
#15293 = ORIENTED_EDGE('',*,*,#15294,.T.);
#15294 = EDGE_CURVE('',#15287,#15295,#15297,.T.);
#15295 = VERTEX_POINT('',#15296);
#15296 = CARTESIAN_POINT('',(106.8,8.,8.225));
#15297 = LINE('',#15298,#15299);
#15298 = CARTESIAN_POINT('',(106.8,8.,3.));
#15299 = VECTOR('',#15300,1.);
#15300 = DIRECTION('',(0.,8.881784197001E-16,1.));
#15301 = ORIENTED_EDGE('',*,*,#15302,.F.);
#15302 = EDGE_CURVE('',#15303,#15295,#15305,.T.);
#15303 = VERTEX_POINT('',#15304);
#15304 = CARTESIAN_POINT('',(-29.7,8.,8.225));
#15305 = LINE('',#15306,#15307);
#15306 = CARTESIAN_POINT('',(-29.7,8.,8.225));
#15307 = VECTOR('',#15308,1.);
#15308 = DIRECTION('',(1.,0.,0.));
#15309 = ORIENTED_EDGE('',*,*,#15310,.T.);
#15310 = EDGE_CURVE('',#15303,#15253,#15311,.T.);
#15311 = LINE('',#15312,#15313);
#15312 = CARTESIAN_POINT('',(-29.7,8.,6.));
#15313 = VECTOR('',#15314,1.);
#15314 = DIRECTION('',(1.184237892934E-15,-8.881784197001E-16,-1.));
#15315 = PLANE('',#15316);
#15316 = AXIS2_PLACEMENT_3D('',#15317,#15318,#15319);
#15317 = CARTESIAN_POINT('',(39.085843841769,8.,4.814175591639));
#15318 = DIRECTION('',(0.,-1.,4.440892098501E-16));
#15319 = DIRECTION('',(1.,0.,0.));
#15320 = ADVANCED_FACE('',(#15321,#15354,#15388,#15422,#15456),#15490,
  .T.);
#15321 = FACE_BOUND('',#15322,.T.);
#15322 = EDGE_LOOP('',(#15323,#15324,#15332,#15340,#15348));
#15323 = ORIENTED_EDGE('',*,*,#15302,.T.);
#15324 = ORIENTED_EDGE('',*,*,#15325,.T.);
#15325 = EDGE_CURVE('',#15295,#15326,#15328,.T.);
#15326 = VERTEX_POINT('',#15327);
#15327 = CARTESIAN_POINT('',(106.8,124.8,8.225));
#15328 = LINE('',#15329,#15330);
#15329 = CARTESIAN_POINT('',(106.8,8.,8.225));
#15330 = VECTOR('',#15331,1.);
#15331 = DIRECTION('',(0.,1.,-3.330669073875E-16));
#15332 = ORIENTED_EDGE('',*,*,#15333,.T.);
#15333 = EDGE_CURVE('',#15326,#15334,#15336,.T.);
#15334 = VERTEX_POINT('',#15335);
#15335 = CARTESIAN_POINT('',(98.7,124.8,8.225));
#15336 = LINE('',#15337,#15338);
#15337 = CARTESIAN_POINT('',(106.8,124.8,8.225));
#15338 = VECTOR('',#15339,1.);
#15339 = DIRECTION('',(-1.,0.,-0.));
#15340 = ORIENTED_EDGE('',*,*,#15341,.T.);
#15341 = EDGE_CURVE('',#15334,#15342,#15344,.T.);
#15342 = VERTEX_POINT('',#15343);
#15343 = CARTESIAN_POINT('',(-29.7,124.8,8.225));
#15344 = LINE('',#15345,#15346);
#15345 = CARTESIAN_POINT('',(106.8,124.8,8.225));
#15346 = VECTOR('',#15347,1.);
#15347 = DIRECTION('',(-1.,0.,-0.));
#15348 = ORIENTED_EDGE('',*,*,#15349,.T.);
#15349 = EDGE_CURVE('',#15342,#15303,#15350,.T.);
#15350 = LINE('',#15351,#15352);
#15351 = CARTESIAN_POINT('',(-29.7,124.8,8.225));
#15352 = VECTOR('',#15353,1.);
#15353 = DIRECTION('',(3.041706916781E-17,-1.,3.330669073875E-16));
#15354 = FACE_BOUND('',#15355,.T.);
#15355 = EDGE_LOOP('',(#15356,#15366,#15374,#15382));
#15356 = ORIENTED_EDGE('',*,*,#15357,.F.);
#15357 = EDGE_CURVE('',#15358,#15360,#15362,.T.);
#15358 = VERTEX_POINT('',#15359);
#15359 = CARTESIAN_POINT('',(41.,14.,8.225));
#15360 = VERTEX_POINT('',#15361);
#15361 = CARTESIAN_POINT('',(49.,14.,8.225));
#15362 = LINE('',#15363,#15364);
#15363 = CARTESIAN_POINT('',(41.,14.,8.225));
#15364 = VECTOR('',#15365,1.);
#15365 = DIRECTION('',(1.,0.,0.));
#15366 = ORIENTED_EDGE('',*,*,#15367,.F.);
#15367 = EDGE_CURVE('',#15368,#15358,#15370,.T.);
#15368 = VERTEX_POINT('',#15369);
#15369 = CARTESIAN_POINT('',(41.,118.8,8.225));
#15370 = LINE('',#15371,#15372);
#15371 = CARTESIAN_POINT('',(41.,118.8,8.225));
#15372 = VECTOR('',#15373,1.);
#15373 = DIRECTION('',(0.,-1.,2.22044604925E-16));
#15374 = ORIENTED_EDGE('',*,*,#15375,.F.);
#15375 = EDGE_CURVE('',#15376,#15368,#15378,.T.);
#15376 = VERTEX_POINT('',#15377);
#15377 = CARTESIAN_POINT('',(49.,118.8,8.225));
#15378 = LINE('',#15379,#15380);
#15379 = CARTESIAN_POINT('',(49.,118.8,8.225));
#15380 = VECTOR('',#15381,1.);
#15381 = DIRECTION('',(-1.,0.,0.));
#15382 = ORIENTED_EDGE('',*,*,#15383,.F.);
#15383 = EDGE_CURVE('',#15360,#15376,#15384,.T.);
#15384 = LINE('',#15385,#15386);
#15385 = CARTESIAN_POINT('',(49.,14.,8.225));
#15386 = VECTOR('',#15387,1.);
#15387 = DIRECTION('',(0.,1.,-2.22044604925E-16));
#15388 = FACE_BOUND('',#15389,.T.);
#15389 = EDGE_LOOP('',(#15390,#15400,#15408,#15416));
#15390 = ORIENTED_EDGE('',*,*,#15391,.F.);
#15391 = EDGE_CURVE('',#15392,#15394,#15396,.T.);
#15392 = VERTEX_POINT('',#15393);
#15393 = CARTESIAN_POINT('',(54.,14.,8.225));
#15394 = VERTEX_POINT('',#15395);
#15395 = CARTESIAN_POINT('',(62.,14.,8.225));
#15396 = LINE('',#15397,#15398);
#15397 = CARTESIAN_POINT('',(54.,14.,8.225));
#15398 = VECTOR('',#15399,1.);
#15399 = DIRECTION('',(1.,0.,0.));
#15400 = ORIENTED_EDGE('',*,*,#15401,.F.);
#15401 = EDGE_CURVE('',#15402,#15392,#15404,.T.);
#15402 = VERTEX_POINT('',#15403);
#15403 = CARTESIAN_POINT('',(54.,118.8,8.225));
#15404 = LINE('',#15405,#15406);
#15405 = CARTESIAN_POINT('',(54.,118.8,8.225));
#15406 = VECTOR('',#15407,1.);
#15407 = DIRECTION('',(0.,-1.,2.22044604925E-16));
#15408 = ORIENTED_EDGE('',*,*,#15409,.F.);
#15409 = EDGE_CURVE('',#15410,#15402,#15412,.T.);
#15410 = VERTEX_POINT('',#15411);
#15411 = CARTESIAN_POINT('',(62.,118.8,8.225));
#15412 = LINE('',#15413,#15414);
#15413 = CARTESIAN_POINT('',(62.,118.8,8.225));
#15414 = VECTOR('',#15415,1.);
#15415 = DIRECTION('',(-1.,0.,0.));
#15416 = ORIENTED_EDGE('',*,*,#15417,.F.);
#15417 = EDGE_CURVE('',#15394,#15410,#15418,.T.);
#15418 = LINE('',#15419,#15420);
#15419 = CARTESIAN_POINT('',(62.,14.,8.225));
#15420 = VECTOR('',#15421,1.);
#15421 = DIRECTION('',(0.,1.,-2.22044604925E-16));
#15422 = FACE_BOUND('',#15423,.T.);
#15423 = EDGE_LOOP('',(#15424,#15434,#15442,#15450));
#15424 = ORIENTED_EDGE('',*,*,#15425,.F.);
#15425 = EDGE_CURVE('',#15426,#15428,#15430,.T.);
#15426 = VERTEX_POINT('',#15427);
#15427 = CARTESIAN_POINT('',(67.,14.,8.225));
#15428 = VERTEX_POINT('',#15429);
#15429 = CARTESIAN_POINT('',(75.,14.,8.225));
#15430 = LINE('',#15431,#15432);
#15431 = CARTESIAN_POINT('',(67.,14.,8.225));
#15432 = VECTOR('',#15433,1.);
#15433 = DIRECTION('',(1.,0.,0.));
#15434 = ORIENTED_EDGE('',*,*,#15435,.F.);
#15435 = EDGE_CURVE('',#15436,#15426,#15438,.T.);
#15436 = VERTEX_POINT('',#15437);
#15437 = CARTESIAN_POINT('',(67.,118.8,8.225));
#15438 = LINE('',#15439,#15440);
#15439 = CARTESIAN_POINT('',(67.,118.8,8.225));
#15440 = VECTOR('',#15441,1.);
#15441 = DIRECTION('',(0.,-1.,2.22044604925E-16));
#15442 = ORIENTED_EDGE('',*,*,#15443,.F.);
#15443 = EDGE_CURVE('',#15444,#15436,#15446,.T.);
#15444 = VERTEX_POINT('',#15445);
#15445 = CARTESIAN_POINT('',(75.,118.8,8.225));
#15446 = LINE('',#15447,#15448);
#15447 = CARTESIAN_POINT('',(75.,118.8,8.225));
#15448 = VECTOR('',#15449,1.);
#15449 = DIRECTION('',(-1.,0.,0.));
#15450 = ORIENTED_EDGE('',*,*,#15451,.F.);
#15451 = EDGE_CURVE('',#15428,#15444,#15452,.T.);
#15452 = LINE('',#15453,#15454);
#15453 = CARTESIAN_POINT('',(75.,14.,8.225));
#15454 = VECTOR('',#15455,1.);
#15455 = DIRECTION('',(0.,1.,-2.22044604925E-16));
#15456 = FACE_BOUND('',#15457,.T.);
#15457 = EDGE_LOOP('',(#15458,#15468,#15476,#15484));
#15458 = ORIENTED_EDGE('',*,*,#15459,.F.);
#15459 = EDGE_CURVE('',#15460,#15462,#15464,.T.);
#15460 = VERTEX_POINT('',#15461);
#15461 = CARTESIAN_POINT('',(80.,14.,8.225));
#15462 = VERTEX_POINT('',#15463);
#15463 = CARTESIAN_POINT('',(88.,14.,8.225));
#15464 = LINE('',#15465,#15466);
#15465 = CARTESIAN_POINT('',(80.,14.,8.225));
#15466 = VECTOR('',#15467,1.);
#15467 = DIRECTION('',(1.,0.,0.));
#15468 = ORIENTED_EDGE('',*,*,#15469,.F.);
#15469 = EDGE_CURVE('',#15470,#15460,#15472,.T.);
#15470 = VERTEX_POINT('',#15471);
#15471 = CARTESIAN_POINT('',(80.,118.8,8.225));
#15472 = LINE('',#15473,#15474);
#15473 = CARTESIAN_POINT('',(80.,118.8,8.225));
#15474 = VECTOR('',#15475,1.);
#15475 = DIRECTION('',(0.,-1.,2.22044604925E-16));
#15476 = ORIENTED_EDGE('',*,*,#15477,.F.);
#15477 = EDGE_CURVE('',#15478,#15470,#15480,.T.);
#15478 = VERTEX_POINT('',#15479);
#15479 = CARTESIAN_POINT('',(88.,118.8,8.225));
#15480 = LINE('',#15481,#15482);
#15481 = CARTESIAN_POINT('',(88.,118.8,8.225));
#15482 = VECTOR('',#15483,1.);
#15483 = DIRECTION('',(-1.,0.,0.));
#15484 = ORIENTED_EDGE('',*,*,#15485,.F.);
#15485 = EDGE_CURVE('',#15462,#15478,#15486,.T.);
#15486 = LINE('',#15487,#15488);
#15487 = CARTESIAN_POINT('',(88.,14.,8.225));
#15488 = VECTOR('',#15489,1.);
#15489 = DIRECTION('',(0.,1.,-2.22044604925E-16));
#15490 = PLANE('',#15491);
#15491 = AXIS2_PLACEMENT_3D('',#15492,#15493,#15494);
#15492 = CARTESIAN_POINT('',(38.55,66.4,8.225));
#15493 = DIRECTION('',(0.,3.330669073875E-16,1.));
#15494 = DIRECTION('',(1.,0.,0.));
#15495 = ADVANCED_FACE('',(#15496),#15521,.T.);
#15496 = FACE_BOUND('',#15497,.T.);
#15497 = EDGE_LOOP('',(#15498,#15506,#15514,#15520));
#15498 = ORIENTED_EDGE('',*,*,#15499,.T.);
#15499 = EDGE_CURVE('',#15271,#15500,#15502,.T.);
#15500 = VERTEX_POINT('',#15501);
#15501 = CARTESIAN_POINT('',(98.8,124.8,-1.030286966852E-13));
#15502 = LINE('',#15503,#15504);
#15503 = CARTESIAN_POINT('',(98.8,8.,0.));
#15504 = VECTOR('',#15505,1.);
#15505 = DIRECTION('',(0.,1.,-8.881784197001E-16));
#15506 = ORIENTED_EDGE('',*,*,#15507,.T.);
#15507 = EDGE_CURVE('',#15500,#15508,#15510,.T.);
#15508 = VERTEX_POINT('',#15509);
#15509 = CARTESIAN_POINT('',(98.8,124.8,3.));
#15510 = LINE('',#15511,#15512);
#15511 = CARTESIAN_POINT('',(98.8,124.8,-9.947598300641E-14));
#15512 = VECTOR('',#15513,1.);
#15513 = DIRECTION('',(0.,8.881784197001E-16,1.));
#15514 = ORIENTED_EDGE('',*,*,#15515,.F.);
#15515 = EDGE_CURVE('',#15279,#15508,#15516,.T.);
#15516 = LINE('',#15517,#15518);
#15517 = CARTESIAN_POINT('',(98.8,8.,3.));
#15518 = VECTOR('',#15519,1.);
#15519 = DIRECTION('',(0.,1.,-8.881784197001E-16));
#15520 = ORIENTED_EDGE('',*,*,#15278,.F.);
#15521 = PLANE('',#15522);
#15522 = AXIS2_PLACEMENT_3D('',#15523,#15524,#15525);
#15523 = CARTESIAN_POINT('',(98.8,8.,0.));
#15524 = DIRECTION('',(1.,0.,0.));
#15525 = DIRECTION('',(0.,8.881784197001E-16,1.));
#15526 = ADVANCED_FACE('',(#15527),#15553,.T.);
#15527 = FACE_BOUND('',#15528,.T.);
#15528 = EDGE_LOOP('',(#15529,#15530,#15538,#15546,#15552));
#15529 = ORIENTED_EDGE('',*,*,#15515,.T.);
#15530 = ORIENTED_EDGE('',*,*,#15531,.T.);
#15531 = EDGE_CURVE('',#15508,#15532,#15534,.T.);
#15532 = VERTEX_POINT('',#15533);
#15533 = CARTESIAN_POINT('',(98.8,136.4,3.));
#15534 = LINE('',#15535,#15536);
#15535 = CARTESIAN_POINT('',(98.8,124.8,3.));
#15536 = VECTOR('',#15537,1.);
#15537 = DIRECTION('',(0.,1.,-7.771561172376E-16));
#15538 = ORIENTED_EDGE('',*,*,#15539,.T.);
#15539 = EDGE_CURVE('',#15532,#15540,#15542,.T.);
#15540 = VERTEX_POINT('',#15541);
#15541 = CARTESIAN_POINT('',(106.8,136.4,3.));
#15542 = LINE('',#15543,#15544);
#15543 = CARTESIAN_POINT('',(98.8,136.4,3.));
#15544 = VECTOR('',#15545,1.);
#15545 = DIRECTION('',(1.,0.,0.));
#15546 = ORIENTED_EDGE('',*,*,#15547,.F.);
#15547 = EDGE_CURVE('',#15287,#15540,#15548,.T.);
#15548 = LINE('',#15549,#15550);
#15549 = CARTESIAN_POINT('',(106.8,124.8,3.));
#15550 = VECTOR('',#15551,1.);
#15551 = DIRECTION('',(0.,1.,-7.771561172376E-16));
#15552 = ORIENTED_EDGE('',*,*,#15286,.F.);
#15553 = PLANE('',#15554);
#15554 = AXIS2_PLACEMENT_3D('',#15555,#15556,#15557);
#15555 = CARTESIAN_POINT('',(102.8,72.2,3.));
#15556 = DIRECTION('',(-0.,-6.661338147751E-16,-1.));
#15557 = DIRECTION('',(0.,1.,-6.661338147751E-16));
#15558 = ADVANCED_FACE('',(#15559),#15586,.T.);
#15559 = FACE_BOUND('',#15560,.T.);
#15560 = EDGE_LOOP('',(#15561,#15562,#15570,#15578,#15584,#15585));
#15561 = ORIENTED_EDGE('',*,*,#15547,.T.);
#15562 = ORIENTED_EDGE('',*,*,#15563,.T.);
#15563 = EDGE_CURVE('',#15540,#15564,#15566,.T.);
#15564 = VERTEX_POINT('',#15565);
#15565 = CARTESIAN_POINT('',(106.8,136.4,6.));
#15566 = LINE('',#15567,#15568);
#15567 = CARTESIAN_POINT('',(106.8,136.4,3.));
#15568 = VECTOR('',#15569,1.);
#15569 = DIRECTION('',(0.,7.771561172376E-16,1.));
#15570 = ORIENTED_EDGE('',*,*,#15571,.F.);
#15571 = EDGE_CURVE('',#15572,#15564,#15574,.T.);
#15572 = VERTEX_POINT('',#15573);
#15573 = CARTESIAN_POINT('',(106.8,124.8,6.));
#15574 = LINE('',#15575,#15576);
#15575 = CARTESIAN_POINT('',(106.8,8.,6.));
#15576 = VECTOR('',#15577,1.);
#15577 = DIRECTION('',(0.,1.,-8.881784197001E-16));
#15578 = ORIENTED_EDGE('',*,*,#15579,.T.);
#15579 = EDGE_CURVE('',#15572,#15326,#15580,.T.);
#15580 = LINE('',#15581,#15582);
#15581 = CARTESIAN_POINT('',(106.8,124.8,6.));
#15582 = VECTOR('',#15583,1.);
#15583 = DIRECTION('',(0.,3.330669073875E-16,1.));
#15584 = ORIENTED_EDGE('',*,*,#15325,.F.);
#15585 = ORIENTED_EDGE('',*,*,#15294,.F.);
#15586 = PLANE('',#15587);
#15587 = AXIS2_PLACEMENT_3D('',#15588,#15589,#15590);
#15588 = CARTESIAN_POINT('',(106.8,72.103423760524,5.515923760524));
#15589 = DIRECTION('',(1.,0.,0.));
#15590 = DIRECTION('',(0.,-1.,4.440892098501E-16));
#15591 = ADVANCED_FACE('',(#15592),#15625,.T.);
#15592 = FACE_BOUND('',#15593,.T.);
#15593 = EDGE_LOOP('',(#15594,#15602,#15603,#15604,#15612,#15618,#15619)
  );
#15594 = ORIENTED_EDGE('',*,*,#15595,.T.);
#15595 = EDGE_CURVE('',#15596,#15334,#15598,.T.);
#15596 = VERTEX_POINT('',#15597);
#15597 = CARTESIAN_POINT('',(98.7,124.8,-1.24344978758E-14));
#15598 = LINE('',#15599,#15600);
#15599 = CARTESIAN_POINT('',(98.7,124.8,-1.42108547152E-14));
#15600 = VECTOR('',#15601,1.);
#15601 = DIRECTION('',(0.,3.330669073875E-16,1.));
#15602 = ORIENTED_EDGE('',*,*,#15333,.F.);
#15603 = ORIENTED_EDGE('',*,*,#15579,.F.);
#15604 = ORIENTED_EDGE('',*,*,#15605,.T.);
#15605 = EDGE_CURVE('',#15572,#15606,#15608,.T.);
#15606 = VERTEX_POINT('',#15607);
#15607 = CARTESIAN_POINT('',(98.8,124.8,6.));
#15608 = LINE('',#15609,#15610);
#15609 = CARTESIAN_POINT('',(106.8,124.8,6.));
#15610 = VECTOR('',#15611,1.);
#15611 = DIRECTION('',(-1.,0.,-0.));
#15612 = ORIENTED_EDGE('',*,*,#15613,.T.);
#15613 = EDGE_CURVE('',#15606,#15508,#15614,.T.);
#15614 = LINE('',#15615,#15616);
#15615 = CARTESIAN_POINT('',(98.8,124.8,6.));
#15616 = VECTOR('',#15617,1.);
#15617 = DIRECTION('',(0.,-7.771561172376E-16,-1.));
#15618 = ORIENTED_EDGE('',*,*,#15507,.F.);
#15619 = ORIENTED_EDGE('',*,*,#15620,.F.);
#15620 = EDGE_CURVE('',#15596,#15500,#15621,.T.);
#15621 = LINE('',#15622,#15623);
#15622 = CARTESIAN_POINT('',(30.,124.8,-9.947598300641E-14));
#15623 = VECTOR('',#15624,1.);
#15624 = DIRECTION('',(1.,0.,0.));
#15625 = PLANE('',#15626);
#15626 = AXIS2_PLACEMENT_3D('',#15627,#15628,#15629);
#15627 = CARTESIAN_POINT('',(39.002927966834,124.8,4.897091466574));
#15628 = DIRECTION('',(0.,1.,-4.440892098501E-16));
#15629 = DIRECTION('',(-1.,0.,0.));
#15630 = ADVANCED_FACE('',(#15631),#15656,.F.);
#15631 = FACE_BOUND('',#15632,.F.);
#15632 = EDGE_LOOP('',(#15633,#15634,#15642,#15650));
#15633 = ORIENTED_EDGE('',*,*,#15341,.T.);
#15634 = ORIENTED_EDGE('',*,*,#15635,.F.);
#15635 = EDGE_CURVE('',#15636,#15342,#15638,.T.);
#15636 = VERTEX_POINT('',#15637);
#15637 = CARTESIAN_POINT('',(-29.7,124.8,11.225));
#15638 = LINE('',#15639,#15640);
#15639 = CARTESIAN_POINT('',(-29.7,124.8,11.225));
#15640 = VECTOR('',#15641,1.);
#15641 = DIRECTION('',(4.319408728025E-16,-3.330669073875E-16,-1.));
#15642 = ORIENTED_EDGE('',*,*,#15643,.F.);
#15643 = EDGE_CURVE('',#15644,#15636,#15646,.T.);
#15644 = VERTEX_POINT('',#15645);
#15645 = CARTESIAN_POINT('',(98.7,124.8,11.225));
#15646 = LINE('',#15647,#15648);
#15647 = CARTESIAN_POINT('',(98.7,124.8,11.225));
#15648 = VECTOR('',#15649,1.);
#15649 = DIRECTION('',(-1.,0.,0.));
#15650 = ORIENTED_EDGE('',*,*,#15651,.F.);
#15651 = EDGE_CURVE('',#15334,#15644,#15652,.T.);
#15652 = LINE('',#15653,#15654);
#15653 = CARTESIAN_POINT('',(98.7,124.8,-1.42108547152E-14));
#15654 = VECTOR('',#15655,1.);
#15655 = DIRECTION('',(0.,3.330669073875E-16,1.));
#15656 = PLANE('',#15657);
#15657 = AXIS2_PLACEMENT_3D('',#15658,#15659,#15660);
#15658 = CARTESIAN_POINT('',(35.141360787825,124.8,6.253860787825));
#15659 = DIRECTION('',(0.,1.,-1.110223024625E-16));
#15660 = DIRECTION('',(0.,1.110223024625E-16,1.));
#15661 = ADVANCED_FACE('',(#15662),#15687,.T.);
#15662 = FACE_BOUND('',#15663,.T.);
#15663 = EDGE_LOOP('',(#15664,#15672,#15673,#15681));
#15664 = ORIENTED_EDGE('',*,*,#15665,.T.);
#15665 = EDGE_CURVE('',#15666,#15358,#15668,.T.);
#15666 = VERTEX_POINT('',#15667);
#15667 = CARTESIAN_POINT('',(41.,14.,0.));
#15668 = LINE('',#15669,#15670);
#15669 = CARTESIAN_POINT('',(41.,14.,-1.33226762955E-15));
#15670 = VECTOR('',#15671,1.);
#15671 = DIRECTION('',(0.,2.22044604925E-16,1.));
#15672 = ORIENTED_EDGE('',*,*,#15357,.T.);
#15673 = ORIENTED_EDGE('',*,*,#15674,.F.);
#15674 = EDGE_CURVE('',#15675,#15360,#15677,.T.);
#15675 = VERTEX_POINT('',#15676);
#15676 = CARTESIAN_POINT('',(49.,14.,0.));
#15677 = LINE('',#15678,#15679);
#15678 = CARTESIAN_POINT('',(49.,14.,-1.33226762955E-15));
#15679 = VECTOR('',#15680,1.);
#15680 = DIRECTION('',(0.,2.22044604925E-16,1.));
#15681 = ORIENTED_EDGE('',*,*,#15682,.F.);
#15682 = EDGE_CURVE('',#15666,#15675,#15683,.T.);
#15683 = LINE('',#15684,#15685);
#15684 = CARTESIAN_POINT('',(41.,14.,-1.7763568394E-15));
#15685 = VECTOR('',#15686,1.);
#15686 = DIRECTION('',(1.,0.,0.));
#15687 = PLANE('',#15688);
#15688 = AXIS2_PLACEMENT_3D('',#15689,#15690,#15691);
#15689 = CARTESIAN_POINT('',(41.,14.,-1.33226762955E-15));
#15690 = DIRECTION('',(0.,1.,-2.22044604925E-16));
#15691 = DIRECTION('',(1.,0.,0.));
#15692 = ADVANCED_FACE('',(#15693),#15711,.T.);
#15693 = FACE_BOUND('',#15694,.T.);
#15694 = EDGE_LOOP('',(#15695,#15696,#15697,#15705));
#15695 = ORIENTED_EDGE('',*,*,#15674,.T.);
#15696 = ORIENTED_EDGE('',*,*,#15383,.T.);
#15697 = ORIENTED_EDGE('',*,*,#15698,.F.);
#15698 = EDGE_CURVE('',#15699,#15376,#15701,.T.);
#15699 = VERTEX_POINT('',#15700);
#15700 = CARTESIAN_POINT('',(49.,118.8,-2.48689957516E-14));
#15701 = LINE('',#15702,#15703);
#15702 = CARTESIAN_POINT('',(49.,118.8,-2.460254222569E-14));
#15703 = VECTOR('',#15704,1.);
#15704 = DIRECTION('',(0.,2.22044604925E-16,1.));
#15705 = ORIENTED_EDGE('',*,*,#15706,.F.);
#15706 = EDGE_CURVE('',#15675,#15699,#15707,.T.);
#15707 = LINE('',#15708,#15709);
#15708 = CARTESIAN_POINT('',(49.,14.,-1.7763568394E-15));
#15709 = VECTOR('',#15710,1.);
#15710 = DIRECTION('',(0.,1.,-2.22044604925E-16));
#15711 = PLANE('',#15712);
#15712 = AXIS2_PLACEMENT_3D('',#15713,#15714,#15715);
#15713 = CARTESIAN_POINT('',(49.,14.,-1.33226762955E-15));
#15714 = DIRECTION('',(-1.,0.,0.));
#15715 = DIRECTION('',(0.,1.,-2.22044604925E-16));
#15716 = ADVANCED_FACE('',(#15717),#15735,.T.);
#15717 = FACE_BOUND('',#15718,.T.);
#15718 = EDGE_LOOP('',(#15719,#15720,#15721,#15729));
#15719 = ORIENTED_EDGE('',*,*,#15698,.T.);
#15720 = ORIENTED_EDGE('',*,*,#15375,.T.);
#15721 = ORIENTED_EDGE('',*,*,#15722,.F.);
#15722 = EDGE_CURVE('',#15723,#15368,#15725,.T.);
#15723 = VERTEX_POINT('',#15724);
#15724 = CARTESIAN_POINT('',(41.,118.8,-2.48689957516E-14));
#15725 = LINE('',#15726,#15727);
#15726 = CARTESIAN_POINT('',(41.,118.8,-2.460254222569E-14));
#15727 = VECTOR('',#15728,1.);
#15728 = DIRECTION('',(0.,2.22044604925E-16,1.));
#15729 = ORIENTED_EDGE('',*,*,#15730,.F.);
#15730 = EDGE_CURVE('',#15699,#15723,#15731,.T.);
#15731 = LINE('',#15732,#15733);
#15732 = CARTESIAN_POINT('',(49.,118.8,-2.48689957516E-14));
#15733 = VECTOR('',#15734,1.);
#15734 = DIRECTION('',(-1.,0.,0.));
#15735 = PLANE('',#15736);
#15736 = AXIS2_PLACEMENT_3D('',#15737,#15738,#15739);
#15737 = CARTESIAN_POINT('',(49.,118.8,-2.460254222569E-14));
#15738 = DIRECTION('',(0.,-1.,2.22044604925E-16));
#15739 = DIRECTION('',(-1.,0.,0.));
#15740 = ADVANCED_FACE('',(#15741),#15752,.T.);
#15741 = FACE_BOUND('',#15742,.T.);
#15742 = EDGE_LOOP('',(#15743,#15744,#15745,#15746));
#15743 = ORIENTED_EDGE('',*,*,#15722,.T.);
#15744 = ORIENTED_EDGE('',*,*,#15367,.T.);
#15745 = ORIENTED_EDGE('',*,*,#15665,.F.);
#15746 = ORIENTED_EDGE('',*,*,#15747,.F.);
#15747 = EDGE_CURVE('',#15723,#15666,#15748,.T.);
#15748 = LINE('',#15749,#15750);
#15749 = CARTESIAN_POINT('',(41.,118.8,-2.48689957516E-14));
#15750 = VECTOR('',#15751,1.);
#15751 = DIRECTION('',(0.,-1.,2.22044604925E-16));
#15752 = PLANE('',#15753);
#15753 = AXIS2_PLACEMENT_3D('',#15754,#15755,#15756);
#15754 = CARTESIAN_POINT('',(41.,118.8,-2.460254222569E-14));
#15755 = DIRECTION('',(1.,0.,0.));
#15756 = DIRECTION('',(0.,-1.,2.22044604925E-16));
#15757 = ADVANCED_FACE('',(#15758),#15783,.T.);
#15758 = FACE_BOUND('',#15759,.T.);
#15759 = EDGE_LOOP('',(#15760,#15768,#15769,#15777));
#15760 = ORIENTED_EDGE('',*,*,#15761,.T.);
#15761 = EDGE_CURVE('',#15762,#15392,#15764,.T.);
#15762 = VERTEX_POINT('',#15763);
#15763 = CARTESIAN_POINT('',(54.,14.,0.));
#15764 = LINE('',#15765,#15766);
#15765 = CARTESIAN_POINT('',(54.,14.,-1.33226762955E-15));
#15766 = VECTOR('',#15767,1.);
#15767 = DIRECTION('',(0.,2.22044604925E-16,1.));
#15768 = ORIENTED_EDGE('',*,*,#15391,.T.);
#15769 = ORIENTED_EDGE('',*,*,#15770,.F.);
#15770 = EDGE_CURVE('',#15771,#15394,#15773,.T.);
#15771 = VERTEX_POINT('',#15772);
#15772 = CARTESIAN_POINT('',(62.,14.,0.));
#15773 = LINE('',#15774,#15775);
#15774 = CARTESIAN_POINT('',(62.,14.,-1.33226762955E-15));
#15775 = VECTOR('',#15776,1.);
#15776 = DIRECTION('',(0.,2.22044604925E-16,1.));
#15777 = ORIENTED_EDGE('',*,*,#15778,.F.);
#15778 = EDGE_CURVE('',#15762,#15771,#15779,.T.);
#15779 = LINE('',#15780,#15781);
#15780 = CARTESIAN_POINT('',(54.,14.,-1.7763568394E-15));
#15781 = VECTOR('',#15782,1.);
#15782 = DIRECTION('',(1.,0.,0.));
#15783 = PLANE('',#15784);
#15784 = AXIS2_PLACEMENT_3D('',#15785,#15786,#15787);
#15785 = CARTESIAN_POINT('',(54.,14.,-1.33226762955E-15));
#15786 = DIRECTION('',(0.,1.,-2.22044604925E-16));
#15787 = DIRECTION('',(1.,0.,0.));
#15788 = ADVANCED_FACE('',(#15789),#15807,.T.);
#15789 = FACE_BOUND('',#15790,.T.);
#15790 = EDGE_LOOP('',(#15791,#15792,#15793,#15801));
#15791 = ORIENTED_EDGE('',*,*,#15770,.T.);
#15792 = ORIENTED_EDGE('',*,*,#15417,.T.);
#15793 = ORIENTED_EDGE('',*,*,#15794,.F.);
#15794 = EDGE_CURVE('',#15795,#15410,#15797,.T.);
#15795 = VERTEX_POINT('',#15796);
#15796 = CARTESIAN_POINT('',(62.,118.8,-2.48689957516E-14));
#15797 = LINE('',#15798,#15799);
#15798 = CARTESIAN_POINT('',(62.,118.8,-2.460254222569E-14));
#15799 = VECTOR('',#15800,1.);
#15800 = DIRECTION('',(0.,2.22044604925E-16,1.));
#15801 = ORIENTED_EDGE('',*,*,#15802,.F.);
#15802 = EDGE_CURVE('',#15771,#15795,#15803,.T.);
#15803 = LINE('',#15804,#15805);
#15804 = CARTESIAN_POINT('',(62.,14.,-1.7763568394E-15));
#15805 = VECTOR('',#15806,1.);
#15806 = DIRECTION('',(0.,1.,-2.22044604925E-16));
#15807 = PLANE('',#15808);
#15808 = AXIS2_PLACEMENT_3D('',#15809,#15810,#15811);
#15809 = CARTESIAN_POINT('',(62.,14.,-1.33226762955E-15));
#15810 = DIRECTION('',(-1.,0.,0.));
#15811 = DIRECTION('',(0.,1.,-2.22044604925E-16));
#15812 = ADVANCED_FACE('',(#15813),#15831,.T.);
#15813 = FACE_BOUND('',#15814,.T.);
#15814 = EDGE_LOOP('',(#15815,#15816,#15817,#15825));
#15815 = ORIENTED_EDGE('',*,*,#15794,.T.);
#15816 = ORIENTED_EDGE('',*,*,#15409,.T.);
#15817 = ORIENTED_EDGE('',*,*,#15818,.F.);
#15818 = EDGE_CURVE('',#15819,#15402,#15821,.T.);
#15819 = VERTEX_POINT('',#15820);
#15820 = CARTESIAN_POINT('',(54.,118.8,-2.48689957516E-14));
#15821 = LINE('',#15822,#15823);
#15822 = CARTESIAN_POINT('',(54.,118.8,-2.460254222569E-14));
#15823 = VECTOR('',#15824,1.);
#15824 = DIRECTION('',(0.,2.22044604925E-16,1.));
#15825 = ORIENTED_EDGE('',*,*,#15826,.F.);
#15826 = EDGE_CURVE('',#15795,#15819,#15827,.T.);
#15827 = LINE('',#15828,#15829);
#15828 = CARTESIAN_POINT('',(62.,118.8,-2.48689957516E-14));
#15829 = VECTOR('',#15830,1.);
#15830 = DIRECTION('',(-1.,0.,0.));
#15831 = PLANE('',#15832);
#15832 = AXIS2_PLACEMENT_3D('',#15833,#15834,#15835);
#15833 = CARTESIAN_POINT('',(62.,118.8,-2.460254222569E-14));
#15834 = DIRECTION('',(0.,-1.,2.22044604925E-16));
#15835 = DIRECTION('',(-1.,0.,0.));
#15836 = ADVANCED_FACE('',(#15837),#15848,.T.);
#15837 = FACE_BOUND('',#15838,.T.);
#15838 = EDGE_LOOP('',(#15839,#15840,#15841,#15842));
#15839 = ORIENTED_EDGE('',*,*,#15818,.T.);
#15840 = ORIENTED_EDGE('',*,*,#15401,.T.);
#15841 = ORIENTED_EDGE('',*,*,#15761,.F.);
#15842 = ORIENTED_EDGE('',*,*,#15843,.F.);
#15843 = EDGE_CURVE('',#15819,#15762,#15844,.T.);
#15844 = LINE('',#15845,#15846);
#15845 = CARTESIAN_POINT('',(54.,118.8,-2.48689957516E-14));
#15846 = VECTOR('',#15847,1.);
#15847 = DIRECTION('',(0.,-1.,2.22044604925E-16));
#15848 = PLANE('',#15849);
#15849 = AXIS2_PLACEMENT_3D('',#15850,#15851,#15852);
#15850 = CARTESIAN_POINT('',(54.,118.8,-2.460254222569E-14));
#15851 = DIRECTION('',(1.,0.,0.));
#15852 = DIRECTION('',(0.,-1.,2.22044604925E-16));
#15853 = ADVANCED_FACE('',(#15854),#15879,.T.);
#15854 = FACE_BOUND('',#15855,.T.);
#15855 = EDGE_LOOP('',(#15856,#15864,#15865,#15873));
#15856 = ORIENTED_EDGE('',*,*,#15857,.T.);
#15857 = EDGE_CURVE('',#15858,#15426,#15860,.T.);
#15858 = VERTEX_POINT('',#15859);
#15859 = CARTESIAN_POINT('',(67.,14.,0.));
#15860 = LINE('',#15861,#15862);
#15861 = CARTESIAN_POINT('',(67.,14.,-1.33226762955E-15));
#15862 = VECTOR('',#15863,1.);
#15863 = DIRECTION('',(0.,2.22044604925E-16,1.));
#15864 = ORIENTED_EDGE('',*,*,#15425,.T.);
#15865 = ORIENTED_EDGE('',*,*,#15866,.F.);
#15866 = EDGE_CURVE('',#15867,#15428,#15869,.T.);
#15867 = VERTEX_POINT('',#15868);
#15868 = CARTESIAN_POINT('',(75.,14.,0.));
#15869 = LINE('',#15870,#15871);
#15870 = CARTESIAN_POINT('',(75.,14.,-1.33226762955E-15));
#15871 = VECTOR('',#15872,1.);
#15872 = DIRECTION('',(0.,2.22044604925E-16,1.));
#15873 = ORIENTED_EDGE('',*,*,#15874,.F.);
#15874 = EDGE_CURVE('',#15858,#15867,#15875,.T.);
#15875 = LINE('',#15876,#15877);
#15876 = CARTESIAN_POINT('',(67.,14.,-1.7763568394E-15));
#15877 = VECTOR('',#15878,1.);
#15878 = DIRECTION('',(1.,0.,0.));
#15879 = PLANE('',#15880);
#15880 = AXIS2_PLACEMENT_3D('',#15881,#15882,#15883);
#15881 = CARTESIAN_POINT('',(67.,14.,-1.33226762955E-15));
#15882 = DIRECTION('',(0.,1.,-2.22044604925E-16));
#15883 = DIRECTION('',(1.,0.,0.));
#15884 = ADVANCED_FACE('',(#15885),#15903,.T.);
#15885 = FACE_BOUND('',#15886,.T.);
#15886 = EDGE_LOOP('',(#15887,#15888,#15889,#15897));
#15887 = ORIENTED_EDGE('',*,*,#15866,.T.);
#15888 = ORIENTED_EDGE('',*,*,#15451,.T.);
#15889 = ORIENTED_EDGE('',*,*,#15890,.F.);
#15890 = EDGE_CURVE('',#15891,#15444,#15893,.T.);
#15891 = VERTEX_POINT('',#15892);
#15892 = CARTESIAN_POINT('',(75.,118.8,-2.48689957516E-14));
#15893 = LINE('',#15894,#15895);
#15894 = CARTESIAN_POINT('',(75.,118.8,-2.460254222569E-14));
#15895 = VECTOR('',#15896,1.);
#15896 = DIRECTION('',(0.,2.22044604925E-16,1.));
#15897 = ORIENTED_EDGE('',*,*,#15898,.F.);
#15898 = EDGE_CURVE('',#15867,#15891,#15899,.T.);
#15899 = LINE('',#15900,#15901);
#15900 = CARTESIAN_POINT('',(75.,14.,-1.7763568394E-15));
#15901 = VECTOR('',#15902,1.);
#15902 = DIRECTION('',(0.,1.,-2.22044604925E-16));
#15903 = PLANE('',#15904);
#15904 = AXIS2_PLACEMENT_3D('',#15905,#15906,#15907);
#15905 = CARTESIAN_POINT('',(75.,14.,-1.33226762955E-15));
#15906 = DIRECTION('',(-1.,0.,0.));
#15907 = DIRECTION('',(0.,1.,-2.22044604925E-16));
#15908 = ADVANCED_FACE('',(#15909),#15927,.T.);
#15909 = FACE_BOUND('',#15910,.T.);
#15910 = EDGE_LOOP('',(#15911,#15912,#15913,#15921));
#15911 = ORIENTED_EDGE('',*,*,#15890,.T.);
#15912 = ORIENTED_EDGE('',*,*,#15443,.T.);
#15913 = ORIENTED_EDGE('',*,*,#15914,.F.);
#15914 = EDGE_CURVE('',#15915,#15436,#15917,.T.);
#15915 = VERTEX_POINT('',#15916);
#15916 = CARTESIAN_POINT('',(67.,118.8,-2.48689957516E-14));
#15917 = LINE('',#15918,#15919);
#15918 = CARTESIAN_POINT('',(67.,118.8,-2.460254222569E-14));
#15919 = VECTOR('',#15920,1.);
#15920 = DIRECTION('',(0.,2.22044604925E-16,1.));
#15921 = ORIENTED_EDGE('',*,*,#15922,.F.);
#15922 = EDGE_CURVE('',#15891,#15915,#15923,.T.);
#15923 = LINE('',#15924,#15925);
#15924 = CARTESIAN_POINT('',(75.,118.8,-2.48689957516E-14));
#15925 = VECTOR('',#15926,1.);
#15926 = DIRECTION('',(-1.,0.,0.));
#15927 = PLANE('',#15928);
#15928 = AXIS2_PLACEMENT_3D('',#15929,#15930,#15931);
#15929 = CARTESIAN_POINT('',(75.,118.8,-2.460254222569E-14));
#15930 = DIRECTION('',(0.,-1.,2.22044604925E-16));
#15931 = DIRECTION('',(-1.,0.,0.));
#15932 = ADVANCED_FACE('',(#15933),#15944,.T.);
#15933 = FACE_BOUND('',#15934,.T.);
#15934 = EDGE_LOOP('',(#15935,#15936,#15937,#15938));
#15935 = ORIENTED_EDGE('',*,*,#15914,.T.);
#15936 = ORIENTED_EDGE('',*,*,#15435,.T.);
#15937 = ORIENTED_EDGE('',*,*,#15857,.F.);
#15938 = ORIENTED_EDGE('',*,*,#15939,.F.);
#15939 = EDGE_CURVE('',#15915,#15858,#15940,.T.);
#15940 = LINE('',#15941,#15942);
#15941 = CARTESIAN_POINT('',(67.,118.8,-2.48689957516E-14));
#15942 = VECTOR('',#15943,1.);
#15943 = DIRECTION('',(0.,-1.,2.22044604925E-16));
#15944 = PLANE('',#15945);
#15945 = AXIS2_PLACEMENT_3D('',#15946,#15947,#15948);
#15946 = CARTESIAN_POINT('',(67.,118.8,-2.460254222569E-14));
#15947 = DIRECTION('',(1.,0.,0.));
#15948 = DIRECTION('',(0.,-1.,2.22044604925E-16));
#15949 = ADVANCED_FACE('',(#15950),#15975,.T.);
#15950 = FACE_BOUND('',#15951,.T.);
#15951 = EDGE_LOOP('',(#15952,#15960,#15961,#15969));
#15952 = ORIENTED_EDGE('',*,*,#15953,.T.);
#15953 = EDGE_CURVE('',#15954,#15460,#15956,.T.);
#15954 = VERTEX_POINT('',#15955);
#15955 = CARTESIAN_POINT('',(80.,14.,0.));
#15956 = LINE('',#15957,#15958);
#15957 = CARTESIAN_POINT('',(80.,14.,-1.33226762955E-15));
#15958 = VECTOR('',#15959,1.);
#15959 = DIRECTION('',(0.,2.22044604925E-16,1.));
#15960 = ORIENTED_EDGE('',*,*,#15459,.T.);
#15961 = ORIENTED_EDGE('',*,*,#15962,.F.);
#15962 = EDGE_CURVE('',#15963,#15462,#15965,.T.);
#15963 = VERTEX_POINT('',#15964);
#15964 = CARTESIAN_POINT('',(88.,14.,0.));
#15965 = LINE('',#15966,#15967);
#15966 = CARTESIAN_POINT('',(88.,14.,-1.33226762955E-15));
#15967 = VECTOR('',#15968,1.);
#15968 = DIRECTION('',(0.,2.22044604925E-16,1.));
#15969 = ORIENTED_EDGE('',*,*,#15970,.F.);
#15970 = EDGE_CURVE('',#15954,#15963,#15971,.T.);
#15971 = LINE('',#15972,#15973);
#15972 = CARTESIAN_POINT('',(80.,14.,-1.7763568394E-15));
#15973 = VECTOR('',#15974,1.);
#15974 = DIRECTION('',(1.,0.,0.));
#15975 = PLANE('',#15976);
#15976 = AXIS2_PLACEMENT_3D('',#15977,#15978,#15979);
#15977 = CARTESIAN_POINT('',(80.,14.,-1.33226762955E-15));
#15978 = DIRECTION('',(0.,1.,-2.22044604925E-16));
#15979 = DIRECTION('',(1.,0.,0.));
#15980 = ADVANCED_FACE('',(#15981),#15999,.T.);
#15981 = FACE_BOUND('',#15982,.T.);
#15982 = EDGE_LOOP('',(#15983,#15984,#15985,#15993));
#15983 = ORIENTED_EDGE('',*,*,#15962,.T.);
#15984 = ORIENTED_EDGE('',*,*,#15485,.T.);
#15985 = ORIENTED_EDGE('',*,*,#15986,.F.);
#15986 = EDGE_CURVE('',#15987,#15478,#15989,.T.);
#15987 = VERTEX_POINT('',#15988);
#15988 = CARTESIAN_POINT('',(88.,118.8,-2.48689957516E-14));
#15989 = LINE('',#15990,#15991);
#15990 = CARTESIAN_POINT('',(88.,118.8,-2.460254222569E-14));
#15991 = VECTOR('',#15992,1.);
#15992 = DIRECTION('',(0.,2.22044604925E-16,1.));
#15993 = ORIENTED_EDGE('',*,*,#15994,.F.);
#15994 = EDGE_CURVE('',#15963,#15987,#15995,.T.);
#15995 = LINE('',#15996,#15997);
#15996 = CARTESIAN_POINT('',(88.,14.,-1.7763568394E-15));
#15997 = VECTOR('',#15998,1.);
#15998 = DIRECTION('',(0.,1.,-2.22044604925E-16));
#15999 = PLANE('',#16000);
#16000 = AXIS2_PLACEMENT_3D('',#16001,#16002,#16003);
#16001 = CARTESIAN_POINT('',(88.,14.,-1.33226762955E-15));
#16002 = DIRECTION('',(-1.,0.,0.));
#16003 = DIRECTION('',(0.,1.,-2.22044604925E-16));
#16004 = ADVANCED_FACE('',(#16005),#16023,.T.);
#16005 = FACE_BOUND('',#16006,.T.);
#16006 = EDGE_LOOP('',(#16007,#16008,#16009,#16017));
#16007 = ORIENTED_EDGE('',*,*,#15986,.T.);
#16008 = ORIENTED_EDGE('',*,*,#15477,.T.);
#16009 = ORIENTED_EDGE('',*,*,#16010,.F.);
#16010 = EDGE_CURVE('',#16011,#15470,#16013,.T.);
#16011 = VERTEX_POINT('',#16012);
#16012 = CARTESIAN_POINT('',(80.,118.8,-2.48689957516E-14));
#16013 = LINE('',#16014,#16015);
#16014 = CARTESIAN_POINT('',(80.,118.8,-2.460254222569E-14));
#16015 = VECTOR('',#16016,1.);
#16016 = DIRECTION('',(0.,2.22044604925E-16,1.));
#16017 = ORIENTED_EDGE('',*,*,#16018,.F.);
#16018 = EDGE_CURVE('',#15987,#16011,#16019,.T.);
#16019 = LINE('',#16020,#16021);
#16020 = CARTESIAN_POINT('',(88.,118.8,-2.48689957516E-14));
#16021 = VECTOR('',#16022,1.);
#16022 = DIRECTION('',(-1.,0.,0.));
#16023 = PLANE('',#16024);
#16024 = AXIS2_PLACEMENT_3D('',#16025,#16026,#16027);
#16025 = CARTESIAN_POINT('',(88.,118.8,-2.460254222569E-14));
#16026 = DIRECTION('',(0.,-1.,2.22044604925E-16));
#16027 = DIRECTION('',(-1.,0.,0.));
#16028 = ADVANCED_FACE('',(#16029),#16040,.T.);
#16029 = FACE_BOUND('',#16030,.T.);
#16030 = EDGE_LOOP('',(#16031,#16032,#16033,#16034));
#16031 = ORIENTED_EDGE('',*,*,#16010,.T.);
#16032 = ORIENTED_EDGE('',*,*,#15469,.T.);
#16033 = ORIENTED_EDGE('',*,*,#15953,.F.);
#16034 = ORIENTED_EDGE('',*,*,#16035,.F.);
#16035 = EDGE_CURVE('',#16011,#15954,#16036,.T.);
#16036 = LINE('',#16037,#16038);
#16037 = CARTESIAN_POINT('',(80.,118.8,-2.48689957516E-14));
#16038 = VECTOR('',#16039,1.);
#16039 = DIRECTION('',(0.,-1.,2.22044604925E-16));
#16040 = PLANE('',#16041);
#16041 = AXIS2_PLACEMENT_3D('',#16042,#16043,#16044);
#16042 = CARTESIAN_POINT('',(80.,118.8,-2.460254222569E-14));
#16043 = DIRECTION('',(1.,0.,0.));
#16044 = DIRECTION('',(0.,-1.,2.22044604925E-16));
#16045 = ADVANCED_FACE('',(#16046),#16071,.T.);
#16046 = FACE_BOUND('',#16047,.T.);
#16047 = EDGE_LOOP('',(#16048,#16056,#16064,#16070));
#16048 = ORIENTED_EDGE('',*,*,#16049,.T.);
#16049 = EDGE_CURVE('',#15644,#16050,#16052,.T.);
#16050 = VERTEX_POINT('',#16051);
#16051 = CARTESIAN_POINT('',(98.7,127.8,11.225));
#16052 = LINE('',#16053,#16054);
#16053 = CARTESIAN_POINT('',(98.7,124.8,11.225));
#16054 = VECTOR('',#16055,1.);
#16055 = DIRECTION('',(0.,1.,-3.330669073875E-16));
#16056 = ORIENTED_EDGE('',*,*,#16057,.T.);
#16057 = EDGE_CURVE('',#16050,#16058,#16060,.T.);
#16058 = VERTEX_POINT('',#16059);
#16059 = CARTESIAN_POINT('',(-29.7,127.8,11.225));
#16060 = LINE('',#16061,#16062);
#16061 = CARTESIAN_POINT('',(98.7,127.8,11.225));
#16062 = VECTOR('',#16063,1.);
#16063 = DIRECTION('',(-1.,0.,0.));
#16064 = ORIENTED_EDGE('',*,*,#16065,.F.);
#16065 = EDGE_CURVE('',#15636,#16058,#16066,.T.);
#16066 = LINE('',#16067,#16068);
#16067 = CARTESIAN_POINT('',(-29.7,124.8,11.225));
#16068 = VECTOR('',#16069,1.);
#16069 = DIRECTION('',(0.,1.,-3.330669073875E-16));
#16070 = ORIENTED_EDGE('',*,*,#15643,.F.);
#16071 = PLANE('',#16072);
#16072 = AXIS2_PLACEMENT_3D('',#16073,#16074,#16075);
#16073 = CARTESIAN_POINT('',(98.7,124.8,11.225));
#16074 = DIRECTION('',(0.,3.330669073875E-16,1.));
#16075 = DIRECTION('',(-1.,0.,0.));
#16076 = ADVANCED_FACE('',(#16077),#16118,.T.);
#16077 = FACE_BOUND('',#16078,.F.);
#16078 = EDGE_LOOP('',(#16079,#16089,#16097,#16105,#16111,#16112));
#16079 = ORIENTED_EDGE('',*,*,#16080,.T.);
#16080 = EDGE_CURVE('',#16081,#16083,#16085,.T.);
#16081 = VERTEX_POINT('',#16082);
#16082 = CARTESIAN_POINT('',(-29.7,127.8,3.));
#16083 = VERTEX_POINT('',#16084);
#16084 = CARTESIAN_POINT('',(30.,127.8,3.));
#16085 = LINE('',#16086,#16087);
#16086 = CARTESIAN_POINT('',(-29.7,127.8,3.));
#16087 = VECTOR('',#16088,1.);
#16088 = DIRECTION('',(1.,0.,0.));
#16089 = ORIENTED_EDGE('',*,*,#16090,.T.);
#16090 = EDGE_CURVE('',#16083,#16091,#16093,.T.);
#16091 = VERTEX_POINT('',#16092);
#16092 = CARTESIAN_POINT('',(30.,127.8,-1.42108547152E-14));
#16093 = LINE('',#16094,#16095);
#16094 = CARTESIAN_POINT('',(30.,127.8,3.));
#16095 = VECTOR('',#16096,1.);
#16096 = DIRECTION('',(-1.184237892934E-15,-3.330669073875E-16,-1.));
#16097 = ORIENTED_EDGE('',*,*,#16098,.T.);
#16098 = EDGE_CURVE('',#16091,#16099,#16101,.T.);
#16099 = VERTEX_POINT('',#16100);
#16100 = CARTESIAN_POINT('',(98.7,127.8,-1.42108547152E-14));
#16101 = LINE('',#16102,#16103);
#16102 = CARTESIAN_POINT('',(30.,127.8,-1.42108547152E-14));
#16103 = VECTOR('',#16104,1.);
#16104 = DIRECTION('',(1.,0.,0.));
#16105 = ORIENTED_EDGE('',*,*,#16106,.T.);
#16106 = EDGE_CURVE('',#16099,#16050,#16107,.T.);
#16107 = LINE('',#16108,#16109);
#16108 = CARTESIAN_POINT('',(98.7,127.8,-1.42108547152E-14));
#16109 = VECTOR('',#16110,1.);
#16110 = DIRECTION('',(0.,3.330669073875E-16,1.));
#16111 = ORIENTED_EDGE('',*,*,#16057,.T.);
#16112 = ORIENTED_EDGE('',*,*,#16113,.T.);
#16113 = EDGE_CURVE('',#16058,#16081,#16114,.T.);
#16114 = LINE('',#16115,#16116);
#16115 = CARTESIAN_POINT('',(-29.7,127.8,11.225));
#16116 = VECTOR('',#16117,1.);
#16117 = DIRECTION('',(4.319408728025E-16,-3.330669073875E-16,-1.));
#16118 = PLANE('',#16119);
#16119 = AXIS2_PLACEMENT_3D('',#16120,#16121,#16122);
#16120 = CARTESIAN_POINT('',(35.141360787825,127.8,6.253860787825));
#16121 = DIRECTION('',(0.,1.,-1.110223024625E-16));
#16122 = DIRECTION('',(0.,1.110223024625E-16,1.));
#16123 = ADVANCED_FACE('',(#16124),#16142,.T.);
#16124 = FACE_BOUND('',#16125,.T.);
#16125 = EDGE_LOOP('',(#16126,#16134,#16140,#16141));
#16126 = ORIENTED_EDGE('',*,*,#16127,.T.);
#16127 = EDGE_CURVE('',#15606,#16128,#16130,.T.);
#16128 = VERTEX_POINT('',#16129);
#16129 = CARTESIAN_POINT('',(98.8,136.4,6.));
#16130 = LINE('',#16131,#16132);
#16131 = CARTESIAN_POINT('',(98.8,124.8,6.));
#16132 = VECTOR('',#16133,1.);
#16133 = DIRECTION('',(0.,1.,-7.771561172376E-16));
#16134 = ORIENTED_EDGE('',*,*,#16135,.T.);
#16135 = EDGE_CURVE('',#16128,#15532,#16136,.T.);
#16136 = LINE('',#16137,#16138);
#16137 = CARTESIAN_POINT('',(98.8,136.4,6.));
#16138 = VECTOR('',#16139,1.);
#16139 = DIRECTION('',(0.,-7.771561172376E-16,-1.));
#16140 = ORIENTED_EDGE('',*,*,#15531,.F.);
#16141 = ORIENTED_EDGE('',*,*,#15613,.F.);
#16142 = PLANE('',#16143);
#16143 = AXIS2_PLACEMENT_3D('',#16144,#16145,#16146);
#16144 = CARTESIAN_POINT('',(98.8,124.8,6.));
#16145 = DIRECTION('',(-1.,0.,0.));
#16146 = DIRECTION('',(0.,-7.771561172376E-16,-1.));
#16147 = ADVANCED_FACE('',(#16148),#16159,.T.);
#16148 = FACE_BOUND('',#16149,.F.);
#16149 = EDGE_LOOP('',(#16150,#16151,#16152,#16158));
#16150 = ORIENTED_EDGE('',*,*,#15539,.T.);
#16151 = ORIENTED_EDGE('',*,*,#15563,.T.);
#16152 = ORIENTED_EDGE('',*,*,#16153,.T.);
#16153 = EDGE_CURVE('',#15564,#16128,#16154,.T.);
#16154 = LINE('',#16155,#16156);
#16155 = CARTESIAN_POINT('',(106.8,136.4,6.));
#16156 = VECTOR('',#16157,1.);
#16157 = DIRECTION('',(-1.,0.,0.));
#16158 = ORIENTED_EDGE('',*,*,#16135,.T.);
#16159 = PLANE('',#16160);
#16160 = AXIS2_PLACEMENT_3D('',#16161,#16162,#16163);
#16161 = CARTESIAN_POINT('',(102.8,136.4,4.5));
#16162 = DIRECTION('',(0.,1.,-5.551115123126E-16));
#16163 = DIRECTION('',(0.,5.551115123126E-16,1.));
#16164 = ADVANCED_FACE('',(#16165),#16171,.T.);
#16165 = FACE_BOUND('',#16166,.T.);
#16166 = EDGE_LOOP('',(#16167,#16168,#16169,#16170));
#16167 = ORIENTED_EDGE('',*,*,#15605,.F.);
#16168 = ORIENTED_EDGE('',*,*,#15571,.T.);
#16169 = ORIENTED_EDGE('',*,*,#16153,.T.);
#16170 = ORIENTED_EDGE('',*,*,#16127,.F.);
#16171 = PLANE('',#16172);
#16172 = AXIS2_PLACEMENT_3D('',#16173,#16174,#16175);
#16173 = CARTESIAN_POINT('',(41.363514533786,69.386485466214,6.));
#16174 = DIRECTION('',(0.,6.661338147751E-16,1.));
#16175 = DIRECTION('',(0.,-1.,6.661338147751E-16));
#16176 = ADVANCED_FACE('',(#16177),#16189,.T.);
#16177 = FACE_BOUND('',#16178,.T.);
#16178 = EDGE_LOOP('',(#16179,#16185,#16186,#16187,#16188));
#16179 = ORIENTED_EDGE('',*,*,#16180,.T.);
#16180 = EDGE_CURVE('',#15596,#16099,#16181,.T.);
#16181 = LINE('',#16182,#16183);
#16182 = CARTESIAN_POINT('',(98.7,124.8,-1.296740492762E-14));
#16183 = VECTOR('',#16184,1.);
#16184 = DIRECTION('',(0.,1.,-3.330669073875E-16));
#16185 = ORIENTED_EDGE('',*,*,#16106,.T.);
#16186 = ORIENTED_EDGE('',*,*,#16049,.F.);
#16187 = ORIENTED_EDGE('',*,*,#15651,.F.);
#16188 = ORIENTED_EDGE('',*,*,#15595,.F.);
#16189 = PLANE('',#16190);
#16190 = AXIS2_PLACEMENT_3D('',#16191,#16192,#16193);
#16191 = CARTESIAN_POINT('',(98.7,124.8,-1.296740492762E-14));
#16192 = DIRECTION('',(1.,0.,0.));
#16193 = DIRECTION('',(0.,3.330669073875E-16,1.));
#16194 = ADVANCED_FACE('',(#16195,#16211,#16222,#16233,#16244),#16255,
  .T.);
#16195 = FACE_BOUND('',#16196,.T.);
#16196 = EDGE_LOOP('',(#16197,#16203,#16204,#16210));
#16197 = ORIENTED_EDGE('',*,*,#16198,.T.);
#16198 = EDGE_CURVE('',#15253,#16081,#16199,.T.);
#16199 = LINE('',#16200,#16201);
#16200 = CARTESIAN_POINT('',(-29.7,8.,3.));
#16201 = VECTOR('',#16202,1.);
#16202 = DIRECTION('',(0.,1.,-8.881784197001E-16));
#16203 = ORIENTED_EDGE('',*,*,#16080,.T.);
#16204 = ORIENTED_EDGE('',*,*,#16205,.F.);
#16205 = EDGE_CURVE('',#15255,#16083,#16206,.T.);
#16206 = LINE('',#16207,#16208);
#16207 = CARTESIAN_POINT('',(30.,124.8,3.));
#16208 = VECTOR('',#16209,1.);
#16209 = DIRECTION('',(0.,1.,-3.330669073875E-16));
#16210 = ORIENTED_EDGE('',*,*,#15252,.F.);
#16211 = FACE_BOUND('',#16212,.T.);
#16212 = EDGE_LOOP('',(#16213));
#16213 = ORIENTED_EDGE('',*,*,#16214,.T.);
#16214 = EDGE_CURVE('',#16215,#16215,#16217,.T.);
#16215 = VERTEX_POINT('',#16216);
#16216 = CARTESIAN_POINT('',(-19.5,110.,3.));
#16217 = CIRCLE('',#16218,2.5);
#16218 = AXIS2_PLACEMENT_3D('',#16219,#16220,#16221);
#16219 = CARTESIAN_POINT('',(-22.,110.,3.));
#16220 = DIRECTION('',(-0.,4.440892098501E-16,1.));
#16221 = DIRECTION('',(1.,0.,0.));
#16222 = FACE_BOUND('',#16223,.T.);
#16223 = EDGE_LOOP('',(#16224));
#16224 = ORIENTED_EDGE('',*,*,#16225,.T.);
#16225 = EDGE_CURVE('',#16226,#16226,#16228,.T.);
#16226 = VERTEX_POINT('',#16227);
#16227 = CARTESIAN_POINT('',(24.5,110.,3.));
#16228 = CIRCLE('',#16229,2.5);
#16229 = AXIS2_PLACEMENT_3D('',#16230,#16231,#16232);
#16230 = CARTESIAN_POINT('',(22.,110.,3.));
#16231 = DIRECTION('',(-0.,4.440892098501E-16,1.));
#16232 = DIRECTION('',(1.,0.,0.));
#16233 = FACE_BOUND('',#16234,.T.);
#16234 = EDGE_LOOP('',(#16235));
#16235 = ORIENTED_EDGE('',*,*,#16236,.T.);
#16236 = EDGE_CURVE('',#16237,#16237,#16239,.T.);
#16237 = VERTEX_POINT('',#16238);
#16238 = CARTESIAN_POINT('',(-19.5,20.,3.));
#16239 = CIRCLE('',#16240,2.5);
#16240 = AXIS2_PLACEMENT_3D('',#16241,#16242,#16243);
#16241 = CARTESIAN_POINT('',(-22.,20.,3.));
#16242 = DIRECTION('',(-0.,4.440892098501E-16,1.));
#16243 = DIRECTION('',(1.,0.,0.));
#16244 = FACE_BOUND('',#16245,.T.);
#16245 = EDGE_LOOP('',(#16246));
#16246 = ORIENTED_EDGE('',*,*,#16247,.T.);
#16247 = EDGE_CURVE('',#16248,#16248,#16250,.T.);
#16248 = VERTEX_POINT('',#16249);
#16249 = CARTESIAN_POINT('',(24.5,20.,3.));
#16250 = CIRCLE('',#16251,2.5);
#16251 = AXIS2_PLACEMENT_3D('',#16252,#16253,#16254);
#16252 = CARTESIAN_POINT('',(22.,20.,3.));
#16253 = DIRECTION('',(-0.,4.440892098501E-16,1.));
#16254 = DIRECTION('',(1.,0.,0.));
#16255 = PLANE('',#16256);
#16256 = AXIS2_PLACEMENT_3D('',#16257,#16258,#16259);
#16257 = CARTESIAN_POINT('',(0.15,67.9,3.));
#16258 = DIRECTION('',(0.,-5.972842456121E-16,-1.));
#16259 = DIRECTION('',(0.,1.,-5.972842456121E-16));
#16260 = ADVANCED_FACE('',(#16261),#16280,.T.);
#16261 = FACE_BOUND('',#16262,.T.);
#16262 = EDGE_LOOP('',(#16263,#16271,#16278,#16279));
#16263 = ORIENTED_EDGE('',*,*,#16264,.T.);
#16264 = EDGE_CURVE('',#16215,#16265,#16267,.T.);
#16265 = VERTEX_POINT('',#16266);
#16266 = CARTESIAN_POINT('',(-19.5,110.,-4.440892098501E-14));
#16267 = LINE('',#16268,#16269);
#16268 = CARTESIAN_POINT('',(-19.5,110.,3.));
#16269 = VECTOR('',#16270,1.);
#16270 = DIRECTION('',(-0.,-4.440892098501E-16,-1.));
#16271 = ORIENTED_EDGE('',*,*,#16272,.T.);
#16272 = EDGE_CURVE('',#16265,#16265,#16273,.T.);
#16273 = CIRCLE('',#16274,2.5);
#16274 = AXIS2_PLACEMENT_3D('',#16275,#16276,#16277);
#16275 = CARTESIAN_POINT('',(-22.,110.,-4.707345624411E-14));
#16276 = DIRECTION('',(-0.,4.440892098501E-16,1.));
#16277 = DIRECTION('',(1.,0.,0.));
#16278 = ORIENTED_EDGE('',*,*,#16264,.F.);
#16279 = ORIENTED_EDGE('',*,*,#16214,.F.);
#16280 = CYLINDRICAL_SURFACE('',#16281,2.5);
#16281 = AXIS2_PLACEMENT_3D('',#16282,#16283,#16284);
#16282 = CARTESIAN_POINT('',(-22.,110.,3.));
#16283 = DIRECTION('',(0.,4.440892098501E-16,1.));
#16284 = DIRECTION('',(1.,0.,0.));
#16285 = ADVANCED_FACE('',(#16286),#16289,.F.);
#16286 = FACE_BOUND('',#16287,.F.);
#16287 = EDGE_LOOP('',(#16288));
#16288 = ORIENTED_EDGE('',*,*,#16272,.T.);
#16289 = PLANE('',#16290);
#16290 = AXIS2_PLACEMENT_3D('',#16291,#16292,#16293);
#16291 = CARTESIAN_POINT('',(9.572080927776E-16,65.,-2.48689957516E-14)
  );
#16292 = DIRECTION('',(0.,4.440892098501E-16,1.));
#16293 = DIRECTION('',(1.,0.,0.));
#16294 = ADVANCED_FACE('',(#16295),#16314,.T.);
#16295 = FACE_BOUND('',#16296,.T.);
#16296 = EDGE_LOOP('',(#16297,#16305,#16312,#16313));
#16297 = ORIENTED_EDGE('',*,*,#16298,.T.);
#16298 = EDGE_CURVE('',#16226,#16299,#16301,.T.);
#16299 = VERTEX_POINT('',#16300);
#16300 = CARTESIAN_POINT('',(24.5,110.,-4.440892098501E-14));
#16301 = LINE('',#16302,#16303);
#16302 = CARTESIAN_POINT('',(24.5,110.,3.));
#16303 = VECTOR('',#16304,1.);
#16304 = DIRECTION('',(-0.,-4.440892098501E-16,-1.));
#16305 = ORIENTED_EDGE('',*,*,#16306,.T.);
#16306 = EDGE_CURVE('',#16299,#16299,#16307,.T.);
#16307 = CIRCLE('',#16308,2.5);
#16308 = AXIS2_PLACEMENT_3D('',#16309,#16310,#16311);
#16309 = CARTESIAN_POINT('',(22.,110.,-4.707345624411E-14));
#16310 = DIRECTION('',(-0.,4.440892098501E-16,1.));
#16311 = DIRECTION('',(1.,0.,0.));
#16312 = ORIENTED_EDGE('',*,*,#16298,.F.);
#16313 = ORIENTED_EDGE('',*,*,#16225,.F.);
#16314 = CYLINDRICAL_SURFACE('',#16315,2.5);
#16315 = AXIS2_PLACEMENT_3D('',#16316,#16317,#16318);
#16316 = CARTESIAN_POINT('',(22.,110.,3.));
#16317 = DIRECTION('',(0.,4.440892098501E-16,1.));
#16318 = DIRECTION('',(1.,0.,0.));
#16319 = ADVANCED_FACE('',(#16320),#16323,.F.);
#16320 = FACE_BOUND('',#16321,.F.);
#16321 = EDGE_LOOP('',(#16322));
#16322 = ORIENTED_EDGE('',*,*,#16306,.T.);
#16323 = PLANE('',#16324);
#16324 = AXIS2_PLACEMENT_3D('',#16325,#16326,#16327);
#16325 = CARTESIAN_POINT('',(9.572080927776E-16,65.,-2.48689957516E-14)
  );
#16326 = DIRECTION('',(0.,4.440892098501E-16,1.));
#16327 = DIRECTION('',(1.,0.,0.));
#16328 = ADVANCED_FACE('',(#16329),#16348,.T.);
#16329 = FACE_BOUND('',#16330,.T.);
#16330 = EDGE_LOOP('',(#16331,#16339,#16346,#16347));
#16331 = ORIENTED_EDGE('',*,*,#16332,.T.);
#16332 = EDGE_CURVE('',#16237,#16333,#16335,.T.);
#16333 = VERTEX_POINT('',#16334);
#16334 = CARTESIAN_POINT('',(-19.5,20.,-7.105427357601E-15));
#16335 = LINE('',#16336,#16337);
#16336 = CARTESIAN_POINT('',(-19.5,20.,3.));
#16337 = VECTOR('',#16338,1.);
#16338 = DIRECTION('',(-0.,-4.440892098501E-16,-1.));
#16339 = ORIENTED_EDGE('',*,*,#16340,.T.);
#16340 = EDGE_CURVE('',#16333,#16333,#16341,.T.);
#16341 = CIRCLE('',#16342,2.5);
#16342 = AXIS2_PLACEMENT_3D('',#16343,#16344,#16345);
#16343 = CARTESIAN_POINT('',(-22.,20.,-4.440892098501E-15));
#16344 = DIRECTION('',(-0.,4.440892098501E-16,1.));
#16345 = DIRECTION('',(1.,0.,0.));
#16346 = ORIENTED_EDGE('',*,*,#16332,.F.);
#16347 = ORIENTED_EDGE('',*,*,#16236,.F.);
#16348 = CYLINDRICAL_SURFACE('',#16349,2.5);
#16349 = AXIS2_PLACEMENT_3D('',#16350,#16351,#16352);
#16350 = CARTESIAN_POINT('',(-22.,20.,3.));
#16351 = DIRECTION('',(0.,4.440892098501E-16,1.));
#16352 = DIRECTION('',(1.,0.,0.));
#16353 = ADVANCED_FACE('',(#16354),#16357,.F.);
#16354 = FACE_BOUND('',#16355,.F.);
#16355 = EDGE_LOOP('',(#16356));
#16356 = ORIENTED_EDGE('',*,*,#16340,.T.);
#16357 = PLANE('',#16358);
#16358 = AXIS2_PLACEMENT_3D('',#16359,#16360,#16361);
#16359 = CARTESIAN_POINT('',(9.572080927776E-16,65.,-2.48689957516E-14)
  );
#16360 = DIRECTION('',(0.,4.440892098501E-16,1.));
#16361 = DIRECTION('',(1.,0.,0.));
#16362 = ADVANCED_FACE('',(#16363),#16382,.T.);
#16363 = FACE_BOUND('',#16364,.T.);
#16364 = EDGE_LOOP('',(#16365,#16373,#16380,#16381));
#16365 = ORIENTED_EDGE('',*,*,#16366,.T.);
#16366 = EDGE_CURVE('',#16248,#16367,#16369,.T.);
#16367 = VERTEX_POINT('',#16368);
#16368 = CARTESIAN_POINT('',(24.5,20.,-7.105427357601E-15));
#16369 = LINE('',#16370,#16371);
#16370 = CARTESIAN_POINT('',(24.5,20.,3.));
#16371 = VECTOR('',#16372,1.);
#16372 = DIRECTION('',(-0.,-4.440892098501E-16,-1.));
#16373 = ORIENTED_EDGE('',*,*,#16374,.T.);
#16374 = EDGE_CURVE('',#16367,#16367,#16375,.T.);
#16375 = CIRCLE('',#16376,2.5);
#16376 = AXIS2_PLACEMENT_3D('',#16377,#16378,#16379);
#16377 = CARTESIAN_POINT('',(22.,20.,-4.440892098501E-15));
#16378 = DIRECTION('',(-0.,4.440892098501E-16,1.));
#16379 = DIRECTION('',(1.,0.,0.));
#16380 = ORIENTED_EDGE('',*,*,#16366,.F.);
#16381 = ORIENTED_EDGE('',*,*,#16247,.F.);
#16382 = CYLINDRICAL_SURFACE('',#16383,2.5);
#16383 = AXIS2_PLACEMENT_3D('',#16384,#16385,#16386);
#16384 = CARTESIAN_POINT('',(22.,20.,3.));
#16385 = DIRECTION('',(0.,4.440892098501E-16,1.));
#16386 = DIRECTION('',(1.,0.,0.));
#16387 = ADVANCED_FACE('',(#16388),#16391,.F.);
#16388 = FACE_BOUND('',#16389,.F.);
#16389 = EDGE_LOOP('',(#16390));
#16390 = ORIENTED_EDGE('',*,*,#16374,.T.);
#16391 = PLANE('',#16392);
#16392 = AXIS2_PLACEMENT_3D('',#16393,#16394,#16395);
#16393 = CARTESIAN_POINT('',(9.572080927776E-16,65.,-2.48689957516E-14)
  );
#16394 = DIRECTION('',(0.,4.440892098501E-16,1.));
#16395 = DIRECTION('',(1.,0.,0.));
#16396 = ADVANCED_FACE('',(#16397),#16405,.T.);
#16397 = FACE_BOUND('',#16398,.T.);
#16398 = EDGE_LOOP('',(#16399,#16400,#16401,#16402,#16403,#16404));
#16399 = ORIENTED_EDGE('',*,*,#16198,.F.);
#16400 = ORIENTED_EDGE('',*,*,#15310,.F.);
#16401 = ORIENTED_EDGE('',*,*,#15349,.F.);
#16402 = ORIENTED_EDGE('',*,*,#15635,.F.);
#16403 = ORIENTED_EDGE('',*,*,#16065,.T.);
#16404 = ORIENTED_EDGE('',*,*,#16113,.T.);
#16405 = PLANE('',#16406);
#16406 = AXIS2_PLACEMENT_3D('',#16407,#16408,#16409);
#16407 = CARTESIAN_POINT('',(-29.7,69.268482718219,5.744017281781));
#16408 = DIRECTION('',(-1.,-8.129156391434E-32,-3.66104656953E-16));
#16409 = DIRECTION('',(3.66104656953E-16,-2.22044604925E-16,-1.));
#16410 = ADVANCED_FACE('',(#16411),#16422,.T.);
#16411 = FACE_BOUND('',#16412,.T.);
#16412 = EDGE_LOOP('',(#16413,#16414,#16415,#16421));
#16413 = ORIENTED_EDGE('',*,*,#16205,.T.);
#16414 = ORIENTED_EDGE('',*,*,#16090,.T.);
#16415 = ORIENTED_EDGE('',*,*,#16416,.F.);
#16416 = EDGE_CURVE('',#15263,#16091,#16417,.T.);
#16417 = LINE('',#16418,#16419);
#16418 = CARTESIAN_POINT('',(30.,124.8,-1.296740492762E-14));
#16419 = VECTOR('',#16420,1.);
#16420 = DIRECTION('',(0.,1.,-3.330669073875E-16));
#16421 = ORIENTED_EDGE('',*,*,#15262,.F.);
#16422 = PLANE('',#16423);
#16423 = AXIS2_PLACEMENT_3D('',#16424,#16425,#16426);
#16424 = CARTESIAN_POINT('',(30.,67.9,1.5));
#16425 = DIRECTION('',(-1.,2.629536350737E-31,1.184237892934E-15));
#16426 = DIRECTION('',(-1.184237892934E-15,-2.22044604925E-16,-1.));
#16427 = ADVANCED_FACE('',(#16428,#16436,#16442,#16448,#16454),#16460,
  .T.);
#16428 = FACE_BOUND('',#16429,.T.);
#16429 = EDGE_LOOP('',(#16430,#16431,#16432,#16433,#16434,#16435));
#16430 = ORIENTED_EDGE('',*,*,#16416,.T.);
#16431 = ORIENTED_EDGE('',*,*,#16098,.T.);
#16432 = ORIENTED_EDGE('',*,*,#16180,.F.);
#16433 = ORIENTED_EDGE('',*,*,#15620,.T.);
#16434 = ORIENTED_EDGE('',*,*,#15499,.F.);
#16435 = ORIENTED_EDGE('',*,*,#15270,.F.);
#16436 = FACE_BOUND('',#16437,.T.);
#16437 = EDGE_LOOP('',(#16438,#16439,#16440,#16441));
#16438 = ORIENTED_EDGE('',*,*,#15747,.T.);
#16439 = ORIENTED_EDGE('',*,*,#15682,.T.);
#16440 = ORIENTED_EDGE('',*,*,#15706,.T.);
#16441 = ORIENTED_EDGE('',*,*,#15730,.T.);
#16442 = FACE_BOUND('',#16443,.T.);
#16443 = EDGE_LOOP('',(#16444,#16445,#16446,#16447));
#16444 = ORIENTED_EDGE('',*,*,#15843,.T.);
#16445 = ORIENTED_EDGE('',*,*,#15778,.T.);
#16446 = ORIENTED_EDGE('',*,*,#15802,.T.);
#16447 = ORIENTED_EDGE('',*,*,#15826,.T.);
#16448 = FACE_BOUND('',#16449,.T.);
#16449 = EDGE_LOOP('',(#16450,#16451,#16452,#16453));
#16450 = ORIENTED_EDGE('',*,*,#15939,.T.);
#16451 = ORIENTED_EDGE('',*,*,#15874,.T.);
#16452 = ORIENTED_EDGE('',*,*,#15898,.T.);
#16453 = ORIENTED_EDGE('',*,*,#15922,.T.);
#16454 = FACE_BOUND('',#16455,.T.);
#16455 = EDGE_LOOP('',(#16456,#16457,#16458,#16459));
#16456 = ORIENTED_EDGE('',*,*,#16035,.T.);
#16457 = ORIENTED_EDGE('',*,*,#15970,.T.);
#16458 = ORIENTED_EDGE('',*,*,#15994,.T.);
#16459 = ORIENTED_EDGE('',*,*,#16018,.T.);
#16460 = PLANE('',#16461);
#16461 = AXIS2_PLACEMENT_3D('',#16462,#16463,#16464);
#16462 = CARTESIAN_POINT('',(64.39920466596,67.89920466596,
    -3.490833756146E-14));
#16463 = DIRECTION('',(0.,-5.73623707644E-16,-1.));
#16464 = DIRECTION('',(0.,1.,-5.73623707644E-16));
#16465 = MANIFOLD_SOLID_BREP('',#16466);
#16466 = CLOSED_SHELL('',(#16467,#16507,#16622,#16737,#16832,#16927,
    #16944,#16961,#16973,#17015,#17039,#17074,#17091,#17133,#17157,
    #17192,#17209,#17240,#17275,#17299,#17327,#17358,#17393,#17417,
    #17445,#17462,#17479,#17496,#17518,#17535,#17552,#17564,#17581,
    #17598,#17615,#17632,#17649,#17661,#17673,#17685));
#16467 = ADVANCED_FACE('',(#16468),#16502,.T.);
#16468 = FACE_BOUND('',#16469,.T.);
#16469 = EDGE_LOOP('',(#16470,#16480,#16488,#16496));
#16470 = ORIENTED_EDGE('',*,*,#16471,.T.);
#16471 = EDGE_CURVE('',#16472,#16474,#16476,.T.);
#16472 = VERTEX_POINT('',#16473);
#16473 = CARTESIAN_POINT('',(-106.8,0.,0.));
#16474 = VERTEX_POINT('',#16475);
#16475 = CARTESIAN_POINT('',(-106.8,8.,-6.217248937901E-15));
#16476 = LINE('',#16477,#16478);
#16477 = CARTESIAN_POINT('',(-106.8,0.,0.));
#16478 = VECTOR('',#16479,1.);
#16479 = DIRECTION('',(0.,1.,-7.771561172376E-16));
#16480 = ORIENTED_EDGE('',*,*,#16481,.T.);
#16481 = EDGE_CURVE('',#16474,#16482,#16484,.T.);
#16482 = VERTEX_POINT('',#16483);
#16483 = CARTESIAN_POINT('',(106.8,8.,-6.217248937901E-15));
#16484 = LINE('',#16485,#16486);
#16485 = CARTESIAN_POINT('',(-106.8,8.,-6.217248937901E-15));
#16486 = VECTOR('',#16487,1.);
#16487 = DIRECTION('',(1.,0.,0.));
#16488 = ORIENTED_EDGE('',*,*,#16489,.F.);
#16489 = EDGE_CURVE('',#16490,#16482,#16492,.T.);
#16490 = VERTEX_POINT('',#16491);
#16491 = CARTESIAN_POINT('',(106.8,0.,0.));
#16492 = LINE('',#16493,#16494);
#16493 = CARTESIAN_POINT('',(106.8,0.,0.));
#16494 = VECTOR('',#16495,1.);
#16495 = DIRECTION('',(0.,1.,-7.771561172376E-16));
#16496 = ORIENTED_EDGE('',*,*,#16497,.F.);
#16497 = EDGE_CURVE('',#16472,#16490,#16498,.T.);
#16498 = LINE('',#16499,#16500);
#16499 = CARTESIAN_POINT('',(-106.8,0.,0.));
#16500 = VECTOR('',#16501,1.);
#16501 = DIRECTION('',(1.,0.,0.));
#16502 = PLANE('',#16503);
#16503 = AXIS2_PLACEMENT_3D('',#16504,#16505,#16506);
#16504 = CARTESIAN_POINT('',(-106.8,0.,0.));
#16505 = DIRECTION('',(0.,-7.771561172376E-16,-1.));
#16506 = DIRECTION('',(1.,0.,0.));
#16507 = ADVANCED_FACE('',(#16508,#16549,#16583),#16617,.T.);
#16508 = FACE_BOUND('',#16509,.T.);
#16509 = EDGE_LOOP('',(#16510,#16520,#16528,#16536,#16542,#16543));
#16510 = ORIENTED_EDGE('',*,*,#16511,.T.);
#16511 = EDGE_CURVE('',#16512,#16514,#16516,.T.);
#16512 = VERTEX_POINT('',#16513);
#16513 = CARTESIAN_POINT('',(-106.8,3.454458941121E-14,44.45));
#16514 = VERTEX_POINT('',#16515);
#16515 = CARTESIAN_POINT('',(-106.8,20.,44.45));
#16516 = LINE('',#16517,#16518);
#16517 = CARTESIAN_POINT('',(-106.8,3.454458941121E-14,44.45));
#16518 = VECTOR('',#16519,1.);
#16519 = DIRECTION('',(0.,1.,-7.771561172376E-16));
#16520 = ORIENTED_EDGE('',*,*,#16521,.T.);
#16521 = EDGE_CURVE('',#16514,#16522,#16524,.T.);
#16522 = VERTEX_POINT('',#16523);
#16523 = CARTESIAN_POINT('',(-106.8,20.,37.025));
#16524 = LINE('',#16525,#16526);
#16525 = CARTESIAN_POINT('',(-106.8,20.,44.45));
#16526 = VECTOR('',#16527,1.);
#16527 = DIRECTION('',(0.,-5.551115123126E-16,-1.));
#16528 = ORIENTED_EDGE('',*,*,#16529,.F.);
#16529 = EDGE_CURVE('',#16530,#16522,#16532,.T.);
#16530 = VERTEX_POINT('',#16531);
#16531 = CARTESIAN_POINT('',(-106.8,8.,37.025));
#16532 = LINE('',#16533,#16534);
#16533 = CARTESIAN_POINT('',(-106.8,8.,37.025));
#16534 = VECTOR('',#16535,1.);
#16535 = DIRECTION('',(0.,1.,-5.551115123126E-16));
#16536 = ORIENTED_EDGE('',*,*,#16537,.T.);
#16537 = EDGE_CURVE('',#16530,#16474,#16538,.T.);
#16538 = LINE('',#16539,#16540);
#16539 = CARTESIAN_POINT('',(-106.8,8.,44.45));
#16540 = VECTOR('',#16541,1.);
#16541 = DIRECTION('',(0.,-7.771561172376E-16,-1.));
#16542 = ORIENTED_EDGE('',*,*,#16471,.F.);
#16543 = ORIENTED_EDGE('',*,*,#16544,.F.);
#16544 = EDGE_CURVE('',#16512,#16472,#16545,.T.);
#16545 = LINE('',#16546,#16547);
#16546 = CARTESIAN_POINT('',(-106.8,3.454458941121E-14,44.45));
#16547 = VECTOR('',#16548,1.);
#16548 = DIRECTION('',(0.,-7.771561172376E-16,-1.));
#16549 = FACE_BOUND('',#16550,.T.);
#16550 = EDGE_LOOP('',(#16551,#16561,#16569,#16577));
#16551 = ORIENTED_EDGE('',*,*,#16552,.T.);
#16552 = EDGE_CURVE('',#16553,#16555,#16557,.T.);
#16553 = VERTEX_POINT('',#16554);
#16554 = CARTESIAN_POINT('',(-106.8,1.35,35.355));
#16555 = VERTEX_POINT('',#16556);
#16556 = CARTESIAN_POINT('',(-106.8,1.35,24.965));
#16557 = LINE('',#16558,#16559);
#16558 = CARTESIAN_POINT('',(-106.8,1.35,23.94842901474));
#16559 = VECTOR('',#16560,1.);
#16560 = DIRECTION('',(0.,-1.110223024625E-16,-1.));
#16561 = ORIENTED_EDGE('',*,*,#16562,.T.);
#16562 = EDGE_CURVE('',#16555,#16563,#16565,.T.);
#16563 = VERTEX_POINT('',#16564);
#16564 = CARTESIAN_POINT('',(-106.8,6.65,24.965));
#16565 = LINE('',#16566,#16567);
#16566 = CARTESIAN_POINT('',(-106.8,3.95157098526,24.965));
#16567 = VECTOR('',#16568,1.);
#16568 = DIRECTION('',(0.,1.,-3.330669073875E-16));
#16569 = ORIENTED_EDGE('',*,*,#16570,.F.);
#16570 = EDGE_CURVE('',#16571,#16563,#16573,.T.);
#16571 = VERTEX_POINT('',#16572);
#16572 = CARTESIAN_POINT('',(-106.8,6.65,35.355));
#16573 = LINE('',#16574,#16575);
#16574 = CARTESIAN_POINT('',(-106.8,6.65,23.94842901474));
#16575 = VECTOR('',#16576,1.);
#16576 = DIRECTION('',(0.,-1.110223024625E-16,-1.));
#16577 = ORIENTED_EDGE('',*,*,#16578,.T.);
#16578 = EDGE_CURVE('',#16571,#16553,#16579,.T.);
#16579 = LINE('',#16580,#16581);
#16580 = CARTESIAN_POINT('',(-106.8,3.95157098526,35.355));
#16581 = VECTOR('',#16582,1.);
#16582 = DIRECTION('',(0.,-1.,3.330669073875E-16));
#16583 = FACE_BOUND('',#16584,.T.);
#16584 = EDGE_LOOP('',(#16585,#16595,#16603,#16611));
#16585 = ORIENTED_EDGE('',*,*,#16586,.T.);
#16586 = EDGE_CURVE('',#16587,#16589,#16591,.T.);
#16587 = VERTEX_POINT('',#16588);
#16588 = CARTESIAN_POINT('',(-106.8,1.35,19.485));
#16589 = VERTEX_POINT('',#16590);
#16590 = CARTESIAN_POINT('',(-106.8,1.35,9.095));
#16591 = LINE('',#16592,#16593);
#16592 = CARTESIAN_POINT('',(-106.8,1.35,23.94842901474));
#16593 = VECTOR('',#16594,1.);
#16594 = DIRECTION('',(0.,-1.110223024625E-16,-1.));
#16595 = ORIENTED_EDGE('',*,*,#16596,.T.);
#16596 = EDGE_CURVE('',#16589,#16597,#16599,.T.);
#16597 = VERTEX_POINT('',#16598);
#16598 = CARTESIAN_POINT('',(-106.8,6.65,9.095));
#16599 = LINE('',#16600,#16601);
#16600 = CARTESIAN_POINT('',(-106.8,3.95157098526,9.095));
#16601 = VECTOR('',#16602,1.);
#16602 = DIRECTION('',(0.,1.,-3.330669073875E-16));
#16603 = ORIENTED_EDGE('',*,*,#16604,.F.);
#16604 = EDGE_CURVE('',#16605,#16597,#16607,.T.);
#16605 = VERTEX_POINT('',#16606);
#16606 = CARTESIAN_POINT('',(-106.8,6.65,19.485));
#16607 = LINE('',#16608,#16609);
#16608 = CARTESIAN_POINT('',(-106.8,6.65,23.94842901474));
#16609 = VECTOR('',#16610,1.);
#16610 = DIRECTION('',(0.,-1.110223024625E-16,-1.));
#16611 = ORIENTED_EDGE('',*,*,#16612,.T.);
#16612 = EDGE_CURVE('',#16605,#16587,#16613,.T.);
#16613 = LINE('',#16614,#16615);
#16614 = CARTESIAN_POINT('',(-106.8,3.95157098526,19.485));
#16615 = VECTOR('',#16616,1.);
#16616 = DIRECTION('',(0.,-1.,3.330669073875E-16));
#16617 = PLANE('',#16618);
#16618 = AXIS2_PLACEMENT_3D('',#16619,#16620,#16621);
#16619 = CARTESIAN_POINT('',(-106.8,6.55314197052,25.67185802948));
#16620 = DIRECTION('',(-1.,0.,-0.));
#16621 = DIRECTION('',(0.,1.,-4.440892098501E-16));
#16622 = ADVANCED_FACE('',(#16623,#16664,#16698),#16732,.T.);
#16623 = FACE_BOUND('',#16624,.T.);
#16624 = EDGE_LOOP('',(#16625,#16626,#16634,#16642,#16650,#16658));
#16625 = ORIENTED_EDGE('',*,*,#16489,.T.);
#16626 = ORIENTED_EDGE('',*,*,#16627,.T.);
#16627 = EDGE_CURVE('',#16482,#16628,#16630,.T.);
#16628 = VERTEX_POINT('',#16629);
#16629 = CARTESIAN_POINT('',(106.8,8.,37.025));
#16630 = LINE('',#16631,#16632);
#16631 = CARTESIAN_POINT('',(106.8,8.,-6.217248937901E-15));
#16632 = VECTOR('',#16633,1.);
#16633 = DIRECTION('',(0.,7.771561172376E-16,1.));
#16634 = ORIENTED_EDGE('',*,*,#16635,.T.);
#16635 = EDGE_CURVE('',#16628,#16636,#16638,.T.);
#16636 = VERTEX_POINT('',#16637);
#16637 = CARTESIAN_POINT('',(106.8,20.,37.025));
#16638 = LINE('',#16639,#16640);
#16639 = CARTESIAN_POINT('',(106.8,8.,37.025));
#16640 = VECTOR('',#16641,1.);
#16641 = DIRECTION('',(0.,1.,-5.551115123126E-16));
#16642 = ORIENTED_EDGE('',*,*,#16643,.T.);
#16643 = EDGE_CURVE('',#16636,#16644,#16646,.T.);
#16644 = VERTEX_POINT('',#16645);
#16645 = CARTESIAN_POINT('',(106.8,20.,44.45));
#16646 = LINE('',#16647,#16648);
#16647 = CARTESIAN_POINT('',(106.8,20.,37.025));
#16648 = VECTOR('',#16649,1.);
#16649 = DIRECTION('',(0.,5.551115123126E-16,1.));
#16650 = ORIENTED_EDGE('',*,*,#16651,.F.);
#16651 = EDGE_CURVE('',#16652,#16644,#16654,.T.);
#16652 = VERTEX_POINT('',#16653);
#16653 = CARTESIAN_POINT('',(106.8,3.454458941121E-14,44.45));
#16654 = LINE('',#16655,#16656);
#16655 = CARTESIAN_POINT('',(106.8,8.,44.45));
#16656 = VECTOR('',#16657,1.);
#16657 = DIRECTION('',(0.,1.,-5.551115123126E-16));
#16658 = ORIENTED_EDGE('',*,*,#16659,.F.);
#16659 = EDGE_CURVE('',#16490,#16652,#16660,.T.);
#16660 = LINE('',#16661,#16662);
#16661 = CARTESIAN_POINT('',(106.8,0.,0.));
#16662 = VECTOR('',#16663,1.);
#16663 = DIRECTION('',(0.,7.771561172376E-16,1.));
#16664 = FACE_BOUND('',#16665,.T.);
#16665 = EDGE_LOOP('',(#16666,#16676,#16684,#16692));
#16666 = ORIENTED_EDGE('',*,*,#16667,.F.);
#16667 = EDGE_CURVE('',#16668,#16670,#16672,.T.);
#16668 = VERTEX_POINT('',#16669);
#16669 = CARTESIAN_POINT('',(106.8,1.35,24.965));
#16670 = VERTEX_POINT('',#16671);
#16671 = CARTESIAN_POINT('',(106.8,6.65,24.965));
#16672 = LINE('',#16673,#16674);
#16673 = CARTESIAN_POINT('',(106.8,3.95157098526,24.965));
#16674 = VECTOR('',#16675,1.);
#16675 = DIRECTION('',(0.,1.,-3.330669073875E-16));
#16676 = ORIENTED_EDGE('',*,*,#16677,.T.);
#16677 = EDGE_CURVE('',#16668,#16678,#16680,.T.);
#16678 = VERTEX_POINT('',#16679);
#16679 = CARTESIAN_POINT('',(106.8,1.35,35.355));
#16680 = LINE('',#16681,#16682);
#16681 = CARTESIAN_POINT('',(106.8,1.35,23.94842901474));
#16682 = VECTOR('',#16683,1.);
#16683 = DIRECTION('',(0.,1.110223024625E-16,1.));
#16684 = ORIENTED_EDGE('',*,*,#16685,.F.);
#16685 = EDGE_CURVE('',#16686,#16678,#16688,.T.);
#16686 = VERTEX_POINT('',#16687);
#16687 = CARTESIAN_POINT('',(106.8,6.65,35.355));
#16688 = LINE('',#16689,#16690);
#16689 = CARTESIAN_POINT('',(106.8,3.95157098526,35.355));
#16690 = VECTOR('',#16691,1.);
#16691 = DIRECTION('',(0.,-1.,3.330669073875E-16));
#16692 = ORIENTED_EDGE('',*,*,#16693,.F.);
#16693 = EDGE_CURVE('',#16670,#16686,#16694,.T.);
#16694 = LINE('',#16695,#16696);
#16695 = CARTESIAN_POINT('',(106.8,6.65,23.94842901474));
#16696 = VECTOR('',#16697,1.);
#16697 = DIRECTION('',(0.,1.110223024625E-16,1.));
#16698 = FACE_BOUND('',#16699,.T.);
#16699 = EDGE_LOOP('',(#16700,#16710,#16718,#16726));
#16700 = ORIENTED_EDGE('',*,*,#16701,.F.);
#16701 = EDGE_CURVE('',#16702,#16704,#16706,.T.);
#16702 = VERTEX_POINT('',#16703);
#16703 = CARTESIAN_POINT('',(106.8,1.35,9.095));
#16704 = VERTEX_POINT('',#16705);
#16705 = CARTESIAN_POINT('',(106.8,6.65,9.095));
#16706 = LINE('',#16707,#16708);
#16707 = CARTESIAN_POINT('',(106.8,3.95157098526,9.095));
#16708 = VECTOR('',#16709,1.);
#16709 = DIRECTION('',(0.,1.,-3.330669073875E-16));
#16710 = ORIENTED_EDGE('',*,*,#16711,.T.);
#16711 = EDGE_CURVE('',#16702,#16712,#16714,.T.);
#16712 = VERTEX_POINT('',#16713);
#16713 = CARTESIAN_POINT('',(106.8,1.35,19.485));
#16714 = LINE('',#16715,#16716);
#16715 = CARTESIAN_POINT('',(106.8,1.35,23.94842901474));
#16716 = VECTOR('',#16717,1.);
#16717 = DIRECTION('',(0.,1.110223024625E-16,1.));
#16718 = ORIENTED_EDGE('',*,*,#16719,.F.);
#16719 = EDGE_CURVE('',#16720,#16712,#16722,.T.);
#16720 = VERTEX_POINT('',#16721);
#16721 = CARTESIAN_POINT('',(106.8,6.65,19.485));
#16722 = LINE('',#16723,#16724);
#16723 = CARTESIAN_POINT('',(106.8,3.95157098526,19.485));
#16724 = VECTOR('',#16725,1.);
#16725 = DIRECTION('',(0.,-1.,3.330669073875E-16));
#16726 = ORIENTED_EDGE('',*,*,#16727,.F.);
#16727 = EDGE_CURVE('',#16704,#16720,#16728,.T.);
#16728 = LINE('',#16729,#16730);
#16729 = CARTESIAN_POINT('',(106.8,6.65,23.94842901474));
#16730 = VECTOR('',#16731,1.);
#16731 = DIRECTION('',(0.,1.110223024625E-16,1.));
#16732 = PLANE('',#16733);
#16733 = AXIS2_PLACEMENT_3D('',#16734,#16735,#16736);
#16734 = CARTESIAN_POINT('',(106.8,6.55314197052,25.67185802948));
#16735 = DIRECTION('',(1.,0.,0.));
#16736 = DIRECTION('',(0.,-1.,4.440892098501E-16));
#16737 = ADVANCED_FACE('',(#16738,#16749,#16760,#16771,#16782,#16816),
  #16827,.F.);
#16738 = FACE_BOUND('',#16739,.F.);
#16739 = EDGE_LOOP('',(#16740,#16741,#16742,#16748));
#16740 = ORIENTED_EDGE('',*,*,#16497,.F.);
#16741 = ORIENTED_EDGE('',*,*,#16544,.F.);
#16742 = ORIENTED_EDGE('',*,*,#16743,.F.);
#16743 = EDGE_CURVE('',#16652,#16512,#16744,.T.);
#16744 = LINE('',#16745,#16746);
#16745 = CARTESIAN_POINT('',(106.8,3.454458941121E-14,44.45));
#16746 = VECTOR('',#16747,1.);
#16747 = DIRECTION('',(-1.,0.,0.));
#16748 = ORIENTED_EDGE('',*,*,#16659,.F.);
#16749 = FACE_BOUND('',#16750,.F.);
#16750 = EDGE_LOOP('',(#16751));
#16751 = ORIENTED_EDGE('',*,*,#16752,.T.);
#16752 = EDGE_CURVE('',#16753,#16753,#16755,.T.);
#16753 = VERTEX_POINT('',#16754);
#16754 = CARTESIAN_POINT('',(-96.8,6.346034808757E-15,14.29));
#16755 = CIRCLE('',#16756,3.2);
#16756 = AXIS2_PLACEMENT_3D('',#16757,#16758,#16759);
#16757 = CARTESIAN_POINT('',(-100.,6.346034808757E-15,14.29));
#16758 = DIRECTION('',(0.,-1.,4.440892098501E-16));
#16759 = DIRECTION('',(1.,0.,0.));
#16760 = FACE_BOUND('',#16761,.F.);
#16761 = EDGE_LOOP('',(#16762));
#16762 = ORIENTED_EDGE('',*,*,#16763,.T.);
#16763 = EDGE_CURVE('',#16764,#16764,#16766,.T.);
#16764 = VERTEX_POINT('',#16765);
#16765 = CARTESIAN_POINT('',(-96.8,1.339373056908E-14,30.16));
#16766 = CIRCLE('',#16767,3.2);
#16767 = AXIS2_PLACEMENT_3D('',#16768,#16769,#16770);
#16768 = CARTESIAN_POINT('',(-100.,1.339373056908E-14,30.16));
#16769 = DIRECTION('',(0.,-1.,4.440892098501E-16));
#16770 = DIRECTION('',(1.,0.,0.));
#16771 = FACE_BOUND('',#16772,.F.);
#16772 = EDGE_LOOP('',(#16773));
#16773 = ORIENTED_EDGE('',*,*,#16774,.T.);
#16774 = EDGE_CURVE('',#16775,#16775,#16777,.T.);
#16775 = VERTEX_POINT('',#16776);
#16776 = CARTESIAN_POINT('',(103.2,6.346034808757E-15,14.29));
#16777 = CIRCLE('',#16778,3.2);
#16778 = AXIS2_PLACEMENT_3D('',#16779,#16780,#16781);
#16779 = CARTESIAN_POINT('',(100.,6.346034808757E-15,14.29));
#16780 = DIRECTION('',(0.,-1.,4.440892098501E-16));
#16781 = DIRECTION('',(1.,0.,0.));
#16782 = FACE_BOUND('',#16783,.F.);
#16783 = EDGE_LOOP('',(#16784,#16794,#16802,#16810));
#16784 = ORIENTED_EDGE('',*,*,#16785,.T.);
#16785 = EDGE_CURVE('',#16786,#16788,#16790,.T.);
#16786 = VERTEX_POINT('',#16787);
#16787 = CARTESIAN_POINT('',(-89.5,2.080002836635E-14,31.225));
#16788 = VERTEX_POINT('',#16789);
#16789 = CARTESIAN_POINT('',(-89.5,8.809619700401E-15,13.225));
#16790 = LINE('',#16791,#16792);
#16791 = CARTESIAN_POINT('',(-89.5,2.080002836635E-14,31.225));
#16792 = VECTOR('',#16793,1.);
#16793 = DIRECTION('',(0.,-6.661338147751E-16,-1.));
#16794 = ORIENTED_EDGE('',*,*,#16795,.T.);
#16795 = EDGE_CURVE('',#16788,#16796,#16798,.T.);
#16796 = VERTEX_POINT('',#16797);
#16797 = CARTESIAN_POINT('',(89.5,8.809619700401E-15,13.225));
#16798 = LINE('',#16799,#16800);
#16799 = CARTESIAN_POINT('',(-89.5,8.809619700401E-15,13.225));
#16800 = VECTOR('',#16801,1.);
#16801 = DIRECTION('',(1.,0.,0.));
#16802 = ORIENTED_EDGE('',*,*,#16803,.T.);
#16803 = EDGE_CURVE('',#16796,#16804,#16806,.T.);
#16804 = VERTEX_POINT('',#16805);
#16805 = CARTESIAN_POINT('',(89.5,2.080002836635E-14,31.225));
#16806 = LINE('',#16807,#16808);
#16807 = CARTESIAN_POINT('',(89.5,8.809619700401E-15,13.225));
#16808 = VECTOR('',#16809,1.);
#16809 = DIRECTION('',(0.,6.661338147751E-16,1.));
#16810 = ORIENTED_EDGE('',*,*,#16811,.T.);
#16811 = EDGE_CURVE('',#16804,#16786,#16812,.T.);
#16812 = LINE('',#16813,#16814);
#16813 = CARTESIAN_POINT('',(89.5,2.080002836635E-14,31.225));
#16814 = VECTOR('',#16815,1.);
#16815 = DIRECTION('',(-1.,0.,0.));
#16816 = FACE_BOUND('',#16817,.F.);
#16817 = EDGE_LOOP('',(#16818));
#16818 = ORIENTED_EDGE('',*,*,#16819,.T.);
#16819 = EDGE_CURVE('',#16820,#16820,#16822,.T.);
#16820 = VERTEX_POINT('',#16821);
#16821 = CARTESIAN_POINT('',(103.2,1.339373056908E-14,30.16));
#16822 = CIRCLE('',#16823,3.2);
#16823 = AXIS2_PLACEMENT_3D('',#16824,#16825,#16826);
#16824 = CARTESIAN_POINT('',(100.,1.339373056908E-14,30.16));
#16825 = DIRECTION('',(0.,-1.,4.440892098501E-16));
#16826 = DIRECTION('',(1.,0.,0.));
#16827 = PLANE('',#16828);
#16828 = AXIS2_PLACEMENT_3D('',#16829,#16830,#16831);
#16829 = CARTESIAN_POINT('',(0.,1.727229470561E-14,22.225));
#16830 = DIRECTION('',(0.,1.,-5.551115123126E-16));
#16831 = DIRECTION('',(0.,5.551115123126E-16,1.));
#16832 = ADVANCED_FACE('',(#16833,#16844,#16855,#16866,#16900,#16911),
  #16922,.T.);
#16833 = FACE_BOUND('',#16834,.T.);
#16834 = EDGE_LOOP('',(#16835,#16836,#16837,#16843));
#16835 = ORIENTED_EDGE('',*,*,#16481,.F.);
#16836 = ORIENTED_EDGE('',*,*,#16537,.F.);
#16837 = ORIENTED_EDGE('',*,*,#16838,.T.);
#16838 = EDGE_CURVE('',#16530,#16628,#16839,.T.);
#16839 = LINE('',#16840,#16841);
#16840 = CARTESIAN_POINT('',(-106.8,8.,37.025));
#16841 = VECTOR('',#16842,1.);
#16842 = DIRECTION('',(1.,0.,0.));
#16843 = ORIENTED_EDGE('',*,*,#16627,.F.);
#16844 = FACE_BOUND('',#16845,.T.);
#16845 = EDGE_LOOP('',(#16846));
#16846 = ORIENTED_EDGE('',*,*,#16847,.T.);
#16847 = EDGE_CURVE('',#16848,#16848,#16850,.T.);
#16848 = VERTEX_POINT('',#16849);
#16849 = CARTESIAN_POINT('',(-96.8,8.,14.29));
#16850 = CIRCLE('',#16851,3.2);
#16851 = AXIS2_PLACEMENT_3D('',#16852,#16853,#16854);
#16852 = CARTESIAN_POINT('',(-100.,8.,14.29));
#16853 = DIRECTION('',(0.,-1.,4.440892098501E-16));
#16854 = DIRECTION('',(1.,0.,0.));
#16855 = FACE_BOUND('',#16856,.T.);
#16856 = EDGE_LOOP('',(#16857));
#16857 = ORIENTED_EDGE('',*,*,#16858,.T.);
#16858 = EDGE_CURVE('',#16859,#16859,#16861,.T.);
#16859 = VERTEX_POINT('',#16860);
#16860 = CARTESIAN_POINT('',(-96.8,8.,30.16));
#16861 = CIRCLE('',#16862,3.2);
#16862 = AXIS2_PLACEMENT_3D('',#16863,#16864,#16865);
#16863 = CARTESIAN_POINT('',(-100.,8.,30.16));
#16864 = DIRECTION('',(0.,-1.,4.440892098501E-16));
#16865 = DIRECTION('',(1.,0.,0.));
#16866 = FACE_BOUND('',#16867,.T.);
#16867 = EDGE_LOOP('',(#16868,#16878,#16886,#16894));
#16868 = ORIENTED_EDGE('',*,*,#16869,.T.);
#16869 = EDGE_CURVE('',#16870,#16872,#16874,.T.);
#16870 = VERTEX_POINT('',#16871);
#16871 = CARTESIAN_POINT('',(-89.5,8.,31.225));
#16872 = VERTEX_POINT('',#16873);
#16873 = CARTESIAN_POINT('',(-89.5,8.,13.225));
#16874 = LINE('',#16875,#16876);
#16875 = CARTESIAN_POINT('',(-89.5,8.,31.225));
#16876 = VECTOR('',#16877,1.);
#16877 = DIRECTION('',(0.,-6.661338147751E-16,-1.));
#16878 = ORIENTED_EDGE('',*,*,#16879,.T.);
#16879 = EDGE_CURVE('',#16872,#16880,#16882,.T.);
#16880 = VERTEX_POINT('',#16881);
#16881 = CARTESIAN_POINT('',(89.5,8.,13.225));
#16882 = LINE('',#16883,#16884);
#16883 = CARTESIAN_POINT('',(-89.5,8.,13.225));
#16884 = VECTOR('',#16885,1.);
#16885 = DIRECTION('',(1.,0.,0.));
#16886 = ORIENTED_EDGE('',*,*,#16887,.T.);
#16887 = EDGE_CURVE('',#16880,#16888,#16890,.T.);
#16888 = VERTEX_POINT('',#16889);
#16889 = CARTESIAN_POINT('',(89.5,8.,31.225));
#16890 = LINE('',#16891,#16892);
#16891 = CARTESIAN_POINT('',(89.5,8.,13.225));
#16892 = VECTOR('',#16893,1.);
#16893 = DIRECTION('',(0.,6.661338147751E-16,1.));
#16894 = ORIENTED_EDGE('',*,*,#16895,.T.);
#16895 = EDGE_CURVE('',#16888,#16870,#16896,.T.);
#16896 = LINE('',#16897,#16898);
#16897 = CARTESIAN_POINT('',(89.5,8.,31.225));
#16898 = VECTOR('',#16899,1.);
#16899 = DIRECTION('',(-1.,0.,0.));
#16900 = FACE_BOUND('',#16901,.T.);
#16901 = EDGE_LOOP('',(#16902));
#16902 = ORIENTED_EDGE('',*,*,#16903,.T.);
#16903 = EDGE_CURVE('',#16904,#16904,#16906,.T.);
#16904 = VERTEX_POINT('',#16905);
#16905 = CARTESIAN_POINT('',(103.2,8.,14.29));
#16906 = CIRCLE('',#16907,3.2);
#16907 = AXIS2_PLACEMENT_3D('',#16908,#16909,#16910);
#16908 = CARTESIAN_POINT('',(100.,8.,14.29));
#16909 = DIRECTION('',(0.,-1.,4.440892098501E-16));
#16910 = DIRECTION('',(1.,0.,0.));
#16911 = FACE_BOUND('',#16912,.T.);
#16912 = EDGE_LOOP('',(#16913));
#16913 = ORIENTED_EDGE('',*,*,#16914,.T.);
#16914 = EDGE_CURVE('',#16915,#16915,#16917,.T.);
#16915 = VERTEX_POINT('',#16916);
#16916 = CARTESIAN_POINT('',(103.2,8.,30.16));
#16917 = CIRCLE('',#16918,3.2);
#16918 = AXIS2_PLACEMENT_3D('',#16919,#16920,#16921);
#16919 = CARTESIAN_POINT('',(100.,8.,30.16));
#16920 = DIRECTION('',(0.,-1.,4.440892098501E-16));
#16921 = DIRECTION('',(1.,0.,0.));
#16922 = PLANE('',#16923);
#16923 = AXIS2_PLACEMENT_3D('',#16924,#16925,#16926);
#16924 = CARTESIAN_POINT('',(0.,8.,22.225));
#16925 = DIRECTION('',(0.,1.,-5.551115123126E-16));
#16926 = DIRECTION('',(0.,5.551115123126E-16,1.));
#16927 = ADVANCED_FACE('',(#16928),#16939,.T.);
#16928 = FACE_BOUND('',#16929,.T.);
#16929 = EDGE_LOOP('',(#16930,#16931,#16937,#16938));
#16930 = ORIENTED_EDGE('',*,*,#16651,.T.);
#16931 = ORIENTED_EDGE('',*,*,#16932,.T.);
#16932 = EDGE_CURVE('',#16644,#16514,#16933,.T.);
#16933 = LINE('',#16934,#16935);
#16934 = CARTESIAN_POINT('',(106.8,20.,44.45));
#16935 = VECTOR('',#16936,1.);
#16936 = DIRECTION('',(-1.,0.,0.));
#16937 = ORIENTED_EDGE('',*,*,#16511,.F.);
#16938 = ORIENTED_EDGE('',*,*,#16743,.F.);
#16939 = PLANE('',#16940);
#16940 = AXIS2_PLACEMENT_3D('',#16941,#16942,#16943);
#16941 = CARTESIAN_POINT('',(0.,10.,44.45));
#16942 = DIRECTION('',(0.,4.440892098501E-16,1.));
#16943 = DIRECTION('',(0.,-1.,4.440892098501E-16));
#16944 = ADVANCED_FACE('',(#16945),#16956,.T.);
#16945 = FACE_BOUND('',#16946,.F.);
#16946 = EDGE_LOOP('',(#16947,#16953,#16954,#16955));
#16947 = ORIENTED_EDGE('',*,*,#16948,.T.);
#16948 = EDGE_CURVE('',#16522,#16636,#16949,.T.);
#16949 = LINE('',#16950,#16951);
#16950 = CARTESIAN_POINT('',(-106.8,20.,37.025));
#16951 = VECTOR('',#16952,1.);
#16952 = DIRECTION('',(1.,0.,0.));
#16953 = ORIENTED_EDGE('',*,*,#16643,.T.);
#16954 = ORIENTED_EDGE('',*,*,#16932,.T.);
#16955 = ORIENTED_EDGE('',*,*,#16521,.T.);
#16956 = PLANE('',#16957);
#16957 = AXIS2_PLACEMENT_3D('',#16958,#16959,#16960);
#16958 = CARTESIAN_POINT('',(-1.543085683361E-15,20.,40.7375));
#16959 = DIRECTION('',(0.,1.,-5.72306885758E-16));
#16960 = DIRECTION('',(0.,5.72306885758E-16,1.));
#16961 = ADVANCED_FACE('',(#16962),#16968,.T.);
#16962 = FACE_BOUND('',#16963,.T.);
#16963 = EDGE_LOOP('',(#16964,#16965,#16966,#16967));
#16964 = ORIENTED_EDGE('',*,*,#16529,.T.);
#16965 = ORIENTED_EDGE('',*,*,#16948,.T.);
#16966 = ORIENTED_EDGE('',*,*,#16635,.F.);
#16967 = ORIENTED_EDGE('',*,*,#16838,.F.);
#16968 = PLANE('',#16969);
#16969 = AXIS2_PLACEMENT_3D('',#16970,#16971,#16972);
#16970 = CARTESIAN_POINT('',(-106.8,8.,37.025));
#16971 = DIRECTION('',(0.,-5.551115123126E-16,-1.));
#16972 = DIRECTION('',(1.,0.,0.));
#16973 = ADVANCED_FACE('',(#16974,#16999),#17010,.T.);
#16974 = FACE_BOUND('',#16975,.T.);
#16975 = EDGE_LOOP('',(#16976,#16986,#16992,#16993));
#16976 = ORIENTED_EDGE('',*,*,#16977,.T.);
#16977 = EDGE_CURVE('',#16978,#16980,#16982,.T.);
#16978 = VERTEX_POINT('',#16979);
#16979 = CARTESIAN_POINT('',(-93.87453578387,1.35,35.355));
#16980 = VERTEX_POINT('',#16981);
#16981 = CARTESIAN_POINT('',(-93.87453578387,1.35,24.965));
#16982 = LINE('',#16983,#16984);
#16983 = CARTESIAN_POINT('',(-93.87453578387,1.35,35.355));
#16984 = VECTOR('',#16985,1.);
#16985 = DIRECTION('',(0.,-3.330669073875E-16,-1.));
#16986 = ORIENTED_EDGE('',*,*,#16987,.T.);
#16987 = EDGE_CURVE('',#16980,#16555,#16988,.T.);
#16988 = LINE('',#16989,#16990);
#16989 = CARTESIAN_POINT('',(-93.87453578387,1.35,24.965));
#16990 = VECTOR('',#16991,1.);
#16991 = DIRECTION('',(-1.,0.,0.));
#16992 = ORIENTED_EDGE('',*,*,#16552,.F.);
#16993 = ORIENTED_EDGE('',*,*,#16994,.T.);
#16994 = EDGE_CURVE('',#16553,#16978,#16995,.T.);
#16995 = LINE('',#16996,#16997);
#16996 = CARTESIAN_POINT('',(-107.3,1.35,35.355));
#16997 = VECTOR('',#16998,1.);
#16998 = DIRECTION('',(1.,0.,0.));
#16999 = FACE_BOUND('',#17000,.T.);
#17000 = EDGE_LOOP('',(#17001));
#17001 = ORIENTED_EDGE('',*,*,#17002,.T.);
#17002 = EDGE_CURVE('',#17003,#17003,#17005,.T.);
#17003 = VERTEX_POINT('',#17004);
#17004 = CARTESIAN_POINT('',(-96.8,1.35,30.16));
#17005 = CIRCLE('',#17006,3.2);
#17006 = AXIS2_PLACEMENT_3D('',#17007,#17008,#17009);
#17007 = CARTESIAN_POINT('',(-100.,1.35,30.16));
#17008 = DIRECTION('',(0.,-1.,4.440892098501E-16));
#17009 = DIRECTION('',(1.,0.,0.));
#17010 = PLANE('',#17011);
#17011 = AXIS2_PLACEMENT_3D('',#17012,#17013,#17014);
#17012 = CARTESIAN_POINT('',(-6.563777235188E-15,1.35,22.225));
#17013 = DIRECTION('',(0.,1.,-1.110223024625E-16));
#17014 = DIRECTION('',(0.,1.110223024625E-16,1.));
#17015 = ADVANCED_FACE('',(#17016),#17034,.T.);
#17016 = FACE_BOUND('',#17017,.T.);
#17017 = EDGE_LOOP('',(#17018,#17019,#17020,#17028));
#17018 = ORIENTED_EDGE('',*,*,#16994,.F.);
#17019 = ORIENTED_EDGE('',*,*,#16578,.F.);
#17020 = ORIENTED_EDGE('',*,*,#17021,.T.);
#17021 = EDGE_CURVE('',#16571,#17022,#17024,.T.);
#17022 = VERTEX_POINT('',#17023);
#17023 = CARTESIAN_POINT('',(-93.87453578387,6.65,35.355));
#17024 = LINE('',#17025,#17026);
#17025 = CARTESIAN_POINT('',(-107.3,6.65,35.355));
#17026 = VECTOR('',#17027,1.);
#17027 = DIRECTION('',(1.,0.,0.));
#17028 = ORIENTED_EDGE('',*,*,#17029,.F.);
#17029 = EDGE_CURVE('',#16978,#17022,#17030,.T.);
#17030 = LINE('',#17031,#17032);
#17031 = CARTESIAN_POINT('',(-93.87453578387,1.35,35.355));
#17032 = VECTOR('',#17033,1.);
#17033 = DIRECTION('',(0.,1.,-3.330669073875E-16));
#17034 = PLANE('',#17035);
#17035 = AXIS2_PLACEMENT_3D('',#17036,#17037,#17038);
#17036 = CARTESIAN_POINT('',(-107.3,1.35,35.355));
#17037 = DIRECTION('',(0.,-3.330669073875E-16,-1.));
#17038 = DIRECTION('',(1.,0.,0.));
#17039 = ADVANCED_FACE('',(#17040,#17058),#17069,.F.);
#17040 = FACE_BOUND('',#17041,.F.);
#17041 = EDGE_LOOP('',(#17042,#17050,#17056,#17057));
#17042 = ORIENTED_EDGE('',*,*,#17043,.T.);
#17043 = EDGE_CURVE('',#17022,#17044,#17046,.T.);
#17044 = VERTEX_POINT('',#17045);
#17045 = CARTESIAN_POINT('',(-93.87453578387,6.65,24.965));
#17046 = LINE('',#17047,#17048);
#17047 = CARTESIAN_POINT('',(-93.87453578387,6.65,35.355));
#17048 = VECTOR('',#17049,1.);
#17049 = DIRECTION('',(0.,-3.330669073875E-16,-1.));
#17050 = ORIENTED_EDGE('',*,*,#17051,.T.);
#17051 = EDGE_CURVE('',#17044,#16563,#17052,.T.);
#17052 = LINE('',#17053,#17054);
#17053 = CARTESIAN_POINT('',(-93.87453578387,6.65,24.965));
#17054 = VECTOR('',#17055,1.);
#17055 = DIRECTION('',(-1.,0.,0.));
#17056 = ORIENTED_EDGE('',*,*,#16570,.F.);
#17057 = ORIENTED_EDGE('',*,*,#17021,.T.);
#17058 = FACE_BOUND('',#17059,.F.);
#17059 = EDGE_LOOP('',(#17060));
#17060 = ORIENTED_EDGE('',*,*,#17061,.T.);
#17061 = EDGE_CURVE('',#17062,#17062,#17064,.T.);
#17062 = VERTEX_POINT('',#17063);
#17063 = CARTESIAN_POINT('',(-96.8,6.65,30.16));
#17064 = CIRCLE('',#17065,3.2);
#17065 = AXIS2_PLACEMENT_3D('',#17066,#17067,#17068);
#17066 = CARTESIAN_POINT('',(-100.,6.65,30.16));
#17067 = DIRECTION('',(0.,-1.,4.440892098501E-16));
#17068 = DIRECTION('',(1.,0.,0.));
#17069 = PLANE('',#17070);
#17070 = AXIS2_PLACEMENT_3D('',#17071,#17072,#17073);
#17071 = CARTESIAN_POINT('',(-6.563777235188E-15,6.65,22.225));
#17072 = DIRECTION('',(0.,1.,-1.110223024625E-16));
#17073 = DIRECTION('',(0.,1.110223024625E-16,1.));
#17074 = ADVANCED_FACE('',(#17075),#17086,.T.);
#17075 = FACE_BOUND('',#17076,.T.);
#17076 = EDGE_LOOP('',(#17077,#17078,#17084,#17085));
#17077 = ORIENTED_EDGE('',*,*,#16987,.F.);
#17078 = ORIENTED_EDGE('',*,*,#17079,.T.);
#17079 = EDGE_CURVE('',#16980,#17044,#17080,.T.);
#17080 = LINE('',#17081,#17082);
#17081 = CARTESIAN_POINT('',(-93.87453578387,1.35,24.965));
#17082 = VECTOR('',#17083,1.);
#17083 = DIRECTION('',(0.,1.,-3.330669073875E-16));
#17084 = ORIENTED_EDGE('',*,*,#17051,.T.);
#17085 = ORIENTED_EDGE('',*,*,#16562,.F.);
#17086 = PLANE('',#17087);
#17087 = AXIS2_PLACEMENT_3D('',#17088,#17089,#17090);
#17088 = CARTESIAN_POINT('',(-93.87453578387,1.35,24.965));
#17089 = DIRECTION('',(0.,3.330669073875E-16,1.));
#17090 = DIRECTION('',(-1.,0.,0.));
#17091 = ADVANCED_FACE('',(#17092,#17117),#17128,.T.);
#17092 = FACE_BOUND('',#17093,.T.);
#17093 = EDGE_LOOP('',(#17094,#17104,#17110,#17111));
#17094 = ORIENTED_EDGE('',*,*,#17095,.T.);
#17095 = EDGE_CURVE('',#17096,#17098,#17100,.T.);
#17096 = VERTEX_POINT('',#17097);
#17097 = CARTESIAN_POINT('',(-93.87453578387,1.35,19.485));
#17098 = VERTEX_POINT('',#17099);
#17099 = CARTESIAN_POINT('',(-93.87453578387,1.35,9.095));
#17100 = LINE('',#17101,#17102);
#17101 = CARTESIAN_POINT('',(-93.87453578387,1.35,19.485));
#17102 = VECTOR('',#17103,1.);
#17103 = DIRECTION('',(0.,-3.330669073875E-16,-1.));
#17104 = ORIENTED_EDGE('',*,*,#17105,.T.);
#17105 = EDGE_CURVE('',#17098,#16589,#17106,.T.);
#17106 = LINE('',#17107,#17108);
#17107 = CARTESIAN_POINT('',(-93.87453578387,1.35,9.095));
#17108 = VECTOR('',#17109,1.);
#17109 = DIRECTION('',(-1.,0.,0.));
#17110 = ORIENTED_EDGE('',*,*,#16586,.F.);
#17111 = ORIENTED_EDGE('',*,*,#17112,.T.);
#17112 = EDGE_CURVE('',#16587,#17096,#17113,.T.);
#17113 = LINE('',#17114,#17115);
#17114 = CARTESIAN_POINT('',(-107.3,1.35,19.485));
#17115 = VECTOR('',#17116,1.);
#17116 = DIRECTION('',(1.,0.,0.));
#17117 = FACE_BOUND('',#17118,.T.);
#17118 = EDGE_LOOP('',(#17119));
#17119 = ORIENTED_EDGE('',*,*,#17120,.T.);
#17120 = EDGE_CURVE('',#17121,#17121,#17123,.T.);
#17121 = VERTEX_POINT('',#17122);
#17122 = CARTESIAN_POINT('',(-96.8,1.35,14.29));
#17123 = CIRCLE('',#17124,3.2);
#17124 = AXIS2_PLACEMENT_3D('',#17125,#17126,#17127);
#17125 = CARTESIAN_POINT('',(-100.,1.35,14.29));
#17126 = DIRECTION('',(0.,-1.,4.440892098501E-16));
#17127 = DIRECTION('',(1.,0.,0.));
#17128 = PLANE('',#17129);
#17129 = AXIS2_PLACEMENT_3D('',#17130,#17131,#17132);
#17130 = CARTESIAN_POINT('',(-6.563777235188E-15,1.35,22.225));
#17131 = DIRECTION('',(0.,1.,-1.110223024625E-16));
#17132 = DIRECTION('',(0.,1.110223024625E-16,1.));
#17133 = ADVANCED_FACE('',(#17134),#17152,.T.);
#17134 = FACE_BOUND('',#17135,.T.);
#17135 = EDGE_LOOP('',(#17136,#17137,#17138,#17146));
#17136 = ORIENTED_EDGE('',*,*,#17112,.F.);
#17137 = ORIENTED_EDGE('',*,*,#16612,.F.);
#17138 = ORIENTED_EDGE('',*,*,#17139,.T.);
#17139 = EDGE_CURVE('',#16605,#17140,#17142,.T.);
#17140 = VERTEX_POINT('',#17141);
#17141 = CARTESIAN_POINT('',(-93.87453578387,6.65,19.485));
#17142 = LINE('',#17143,#17144);
#17143 = CARTESIAN_POINT('',(-107.3,6.65,19.485));
#17144 = VECTOR('',#17145,1.);
#17145 = DIRECTION('',(1.,0.,0.));
#17146 = ORIENTED_EDGE('',*,*,#17147,.F.);
#17147 = EDGE_CURVE('',#17096,#17140,#17148,.T.);
#17148 = LINE('',#17149,#17150);
#17149 = CARTESIAN_POINT('',(-93.87453578387,1.35,19.485));
#17150 = VECTOR('',#17151,1.);
#17151 = DIRECTION('',(0.,1.,-3.330669073875E-16));
#17152 = PLANE('',#17153);
#17153 = AXIS2_PLACEMENT_3D('',#17154,#17155,#17156);
#17154 = CARTESIAN_POINT('',(-107.3,1.35,19.485));
#17155 = DIRECTION('',(0.,-3.330669073875E-16,-1.));
#17156 = DIRECTION('',(1.,0.,0.));
#17157 = ADVANCED_FACE('',(#17158,#17176),#17187,.F.);
#17158 = FACE_BOUND('',#17159,.F.);
#17159 = EDGE_LOOP('',(#17160,#17168,#17174,#17175));
#17160 = ORIENTED_EDGE('',*,*,#17161,.T.);
#17161 = EDGE_CURVE('',#17140,#17162,#17164,.T.);
#17162 = VERTEX_POINT('',#17163);
#17163 = CARTESIAN_POINT('',(-93.87453578387,6.65,9.095));
#17164 = LINE('',#17165,#17166);
#17165 = CARTESIAN_POINT('',(-93.87453578387,6.65,19.485));
#17166 = VECTOR('',#17167,1.);
#17167 = DIRECTION('',(0.,-3.330669073875E-16,-1.));
#17168 = ORIENTED_EDGE('',*,*,#17169,.T.);
#17169 = EDGE_CURVE('',#17162,#16597,#17170,.T.);
#17170 = LINE('',#17171,#17172);
#17171 = CARTESIAN_POINT('',(-93.87453578387,6.65,9.095));
#17172 = VECTOR('',#17173,1.);
#17173 = DIRECTION('',(-1.,0.,0.));
#17174 = ORIENTED_EDGE('',*,*,#16604,.F.);
#17175 = ORIENTED_EDGE('',*,*,#17139,.T.);
#17176 = FACE_BOUND('',#17177,.F.);
#17177 = EDGE_LOOP('',(#17178));
#17178 = ORIENTED_EDGE('',*,*,#17179,.T.);
#17179 = EDGE_CURVE('',#17180,#17180,#17182,.T.);
#17180 = VERTEX_POINT('',#17181);
#17181 = CARTESIAN_POINT('',(-96.8,6.65,14.29));
#17182 = CIRCLE('',#17183,3.2);
#17183 = AXIS2_PLACEMENT_3D('',#17184,#17185,#17186);
#17184 = CARTESIAN_POINT('',(-100.,6.65,14.29));
#17185 = DIRECTION('',(0.,-1.,4.440892098501E-16));
#17186 = DIRECTION('',(1.,0.,0.));
#17187 = PLANE('',#17188);
#17188 = AXIS2_PLACEMENT_3D('',#17189,#17190,#17191);
#17189 = CARTESIAN_POINT('',(-6.563777235188E-15,6.65,22.225));
#17190 = DIRECTION('',(0.,1.,-1.110223024625E-16));
#17191 = DIRECTION('',(0.,1.110223024625E-16,1.));
#17192 = ADVANCED_FACE('',(#17193),#17204,.T.);
#17193 = FACE_BOUND('',#17194,.T.);
#17194 = EDGE_LOOP('',(#17195,#17196,#17202,#17203));
#17195 = ORIENTED_EDGE('',*,*,#17105,.F.);
#17196 = ORIENTED_EDGE('',*,*,#17197,.T.);
#17197 = EDGE_CURVE('',#17098,#17162,#17198,.T.);
#17198 = LINE('',#17199,#17200);
#17199 = CARTESIAN_POINT('',(-93.87453578387,1.35,9.095));
#17200 = VECTOR('',#17201,1.);
#17201 = DIRECTION('',(0.,1.,-3.330669073875E-16));
#17202 = ORIENTED_EDGE('',*,*,#17169,.T.);
#17203 = ORIENTED_EDGE('',*,*,#16596,.F.);
#17204 = PLANE('',#17205);
#17205 = AXIS2_PLACEMENT_3D('',#17206,#17207,#17208);
#17206 = CARTESIAN_POINT('',(-93.87453578387,1.35,9.095));
#17207 = DIRECTION('',(0.,3.330669073875E-16,1.));
#17208 = DIRECTION('',(-1.,0.,0.));
#17209 = ADVANCED_FACE('',(#17210),#17235,.F.);
#17210 = FACE_BOUND('',#17211,.F.);
#17211 = EDGE_LOOP('',(#17212,#17220,#17228,#17234));
#17212 = ORIENTED_EDGE('',*,*,#17213,.F.);
#17213 = EDGE_CURVE('',#17214,#16668,#17216,.T.);
#17214 = VERTEX_POINT('',#17215);
#17215 = CARTESIAN_POINT('',(93.874535783877,1.35,24.965));
#17216 = LINE('',#17217,#17218);
#17217 = CARTESIAN_POINT('',(93.874535783877,1.35,24.965));
#17218 = VECTOR('',#17219,1.);
#17219 = DIRECTION('',(1.,0.,0.));
#17220 = ORIENTED_EDGE('',*,*,#17221,.T.);
#17221 = EDGE_CURVE('',#17214,#17222,#17224,.T.);
#17222 = VERTEX_POINT('',#17223);
#17223 = CARTESIAN_POINT('',(93.874535783877,6.65,24.965));
#17224 = LINE('',#17225,#17226);
#17225 = CARTESIAN_POINT('',(93.874535783877,1.35,24.965));
#17226 = VECTOR('',#17227,1.);
#17227 = DIRECTION('',(0.,1.,-3.330669073875E-16));
#17228 = ORIENTED_EDGE('',*,*,#17229,.T.);
#17229 = EDGE_CURVE('',#17222,#16670,#17230,.T.);
#17230 = LINE('',#17231,#17232);
#17231 = CARTESIAN_POINT('',(93.874535783877,6.65,24.965));
#17232 = VECTOR('',#17233,1.);
#17233 = DIRECTION('',(1.,0.,0.));
#17234 = ORIENTED_EDGE('',*,*,#16667,.F.);
#17235 = PLANE('',#17236);
#17236 = AXIS2_PLACEMENT_3D('',#17237,#17238,#17239);
#17237 = CARTESIAN_POINT('',(93.874535783877,1.35,24.965));
#17238 = DIRECTION('',(0.,-3.330669073875E-16,-1.));
#17239 = DIRECTION('',(1.,0.,0.));
#17240 = ADVANCED_FACE('',(#17241,#17259),#17270,.F.);
#17241 = FACE_BOUND('',#17242,.F.);
#17242 = EDGE_LOOP('',(#17243,#17244,#17252,#17258));
#17243 = ORIENTED_EDGE('',*,*,#17229,.F.);
#17244 = ORIENTED_EDGE('',*,*,#17245,.F.);
#17245 = EDGE_CURVE('',#17246,#17222,#17248,.T.);
#17246 = VERTEX_POINT('',#17247);
#17247 = CARTESIAN_POINT('',(93.874535783877,6.65,35.355));
#17248 = LINE('',#17249,#17250);
#17249 = CARTESIAN_POINT('',(93.874535783877,6.65,35.355));
#17250 = VECTOR('',#17251,1.);
#17251 = DIRECTION('',(0.,-3.330669073875E-16,-1.));
#17252 = ORIENTED_EDGE('',*,*,#17253,.F.);
#17253 = EDGE_CURVE('',#16686,#17246,#17254,.T.);
#17254 = LINE('',#17255,#17256);
#17255 = CARTESIAN_POINT('',(107.3,6.65,35.355));
#17256 = VECTOR('',#17257,1.);
#17257 = DIRECTION('',(-1.,0.,0.));
#17258 = ORIENTED_EDGE('',*,*,#16693,.F.);
#17259 = FACE_BOUND('',#17260,.F.);
#17260 = EDGE_LOOP('',(#17261));
#17261 = ORIENTED_EDGE('',*,*,#17262,.T.);
#17262 = EDGE_CURVE('',#17263,#17263,#17265,.T.);
#17263 = VERTEX_POINT('',#17264);
#17264 = CARTESIAN_POINT('',(103.2,6.65,30.16));
#17265 = CIRCLE('',#17266,3.2);
#17266 = AXIS2_PLACEMENT_3D('',#17267,#17268,#17269);
#17267 = CARTESIAN_POINT('',(100.,6.65,30.16));
#17268 = DIRECTION('',(0.,-1.,4.440892098501E-16));
#17269 = DIRECTION('',(1.,0.,0.));
#17270 = PLANE('',#17271);
#17271 = AXIS2_PLACEMENT_3D('',#17272,#17273,#17274);
#17272 = CARTESIAN_POINT('',(-6.563777235188E-15,6.65,22.225));
#17273 = DIRECTION('',(0.,1.,-1.110223024625E-16));
#17274 = DIRECTION('',(0.,1.110223024625E-16,1.));
#17275 = ADVANCED_FACE('',(#17276),#17294,.F.);
#17276 = FACE_BOUND('',#17277,.F.);
#17277 = EDGE_LOOP('',(#17278,#17286,#17287,#17288));
#17278 = ORIENTED_EDGE('',*,*,#17279,.F.);
#17279 = EDGE_CURVE('',#16678,#17280,#17282,.T.);
#17280 = VERTEX_POINT('',#17281);
#17281 = CARTESIAN_POINT('',(93.874535783877,1.35,35.355));
#17282 = LINE('',#17283,#17284);
#17283 = CARTESIAN_POINT('',(107.3,1.35,35.355));
#17284 = VECTOR('',#17285,1.);
#17285 = DIRECTION('',(-1.,0.,0.));
#17286 = ORIENTED_EDGE('',*,*,#16685,.F.);
#17287 = ORIENTED_EDGE('',*,*,#17253,.T.);
#17288 = ORIENTED_EDGE('',*,*,#17289,.F.);
#17289 = EDGE_CURVE('',#17280,#17246,#17290,.T.);
#17290 = LINE('',#17291,#17292);
#17291 = CARTESIAN_POINT('',(93.874535783877,1.35,35.355));
#17292 = VECTOR('',#17293,1.);
#17293 = DIRECTION('',(0.,1.,-3.330669073875E-16));
#17294 = PLANE('',#17295);
#17295 = AXIS2_PLACEMENT_3D('',#17296,#17297,#17298);
#17296 = CARTESIAN_POINT('',(107.3,1.35,35.355));
#17297 = DIRECTION('',(0.,3.330669073875E-16,1.));
#17298 = DIRECTION('',(-1.,0.,0.));
#17299 = ADVANCED_FACE('',(#17300,#17311),#17322,.T.);
#17300 = FACE_BOUND('',#17301,.T.);
#17301 = EDGE_LOOP('',(#17302,#17303,#17309,#17310));
#17302 = ORIENTED_EDGE('',*,*,#17213,.F.);
#17303 = ORIENTED_EDGE('',*,*,#17304,.F.);
#17304 = EDGE_CURVE('',#17280,#17214,#17305,.T.);
#17305 = LINE('',#17306,#17307);
#17306 = CARTESIAN_POINT('',(93.874535783877,1.35,35.355));
#17307 = VECTOR('',#17308,1.);
#17308 = DIRECTION('',(0.,-3.330669073875E-16,-1.));
#17309 = ORIENTED_EDGE('',*,*,#17279,.F.);
#17310 = ORIENTED_EDGE('',*,*,#16677,.F.);
#17311 = FACE_BOUND('',#17312,.T.);
#17312 = EDGE_LOOP('',(#17313));
#17313 = ORIENTED_EDGE('',*,*,#17314,.T.);
#17314 = EDGE_CURVE('',#17315,#17315,#17317,.T.);
#17315 = VERTEX_POINT('',#17316);
#17316 = CARTESIAN_POINT('',(103.2,1.35,30.16));
#17317 = CIRCLE('',#17318,3.2);
#17318 = AXIS2_PLACEMENT_3D('',#17319,#17320,#17321);
#17319 = CARTESIAN_POINT('',(100.,1.35,30.16));
#17320 = DIRECTION('',(0.,-1.,4.440892098501E-16));
#17321 = DIRECTION('',(1.,0.,0.));
#17322 = PLANE('',#17323);
#17323 = AXIS2_PLACEMENT_3D('',#17324,#17325,#17326);
#17324 = CARTESIAN_POINT('',(-6.563777235188E-15,1.35,22.225));
#17325 = DIRECTION('',(0.,1.,-1.110223024625E-16));
#17326 = DIRECTION('',(0.,1.110223024625E-16,1.));
#17327 = ADVANCED_FACE('',(#17328),#17353,.F.);
#17328 = FACE_BOUND('',#17329,.F.);
#17329 = EDGE_LOOP('',(#17330,#17338,#17346,#17352));
#17330 = ORIENTED_EDGE('',*,*,#17331,.F.);
#17331 = EDGE_CURVE('',#17332,#16702,#17334,.T.);
#17332 = VERTEX_POINT('',#17333);
#17333 = CARTESIAN_POINT('',(93.874535783877,1.35,9.095));
#17334 = LINE('',#17335,#17336);
#17335 = CARTESIAN_POINT('',(93.874535783877,1.35,9.095));
#17336 = VECTOR('',#17337,1.);
#17337 = DIRECTION('',(1.,0.,0.));
#17338 = ORIENTED_EDGE('',*,*,#17339,.T.);
#17339 = EDGE_CURVE('',#17332,#17340,#17342,.T.);
#17340 = VERTEX_POINT('',#17341);
#17341 = CARTESIAN_POINT('',(93.874535783877,6.65,9.095));
#17342 = LINE('',#17343,#17344);
#17343 = CARTESIAN_POINT('',(93.874535783877,1.35,9.095));
#17344 = VECTOR('',#17345,1.);
#17345 = DIRECTION('',(0.,1.,-3.330669073875E-16));
#17346 = ORIENTED_EDGE('',*,*,#17347,.T.);
#17347 = EDGE_CURVE('',#17340,#16704,#17348,.T.);
#17348 = LINE('',#17349,#17350);
#17349 = CARTESIAN_POINT('',(93.874535783877,6.65,9.095));
#17350 = VECTOR('',#17351,1.);
#17351 = DIRECTION('',(1.,0.,0.));
#17352 = ORIENTED_EDGE('',*,*,#16701,.F.);
#17353 = PLANE('',#17354);
#17354 = AXIS2_PLACEMENT_3D('',#17355,#17356,#17357);
#17355 = CARTESIAN_POINT('',(93.874535783877,1.35,9.095));
#17356 = DIRECTION('',(0.,-3.330669073875E-16,-1.));
#17357 = DIRECTION('',(1.,0.,0.));
#17358 = ADVANCED_FACE('',(#17359,#17377),#17388,.F.);
#17359 = FACE_BOUND('',#17360,.F.);
#17360 = EDGE_LOOP('',(#17361,#17362,#17370,#17376));
#17361 = ORIENTED_EDGE('',*,*,#17347,.F.);
#17362 = ORIENTED_EDGE('',*,*,#17363,.F.);
#17363 = EDGE_CURVE('',#17364,#17340,#17366,.T.);
#17364 = VERTEX_POINT('',#17365);
#17365 = CARTESIAN_POINT('',(93.874535783877,6.65,19.485));
#17366 = LINE('',#17367,#17368);
#17367 = CARTESIAN_POINT('',(93.874535783877,6.65,19.485));
#17368 = VECTOR('',#17369,1.);
#17369 = DIRECTION('',(0.,-3.330669073875E-16,-1.));
#17370 = ORIENTED_EDGE('',*,*,#17371,.F.);
#17371 = EDGE_CURVE('',#16720,#17364,#17372,.T.);
#17372 = LINE('',#17373,#17374);
#17373 = CARTESIAN_POINT('',(107.3,6.65,19.485));
#17374 = VECTOR('',#17375,1.);
#17375 = DIRECTION('',(-1.,0.,0.));
#17376 = ORIENTED_EDGE('',*,*,#16727,.F.);
#17377 = FACE_BOUND('',#17378,.F.);
#17378 = EDGE_LOOP('',(#17379));
#17379 = ORIENTED_EDGE('',*,*,#17380,.T.);
#17380 = EDGE_CURVE('',#17381,#17381,#17383,.T.);
#17381 = VERTEX_POINT('',#17382);
#17382 = CARTESIAN_POINT('',(103.2,6.65,14.29));
#17383 = CIRCLE('',#17384,3.2);
#17384 = AXIS2_PLACEMENT_3D('',#17385,#17386,#17387);
#17385 = CARTESIAN_POINT('',(100.,6.65,14.29));
#17386 = DIRECTION('',(0.,-1.,4.440892098501E-16));
#17387 = DIRECTION('',(1.,0.,0.));
#17388 = PLANE('',#17389);
#17389 = AXIS2_PLACEMENT_3D('',#17390,#17391,#17392);
#17390 = CARTESIAN_POINT('',(-6.563777235188E-15,6.65,22.225));
#17391 = DIRECTION('',(0.,1.,-1.110223024625E-16));
#17392 = DIRECTION('',(0.,1.110223024625E-16,1.));
#17393 = ADVANCED_FACE('',(#17394),#17412,.F.);
#17394 = FACE_BOUND('',#17395,.F.);
#17395 = EDGE_LOOP('',(#17396,#17404,#17405,#17406));
#17396 = ORIENTED_EDGE('',*,*,#17397,.F.);
#17397 = EDGE_CURVE('',#16712,#17398,#17400,.T.);
#17398 = VERTEX_POINT('',#17399);
#17399 = CARTESIAN_POINT('',(93.874535783877,1.35,19.485));
#17400 = LINE('',#17401,#17402);
#17401 = CARTESIAN_POINT('',(107.3,1.35,19.485));
#17402 = VECTOR('',#17403,1.);
#17403 = DIRECTION('',(-1.,0.,0.));
#17404 = ORIENTED_EDGE('',*,*,#16719,.F.);
#17405 = ORIENTED_EDGE('',*,*,#17371,.T.);
#17406 = ORIENTED_EDGE('',*,*,#17407,.F.);
#17407 = EDGE_CURVE('',#17398,#17364,#17408,.T.);
#17408 = LINE('',#17409,#17410);
#17409 = CARTESIAN_POINT('',(93.874535783877,1.35,19.485));
#17410 = VECTOR('',#17411,1.);
#17411 = DIRECTION('',(0.,1.,-3.330669073875E-16));
#17412 = PLANE('',#17413);
#17413 = AXIS2_PLACEMENT_3D('',#17414,#17415,#17416);
#17414 = CARTESIAN_POINT('',(107.3,1.35,19.485));
#17415 = DIRECTION('',(0.,3.330669073875E-16,1.));
#17416 = DIRECTION('',(-1.,0.,0.));
#17417 = ADVANCED_FACE('',(#17418,#17429),#17440,.T.);
#17418 = FACE_BOUND('',#17419,.T.);
#17419 = EDGE_LOOP('',(#17420,#17421,#17427,#17428));
#17420 = ORIENTED_EDGE('',*,*,#17331,.F.);
#17421 = ORIENTED_EDGE('',*,*,#17422,.F.);
#17422 = EDGE_CURVE('',#17398,#17332,#17423,.T.);
#17423 = LINE('',#17424,#17425);
#17424 = CARTESIAN_POINT('',(93.874535783877,1.35,19.485));
#17425 = VECTOR('',#17426,1.);
#17426 = DIRECTION('',(0.,-3.330669073875E-16,-1.));
#17427 = ORIENTED_EDGE('',*,*,#17397,.F.);
#17428 = ORIENTED_EDGE('',*,*,#16711,.F.);
#17429 = FACE_BOUND('',#17430,.T.);
#17430 = EDGE_LOOP('',(#17431));
#17431 = ORIENTED_EDGE('',*,*,#17432,.T.);
#17432 = EDGE_CURVE('',#17433,#17433,#17435,.T.);
#17433 = VERTEX_POINT('',#17434);
#17434 = CARTESIAN_POINT('',(103.2,1.35,14.29));
#17435 = CIRCLE('',#17436,3.2);
#17436 = AXIS2_PLACEMENT_3D('',#17437,#17438,#17439);
#17437 = CARTESIAN_POINT('',(100.,1.35,14.29));
#17438 = DIRECTION('',(0.,-1.,4.440892098501E-16));
#17439 = DIRECTION('',(1.,0.,0.));
#17440 = PLANE('',#17441);
#17441 = AXIS2_PLACEMENT_3D('',#17442,#17443,#17444);
#17442 = CARTESIAN_POINT('',(-6.563777235188E-15,1.35,22.225));
#17443 = DIRECTION('',(0.,1.,-1.110223024625E-16));
#17444 = DIRECTION('',(0.,1.110223024625E-16,1.));
#17445 = ADVANCED_FACE('',(#17446),#17457,.F.);
#17446 = FACE_BOUND('',#17447,.F.);
#17447 = EDGE_LOOP('',(#17448,#17449,#17455,#17456));
#17448 = ORIENTED_EDGE('',*,*,#16752,.F.);
#17449 = ORIENTED_EDGE('',*,*,#17450,.T.);
#17450 = EDGE_CURVE('',#16753,#17121,#17451,.T.);
#17451 = LINE('',#17452,#17453);
#17452 = CARTESIAN_POINT('',(-96.8,6.346034808757E-15,14.29));
#17453 = VECTOR('',#17454,1.);
#17454 = DIRECTION('',(0.,1.,-4.440892098501E-16));
#17455 = ORIENTED_EDGE('',*,*,#17120,.T.);
#17456 = ORIENTED_EDGE('',*,*,#17450,.F.);
#17457 = CYLINDRICAL_SURFACE('',#17458,3.2);
#17458 = AXIS2_PLACEMENT_3D('',#17459,#17460,#17461);
#17459 = CARTESIAN_POINT('',(-100.,6.346034808757E-15,14.29));
#17460 = DIRECTION('',(0.,-1.,4.440892098501E-16));
#17461 = DIRECTION('',(1.,0.,0.));
#17462 = ADVANCED_FACE('',(#17463),#17474,.F.);
#17463 = FACE_BOUND('',#17464,.F.);
#17464 = EDGE_LOOP('',(#17465,#17466,#17472,#17473));
#17465 = ORIENTED_EDGE('',*,*,#16763,.F.);
#17466 = ORIENTED_EDGE('',*,*,#17467,.T.);
#17467 = EDGE_CURVE('',#16764,#17003,#17468,.T.);
#17468 = LINE('',#17469,#17470);
#17469 = CARTESIAN_POINT('',(-96.8,1.339373056908E-14,30.16));
#17470 = VECTOR('',#17471,1.);
#17471 = DIRECTION('',(0.,1.,-4.440892098501E-16));
#17472 = ORIENTED_EDGE('',*,*,#17002,.T.);
#17473 = ORIENTED_EDGE('',*,*,#17467,.F.);
#17474 = CYLINDRICAL_SURFACE('',#17475,3.2);
#17475 = AXIS2_PLACEMENT_3D('',#17476,#17477,#17478);
#17476 = CARTESIAN_POINT('',(-100.,1.339373056908E-14,30.16));
#17477 = DIRECTION('',(0.,-1.,4.440892098501E-16));
#17478 = DIRECTION('',(1.,0.,0.));
#17479 = ADVANCED_FACE('',(#17480),#17491,.F.);
#17480 = FACE_BOUND('',#17481,.F.);
#17481 = EDGE_LOOP('',(#17482,#17483,#17489,#17490));
#17482 = ORIENTED_EDGE('',*,*,#16774,.F.);
#17483 = ORIENTED_EDGE('',*,*,#17484,.T.);
#17484 = EDGE_CURVE('',#16775,#17433,#17485,.T.);
#17485 = LINE('',#17486,#17487);
#17486 = CARTESIAN_POINT('',(103.2,6.346034808757E-15,14.29));
#17487 = VECTOR('',#17488,1.);
#17488 = DIRECTION('',(0.,1.,-4.440892098501E-16));
#17489 = ORIENTED_EDGE('',*,*,#17432,.T.);
#17490 = ORIENTED_EDGE('',*,*,#17484,.F.);
#17491 = CYLINDRICAL_SURFACE('',#17492,3.2);
#17492 = AXIS2_PLACEMENT_3D('',#17493,#17494,#17495);
#17493 = CARTESIAN_POINT('',(100.,6.346034808757E-15,14.29));
#17494 = DIRECTION('',(0.,-1.,4.440892098501E-16));
#17495 = DIRECTION('',(1.,0.,0.));
#17496 = ADVANCED_FACE('',(#17497),#17513,.F.);
#17497 = FACE_BOUND('',#17498,.F.);
#17498 = EDGE_LOOP('',(#17499,#17505,#17506,#17512));
#17499 = ORIENTED_EDGE('',*,*,#17500,.T.);
#17500 = EDGE_CURVE('',#16786,#16870,#17501,.T.);
#17501 = LINE('',#17502,#17503);
#17502 = CARTESIAN_POINT('',(-89.5,2.080002836635E-14,31.225));
#17503 = VECTOR('',#17504,1.);
#17504 = DIRECTION('',(0.,1.,-6.661338147751E-16));
#17505 = ORIENTED_EDGE('',*,*,#16869,.T.);
#17506 = ORIENTED_EDGE('',*,*,#17507,.F.);
#17507 = EDGE_CURVE('',#16788,#16872,#17508,.T.);
#17508 = LINE('',#17509,#17510);
#17509 = CARTESIAN_POINT('',(-89.5,8.809619700401E-15,13.225));
#17510 = VECTOR('',#17511,1.);
#17511 = DIRECTION('',(0.,1.,-6.661338147751E-16));
#17512 = ORIENTED_EDGE('',*,*,#16785,.F.);
#17513 = PLANE('',#17514);
#17514 = AXIS2_PLACEMENT_3D('',#17515,#17516,#17517);
#17515 = CARTESIAN_POINT('',(-89.5,2.080002836635E-14,31.225));
#17516 = DIRECTION('',(-1.,0.,0.));
#17517 = DIRECTION('',(0.,-6.661338147751E-16,-1.));
#17518 = ADVANCED_FACE('',(#17519),#17530,.F.);
#17519 = FACE_BOUND('',#17520,.F.);
#17520 = EDGE_LOOP('',(#17521,#17527,#17528,#17529));
#17521 = ORIENTED_EDGE('',*,*,#17522,.T.);
#17522 = EDGE_CURVE('',#16804,#16888,#17523,.T.);
#17523 = LINE('',#17524,#17525);
#17524 = CARTESIAN_POINT('',(89.5,2.080002836635E-14,31.225));
#17525 = VECTOR('',#17526,1.);
#17526 = DIRECTION('',(0.,1.,-6.661338147751E-16));
#17527 = ORIENTED_EDGE('',*,*,#16895,.T.);
#17528 = ORIENTED_EDGE('',*,*,#17500,.F.);
#17529 = ORIENTED_EDGE('',*,*,#16811,.F.);
#17530 = PLANE('',#17531);
#17531 = AXIS2_PLACEMENT_3D('',#17532,#17533,#17534);
#17532 = CARTESIAN_POINT('',(89.5,2.080002836635E-14,31.225));
#17533 = DIRECTION('',(0.,6.661338147751E-16,1.));
#17534 = DIRECTION('',(-1.,0.,0.));
#17535 = ADVANCED_FACE('',(#17536),#17547,.F.);
#17536 = FACE_BOUND('',#17537,.F.);
#17537 = EDGE_LOOP('',(#17538,#17539,#17540,#17546));
#17538 = ORIENTED_EDGE('',*,*,#17507,.T.);
#17539 = ORIENTED_EDGE('',*,*,#16879,.T.);
#17540 = ORIENTED_EDGE('',*,*,#17541,.F.);
#17541 = EDGE_CURVE('',#16796,#16880,#17542,.T.);
#17542 = LINE('',#17543,#17544);
#17543 = CARTESIAN_POINT('',(89.5,8.809619700401E-15,13.225));
#17544 = VECTOR('',#17545,1.);
#17545 = DIRECTION('',(0.,1.,-6.661338147751E-16));
#17546 = ORIENTED_EDGE('',*,*,#16795,.F.);
#17547 = PLANE('',#17548);
#17548 = AXIS2_PLACEMENT_3D('',#17549,#17550,#17551);
#17549 = CARTESIAN_POINT('',(-89.5,8.809619700401E-15,13.225));
#17550 = DIRECTION('',(0.,-6.661338147751E-16,-1.));
#17551 = DIRECTION('',(1.,0.,0.));
#17552 = ADVANCED_FACE('',(#17553),#17559,.F.);
#17553 = FACE_BOUND('',#17554,.F.);
#17554 = EDGE_LOOP('',(#17555,#17556,#17557,#17558));
#17555 = ORIENTED_EDGE('',*,*,#17541,.T.);
#17556 = ORIENTED_EDGE('',*,*,#16887,.T.);
#17557 = ORIENTED_EDGE('',*,*,#17522,.F.);
#17558 = ORIENTED_EDGE('',*,*,#16803,.F.);
#17559 = PLANE('',#17560);
#17560 = AXIS2_PLACEMENT_3D('',#17561,#17562,#17563);
#17561 = CARTESIAN_POINT('',(89.5,8.809619700401E-15,13.225));
#17562 = DIRECTION('',(1.,0.,0.));
#17563 = DIRECTION('',(0.,6.661338147751E-16,1.));
#17564 = ADVANCED_FACE('',(#17565),#17576,.F.);
#17565 = FACE_BOUND('',#17566,.F.);
#17566 = EDGE_LOOP('',(#17567,#17568,#17574,#17575));
#17567 = ORIENTED_EDGE('',*,*,#16819,.F.);
#17568 = ORIENTED_EDGE('',*,*,#17569,.T.);
#17569 = EDGE_CURVE('',#16820,#17315,#17570,.T.);
#17570 = LINE('',#17571,#17572);
#17571 = CARTESIAN_POINT('',(103.2,1.339373056908E-14,30.16));
#17572 = VECTOR('',#17573,1.);
#17573 = DIRECTION('',(0.,1.,-4.440892098501E-16));
#17574 = ORIENTED_EDGE('',*,*,#17314,.T.);
#17575 = ORIENTED_EDGE('',*,*,#17569,.F.);
#17576 = CYLINDRICAL_SURFACE('',#17577,3.2);
#17577 = AXIS2_PLACEMENT_3D('',#17578,#17579,#17580);
#17578 = CARTESIAN_POINT('',(100.,1.339373056908E-14,30.16));
#17579 = DIRECTION('',(0.,-1.,4.440892098501E-16));
#17580 = DIRECTION('',(1.,0.,0.));
#17581 = ADVANCED_FACE('',(#17582),#17593,.F.);
#17582 = FACE_BOUND('',#17583,.F.);
#17583 = EDGE_LOOP('',(#17584,#17585,#17591,#17592));
#17584 = ORIENTED_EDGE('',*,*,#17179,.F.);
#17585 = ORIENTED_EDGE('',*,*,#17586,.T.);
#17586 = EDGE_CURVE('',#17180,#16848,#17587,.T.);
#17587 = LINE('',#17588,#17589);
#17588 = CARTESIAN_POINT('',(-96.8,6.346034808757E-15,14.29));
#17589 = VECTOR('',#17590,1.);
#17590 = DIRECTION('',(0.,1.,-4.440892098501E-16));
#17591 = ORIENTED_EDGE('',*,*,#16847,.T.);
#17592 = ORIENTED_EDGE('',*,*,#17586,.F.);
#17593 = CYLINDRICAL_SURFACE('',#17594,3.2);
#17594 = AXIS2_PLACEMENT_3D('',#17595,#17596,#17597);
#17595 = CARTESIAN_POINT('',(-100.,6.346034808757E-15,14.29));
#17596 = DIRECTION('',(0.,-1.,4.440892098501E-16));
#17597 = DIRECTION('',(1.,0.,0.));
#17598 = ADVANCED_FACE('',(#17599),#17610,.F.);
#17599 = FACE_BOUND('',#17600,.F.);
#17600 = EDGE_LOOP('',(#17601,#17602,#17608,#17609));
#17601 = ORIENTED_EDGE('',*,*,#17061,.F.);
#17602 = ORIENTED_EDGE('',*,*,#17603,.T.);
#17603 = EDGE_CURVE('',#17062,#16859,#17604,.T.);
#17604 = LINE('',#17605,#17606);
#17605 = CARTESIAN_POINT('',(-96.8,1.339373056908E-14,30.16));
#17606 = VECTOR('',#17607,1.);
#17607 = DIRECTION('',(0.,1.,-4.440892098501E-16));
#17608 = ORIENTED_EDGE('',*,*,#16858,.T.);
#17609 = ORIENTED_EDGE('',*,*,#17603,.F.);
#17610 = CYLINDRICAL_SURFACE('',#17611,3.2);
#17611 = AXIS2_PLACEMENT_3D('',#17612,#17613,#17614);
#17612 = CARTESIAN_POINT('',(-100.,1.339373056908E-14,30.16));
#17613 = DIRECTION('',(0.,-1.,4.440892098501E-16));
#17614 = DIRECTION('',(1.,0.,0.));
#17615 = ADVANCED_FACE('',(#17616),#17627,.F.);
#17616 = FACE_BOUND('',#17617,.F.);
#17617 = EDGE_LOOP('',(#17618,#17619,#17625,#17626));
#17618 = ORIENTED_EDGE('',*,*,#17380,.F.);
#17619 = ORIENTED_EDGE('',*,*,#17620,.T.);
#17620 = EDGE_CURVE('',#17381,#16904,#17621,.T.);
#17621 = LINE('',#17622,#17623);
#17622 = CARTESIAN_POINT('',(103.2,6.346034808757E-15,14.29));
#17623 = VECTOR('',#17624,1.);
#17624 = DIRECTION('',(0.,1.,-4.440892098501E-16));
#17625 = ORIENTED_EDGE('',*,*,#16903,.T.);
#17626 = ORIENTED_EDGE('',*,*,#17620,.F.);
#17627 = CYLINDRICAL_SURFACE('',#17628,3.2);
#17628 = AXIS2_PLACEMENT_3D('',#17629,#17630,#17631);
#17629 = CARTESIAN_POINT('',(100.,6.346034808757E-15,14.29));
#17630 = DIRECTION('',(0.,-1.,4.440892098501E-16));
#17631 = DIRECTION('',(1.,0.,0.));
#17632 = ADVANCED_FACE('',(#17633),#17644,.F.);
#17633 = FACE_BOUND('',#17634,.F.);
#17634 = EDGE_LOOP('',(#17635,#17636,#17642,#17643));
#17635 = ORIENTED_EDGE('',*,*,#17262,.F.);
#17636 = ORIENTED_EDGE('',*,*,#17637,.T.);
#17637 = EDGE_CURVE('',#17263,#16915,#17638,.T.);
#17638 = LINE('',#17639,#17640);
#17639 = CARTESIAN_POINT('',(103.2,1.339373056908E-14,30.16));
#17640 = VECTOR('',#17641,1.);
#17641 = DIRECTION('',(0.,1.,-4.440892098501E-16));
#17642 = ORIENTED_EDGE('',*,*,#16914,.T.);
#17643 = ORIENTED_EDGE('',*,*,#17637,.F.);
#17644 = CYLINDRICAL_SURFACE('',#17645,3.2);
#17645 = AXIS2_PLACEMENT_3D('',#17646,#17647,#17648);
#17646 = CARTESIAN_POINT('',(100.,1.339373056908E-14,30.16));
#17647 = DIRECTION('',(0.,-1.,4.440892098501E-16));
#17648 = DIRECTION('',(1.,0.,0.));
#17649 = ADVANCED_FACE('',(#17650),#17656,.T.);
#17650 = FACE_BOUND('',#17651,.T.);
#17651 = EDGE_LOOP('',(#17652,#17653,#17654,#17655));
#17652 = ORIENTED_EDGE('',*,*,#17029,.T.);
#17653 = ORIENTED_EDGE('',*,*,#17043,.T.);
#17654 = ORIENTED_EDGE('',*,*,#17079,.F.);
#17655 = ORIENTED_EDGE('',*,*,#16977,.F.);
#17656 = PLANE('',#17657);
#17657 = AXIS2_PLACEMENT_3D('',#17658,#17659,#17660);
#17658 = CARTESIAN_POINT('',(-93.87453578387,1.35,35.355));
#17659 = DIRECTION('',(-1.,0.,0.));
#17660 = DIRECTION('',(0.,-3.330669073875E-16,-1.));
#17661 = ADVANCED_FACE('',(#17662),#17668,.T.);
#17662 = FACE_BOUND('',#17663,.T.);
#17663 = EDGE_LOOP('',(#17664,#17665,#17666,#17667));
#17664 = ORIENTED_EDGE('',*,*,#17147,.T.);
#17665 = ORIENTED_EDGE('',*,*,#17161,.T.);
#17666 = ORIENTED_EDGE('',*,*,#17197,.F.);
#17667 = ORIENTED_EDGE('',*,*,#17095,.F.);
#17668 = PLANE('',#17669);
#17669 = AXIS2_PLACEMENT_3D('',#17670,#17671,#17672);
#17670 = CARTESIAN_POINT('',(-93.87453578387,1.35,19.485));
#17671 = DIRECTION('',(-1.,0.,0.));
#17672 = DIRECTION('',(0.,-3.330669073875E-16,-1.));
#17673 = ADVANCED_FACE('',(#17674),#17680,.F.);
#17674 = FACE_BOUND('',#17675,.F.);
#17675 = EDGE_LOOP('',(#17676,#17677,#17678,#17679));
#17676 = ORIENTED_EDGE('',*,*,#17289,.T.);
#17677 = ORIENTED_EDGE('',*,*,#17245,.T.);
#17678 = ORIENTED_EDGE('',*,*,#17221,.F.);
#17679 = ORIENTED_EDGE('',*,*,#17304,.F.);
#17680 = PLANE('',#17681);
#17681 = AXIS2_PLACEMENT_3D('',#17682,#17683,#17684);
#17682 = CARTESIAN_POINT('',(93.874535783877,1.35,35.355));
#17683 = DIRECTION('',(-1.,0.,0.));
#17684 = DIRECTION('',(0.,-3.330669073875E-16,-1.));
#17685 = ADVANCED_FACE('',(#17686),#17692,.F.);
#17686 = FACE_BOUND('',#17687,.F.);
#17687 = EDGE_LOOP('',(#17688,#17689,#17690,#17691));
#17688 = ORIENTED_EDGE('',*,*,#17407,.T.);
#17689 = ORIENTED_EDGE('',*,*,#17363,.T.);
#17690 = ORIENTED_EDGE('',*,*,#17339,.F.);
#17691 = ORIENTED_EDGE('',*,*,#17422,.F.);
#17692 = PLANE('',#17693);
#17693 = AXIS2_PLACEMENT_3D('',#17694,#17695,#17696);
#17694 = CARTESIAN_POINT('',(93.874535783877,1.35,19.485));
#17695 = DIRECTION('',(-1.,0.,0.));
#17696 = DIRECTION('',(0.,-3.330669073875E-16,-1.));
#17697 = ( GEOMETRIC_REPRESENTATION_CONTEXT(3) 
GLOBAL_UNCERTAINTY_ASSIGNED_CONTEXT((#17701)) 
GLOBAL_UNIT_ASSIGNED_CONTEXT((#17698,#17699,#17700)) 
REPRESENTATION_CONTEXT('Context #1',
  '3D Context with UNIT and UNCERTAINTY') );
#17698 = ( LENGTH_UNIT() NAMED_UNIT(*) SI_UNIT(.MILLI.,.METRE.) );
#17699 = ( NAMED_UNIT(*) PLANE_ANGLE_UNIT() SI_UNIT($,.RADIAN.) );
#17700 = ( NAMED_UNIT(*) SI_UNIT($,.STERADIAN.) SOLID_ANGLE_UNIT() );
#17701 = UNCERTAINTY_MEASURE_WITH_UNIT(LENGTH_MEASURE(1.E-05),#17698,
  'distance_accuracy_value','confusion accuracy');
#17702 = PRODUCT_RELATED_PRODUCT_CATEGORY('part',$,(#7));
ENDSEC;
END-ISO-10303-21;
