ISO-10303-21;
HEADER;
FILE_DESCRIPTION(('FreeCAD Model'),'2;1');
FILE_NAME('Open CASCADE Shape Model','2026-10-03T10:57:07',('FreeCAD'),(
    'FreeCAD'),'Open CASCADE STEP processor 7.8','FreeCAD','Unknown');
FILE_SCHEMA(('AUTOMOTIVE_DESIGN { 1 0 10303 214 1 1 1 1 }'));
ENDSEC;
DATA;
#1 = APPLICATION_PROTOCOL_DEFINITION('international standard',
  'automotive_design',2000,#2);
#2 = APPLICATION_CONTEXT(
  'core data for automotive mechanical design processes');
#3 = SHAPE_DEFINITION_REPRESENTATION(#4,#10);
#4 = PRODUCT_DEFINITION_SHAPE('','',#5);
#5 = PRODUCT_DEFINITION('design','',#6,#9);
#6 = PRODUCT_DEFINITION_FORMATION('','',#7);
#7 = PRODUCT('Open CASCADE STEP translator 7.8 3',
  'Open CASCADE STEP translator 7.8 3','',(#8));
#8 = PRODUCT_CONTEXT('',#2,'mechanical');
#9 = PRODUCT_DEFINITION_CONTEXT('part definition',#2,'design');
#10 = SHAPE_REPRESENTATION('',(#11,#15,#1837,#3659,#5311,#6963,#7746,
    #8520),#10224);
#11 = AXIS2_PLACEMENT_3D('',#12,#13,#14);
#12 = CARTESIAN_POINT('',(0.,0.,0.));
#13 = DIRECTION('',(0.,0.,1.));
#14 = DIRECTION('',(1.,0.,-0.));
#15 = MANIFOLD_SOLID_BREP('',#16);
#16 = CLOSED_SHELL('',(#17,#57,#88,#183,#369,#532,#549,#747,#771,#1001,
    #1025,#1065,#1082,#1099,#1111,#1123,#1145,#1162,#1179,#1191,#1213,
    #1230,#1247,#1259,#1281,#1298,#1315,#1327,#1352,#1377,#1402,#1427,
    #1449,#1466,#1483,#1495,#1517,#1534,#1551,#1563,#1585,#1602,#1619,
    #1631,#1653,#1670,#1687,#1699,#1721,#1738,#1755,#1767,#1784,#1801,
    #1813,#1825));
#17 = ADVANCED_FACE('',(#18),#52,.T.);
#18 = FACE_BOUND('',#19,.T.);
#19 = EDGE_LOOP('',(#20,#30,#38,#46));
#20 = ORIENTED_EDGE('',*,*,#21,.T.);
#21 = EDGE_CURVE('',#22,#24,#26,.T.);
#22 = VERTEX_POINT('',#23);
#23 = CARTESIAN_POINT('',(-94.,4.934941344459E-14,44.45));
#24 = VERTEX_POINT('',#25);
#25 = CARTESIAN_POINT('',(-94.,-6.5,44.45));
#26 = LINE('',#27,#28);
#27 = CARTESIAN_POINT('',(-94.,1.084132783546E-14,44.45));
#28 = VECTOR('',#29,1.);
#29 = DIRECTION('',(-1.665334536938E-15,-1.,-5.551115123126E-16));
#30 = ORIENTED_EDGE('',*,*,#31,.T.);
#31 = EDGE_CURVE('',#24,#32,#34,.T.);
#32 = VERTEX_POINT('',#33);
#33 = CARTESIAN_POINT('',(-94.,-6.5,1.42108547152E-14));
#34 = LINE('',#35,#36);
#35 = CARTESIAN_POINT('',(-94.,-6.5,44.45));
#36 = VECTOR('',#37,1.);
#37 = DIRECTION('',(-8.881784197001E-16,-1.998401444325E-15,-1.));
#38 = ORIENTED_EDGE('',*,*,#39,.F.);
#39 = EDGE_CURVE('',#40,#32,#42,.T.);
#40 = VERTEX_POINT('',#41);
#41 = CARTESIAN_POINT('',(-94.,4.486646398444E-30,1.42108547152E-14));
#42 = LINE('',#43,#44);
#43 = CARTESIAN_POINT('',(-94.,-7.305267502034E-14,-6.150635556423E-14)
  );
#44 = VECTOR('',#45,1.);
#45 = DIRECTION('',(-1.665334536938E-15,-1.,-5.551115123126E-16));
#46 = ORIENTED_EDGE('',*,*,#47,.F.);
#47 = EDGE_CURVE('',#22,#40,#48,.T.);
#48 = LINE('',#49,#50);
#49 = CARTESIAN_POINT('',(-94.,-8.969491815947E-14,44.45));
#50 = VECTOR('',#51,1.);
#51 = DIRECTION('',(-8.881784197001E-16,-1.998401444325E-15,-1.));
#52 = PLANE('',#53);
#53 = AXIS2_PLACEMENT_3D('',#54,#55,#56);
#54 = CARTESIAN_POINT('',(-94.,1.084132783546E-14,44.45));
#55 = DIRECTION('',(1.,6.661338147751E-16,1.554312234475E-15));
#56 = DIRECTION('',(-7.771561172376E-16,-1.887379141863E-15,-1.));
#57 = ADVANCED_FACE('',(#58),#83,.T.);
#58 = FACE_BOUND('',#59,.T.);
#59 = EDGE_LOOP('',(#60,#70,#76,#77));
#60 = ORIENTED_EDGE('',*,*,#61,.T.);
#61 = EDGE_CURVE('',#62,#64,#66,.T.);
#62 = VERTEX_POINT('',#63);
#63 = CARTESIAN_POINT('',(-123.,4.934941344459E-14,44.45));
#64 = VERTEX_POINT('',#65);
#65 = CARTESIAN_POINT('',(-123.,-6.5,44.45));
#66 = LINE('',#67,#68);
#67 = CARTESIAN_POINT('',(-123.,-1.169619956443E-14,44.45));
#68 = VECTOR('',#69,1.);
#69 = DIRECTION('',(-1.665334536938E-15,-1.,-5.551115123126E-16));
#70 = ORIENTED_EDGE('',*,*,#71,.T.);
#71 = EDGE_CURVE('',#64,#24,#72,.T.);
#72 = LINE('',#73,#74);
#73 = CARTESIAN_POINT('',(-123.,-6.5,44.45));
#74 = VECTOR('',#75,1.);
#75 = DIRECTION('',(1.,8.881784197001E-16,1.7763568394E-15));
#76 = ORIENTED_EDGE('',*,*,#21,.F.);
#77 = ORIENTED_EDGE('',*,*,#78,.F.);
#78 = EDGE_CURVE('',#62,#22,#79,.T.);
#79 = LINE('',#80,#81);
#80 = CARTESIAN_POINT('',(-123.,-1.154520923308E-13,44.45));
#81 = VECTOR('',#82,1.);
#82 = DIRECTION('',(1.,8.881784197001E-16,1.7763568394E-15));
#83 = PLANE('',#84);
#84 = AXIS2_PLACEMENT_3D('',#85,#86,#87);
#85 = CARTESIAN_POINT('',(-123.,-1.169619956443E-14,44.45));
#86 = DIRECTION('',(6.661338147751E-16,1.7763568394E-15,1.));
#87 = DIRECTION('',(1.,7.771561172376E-16,1.665334536938E-15));
#88 = ADVANCED_FACE('',(#89),#178,.T.);
#89 = FACE_BOUND('',#90,.T.);
#90 = EDGE_LOOP('',(#91,#101,#109,#117,#125,#133,#141,#149,#157,#163,
    #164,#172));
#91 = ORIENTED_EDGE('',*,*,#92,.F.);
#92 = EDGE_CURVE('',#93,#95,#97,.T.);
#93 = VERTEX_POINT('',#94);
#94 = CARTESIAN_POINT('',(-110.2,-1.419949629398E-30,0.));
#95 = VERTEX_POINT('',#96);
#96 = CARTESIAN_POINT('',(-123.,-5.522026336547E-30,-1.42108547152E-14)
  );
#97 = LINE('',#98,#99);
#98 = CARTESIAN_POINT('',(-94.,-1.785238623597E-13,1.278976924368E-13));
#99 = VECTOR('',#100,1.);
#100 = DIRECTION('',(-1.,-8.881784197001E-16,-1.7763568394E-15));
#101 = ORIENTED_EDGE('',*,*,#102,.T.);
#102 = EDGE_CURVE('',#93,#103,#105,.T.);
#103 = VERTEX_POINT('',#104);
#104 = CARTESIAN_POINT('',(-110.2,206.,0.));
#105 = LINE('',#106,#107);
#106 = CARTESIAN_POINT('',(-110.2,-6.117328865685E-14,
    -6.437073096777E-14));
#107 = VECTOR('',#108,1.);
#108 = DIRECTION('',(1.554312234475E-15,1.,5.551115123126E-16));
#109 = ORIENTED_EDGE('',*,*,#110,.F.);
#110 = EDGE_CURVE('',#111,#103,#113,.T.);
#111 = VERTEX_POINT('',#112);
#112 = CARTESIAN_POINT('',(-107.,206.,0.));
#113 = LINE('',#114,#115);
#114 = CARTESIAN_POINT('',(-106.9999999999,205.99999999999,
    8.792966355031E-14));
#115 = VECTOR('',#116,1.);
#116 = DIRECTION('',(-1.,-8.881784197001E-16,-1.887379141863E-15));
#117 = ORIENTED_EDGE('',*,*,#118,.F.);
#118 = EDGE_CURVE('',#119,#111,#121,.T.);
#119 = VERTEX_POINT('',#120);
#120 = CARTESIAN_POINT('',(-107.,144.,0.));
#121 = LINE('',#122,#123);
#122 = CARTESIAN_POINT('',(-107.,-1.069144772714E-13,-1.069144772714E-13
    ));
#123 = VECTOR('',#124,1.);
#124 = DIRECTION('',(1.998401444325E-15,1.,9.992007221626E-16));
#125 = ORIENTED_EDGE('',*,*,#126,.F.);
#126 = EDGE_CURVE('',#127,#119,#129,.T.);
#127 = VERTEX_POINT('',#128);
#128 = CARTESIAN_POINT('',(-99.,144.,0.));
#129 = LINE('',#130,#131);
#130 = CARTESIAN_POINT('',(-99.,143.99999999999,8.526512829121E-14));
#131 = VECTOR('',#132,1.);
#132 = DIRECTION('',(-1.,-6.661338147751E-16,-1.33226762955E-15));
#133 = ORIENTED_EDGE('',*,*,#134,.F.);
#134 = EDGE_CURVE('',#135,#127,#137,.T.);
#135 = VERTEX_POINT('',#136);
#136 = CARTESIAN_POINT('',(-99.,8.,0.));
#137 = LINE('',#138,#139);
#138 = CARTESIAN_POINT('',(-99.,137.,2.642330798608E-14));
#139 = VECTOR('',#140,1.);
#140 = DIRECTION('',(1.221245327088E-15,1.,3.330669073875E-16));
#141 = ORIENTED_EDGE('',*,*,#142,.T.);
#142 = EDGE_CURVE('',#135,#143,#145,.T.);
#143 = VERTEX_POINT('',#144);
#144 = CARTESIAN_POINT('',(-107.,8.,0.));
#145 = LINE('',#146,#147);
#146 = CARTESIAN_POINT('',(-99.,8.,-5.440092820663E-14));
#147 = VECTOR('',#148,1.);
#148 = DIRECTION('',(-1.,-6.661338147751E-16,-1.443289932013E-15));
#149 = ORIENTED_EDGE('',*,*,#150,.F.);
#150 = EDGE_CURVE('',#151,#143,#153,.T.);
#151 = VERTEX_POINT('',#152);
#152 = CARTESIAN_POINT('',(-107.,-5.605193857299E-45,0.));
#153 = LINE('',#154,#155);
#154 = CARTESIAN_POINT('',(-107.,-1.069144772714E-13,-1.069144772714E-13
    ));
#155 = VECTOR('',#156,1.);
#156 = DIRECTION('',(1.998401444325E-15,1.,9.992007221626E-16));
#157 = ORIENTED_EDGE('',*,*,#158,.F.);
#158 = EDGE_CURVE('',#40,#151,#159,.T.);
#159 = LINE('',#160,#161);
#160 = CARTESIAN_POINT('',(-94.,-1.785238623597E-13,1.278976924368E-13)
  );
#161 = VECTOR('',#162,1.);
#162 = DIRECTION('',(-1.,-8.881784197001E-16,-1.7763568394E-15));
#163 = ORIENTED_EDGE('',*,*,#39,.T.);
#164 = ORIENTED_EDGE('',*,*,#165,.T.);
#165 = EDGE_CURVE('',#32,#166,#168,.T.);
#166 = VERTEX_POINT('',#167);
#167 = CARTESIAN_POINT('',(-123.,-6.5,-1.42108547152E-14));
#168 = LINE('',#169,#170);
#169 = CARTESIAN_POINT('',(-94.,-6.5,1.278976924368E-13));
#170 = VECTOR('',#171,1.);
#171 = DIRECTION('',(-1.,-8.881784197001E-16,-1.7763568394E-15));
#172 = ORIENTED_EDGE('',*,*,#173,.F.);
#173 = EDGE_CURVE('',#95,#166,#174,.T.);
#174 = LINE('',#175,#176);
#175 = CARTESIAN_POINT('',(-123.,-9.559020242023E-14,-1.098010571354E-13
    ));
#176 = VECTOR('',#177,1.);
#177 = DIRECTION('',(-1.665334536938E-15,-1.,-5.551115123126E-16));
#178 = PLANE('',#179);
#179 = AXIS2_PLACEMENT_3D('',#180,#181,#182);
#180 = CARTESIAN_POINT('',(-106.2258517034,88.3375751503,
    -9.599239684139E-15));
#181 = DIRECTION('',(-2.628729561271E-16,-1.110223024625E-15,-1.));
#182 = DIRECTION('',(-1.,-5.551115123126E-16,-1.402461580811E-15));
#183 = ADVANCED_FACE('',(#184,#234,#270,#306,#342,#353),#364,.T.);
#184 = FACE_BOUND('',#185,.T.);
#185 = EDGE_LOOP('',(#186,#187,#188,#196,#204,#210,#211,#219,#227,#233)
  );
#186 = ORIENTED_EDGE('',*,*,#47,.T.);
#187 = ORIENTED_EDGE('',*,*,#158,.T.);
#188 = ORIENTED_EDGE('',*,*,#189,.F.);
#189 = EDGE_CURVE('',#190,#151,#192,.T.);
#190 = VERTEX_POINT('',#191);
#191 = CARTESIAN_POINT('',(-107.,4.026778910315E-14,40.3));
#192 = LINE('',#193,#194);
#193 = CARTESIAN_POINT('',(-107.,-2.637889906509E-14,40.3));
#194 = VECTOR('',#195,1.);
#195 = DIRECTION('',(-9.992007221626E-16,-1.998401444325E-15,-1.));
#196 = ORIENTED_EDGE('',*,*,#197,.T.);
#197 = EDGE_CURVE('',#190,#198,#200,.T.);
#198 = VERTEX_POINT('',#199);
#199 = CARTESIAN_POINT('',(-110.2,4.026778910315E-14,40.3));
#200 = LINE('',#201,#202);
#201 = CARTESIAN_POINT('',(-107.,-1.897371149084E-14,40.3));
#202 = VECTOR('',#203,1.);
#203 = DIRECTION('',(-1.,-8.881784197001E-16,-1.887379141863E-15));
#204 = ORIENTED_EDGE('',*,*,#205,.T.);
#205 = EDGE_CURVE('',#198,#93,#206,.T.);
#206 = LINE('',#207,#208);
#207 = CARTESIAN_POINT('',(-110.2,-2.637889906509E-14,40.3));
#208 = VECTOR('',#209,1.);
#209 = DIRECTION('',(-9.992007221626E-16,-1.998401444325E-15,-1.));
#210 = ORIENTED_EDGE('',*,*,#92,.T.);
#211 = ORIENTED_EDGE('',*,*,#212,.T.);
#212 = EDGE_CURVE('',#95,#213,#215,.T.);
#213 = VERTEX_POINT('',#214);
#214 = CARTESIAN_POINT('',(-127.,4.440892098501E-15,4.));
#215 = LINE('',#216,#217);
#216 = CARTESIAN_POINT('',(-123.,-2.04281036531E-13,7.105427357601E-14)
  );
#217 = VECTOR('',#218,1.);
#218 = DIRECTION('',(-0.707106781187,7.850462293419E-16,0.707106781187)
  );
#219 = ORIENTED_EDGE('',*,*,#220,.T.);
#220 = EDGE_CURVE('',#213,#221,#223,.T.);
#221 = VERTEX_POINT('',#222);
#222 = CARTESIAN_POINT('',(-127.,4.490852134609E-14,40.45));
#223 = LINE('',#224,#225);
#224 = CARTESIAN_POINT('',(-127.,-1.998401444325E-13,4.));
#225 = VECTOR('',#226,1.);
#226 = DIRECTION('',(8.881784197001E-16,1.998401444325E-15,1.));
#227 = ORIENTED_EDGE('',*,*,#228,.T.);
#228 = EDGE_CURVE('',#221,#62,#229,.T.);
#229 = LINE('',#230,#231);
#230 = CARTESIAN_POINT('',(-127.,-1.269984117869E-13,40.45));
#231 = VECTOR('',#232,1.);
#232 = DIRECTION('',(0.707106781187,2.041120196289E-15,0.707106781187));
#233 = ORIENTED_EDGE('',*,*,#78,.T.);
#234 = FACE_BOUND('',#235,.T.);
#235 = EDGE_LOOP('',(#236,#247,#255,#264));
#236 = ORIENTED_EDGE('',*,*,#237,.T.);
#237 = EDGE_CURVE('',#238,#240,#242,.T.);
#238 = VERTEX_POINT('',#239);
#239 = CARTESIAN_POINT('',(-120.4625,7.499556531343E-15,9.65));
#240 = VERTEX_POINT('',#241);
#241 = CARTESIAN_POINT('',(-120.4625,2.370326157575E-15,3.05));
#242 = CIRCLE('',#243,3.3);
#243 = AXIS2_PLACEMENT_3D('',#244,#245,#246);
#244 = CARTESIAN_POINT('',(-120.4625,-1.178071529218E-13,6.35));
#245 = DIRECTION('',(5.551115123126E-16,-1.,1.33226762955E-15));
#246 = DIRECTION('',(1.,5.551115123126E-16,1.110223024625E-15));
#247 = ORIENTED_EDGE('',*,*,#248,.T.);
#248 = EDGE_CURVE('',#240,#249,#251,.T.);
#249 = VERTEX_POINT('',#250);
#250 = CARTESIAN_POINT('',(-116.0625,2.370326157575E-15,3.05));
#251 = LINE('',#252,#253);
#252 = CARTESIAN_POINT('',(-120.4625,-1.222036360993E-13,3.05));
#253 = VECTOR('',#254,1.);
#254 = DIRECTION('',(1.,5.551115123126E-16,1.110223024625E-15));
#255 = ORIENTED_EDGE('',*,*,#256,.T.);
#256 = EDGE_CURVE('',#249,#257,#259,.T.);
#257 = VERTEX_POINT('',#258);
#258 = CARTESIAN_POINT('',(-116.0625,7.499556531343E-15,9.65));
#259 = CIRCLE('',#260,3.3);
#260 = AXIS2_PLACEMENT_3D('',#261,#262,#263);
#261 = CARTESIAN_POINT('',(-116.0625,-1.153646622676E-13,6.35));
#262 = DIRECTION('',(5.551115123126E-16,-1.,1.33226762955E-15));
#263 = DIRECTION('',(1.,5.551115123126E-16,1.110223024625E-15));
#264 = ORIENTED_EDGE('',*,*,#265,.T.);
#265 = EDGE_CURVE('',#257,#238,#266,.T.);
#266 = LINE('',#267,#268);
#267 = CARTESIAN_POINT('',(-116.0625,-1.109681790901E-13,9.65));
#268 = VECTOR('',#269,1.);
#269 = DIRECTION('',(-1.,-5.551115123126E-16,-1.110223024625E-15));
#270 = FACE_BOUND('',#271,.T.);
#271 = EDGE_LOOP('',(#272,#283,#291,#300));
#272 = ORIENTED_EDGE('',*,*,#273,.T.);
#273 = EDGE_CURVE('',#274,#276,#278,.T.);
#274 = VERTEX_POINT('',#275);
#275 = CARTESIAN_POINT('',(-120.4625,1.983690989249E-14,25.525));
#276 = VERTEX_POINT('',#277);
#277 = CARTESIAN_POINT('',(-120.4625,1.470767951872E-14,18.925));
#278 = CIRCLE('',#279,3.3);
#279 = AXIS2_PLACEMENT_3D('',#280,#281,#282);
#280 = CARTESIAN_POINT('',(-120.4625,-9.665740430265E-14,22.225));
#281 = DIRECTION('',(5.551115123126E-16,-1.,1.33226762955E-15));
#282 = DIRECTION('',(1.,5.551115123126E-16,1.110223024625E-15));
#283 = ORIENTED_EDGE('',*,*,#284,.T.);
#284 = EDGE_CURVE('',#276,#285,#287,.T.);
#285 = VERTEX_POINT('',#286);
#286 = CARTESIAN_POINT('',(-116.0625,1.470767951872E-14,18.925));
#287 = LINE('',#288,#289);
#288 = CARTESIAN_POINT('',(-120.4625,-1.010538874802E-13,18.925));
#289 = VECTOR('',#290,1.);
#290 = DIRECTION('',(1.,5.551115123126E-16,1.110223024625E-15));
#291 = ORIENTED_EDGE('',*,*,#292,.T.);
#292 = EDGE_CURVE('',#285,#293,#295,.T.);
#293 = VERTEX_POINT('',#294);
#294 = CARTESIAN_POINT('',(-116.0625,1.983690989249E-14,25.525));
#295 = CIRCLE('',#296,3.3);
#296 = AXIS2_PLACEMENT_3D('',#297,#298,#299);
#297 = CARTESIAN_POINT('',(-116.0625,-9.421491364847E-14,22.225));
#298 = DIRECTION('',(5.551115123126E-16,-1.,1.33226762955E-15));
#299 = DIRECTION('',(1.,5.551115123126E-16,1.110223024625E-15));
#300 = ORIENTED_EDGE('',*,*,#301,.T.);
#301 = EDGE_CURVE('',#293,#274,#302,.T.);
#302 = LINE('',#303,#304);
#303 = CARTESIAN_POINT('',(-116.0625,-8.981843047096E-14,25.525));
#304 = VECTOR('',#305,1.);
#305 = DIRECTION('',(-1.,-5.551115123126E-16,-1.110223024625E-15));
#306 = FACE_BOUND('',#307,.T.);
#307 = EDGE_LOOP('',(#308,#319,#327,#336));
#308 = ORIENTED_EDGE('',*,*,#309,.T.);
#309 = EDGE_CURVE('',#310,#312,#314,.T.);
#310 = VERTEX_POINT('',#311);
#311 = CARTESIAN_POINT('',(-120.4625,3.217426325364E-14,41.4));
#312 = VERTEX_POINT('',#313);
#313 = CARTESIAN_POINT('',(-120.4625,2.704503287987E-14,34.8));
#314 = CIRCLE('',#315,3.3);
#315 = AXIS2_PLACEMENT_3D('',#316,#317,#318);
#316 = CARTESIAN_POINT('',(-120.4625,-7.550765568354E-14,38.1));
#317 = DIRECTION('',(5.551115123126E-16,-1.,1.33226762955E-15));
#318 = DIRECTION('',(1.,5.551115123126E-16,1.110223024625E-15));
#319 = ORIENTED_EDGE('',*,*,#320,.T.);
#320 = EDGE_CURVE('',#312,#321,#323,.T.);
#321 = VERTEX_POINT('',#322);
#322 = CARTESIAN_POINT('',(-116.0625,2.704503287987E-14,34.8));
#323 = LINE('',#324,#325);
#324 = CARTESIAN_POINT('',(-120.4625,-7.990413886105E-14,34.8));
#325 = VECTOR('',#326,1.);
#326 = DIRECTION('',(1.,5.551115123126E-16,1.110223024625E-15));
#327 = ORIENTED_EDGE('',*,*,#328,.T.);
#328 = EDGE_CURVE('',#321,#329,#331,.T.);
#329 = VERTEX_POINT('',#330);
#330 = CARTESIAN_POINT('',(-116.0625,3.217426325364E-14,41.4));
#331 = CIRCLE('',#332,3.3);
#332 = AXIS2_PLACEMENT_3D('',#333,#334,#335);
#333 = CARTESIAN_POINT('',(-116.0625,-7.306516502936E-14,38.1));
#334 = DIRECTION('',(5.551115123126E-16,-1.,1.33226762955E-15));
#335 = DIRECTION('',(1.,5.551115123126E-16,1.110223024625E-15));
#336 = ORIENTED_EDGE('',*,*,#337,.T.);
#337 = EDGE_CURVE('',#329,#310,#338,.T.);
#338 = LINE('',#339,#340);
#339 = CARTESIAN_POINT('',(-116.0625,-6.866868185185E-14,41.4));
#340 = VECTOR('',#341,1.);
#341 = DIRECTION('',(-1.,-5.551115123126E-16,-1.110223024625E-15));
#342 = FACE_BOUND('',#343,.T.);
#343 = EDGE_LOOP('',(#344));
#344 = ORIENTED_EDGE('',*,*,#345,.T.);
#345 = EDGE_CURVE('',#346,#346,#348,.T.);
#346 = VERTEX_POINT('',#347);
#347 = CARTESIAN_POINT('',(-96.8,7.932543510947E-15,14.29));
#348 = CIRCLE('',#349,3.2);
#349 = AXIS2_PLACEMENT_3D('',#350,#351,#352);
#350 = CARTESIAN_POINT('',(-100.,-5.625278021171E-14,14.29));
#351 = DIRECTION('',(3.330669073875E-16,-1.,8.881784197001E-16));
#352 = DIRECTION('',(1.,3.330669073875E-16,6.661338147751E-16));
#353 = FACE_BOUND('',#354,.T.);
#354 = EDGE_LOOP('',(#355));
#355 = ORIENTED_EDGE('',*,*,#356,.T.);
#356 = EDGE_CURVE('',#357,#357,#359,.T.);
#357 = VERTEX_POINT('',#358);
#358 = CARTESIAN_POINT('',(-96.8,1.674216321135E-14,30.16));
#359 = CIRCLE('',#360,3.2);
#360 = AXIS2_PLACEMENT_3D('',#361,#362,#363);
#361 = CARTESIAN_POINT('',(-100.,-4.215738869107E-14,30.16));
#362 = DIRECTION('',(3.330669073875E-16,-1.,8.881784197001E-16));
#363 = DIRECTION('',(1.,3.330669073875E-16,6.661338147751E-16));
#364 = PLANE('',#365);
#365 = AXIS2_PLACEMENT_3D('',#366,#367,#368);
#366 = CARTESIAN_POINT('',(-109.9411214022,-1.482679502749E-13,22.225));
#367 = DIRECTION('',(1.7763568394E-15,1.,8.881784197001E-16));
#368 = DIRECTION('',(8.881784197001E-16,1.7763568394E-15,1.));
#369 = ADVANCED_FACE('',(#370,#397,#433,#469,#505,#516),#527,.F.);
#370 = FACE_BOUND('',#371,.F.);
#371 = EDGE_LOOP('',(#372,#373,#381,#389,#395,#396));
#372 = ORIENTED_EDGE('',*,*,#165,.T.);
#373 = ORIENTED_EDGE('',*,*,#374,.T.);
#374 = EDGE_CURVE('',#166,#375,#377,.T.);
#375 = VERTEX_POINT('',#376);
#376 = CARTESIAN_POINT('',(-127.,-6.5,4.));
#377 = LINE('',#378,#379);
#378 = CARTESIAN_POINT('',(-123.,-6.5,7.105427357601E-14));
#379 = VECTOR('',#380,1.);
#380 = DIRECTION('',(-0.707106781187,7.850462293419E-16,0.707106781187)
  );
#381 = ORIENTED_EDGE('',*,*,#382,.T.);
#382 = EDGE_CURVE('',#375,#383,#385,.T.);
#383 = VERTEX_POINT('',#384);
#384 = CARTESIAN_POINT('',(-127.,-6.5,40.45));
#385 = LINE('',#386,#387);
#386 = CARTESIAN_POINT('',(-127.,-6.5,4.));
#387 = VECTOR('',#388,1.);
#388 = DIRECTION('',(8.881784197001E-16,1.998401444325E-15,1.));
#389 = ORIENTED_EDGE('',*,*,#390,.T.);
#390 = EDGE_CURVE('',#383,#64,#391,.T.);
#391 = LINE('',#392,#393);
#392 = CARTESIAN_POINT('',(-127.,-6.5,40.45));
#393 = VECTOR('',#394,1.);
#394 = DIRECTION('',(0.707106781187,2.041120196289E-15,0.707106781187));
#395 = ORIENTED_EDGE('',*,*,#71,.T.);
#396 = ORIENTED_EDGE('',*,*,#31,.T.);
#397 = FACE_BOUND('',#398,.F.);
#398 = EDGE_LOOP('',(#399,#410,#418,#427));
#399 = ORIENTED_EDGE('',*,*,#400,.T.);
#400 = EDGE_CURVE('',#401,#403,#405,.T.);
#401 = VERTEX_POINT('',#402);
#402 = CARTESIAN_POINT('',(-120.4625,-6.5,9.65));
#403 = VERTEX_POINT('',#404);
#404 = CARTESIAN_POINT('',(-120.4625,-6.5,3.05));
#405 = CIRCLE('',#406,3.3);
#406 = AXIS2_PLACEMENT_3D('',#407,#408,#409);
#407 = CARTESIAN_POINT('',(-120.4625,-6.5,6.35));
#408 = DIRECTION('',(5.551115123126E-16,-1.,1.33226762955E-15));
#409 = DIRECTION('',(1.,5.551115123126E-16,1.110223024625E-15));
#410 = ORIENTED_EDGE('',*,*,#411,.T.);
#411 = EDGE_CURVE('',#403,#412,#414,.T.);
#412 = VERTEX_POINT('',#413);
#413 = CARTESIAN_POINT('',(-116.0625,-6.5,3.05));
#414 = LINE('',#415,#416);
#415 = CARTESIAN_POINT('',(-120.4625,-6.5,3.05));
#416 = VECTOR('',#417,1.);
#417 = DIRECTION('',(1.,5.551115123126E-16,1.110223024625E-15));
#418 = ORIENTED_EDGE('',*,*,#419,.T.);
#419 = EDGE_CURVE('',#412,#420,#422,.T.);
#420 = VERTEX_POINT('',#421);
#421 = CARTESIAN_POINT('',(-116.0625,-6.5,9.65));
#422 = CIRCLE('',#423,3.3);
#423 = AXIS2_PLACEMENT_3D('',#424,#425,#426);
#424 = CARTESIAN_POINT('',(-116.0625,-6.5,6.35));
#425 = DIRECTION('',(5.551115123126E-16,-1.,1.33226762955E-15));
#426 = DIRECTION('',(1.,5.551115123126E-16,1.110223024625E-15));
#427 = ORIENTED_EDGE('',*,*,#428,.T.);
#428 = EDGE_CURVE('',#420,#401,#429,.T.);
#429 = LINE('',#430,#431);
#430 = CARTESIAN_POINT('',(-116.0625,-6.5,9.65));
#431 = VECTOR('',#432,1.);
#432 = DIRECTION('',(-1.,-5.551115123126E-16,-1.110223024625E-15));
#433 = FACE_BOUND('',#434,.F.);
#434 = EDGE_LOOP('',(#435,#446,#454,#463));
#435 = ORIENTED_EDGE('',*,*,#436,.T.);
#436 = EDGE_CURVE('',#437,#439,#441,.T.);
#437 = VERTEX_POINT('',#438);
#438 = CARTESIAN_POINT('',(-120.4625,-6.5,25.525));
#439 = VERTEX_POINT('',#440);
#440 = CARTESIAN_POINT('',(-120.4625,-6.5,18.925));
#441 = CIRCLE('',#442,3.3);
#442 = AXIS2_PLACEMENT_3D('',#443,#444,#445);
#443 = CARTESIAN_POINT('',(-120.4625,-6.5,22.225));
#444 = DIRECTION('',(5.551115123126E-16,-1.,1.33226762955E-15));
#445 = DIRECTION('',(1.,5.551115123126E-16,1.110223024625E-15));
#446 = ORIENTED_EDGE('',*,*,#447,.T.);
#447 = EDGE_CURVE('',#439,#448,#450,.T.);
#448 = VERTEX_POINT('',#449);
#449 = CARTESIAN_POINT('',(-116.0625,-6.5,18.925));
#450 = LINE('',#451,#452);
#451 = CARTESIAN_POINT('',(-120.4625,-6.5,18.925));
#452 = VECTOR('',#453,1.);
#453 = DIRECTION('',(1.,5.551115123126E-16,1.110223024625E-15));
#454 = ORIENTED_EDGE('',*,*,#455,.T.);
#455 = EDGE_CURVE('',#448,#456,#458,.T.);
#456 = VERTEX_POINT('',#457);
#457 = CARTESIAN_POINT('',(-116.0625,-6.5,25.525));
#458 = CIRCLE('',#459,3.3);
#459 = AXIS2_PLACEMENT_3D('',#460,#461,#462);
#460 = CARTESIAN_POINT('',(-116.0625,-6.5,22.225));
#461 = DIRECTION('',(5.551115123126E-16,-1.,1.33226762955E-15));
#462 = DIRECTION('',(1.,5.551115123126E-16,1.110223024625E-15));
#463 = ORIENTED_EDGE('',*,*,#464,.T.);
#464 = EDGE_CURVE('',#456,#437,#465,.T.);
#465 = LINE('',#466,#467);
#466 = CARTESIAN_POINT('',(-116.0625,-6.5,25.525));
#467 = VECTOR('',#468,1.);
#468 = DIRECTION('',(-1.,-5.551115123126E-16,-1.110223024625E-15));
#469 = FACE_BOUND('',#470,.F.);
#470 = EDGE_LOOP('',(#471,#482,#490,#499));
#471 = ORIENTED_EDGE('',*,*,#472,.T.);
#472 = EDGE_CURVE('',#473,#475,#477,.T.);
#473 = VERTEX_POINT('',#474);
#474 = CARTESIAN_POINT('',(-120.4625,-6.5,41.4));
#475 = VERTEX_POINT('',#476);
#476 = CARTESIAN_POINT('',(-120.4625,-6.5,34.8));
#477 = CIRCLE('',#478,3.3);
#478 = AXIS2_PLACEMENT_3D('',#479,#480,#481);
#479 = CARTESIAN_POINT('',(-120.4625,-6.5,38.1));
#480 = DIRECTION('',(5.551115123126E-16,-1.,1.33226762955E-15));
#481 = DIRECTION('',(1.,5.551115123126E-16,1.110223024625E-15));
#482 = ORIENTED_EDGE('',*,*,#483,.T.);
#483 = EDGE_CURVE('',#475,#484,#486,.T.);
#484 = VERTEX_POINT('',#485);
#485 = CARTESIAN_POINT('',(-116.0625,-6.5,34.8));
#486 = LINE('',#487,#488);
#487 = CARTESIAN_POINT('',(-120.4625,-6.5,34.8));
#488 = VECTOR('',#489,1.);
#489 = DIRECTION('',(1.,5.551115123126E-16,1.110223024625E-15));
#490 = ORIENTED_EDGE('',*,*,#491,.T.);
#491 = EDGE_CURVE('',#484,#492,#494,.T.);
#492 = VERTEX_POINT('',#493);
#493 = CARTESIAN_POINT('',(-116.0625,-6.5,41.4));
#494 = CIRCLE('',#495,3.3);
#495 = AXIS2_PLACEMENT_3D('',#496,#497,#498);
#496 = CARTESIAN_POINT('',(-116.0625,-6.5,38.1));
#497 = DIRECTION('',(5.551115123126E-16,-1.,1.33226762955E-15));
#498 = DIRECTION('',(1.,5.551115123126E-16,1.110223024625E-15));
#499 = ORIENTED_EDGE('',*,*,#500,.T.);
#500 = EDGE_CURVE('',#492,#473,#501,.T.);
#501 = LINE('',#502,#503);
#502 = CARTESIAN_POINT('',(-116.0625,-6.5,41.4));
#503 = VECTOR('',#504,1.);
#504 = DIRECTION('',(-1.,-5.551115123126E-16,-1.110223024625E-15));
#505 = FACE_BOUND('',#506,.F.);
#506 = EDGE_LOOP('',(#507));
#507 = ORIENTED_EDGE('',*,*,#508,.T.);
#508 = EDGE_CURVE('',#509,#509,#511,.T.);
#509 = VERTEX_POINT('',#510);
#510 = CARTESIAN_POINT('',(-94.5,-6.5,14.29));
#511 = CIRCLE('',#512,5.5);
#512 = AXIS2_PLACEMENT_3D('',#513,#514,#515);
#513 = CARTESIAN_POINT('',(-100.,-6.5,14.29));
#514 = DIRECTION('',(2.22044604925E-16,-1.,6.661338147751E-16));
#515 = DIRECTION('',(1.,2.22044604925E-16,4.440892098501E-16));
#516 = FACE_BOUND('',#517,.F.);
#517 = EDGE_LOOP('',(#518));
#518 = ORIENTED_EDGE('',*,*,#519,.T.);
#519 = EDGE_CURVE('',#520,#520,#522,.T.);
#520 = VERTEX_POINT('',#521);
#521 = CARTESIAN_POINT('',(-94.5,-6.5,30.16));
#522 = CIRCLE('',#523,5.5);
#523 = AXIS2_PLACEMENT_3D('',#524,#525,#526);
#524 = CARTESIAN_POINT('',(-100.,-6.5,30.16));
#525 = DIRECTION('',(2.22044604925E-16,-1.,6.661338147751E-16));
#526 = DIRECTION('',(1.,2.22044604925E-16,4.440892098501E-16));
#527 = PLANE('',#528);
#528 = AXIS2_PLACEMENT_3D('',#529,#530,#531);
#529 = CARTESIAN_POINT('',(-109.9411214022,-6.5,22.225));
#530 = DIRECTION('',(1.7763568394E-15,1.,8.881784197001E-16));
#531 = DIRECTION('',(8.881784197001E-16,1.7763568394E-15,1.));
#532 = ADVANCED_FACE('',(#533),#544,.T.);
#533 = FACE_BOUND('',#534,.T.);
#534 = EDGE_LOOP('',(#535,#541,#542,#543));
#535 = ORIENTED_EDGE('',*,*,#536,.T.);
#536 = EDGE_CURVE('',#221,#383,#537,.T.);
#537 = LINE('',#538,#539);
#538 = CARTESIAN_POINT('',(-127.,-2.235434060083E-14,40.45));
#539 = VECTOR('',#540,1.);
#540 = DIRECTION('',(-1.665334536938E-15,-1.,-5.551115123126E-16));
#541 = ORIENTED_EDGE('',*,*,#390,.T.);
#542 = ORIENTED_EDGE('',*,*,#61,.F.);
#543 = ORIENTED_EDGE('',*,*,#228,.F.);
#544 = PLANE('',#545);
#545 = AXIS2_PLACEMENT_3D('',#546,#547,#548);
#546 = CARTESIAN_POINT('',(-127.,-2.235434060083E-14,40.45));
#547 = DIRECTION('',(-0.707106781187,7.850462293419E-16,0.707106781187)
  );
#548 = DIRECTION('',(0.707106781187,1.884110950421E-15,0.707106781187));
#549 = ADVANCED_FACE('',(#550,#568,#602,#636,#672,#708),#742,.T.);
#550 = FACE_BOUND('',#551,.T.);
#551 = EDGE_LOOP('',(#552,#553,#561,#567));
#552 = ORIENTED_EDGE('',*,*,#205,.F.);
#553 = ORIENTED_EDGE('',*,*,#554,.F.);
#554 = EDGE_CURVE('',#555,#198,#557,.T.);
#555 = VERTEX_POINT('',#556);
#556 = CARTESIAN_POINT('',(-110.2,206.,40.3));
#557 = LINE('',#558,#559);
#558 = CARTESIAN_POINT('',(-110.1999999999,205.99999999999,40.3));
#559 = VECTOR('',#560,1.);
#560 = DIRECTION('',(-1.998401444325E-15,-1.,-9.992007221626E-16));
#561 = ORIENTED_EDGE('',*,*,#562,.F.);
#562 = EDGE_CURVE('',#103,#555,#563,.T.);
#563 = LINE('',#564,#565);
#564 = CARTESIAN_POINT('',(-110.1999999999,205.99999999999,
    8.926193117986E-14));
#565 = VECTOR('',#566,1.);
#566 = DIRECTION('',(9.992007221626E-16,1.998401444325E-15,1.));
#567 = ORIENTED_EDGE('',*,*,#102,.F.);
#568 = FACE_BOUND('',#569,.T.);
#569 = EDGE_LOOP('',(#570,#580,#588,#596));
#570 = ORIENTED_EDGE('',*,*,#571,.T.);
#571 = EDGE_CURVE('',#572,#574,#576,.T.);
#572 = VERTEX_POINT('',#573);
#573 = CARTESIAN_POINT('',(-110.2,60.,30.));
#574 = VERTEX_POINT('',#575);
#575 = CARTESIAN_POINT('',(-110.2,60.,10.));
#576 = LINE('',#577,#578);
#577 = CARTESIAN_POINT('',(-110.2,60.,30.));
#578 = VECTOR('',#579,1.);
#579 = DIRECTION('',(-1.110223024625E-16,-2.22044604925E-16,-1.));
#580 = ORIENTED_EDGE('',*,*,#581,.T.);
#581 = EDGE_CURVE('',#574,#582,#584,.T.);
#582 = VERTEX_POINT('',#583);
#583 = CARTESIAN_POINT('',(-110.2,88.,10.));
#584 = LINE('',#585,#586);
#585 = CARTESIAN_POINT('',(-110.2,60.,10.));
#586 = VECTOR('',#587,1.);
#587 = DIRECTION('',(2.22044604925E-16,1.,1.110223024625E-16));
#588 = ORIENTED_EDGE('',*,*,#589,.T.);
#589 = EDGE_CURVE('',#582,#590,#592,.T.);
#590 = VERTEX_POINT('',#591);
#591 = CARTESIAN_POINT('',(-110.2,88.,30.));
#592 = LINE('',#593,#594);
#593 = CARTESIAN_POINT('',(-110.2,88.,10.));
#594 = VECTOR('',#595,1.);
#595 = DIRECTION('',(1.110223024625E-16,2.22044604925E-16,1.));
#596 = ORIENTED_EDGE('',*,*,#597,.T.);
#597 = EDGE_CURVE('',#590,#572,#598,.T.);
#598 = LINE('',#599,#600);
#599 = CARTESIAN_POINT('',(-110.2,88.,30.));
#600 = VECTOR('',#601,1.);
#601 = DIRECTION('',(-2.22044604925E-16,-1.,-1.110223024625E-16));
#602 = FACE_BOUND('',#603,.T.);
#603 = EDGE_LOOP('',(#604,#614,#622,#630));
#604 = ORIENTED_EDGE('',*,*,#605,.T.);
#605 = EDGE_CURVE('',#606,#608,#610,.T.);
#606 = VERTEX_POINT('',#607);
#607 = CARTESIAN_POINT('',(-110.2,24.,30.));
#608 = VERTEX_POINT('',#609);
#609 = CARTESIAN_POINT('',(-110.2,24.,10.));
#610 = LINE('',#611,#612);
#611 = CARTESIAN_POINT('',(-110.2,24.,30.));
#612 = VECTOR('',#613,1.);
#613 = DIRECTION('',(-1.110223024625E-16,-2.22044604925E-16,-1.));
#614 = ORIENTED_EDGE('',*,*,#615,.T.);
#615 = EDGE_CURVE('',#608,#616,#618,.T.);
#616 = VERTEX_POINT('',#617);
#617 = CARTESIAN_POINT('',(-110.2,52.,10.));
#618 = LINE('',#619,#620);
#619 = CARTESIAN_POINT('',(-110.2,24.,10.));
#620 = VECTOR('',#621,1.);
#621 = DIRECTION('',(2.22044604925E-16,1.,1.110223024625E-16));
#622 = ORIENTED_EDGE('',*,*,#623,.T.);
#623 = EDGE_CURVE('',#616,#624,#626,.T.);
#624 = VERTEX_POINT('',#625);
#625 = CARTESIAN_POINT('',(-110.2,52.,30.));
#626 = LINE('',#627,#628);
#627 = CARTESIAN_POINT('',(-110.2,52.,10.));
#628 = VECTOR('',#629,1.);
#629 = DIRECTION('',(1.110223024625E-16,2.22044604925E-16,1.));
#630 = ORIENTED_EDGE('',*,*,#631,.T.);
#631 = EDGE_CURVE('',#624,#606,#632,.T.);
#632 = LINE('',#633,#634);
#633 = CARTESIAN_POINT('',(-110.2,52.,30.));
#634 = VECTOR('',#635,1.);
#635 = DIRECTION('',(-2.22044604925E-16,-1.,-1.110223024625E-16));
#636 = FACE_BOUND('',#637,.T.);
#637 = EDGE_LOOP('',(#638,#649,#657,#666));
#638 = ORIENTED_EDGE('',*,*,#639,.T.);
#639 = EDGE_CURVE('',#640,#642,#644,.T.);
#640 = VERTEX_POINT('',#641);
#641 = CARTESIAN_POINT('',(-110.2,181.2,23.2));
#642 = VERTEX_POINT('',#643);
#643 = CARTESIAN_POINT('',(-110.2,181.2,16.8));
#644 = CIRCLE('',#645,3.2);
#645 = AXIS2_PLACEMENT_3D('',#646,#647,#648);
#646 = CARTESIAN_POINT('',(-110.2,181.2,20.));
#647 = DIRECTION('',(1.,-8.881784197001E-16,-4.440892098501E-16));
#648 = DIRECTION('',(8.881784197001E-16,1.,4.440892098501E-16));
#649 = ORIENTED_EDGE('',*,*,#650,.T.);
#650 = EDGE_CURVE('',#642,#651,#653,.T.);
#651 = VERTEX_POINT('',#652);
#652 = CARTESIAN_POINT('',(-110.2,200.8,16.8));
#653 = LINE('',#654,#655);
#654 = CARTESIAN_POINT('',(-110.2,181.2,16.8));
#655 = VECTOR('',#656,1.);
#656 = DIRECTION('',(8.881784197001E-16,1.,4.440892098501E-16));
#657 = ORIENTED_EDGE('',*,*,#658,.T.);
#658 = EDGE_CURVE('',#651,#659,#661,.T.);
#659 = VERTEX_POINT('',#660);
#660 = CARTESIAN_POINT('',(-110.2,200.8,23.2));
#661 = CIRCLE('',#662,3.2);
#662 = AXIS2_PLACEMENT_3D('',#663,#664,#665);
#663 = CARTESIAN_POINT('',(-110.2,200.8,20.));
#664 = DIRECTION('',(1.,-8.881784197001E-16,-4.440892098501E-16));
#665 = DIRECTION('',(8.881784197001E-16,1.,4.440892098501E-16));
#666 = ORIENTED_EDGE('',*,*,#667,.T.);
#667 = EDGE_CURVE('',#659,#640,#668,.T.);
#668 = LINE('',#669,#670);
#669 = CARTESIAN_POINT('',(-110.2,200.8,23.2));
#670 = VECTOR('',#671,1.);
#671 = DIRECTION('',(-8.881784197001E-16,-1.,-4.440892098501E-16));
#672 = FACE_BOUND('',#673,.T.);
#673 = EDGE_LOOP('',(#674,#685,#693,#702));
#674 = ORIENTED_EDGE('',*,*,#675,.T.);
#675 = EDGE_CURVE('',#676,#678,#680,.T.);
#676 = VERTEX_POINT('',#677);
#677 = CARTESIAN_POINT('',(-110.2,151.2,23.2));
#678 = VERTEX_POINT('',#679);
#679 = CARTESIAN_POINT('',(-110.2,151.2,16.8));
#680 = CIRCLE('',#681,3.2);
#681 = AXIS2_PLACEMENT_3D('',#682,#683,#684);
#682 = CARTESIAN_POINT('',(-110.2,151.2,20.));
#683 = DIRECTION('',(1.,-8.881784197001E-16,-4.440892098501E-16));
#684 = DIRECTION('',(8.881784197001E-16,1.,4.440892098501E-16));
#685 = ORIENTED_EDGE('',*,*,#686,.T.);
#686 = EDGE_CURVE('',#678,#687,#689,.T.);
#687 = VERTEX_POINT('',#688);
#688 = CARTESIAN_POINT('',(-110.2,170.8,16.8));
#689 = LINE('',#690,#691);
#690 = CARTESIAN_POINT('',(-110.2,151.2,16.8));
#691 = VECTOR('',#692,1.);
#692 = DIRECTION('',(8.881784197001E-16,1.,4.440892098501E-16));
#693 = ORIENTED_EDGE('',*,*,#694,.T.);
#694 = EDGE_CURVE('',#687,#695,#697,.T.);
#695 = VERTEX_POINT('',#696);
#696 = CARTESIAN_POINT('',(-110.2,170.8,23.2));
#697 = CIRCLE('',#698,3.2);
#698 = AXIS2_PLACEMENT_3D('',#699,#700,#701);
#699 = CARTESIAN_POINT('',(-110.2,170.8,20.));
#700 = DIRECTION('',(1.,-8.881784197001E-16,-4.440892098501E-16));
#701 = DIRECTION('',(8.881784197001E-16,1.,4.440892098501E-16));
#702 = ORIENTED_EDGE('',*,*,#703,.T.);
#703 = EDGE_CURVE('',#695,#676,#704,.T.);
#704 = LINE('',#705,#706);
#705 = CARTESIAN_POINT('',(-110.2,170.8,23.2));
#706 = VECTOR('',#707,1.);
#707 = DIRECTION('',(-8.881784197001E-16,-1.,-4.440892098501E-16));
#708 = FACE_BOUND('',#709,.T.);
#709 = EDGE_LOOP('',(#710,#720,#728,#736));
#710 = ORIENTED_EDGE('',*,*,#711,.T.);
#711 = EDGE_CURVE('',#712,#714,#716,.T.);
#712 = VERTEX_POINT('',#713);
#713 = CARTESIAN_POINT('',(-110.2,96.,30.));
#714 = VERTEX_POINT('',#715);
#715 = CARTESIAN_POINT('',(-110.2,96.,10.));
#716 = LINE('',#717,#718);
#717 = CARTESIAN_POINT('',(-110.2,96.,30.));
#718 = VECTOR('',#719,1.);
#719 = DIRECTION('',(-1.110223024625E-16,-2.22044604925E-16,-1.));
#720 = ORIENTED_EDGE('',*,*,#721,.T.);
#721 = EDGE_CURVE('',#714,#722,#724,.T.);
#722 = VERTEX_POINT('',#723);
#723 = CARTESIAN_POINT('',(-110.2,124.,10.));
#724 = LINE('',#725,#726);
#725 = CARTESIAN_POINT('',(-110.2,96.,10.));
#726 = VECTOR('',#727,1.);
#727 = DIRECTION('',(2.22044604925E-16,1.,1.110223024625E-16));
#728 = ORIENTED_EDGE('',*,*,#729,.T.);
#729 = EDGE_CURVE('',#722,#730,#732,.T.);
#730 = VERTEX_POINT('',#731);
#731 = CARTESIAN_POINT('',(-110.2,124.,30.));
#732 = LINE('',#733,#734);
#733 = CARTESIAN_POINT('',(-110.2,124.,10.));
#734 = VECTOR('',#735,1.);
#735 = DIRECTION('',(1.110223024625E-16,2.22044604925E-16,1.));
#736 = ORIENTED_EDGE('',*,*,#737,.T.);
#737 = EDGE_CURVE('',#730,#712,#738,.T.);
#738 = LINE('',#739,#740);
#739 = CARTESIAN_POINT('',(-110.2,124.,30.));
#740 = VECTOR('',#741,1.);
#741 = DIRECTION('',(-2.22044604925E-16,-1.,-1.110223024625E-16));
#742 = PLANE('',#743);
#743 = AXIS2_PLACEMENT_3D('',#744,#745,#746);
#744 = CARTESIAN_POINT('',(-110.2,103.,20.15));
#745 = DIRECTION('',(-1.,-1.113569392124E-16,-1.412981939247E-15));
#746 = DIRECTION('',(-1.553977597725E-15,-1.,-5.551115123126E-16));
#747 = ADVANCED_FACE('',(#748),#766,.T.);
#748 = FACE_BOUND('',#749,.T.);
#749 = EDGE_LOOP('',(#750,#751,#752,#760));
#750 = ORIENTED_EDGE('',*,*,#110,.T.);
#751 = ORIENTED_EDGE('',*,*,#562,.T.);
#752 = ORIENTED_EDGE('',*,*,#753,.F.);
#753 = EDGE_CURVE('',#754,#555,#756,.T.);
#754 = VERTEX_POINT('',#755);
#755 = CARTESIAN_POINT('',(-107.,206.,40.3));
#756 = LINE('',#757,#758);
#757 = CARTESIAN_POINT('',(-106.9999999999,205.99999999999,40.3));
#758 = VECTOR('',#759,1.);
#759 = DIRECTION('',(-1.,-8.881784197001E-16,-1.887379141863E-15));
#760 = ORIENTED_EDGE('',*,*,#761,.F.);
#761 = EDGE_CURVE('',#111,#754,#762,.T.);
#762 = LINE('',#763,#764);
#763 = CARTESIAN_POINT('',(-106.9999999999,205.99999999999,
    9.89208714941E-14));
#764 = VECTOR('',#765,1.);
#765 = DIRECTION('',(9.992007221626E-16,1.998401444325E-15,1.));
#766 = PLANE('',#767);
#767 = AXIS2_PLACEMENT_3D('',#768,#769,#770);
#768 = CARTESIAN_POINT('',(-106.9999999999,205.99999999999,
    8.792966355031E-14));
#769 = DIRECTION('',(1.7763568394E-15,1.,7.771561172376E-16));
#770 = DIRECTION('',(8.881784197001E-16,1.887379141863E-15,1.));
#771 = ADVANCED_FACE('',(#772,#822,#858,#894,#928,#962),#996,.T.);
#772 = FACE_BOUND('',#773,.T.);
#773 = EDGE_LOOP('',(#774,#780,#781,#782,#790,#798,#806,#814,#820,#821)
  );
#774 = ORIENTED_EDGE('',*,*,#775,.T.);
#775 = EDGE_CURVE('',#754,#190,#776,.T.);
#776 = LINE('',#777,#778);
#777 = CARTESIAN_POINT('',(-106.9999999999,205.99999999999,40.3));
#778 = VECTOR('',#779,1.);
#779 = DIRECTION('',(-1.998401444325E-15,-1.,-9.992007221626E-16));
#780 = ORIENTED_EDGE('',*,*,#189,.T.);
#781 = ORIENTED_EDGE('',*,*,#150,.T.);
#782 = ORIENTED_EDGE('',*,*,#783,.F.);
#783 = EDGE_CURVE('',#784,#143,#786,.T.);
#784 = VERTEX_POINT('',#785);
#785 = CARTESIAN_POINT('',(-107.,8.,3.));
#786 = LINE('',#787,#788);
#787 = CARTESIAN_POINT('',(-107.,8.,11.575));
#788 = VECTOR('',#789,1.);
#789 = DIRECTION('',(-3.330669073875E-16,-1.443289932013E-15,-1.));
#790 = ORIENTED_EDGE('',*,*,#791,.F.);
#791 = EDGE_CURVE('',#792,#784,#794,.T.);
#792 = VERTEX_POINT('',#793);
#793 = CARTESIAN_POINT('',(-107.,137.,3.));
#794 = LINE('',#795,#796);
#795 = CARTESIAN_POINT('',(-107.,120.,3.));
#796 = VECTOR('',#797,1.);
#797 = DIRECTION('',(-1.33226762955E-15,-1.,-6.661338147751E-16));
#798 = ORIENTED_EDGE('',*,*,#799,.T.);
#799 = EDGE_CURVE('',#792,#800,#802,.T.);
#800 = VERTEX_POINT('',#801);
#801 = CARTESIAN_POINT('',(-107.,137.,36.));
#802 = LINE('',#803,#804);
#803 = CARTESIAN_POINT('',(-107.,137.,19.075));
#804 = VECTOR('',#805,1.);
#805 = DIRECTION('',(1.110223024625E-16,1.110223024625E-15,1.));
#806 = ORIENTED_EDGE('',*,*,#807,.T.);
#807 = EDGE_CURVE('',#800,#808,#810,.T.);
#808 = VERTEX_POINT('',#809);
#809 = CARTESIAN_POINT('',(-107.,144.,36.));
#810 = LINE('',#811,#812);
#811 = CARTESIAN_POINT('',(-107.,120.,36.));
#812 = VECTOR('',#813,1.);
#813 = DIRECTION('',(1.110223024625E-15,1.,3.330669073875E-16));
#814 = ORIENTED_EDGE('',*,*,#815,.F.);
#815 = EDGE_CURVE('',#119,#808,#816,.T.);
#816 = LINE('',#817,#818);
#817 = CARTESIAN_POINT('',(-107.,144.,19.075));
#818 = VECTOR('',#819,1.);
#819 = DIRECTION('',(1.110223024625E-16,1.110223024625E-15,1.));
#820 = ORIENTED_EDGE('',*,*,#118,.T.);
#821 = ORIENTED_EDGE('',*,*,#761,.T.);
#822 = FACE_BOUND('',#823,.T.);
#823 = EDGE_LOOP('',(#824,#834,#843,#851));
#824 = ORIENTED_EDGE('',*,*,#825,.F.);
#825 = EDGE_CURVE('',#826,#828,#830,.T.);
#826 = VERTEX_POINT('',#827);
#827 = CARTESIAN_POINT('',(-107.,181.2,16.8));
#828 = VERTEX_POINT('',#829);
#829 = CARTESIAN_POINT('',(-107.,200.8,16.8));
#830 = LINE('',#831,#832);
#831 = CARTESIAN_POINT('',(-107.,181.2,16.8));
#832 = VECTOR('',#833,1.);
#833 = DIRECTION('',(8.881784197001E-16,1.,4.440892098501E-16));
#834 = ORIENTED_EDGE('',*,*,#835,.F.);
#835 = EDGE_CURVE('',#836,#826,#838,.T.);
#836 = VERTEX_POINT('',#837);
#837 = CARTESIAN_POINT('',(-107.,181.2,23.2));
#838 = CIRCLE('',#839,3.2);
#839 = AXIS2_PLACEMENT_3D('',#840,#841,#842);
#840 = CARTESIAN_POINT('',(-107.,181.2,20.));
#841 = DIRECTION('',(1.,-8.881784197001E-16,-4.440892098501E-16));
#842 = DIRECTION('',(8.881784197001E-16,1.,4.440892098501E-16));
#843 = ORIENTED_EDGE('',*,*,#844,.F.);
#844 = EDGE_CURVE('',#845,#836,#847,.T.);
#845 = VERTEX_POINT('',#846);
#846 = CARTESIAN_POINT('',(-107.,200.8,23.2));
#847 = LINE('',#848,#849);
#848 = CARTESIAN_POINT('',(-107.,200.8,23.2));
#849 = VECTOR('',#850,1.);
#850 = DIRECTION('',(-8.881784197001E-16,-1.,-4.440892098501E-16));
#851 = ORIENTED_EDGE('',*,*,#852,.F.);
#852 = EDGE_CURVE('',#828,#845,#853,.T.);
#853 = CIRCLE('',#854,3.2);
#854 = AXIS2_PLACEMENT_3D('',#855,#856,#857);
#855 = CARTESIAN_POINT('',(-107.,200.8,20.));
#856 = DIRECTION('',(1.,-8.881784197001E-16,-4.440892098501E-16));
#857 = DIRECTION('',(8.881784197001E-16,1.,4.440892098501E-16));
#858 = FACE_BOUND('',#859,.T.);
#859 = EDGE_LOOP('',(#860,#870,#879,#887));
#860 = ORIENTED_EDGE('',*,*,#861,.F.);
#861 = EDGE_CURVE('',#862,#864,#866,.T.);
#862 = VERTEX_POINT('',#863);
#863 = CARTESIAN_POINT('',(-107.,151.2,16.8));
#864 = VERTEX_POINT('',#865);
#865 = CARTESIAN_POINT('',(-107.,170.8,16.8));
#866 = LINE('',#867,#868);
#867 = CARTESIAN_POINT('',(-107.,151.2,16.8));
#868 = VECTOR('',#869,1.);
#869 = DIRECTION('',(8.881784197001E-16,1.,4.440892098501E-16));
#870 = ORIENTED_EDGE('',*,*,#871,.F.);
#871 = EDGE_CURVE('',#872,#862,#874,.T.);
#872 = VERTEX_POINT('',#873);
#873 = CARTESIAN_POINT('',(-107.,151.2,23.2));
#874 = CIRCLE('',#875,3.2);
#875 = AXIS2_PLACEMENT_3D('',#876,#877,#878);
#876 = CARTESIAN_POINT('',(-107.,151.2,20.));
#877 = DIRECTION('',(1.,-8.881784197001E-16,-4.440892098501E-16));
#878 = DIRECTION('',(8.881784197001E-16,1.,4.440892098501E-16));
#879 = ORIENTED_EDGE('',*,*,#880,.F.);
#880 = EDGE_CURVE('',#881,#872,#883,.T.);
#881 = VERTEX_POINT('',#882);
#882 = CARTESIAN_POINT('',(-107.,170.8,23.2));
#883 = LINE('',#884,#885);
#884 = CARTESIAN_POINT('',(-107.,170.8,23.2));
#885 = VECTOR('',#886,1.);
#886 = DIRECTION('',(-8.881784197001E-16,-1.,-4.440892098501E-16));
#887 = ORIENTED_EDGE('',*,*,#888,.F.);
#888 = EDGE_CURVE('',#864,#881,#889,.T.);
#889 = CIRCLE('',#890,3.2);
#890 = AXIS2_PLACEMENT_3D('',#891,#892,#893);
#891 = CARTESIAN_POINT('',(-107.,170.8,20.));
#892 = DIRECTION('',(1.,-8.881784197001E-16,-4.440892098501E-16));
#893 = DIRECTION('',(8.881784197001E-16,1.,4.440892098501E-16));
#894 = FACE_BOUND('',#895,.T.);
#895 = EDGE_LOOP('',(#896,#906,#914,#922));
#896 = ORIENTED_EDGE('',*,*,#897,.F.);
#897 = EDGE_CURVE('',#898,#900,#902,.T.);
#898 = VERTEX_POINT('',#899);
#899 = CARTESIAN_POINT('',(-107.,24.,10.));
#900 = VERTEX_POINT('',#901);
#901 = CARTESIAN_POINT('',(-107.,52.,10.));
#902 = LINE('',#903,#904);
#903 = CARTESIAN_POINT('',(-107.,24.,10.));
#904 = VECTOR('',#905,1.);
#905 = DIRECTION('',(2.22044604925E-16,1.,1.110223024625E-16));
#906 = ORIENTED_EDGE('',*,*,#907,.F.);
#907 = EDGE_CURVE('',#908,#898,#910,.T.);
#908 = VERTEX_POINT('',#909);
#909 = CARTESIAN_POINT('',(-107.,24.,30.));
#910 = LINE('',#911,#912);
#911 = CARTESIAN_POINT('',(-107.,24.,30.));
#912 = VECTOR('',#913,1.);
#913 = DIRECTION('',(-1.110223024625E-16,-2.22044604925E-16,-1.));
#914 = ORIENTED_EDGE('',*,*,#915,.F.);
#915 = EDGE_CURVE('',#916,#908,#918,.T.);
#916 = VERTEX_POINT('',#917);
#917 = CARTESIAN_POINT('',(-107.,52.,30.));
#918 = LINE('',#919,#920);
#919 = CARTESIAN_POINT('',(-107.,52.,30.));
#920 = VECTOR('',#921,1.);
#921 = DIRECTION('',(-2.22044604925E-16,-1.,-1.110223024625E-16));
#922 = ORIENTED_EDGE('',*,*,#923,.F.);
#923 = EDGE_CURVE('',#900,#916,#924,.T.);
#924 = LINE('',#925,#926);
#925 = CARTESIAN_POINT('',(-107.,52.,10.));
#926 = VECTOR('',#927,1.);
#927 = DIRECTION('',(1.110223024625E-16,2.22044604925E-16,1.));
#928 = FACE_BOUND('',#929,.T.);
#929 = EDGE_LOOP('',(#930,#940,#948,#956));
#930 = ORIENTED_EDGE('',*,*,#931,.F.);
#931 = EDGE_CURVE('',#932,#934,#936,.T.);
#932 = VERTEX_POINT('',#933);
#933 = CARTESIAN_POINT('',(-107.,96.,10.));
#934 = VERTEX_POINT('',#935);
#935 = CARTESIAN_POINT('',(-107.,124.,10.));
#936 = LINE('',#937,#938);
#937 = CARTESIAN_POINT('',(-107.,96.,10.));
#938 = VECTOR('',#939,1.);
#939 = DIRECTION('',(2.22044604925E-16,1.,1.110223024625E-16));
#940 = ORIENTED_EDGE('',*,*,#941,.F.);
#941 = EDGE_CURVE('',#942,#932,#944,.T.);
#942 = VERTEX_POINT('',#943);
#943 = CARTESIAN_POINT('',(-107.,96.,30.));
#944 = LINE('',#945,#946);
#945 = CARTESIAN_POINT('',(-107.,96.,30.));
#946 = VECTOR('',#947,1.);
#947 = DIRECTION('',(-1.110223024625E-16,-2.22044604925E-16,-1.));
#948 = ORIENTED_EDGE('',*,*,#949,.F.);
#949 = EDGE_CURVE('',#950,#942,#952,.T.);
#950 = VERTEX_POINT('',#951);
#951 = CARTESIAN_POINT('',(-107.,124.,30.));
#952 = LINE('',#953,#954);
#953 = CARTESIAN_POINT('',(-107.,124.,30.));
#954 = VECTOR('',#955,1.);
#955 = DIRECTION('',(-2.22044604925E-16,-1.,-1.110223024625E-16));
#956 = ORIENTED_EDGE('',*,*,#957,.F.);
#957 = EDGE_CURVE('',#934,#950,#958,.T.);
#958 = LINE('',#959,#960);
#959 = CARTESIAN_POINT('',(-107.,124.,10.));
#960 = VECTOR('',#961,1.);
#961 = DIRECTION('',(1.110223024625E-16,2.22044604925E-16,1.));
#962 = FACE_BOUND('',#963,.T.);
#963 = EDGE_LOOP('',(#964,#974,#982,#990));
#964 = ORIENTED_EDGE('',*,*,#965,.F.);
#965 = EDGE_CURVE('',#966,#968,#970,.T.);
#966 = VERTEX_POINT('',#967);
#967 = CARTESIAN_POINT('',(-107.,60.,10.));
#968 = VERTEX_POINT('',#969);
#969 = CARTESIAN_POINT('',(-107.,88.,10.));
#970 = LINE('',#971,#972);
#971 = CARTESIAN_POINT('',(-107.,60.,10.));
#972 = VECTOR('',#973,1.);
#973 = DIRECTION('',(2.22044604925E-16,1.,1.110223024625E-16));
#974 = ORIENTED_EDGE('',*,*,#975,.F.);
#975 = EDGE_CURVE('',#976,#966,#978,.T.);
#976 = VERTEX_POINT('',#977);
#977 = CARTESIAN_POINT('',(-107.,60.,30.));
#978 = LINE('',#979,#980);
#979 = CARTESIAN_POINT('',(-107.,60.,30.));
#980 = VECTOR('',#981,1.);
#981 = DIRECTION('',(-1.110223024625E-16,-2.22044604925E-16,-1.));
#982 = ORIENTED_EDGE('',*,*,#983,.F.);
#983 = EDGE_CURVE('',#984,#976,#986,.T.);
#984 = VERTEX_POINT('',#985);
#985 = CARTESIAN_POINT('',(-107.,88.,30.));
#986 = LINE('',#987,#988);
#987 = CARTESIAN_POINT('',(-107.,88.,30.));
#988 = VECTOR('',#989,1.);
#989 = DIRECTION('',(-2.22044604925E-16,-1.,-1.110223024625E-16));
#990 = ORIENTED_EDGE('',*,*,#991,.F.);
#991 = EDGE_CURVE('',#968,#984,#992,.T.);
#992 = LINE('',#993,#994);
#993 = CARTESIAN_POINT('',(-107.,88.,10.));
#994 = VECTOR('',#995,1.);
#995 = DIRECTION('',(1.110223024625E-16,2.22044604925E-16,1.));
#996 = PLANE('',#997);
#997 = AXIS2_PLACEMENT_3D('',#998,#999,#1000);
#998 = CARTESIAN_POINT('',(-107.,103.,20.15));
#999 = DIRECTION('',(1.,9.992007221626E-16,1.998401444325E-15));
#1000 = DIRECTION('',(9.992007221626E-16,1.998401444325E-15,1.));
#1001 = ADVANCED_FACE('',(#1002),#1020,.T.);
#1002 = FACE_BOUND('',#1003,.T.);
#1003 = EDGE_LOOP('',(#1004,#1012,#1013,#1014));
#1004 = ORIENTED_EDGE('',*,*,#1005,.T.);
#1005 = EDGE_CURVE('',#1006,#127,#1008,.T.);
#1006 = VERTEX_POINT('',#1007);
#1007 = CARTESIAN_POINT('',(-99.,144.,36.));
#1008 = LINE('',#1009,#1010);
#1009 = CARTESIAN_POINT('',(-99.,144.,36.));
#1010 = VECTOR('',#1011,1.);
#1011 = DIRECTION('',(-6.661338147751E-16,-1.554312234475E-15,-1.));
#1012 = ORIENTED_EDGE('',*,*,#126,.T.);
#1013 = ORIENTED_EDGE('',*,*,#815,.T.);
#1014 = ORIENTED_EDGE('',*,*,#1015,.T.);
#1015 = EDGE_CURVE('',#808,#1006,#1016,.T.);
#1016 = LINE('',#1017,#1018);
#1017 = CARTESIAN_POINT('',(-110.2,144.,36.));
#1018 = VECTOR('',#1019,1.);
#1019 = DIRECTION('',(1.,6.661338147751E-16,1.33226762955E-15));
#1020 = PLANE('',#1021);
#1021 = AXIS2_PLACEMENT_3D('',#1022,#1023,#1024);
#1022 = CARTESIAN_POINT('',(-104.6,144.,18.));
#1023 = DIRECTION('',(1.33226762955E-15,1.,6.661338147751E-16));
#1024 = DIRECTION('',(6.661338147751E-16,1.33226762955E-15,1.));
#1025 = ADVANCED_FACE('',(#1026),#1060,.T.);
#1026 = FACE_BOUND('',#1027,.T.);
#1027 = EDGE_LOOP('',(#1028,#1029,#1030,#1038,#1046,#1054));
#1028 = ORIENTED_EDGE('',*,*,#134,.T.);
#1029 = ORIENTED_EDGE('',*,*,#1005,.F.);
#1030 = ORIENTED_EDGE('',*,*,#1031,.F.);
#1031 = EDGE_CURVE('',#1032,#1006,#1034,.T.);
#1032 = VERTEX_POINT('',#1033);
#1033 = CARTESIAN_POINT('',(-99.,137.,36.));
#1034 = LINE('',#1035,#1036);
#1035 = CARTESIAN_POINT('',(-99.,137.,36.));
#1036 = VECTOR('',#1037,1.);
#1037 = DIRECTION('',(1.221245327088E-15,1.,3.330669073875E-16));
#1038 = ORIENTED_EDGE('',*,*,#1039,.T.);
#1039 = EDGE_CURVE('',#1032,#1040,#1042,.T.);
#1040 = VERTEX_POINT('',#1041);
#1041 = CARTESIAN_POINT('',(-99.,137.,3.));
#1042 = LINE('',#1043,#1044);
#1043 = CARTESIAN_POINT('',(-99.,137.,36.));
#1044 = VECTOR('',#1045,1.);
#1045 = DIRECTION('',(-6.661338147751E-16,-1.554312234475E-15,-1.));
#1046 = ORIENTED_EDGE('',*,*,#1047,.T.);
#1047 = EDGE_CURVE('',#1040,#1048,#1050,.T.);
#1048 = VERTEX_POINT('',#1049);
#1049 = CARTESIAN_POINT('',(-99.,8.,3.));
#1050 = LINE('',#1051,#1052);
#1051 = CARTESIAN_POINT('',(-99.,137.,3.));
#1052 = VECTOR('',#1053,1.);
#1053 = DIRECTION('',(-1.554312234475E-15,-1.,-7.771561172376E-16));
#1054 = ORIENTED_EDGE('',*,*,#1055,.T.);
#1055 = EDGE_CURVE('',#1048,#135,#1056,.T.);
#1056 = LINE('',#1057,#1058);
#1057 = CARTESIAN_POINT('',(-99.,8.,3.));
#1058 = VECTOR('',#1059,1.);
#1059 = DIRECTION('',(-7.771561172376E-16,-1.554312234475E-15,-1.));
#1060 = PLANE('',#1061);
#1061 = AXIS2_PLACEMENT_3D('',#1062,#1063,#1064);
#1062 = CARTESIAN_POINT('',(-99.,88.375,5.625));
#1063 = DIRECTION('',(1.,5.551115123126E-16,1.461176597576E-15));
#1064 = DIRECTION('',(2.041579393618E-16,1.110223024625E-15,1.));
#1065 = ADVANCED_FACE('',(#1066),#1077,.T.);
#1066 = FACE_BOUND('',#1067,.T.);
#1067 = EDGE_LOOP('',(#1068,#1069,#1075,#1076));
#1068 = ORIENTED_EDGE('',*,*,#1055,.F.);
#1069 = ORIENTED_EDGE('',*,*,#1070,.T.);
#1070 = EDGE_CURVE('',#1048,#784,#1071,.T.);
#1071 = LINE('',#1072,#1073);
#1072 = CARTESIAN_POINT('',(-99.,8.,3.));
#1073 = VECTOR('',#1074,1.);
#1074 = DIRECTION('',(-1.,-6.661338147751E-16,-1.443289932013E-15));
#1075 = ORIENTED_EDGE('',*,*,#783,.T.);
#1076 = ORIENTED_EDGE('',*,*,#142,.F.);
#1077 = PLANE('',#1078);
#1078 = AXIS2_PLACEMENT_3D('',#1079,#1080,#1081);
#1079 = CARTESIAN_POINT('',(-99.,8.,3.));
#1080 = DIRECTION('',(-1.33226762955E-15,-1.,-5.551115123126E-16));
#1081 = DIRECTION('',(-6.661338147751E-16,-1.443289932013E-15,-1.));
#1082 = ADVANCED_FACE('',(#1083),#1094,.T.);
#1083 = FACE_BOUND('',#1084,.T.);
#1084 = EDGE_LOOP('',(#1085,#1086,#1087,#1093));
#1085 = ORIENTED_EDGE('',*,*,#173,.T.);
#1086 = ORIENTED_EDGE('',*,*,#374,.T.);
#1087 = ORIENTED_EDGE('',*,*,#1088,.F.);
#1088 = EDGE_CURVE('',#213,#375,#1089,.T.);
#1089 = LINE('',#1090,#1091);
#1090 = CARTESIAN_POINT('',(-127.,-9.114931032173E-14,4.));
#1091 = VECTOR('',#1092,1.);
#1092 = DIRECTION('',(-1.665334536938E-15,-1.,-5.551115123126E-16));
#1093 = ORIENTED_EDGE('',*,*,#212,.F.);
#1094 = PLANE('',#1095);
#1095 = AXIS2_PLACEMENT_3D('',#1096,#1097,#1098);
#1096 = CARTESIAN_POINT('',(-123.,-9.559020242023E-14,
    -1.098010571354E-13));
#1097 = DIRECTION('',(-0.707106781187,-1.727101704552E-15,
    -0.707106781187));
#1098 = DIRECTION('',(-0.707106781187,7.850462293419E-16,0.707106781187)
  );
#1099 = ADVANCED_FACE('',(#1100),#1106,.T.);
#1100 = FACE_BOUND('',#1101,.T.);
#1101 = EDGE_LOOP('',(#1102,#1103,#1104,#1105));
#1102 = ORIENTED_EDGE('',*,*,#1088,.T.);
#1103 = ORIENTED_EDGE('',*,*,#382,.T.);
#1104 = ORIENTED_EDGE('',*,*,#536,.F.);
#1105 = ORIENTED_EDGE('',*,*,#220,.F.);
#1106 = PLANE('',#1107);
#1107 = AXIS2_PLACEMENT_3D('',#1108,#1109,#1110);
#1108 = CARTESIAN_POINT('',(-127.,-9.114931032173E-14,4.));
#1109 = DIRECTION('',(-1.,-6.661338147751E-16,-1.554312234475E-15));
#1110 = DIRECTION('',(7.771561172376E-16,1.887379141863E-15,1.));
#1111 = ADVANCED_FACE('',(#1112),#1118,.T.);
#1112 = FACE_BOUND('',#1113,.T.);
#1113 = EDGE_LOOP('',(#1114,#1115,#1116,#1117));
#1114 = ORIENTED_EDGE('',*,*,#753,.T.);
#1115 = ORIENTED_EDGE('',*,*,#554,.T.);
#1116 = ORIENTED_EDGE('',*,*,#197,.F.);
#1117 = ORIENTED_EDGE('',*,*,#775,.F.);
#1118 = PLANE('',#1119);
#1119 = AXIS2_PLACEMENT_3D('',#1120,#1121,#1122);
#1120 = CARTESIAN_POINT('',(-106.9999999999,205.99999999999,40.3));
#1121 = DIRECTION('',(7.771561172376E-16,1.7763568394E-15,1.));
#1122 = DIRECTION('',(-1.887379141863E-15,-1.,-8.881784197001E-16));
#1123 = ADVANCED_FACE('',(#1124),#1140,.F.);
#1124 = FACE_BOUND('',#1125,.T.);
#1125 = EDGE_LOOP('',(#1126,#1132,#1133,#1139));
#1126 = ORIENTED_EDGE('',*,*,#1127,.T.);
#1127 = EDGE_CURVE('',#238,#401,#1128,.T.);
#1128 = LINE('',#1129,#1130);
#1129 = CARTESIAN_POINT('',(-120.4625,-4.171107903517E-14,9.65));
#1130 = VECTOR('',#1131,1.);
#1131 = DIRECTION('',(-9.992007221626E-16,-1.,-2.22044604925E-16));
#1132 = ORIENTED_EDGE('',*,*,#400,.T.);
#1133 = ORIENTED_EDGE('',*,*,#1134,.F.);
#1134 = EDGE_CURVE('',#240,#403,#1135,.T.);
#1135 = LINE('',#1136,#1137);
#1136 = CARTESIAN_POINT('',(-120.4625,-4.977129819395E-14,3.05));
#1137 = VECTOR('',#1138,1.);
#1138 = DIRECTION('',(-9.992007221626E-16,-1.,-2.22044604925E-16));
#1139 = ORIENTED_EDGE('',*,*,#237,.F.);
#1140 = CYLINDRICAL_SURFACE('',#1141,3.3);
#1141 = AXIS2_PLACEMENT_3D('',#1142,#1143,#1144);
#1142 = CARTESIAN_POINT('',(-120.4625,-4.574118861456E-14,6.35));
#1143 = DIRECTION('',(8.881784197001E-16,1.,1.110223024625E-16));
#1144 = DIRECTION('',(1.,4.440892098501E-16,9.992007221626E-16));
#1145 = ADVANCED_FACE('',(#1146),#1157,.T.);
#1146 = FACE_BOUND('',#1147,.T.);
#1147 = EDGE_LOOP('',(#1148,#1154,#1155,#1156));
#1148 = ORIENTED_EDGE('',*,*,#1149,.T.);
#1149 = EDGE_CURVE('',#257,#420,#1150,.T.);
#1150 = LINE('',#1151,#1152);
#1151 = CARTESIAN_POINT('',(-116.0625,-3.975708651183E-14,9.65));
#1152 = VECTOR('',#1153,1.);
#1153 = DIRECTION('',(-9.992007221626E-16,-1.,-2.22044604925E-16));
#1154 = ORIENTED_EDGE('',*,*,#428,.T.);
#1155 = ORIENTED_EDGE('',*,*,#1127,.F.);
#1156 = ORIENTED_EDGE('',*,*,#265,.F.);
#1157 = PLANE('',#1158);
#1158 = AXIS2_PLACEMENT_3D('',#1159,#1160,#1161);
#1159 = CARTESIAN_POINT('',(-116.0625,-3.975708651183E-14,9.65));
#1160 = DIRECTION('',(-3.330669073875E-16,-1.110223024625E-15,-1.));
#1161 = DIRECTION('',(-1.,-4.440892098501E-16,-9.992007221626E-16));
#1162 = ADVANCED_FACE('',(#1163),#1174,.T.);
#1163 = FACE_BOUND('',#1164,.T.);
#1164 = EDGE_LOOP('',(#1165,#1166,#1167,#1173));
#1165 = ORIENTED_EDGE('',*,*,#1134,.T.);
#1166 = ORIENTED_EDGE('',*,*,#411,.T.);
#1167 = ORIENTED_EDGE('',*,*,#1168,.F.);
#1168 = EDGE_CURVE('',#249,#412,#1169,.T.);
#1169 = LINE('',#1170,#1171);
#1170 = CARTESIAN_POINT('',(-116.0625,-4.781730567061E-14,3.05));
#1171 = VECTOR('',#1172,1.);
#1172 = DIRECTION('',(-9.992007221626E-16,-1.,-2.22044604925E-16));
#1173 = ORIENTED_EDGE('',*,*,#248,.F.);
#1174 = PLANE('',#1175);
#1175 = AXIS2_PLACEMENT_3D('',#1176,#1177,#1178);
#1176 = CARTESIAN_POINT('',(-120.4625,-4.977129819395E-14,3.05));
#1177 = DIRECTION('',(3.330669073875E-16,1.110223024625E-15,1.));
#1178 = DIRECTION('',(1.,4.440892098501E-16,9.992007221626E-16));
#1179 = ADVANCED_FACE('',(#1180),#1186,.F.);
#1180 = FACE_BOUND('',#1181,.T.);
#1181 = EDGE_LOOP('',(#1182,#1183,#1184,#1185));
#1182 = ORIENTED_EDGE('',*,*,#1168,.T.);
#1183 = ORIENTED_EDGE('',*,*,#419,.T.);
#1184 = ORIENTED_EDGE('',*,*,#1149,.F.);
#1185 = ORIENTED_EDGE('',*,*,#256,.F.);
#1186 = CYLINDRICAL_SURFACE('',#1187,3.3);
#1187 = AXIS2_PLACEMENT_3D('',#1188,#1189,#1190);
#1188 = CARTESIAN_POINT('',(-116.0625,-4.378719609122E-14,6.35));
#1189 = DIRECTION('',(8.881784197001E-16,1.,1.110223024625E-16));
#1190 = DIRECTION('',(1.,4.440892098501E-16,9.992007221626E-16));
#1191 = ADVANCED_FACE('',(#1192),#1208,.F.);
#1192 = FACE_BOUND('',#1193,.T.);
#1193 = EDGE_LOOP('',(#1194,#1200,#1201,#1207));
#1194 = ORIENTED_EDGE('',*,*,#1195,.T.);
#1195 = EDGE_CURVE('',#274,#437,#1196,.T.);
#1196 = LINE('',#1197,#1198);
#1197 = CARTESIAN_POINT('',(-120.4625,-2.232380946765E-14,25.525));
#1198 = VECTOR('',#1199,1.);
#1199 = DIRECTION('',(-9.992007221626E-16,-1.,-2.22044604925E-16));
#1200 = ORIENTED_EDGE('',*,*,#436,.T.);
#1201 = ORIENTED_EDGE('',*,*,#1202,.F.);
#1202 = EDGE_CURVE('',#276,#439,#1203,.T.);
#1203 = LINE('',#1204,#1205);
#1204 = CARTESIAN_POINT('',(-120.4625,-3.038402862643E-14,18.925));
#1205 = VECTOR('',#1206,1.);
#1206 = DIRECTION('',(-9.992007221626E-16,-1.,-2.22044604925E-16));
#1207 = ORIENTED_EDGE('',*,*,#273,.F.);
#1208 = CYLINDRICAL_SURFACE('',#1209,3.3);
#1209 = AXIS2_PLACEMENT_3D('',#1210,#1211,#1212);
#1210 = CARTESIAN_POINT('',(-120.4625,-2.635391904704E-14,22.225));
#1211 = DIRECTION('',(8.881784197001E-16,1.,1.110223024625E-16));
#1212 = DIRECTION('',(1.,4.440892098501E-16,9.992007221626E-16));
#1213 = ADVANCED_FACE('',(#1214),#1225,.T.);
#1214 = FACE_BOUND('',#1215,.T.);
#1215 = EDGE_LOOP('',(#1216,#1222,#1223,#1224));
#1216 = ORIENTED_EDGE('',*,*,#1217,.T.);
#1217 = EDGE_CURVE('',#293,#456,#1218,.T.);
#1218 = LINE('',#1219,#1220);
#1219 = CARTESIAN_POINT('',(-116.0625,-2.036981694431E-14,25.525));
#1220 = VECTOR('',#1221,1.);
#1221 = DIRECTION('',(-9.992007221626E-16,-1.,-2.22044604925E-16));
#1222 = ORIENTED_EDGE('',*,*,#464,.T.);
#1223 = ORIENTED_EDGE('',*,*,#1195,.F.);
#1224 = ORIENTED_EDGE('',*,*,#301,.F.);
#1225 = PLANE('',#1226);
#1226 = AXIS2_PLACEMENT_3D('',#1227,#1228,#1229);
#1227 = CARTESIAN_POINT('',(-116.0625,-2.036981694431E-14,25.525));
#1228 = DIRECTION('',(-3.330669073875E-16,-1.110223024625E-15,-1.));
#1229 = DIRECTION('',(-1.,-4.440892098501E-16,-9.992007221626E-16));
#1230 = ADVANCED_FACE('',(#1231),#1242,.T.);
#1231 = FACE_BOUND('',#1232,.T.);
#1232 = EDGE_LOOP('',(#1233,#1234,#1235,#1241));
#1233 = ORIENTED_EDGE('',*,*,#1202,.T.);
#1234 = ORIENTED_EDGE('',*,*,#447,.T.);
#1235 = ORIENTED_EDGE('',*,*,#1236,.F.);
#1236 = EDGE_CURVE('',#285,#448,#1237,.T.);
#1237 = LINE('',#1238,#1239);
#1238 = CARTESIAN_POINT('',(-116.0625,-2.843003610309E-14,18.925));
#1239 = VECTOR('',#1240,1.);
#1240 = DIRECTION('',(-9.992007221626E-16,-1.,-2.22044604925E-16));
#1241 = ORIENTED_EDGE('',*,*,#284,.F.);
#1242 = PLANE('',#1243);
#1243 = AXIS2_PLACEMENT_3D('',#1244,#1245,#1246);
#1244 = CARTESIAN_POINT('',(-120.4625,-3.038402862643E-14,18.925));
#1245 = DIRECTION('',(3.330669073875E-16,1.110223024625E-15,1.));
#1246 = DIRECTION('',(1.,4.440892098501E-16,9.992007221626E-16));
#1247 = ADVANCED_FACE('',(#1248),#1254,.F.);
#1248 = FACE_BOUND('',#1249,.T.);
#1249 = EDGE_LOOP('',(#1250,#1251,#1252,#1253));
#1250 = ORIENTED_EDGE('',*,*,#1236,.T.);
#1251 = ORIENTED_EDGE('',*,*,#455,.T.);
#1252 = ORIENTED_EDGE('',*,*,#1217,.F.);
#1253 = ORIENTED_EDGE('',*,*,#292,.F.);
#1254 = CYLINDRICAL_SURFACE('',#1255,3.3);
#1255 = AXIS2_PLACEMENT_3D('',#1256,#1257,#1258);
#1256 = CARTESIAN_POINT('',(-116.0625,-2.43999265237E-14,22.225));
#1257 = DIRECTION('',(8.881784197001E-16,1.,1.110223024625E-16));
#1258 = DIRECTION('',(1.,4.440892098501E-16,9.992007221626E-16));
#1259 = ADVANCED_FACE('',(#1260),#1276,.F.);
#1260 = FACE_BOUND('',#1261,.T.);
#1261 = EDGE_LOOP('',(#1262,#1268,#1269,#1275));
#1262 = ORIENTED_EDGE('',*,*,#1263,.T.);
#1263 = EDGE_CURVE('',#310,#473,#1264,.T.);
#1264 = LINE('',#1265,#1266);
#1265 = CARTESIAN_POINT('',(-120.4625,-2.936539900134E-15,41.4));
#1266 = VECTOR('',#1267,1.);
#1267 = DIRECTION('',(-9.992007221626E-16,-1.,-2.22044604925E-16));
#1268 = ORIENTED_EDGE('',*,*,#472,.T.);
#1269 = ORIENTED_EDGE('',*,*,#1270,.F.);
#1270 = EDGE_CURVE('',#312,#475,#1271,.T.);
#1271 = LINE('',#1272,#1273);
#1272 = CARTESIAN_POINT('',(-120.4625,-1.099675905891E-14,34.8));
#1273 = VECTOR('',#1274,1.);
#1274 = DIRECTION('',(-9.992007221626E-16,-1.,-2.22044604925E-16));
#1275 = ORIENTED_EDGE('',*,*,#309,.F.);
#1276 = CYLINDRICAL_SURFACE('',#1277,3.3);
#1277 = AXIS2_PLACEMENT_3D('',#1278,#1279,#1280);
#1278 = CARTESIAN_POINT('',(-120.4625,-6.966649479523E-15,38.1));
#1279 = DIRECTION('',(8.881784197001E-16,1.,1.110223024625E-16));
#1280 = DIRECTION('',(1.,4.440892098501E-16,9.992007221626E-16));
#1281 = ADVANCED_FACE('',(#1282),#1293,.T.);
#1282 = FACE_BOUND('',#1283,.T.);
#1283 = EDGE_LOOP('',(#1284,#1290,#1291,#1292));
#1284 = ORIENTED_EDGE('',*,*,#1285,.T.);
#1285 = EDGE_CURVE('',#329,#492,#1286,.T.);
#1286 = LINE('',#1287,#1288);
#1287 = CARTESIAN_POINT('',(-116.0625,-9.825473767933E-16,41.4));
#1288 = VECTOR('',#1289,1.);
#1289 = DIRECTION('',(-9.992007221626E-16,-1.,-2.22044604925E-16));
#1290 = ORIENTED_EDGE('',*,*,#500,.T.);
#1291 = ORIENTED_EDGE('',*,*,#1263,.F.);
#1292 = ORIENTED_EDGE('',*,*,#337,.F.);
#1293 = PLANE('',#1294);
#1294 = AXIS2_PLACEMENT_3D('',#1295,#1296,#1297);
#1295 = CARTESIAN_POINT('',(-116.0625,-9.825473767933E-16,41.4));
#1296 = DIRECTION('',(-3.330669073875E-16,-1.110223024625E-15,-1.));
#1297 = DIRECTION('',(-1.,-4.440892098501E-16,-9.992007221626E-16));
#1298 = ADVANCED_FACE('',(#1299),#1310,.T.);
#1299 = FACE_BOUND('',#1300,.T.);
#1300 = EDGE_LOOP('',(#1301,#1302,#1303,#1309));
#1301 = ORIENTED_EDGE('',*,*,#1270,.T.);
#1302 = ORIENTED_EDGE('',*,*,#483,.T.);
#1303 = ORIENTED_EDGE('',*,*,#1304,.F.);
#1304 = EDGE_CURVE('',#321,#484,#1305,.T.);
#1305 = LINE('',#1306,#1307);
#1306 = CARTESIAN_POINT('',(-116.0625,-9.042766535572E-15,34.8));
#1307 = VECTOR('',#1308,1.);
#1308 = DIRECTION('',(-9.992007221626E-16,-1.,-2.22044604925E-16));
#1309 = ORIENTED_EDGE('',*,*,#320,.F.);
#1310 = PLANE('',#1311);
#1311 = AXIS2_PLACEMENT_3D('',#1312,#1313,#1314);
#1312 = CARTESIAN_POINT('',(-120.4625,-1.099675905891E-14,34.8));
#1313 = DIRECTION('',(3.330669073875E-16,1.110223024625E-15,1.));
#1314 = DIRECTION('',(1.,4.440892098501E-16,9.992007221626E-16));
#1315 = ADVANCED_FACE('',(#1316),#1322,.F.);
#1316 = FACE_BOUND('',#1317,.T.);
#1317 = EDGE_LOOP('',(#1318,#1319,#1320,#1321));
#1318 = ORIENTED_EDGE('',*,*,#1304,.T.);
#1319 = ORIENTED_EDGE('',*,*,#491,.T.);
#1320 = ORIENTED_EDGE('',*,*,#1285,.F.);
#1321 = ORIENTED_EDGE('',*,*,#328,.F.);
#1322 = CYLINDRICAL_SURFACE('',#1323,3.3);
#1323 = AXIS2_PLACEMENT_3D('',#1324,#1325,#1326);
#1324 = CARTESIAN_POINT('',(-116.0625,-5.012656956183E-15,38.1));
#1325 = DIRECTION('',(8.881784197001E-16,1.,1.110223024625E-16));
#1326 = DIRECTION('',(1.,4.440892098501E-16,9.992007221626E-16));
#1327 = ADVANCED_FACE('',(#1328),#1347,.F.);
#1328 = FACE_BOUND('',#1329,.T.);
#1329 = EDGE_LOOP('',(#1330,#1331,#1339,#1346));
#1330 = ORIENTED_EDGE('',*,*,#345,.F.);
#1331 = ORIENTED_EDGE('',*,*,#1332,.T.);
#1332 = EDGE_CURVE('',#346,#1333,#1335,.T.);
#1333 = VERTEX_POINT('',#1334);
#1334 = CARTESIAN_POINT('',(-96.8,-5.5,14.29));
#1335 = LINE('',#1336,#1337);
#1336 = CARTESIAN_POINT('',(-96.8,-1.038835684142E-14,14.29));
#1337 = VECTOR('',#1338,1.);
#1338 = DIRECTION('',(-5.551115123126E-16,-1.,-1.355854680849E-31));
#1339 = ORIENTED_EDGE('',*,*,#1340,.F.);
#1340 = EDGE_CURVE('',#1333,#1333,#1341,.T.);
#1341 = CIRCLE('',#1342,3.2);
#1342 = AXIS2_PLACEMENT_3D('',#1343,#1344,#1345);
#1343 = CARTESIAN_POINT('',(-100.,-5.5,14.29));
#1344 = DIRECTION('',(1.725633230171E-31,1.,-5.551115123126E-16));
#1345 = DIRECTION('',(1.,7.395570986447E-32,4.440892098501E-16));
#1346 = ORIENTED_EDGE('',*,*,#1332,.F.);
#1347 = CYLINDRICAL_SURFACE('',#1348,3.2);
#1348 = AXIS2_PLACEMENT_3D('',#1349,#1350,#1351);
#1349 = CARTESIAN_POINT('',(-100.,-1.109889957718E-14,14.29));
#1350 = DIRECTION('',(4.440892098501E-16,1.,-1.110223024625E-16));
#1351 = DIRECTION('',(1.,2.22044604925E-16,5.551115123126E-16));
#1352 = ADVANCED_FACE('',(#1353),#1372,.F.);
#1353 = FACE_BOUND('',#1354,.T.);
#1354 = EDGE_LOOP('',(#1355,#1356,#1364,#1371));
#1355 = ORIENTED_EDGE('',*,*,#356,.F.);
#1356 = ORIENTED_EDGE('',*,*,#1357,.T.);
#1357 = EDGE_CURVE('',#357,#1358,#1360,.T.);
#1358 = VERTEX_POINT('',#1359);
#1359 = CARTESIAN_POINT('',(-96.8,-5.5,30.16));
#1360 = LINE('',#1361,#1362);
#1361 = CARTESIAN_POINT('',(-96.8,1.945110739143E-15,30.16));
#1362 = VECTOR('',#1363,1.);
#1363 = DIRECTION('',(-5.551115123126E-16,-1.,-1.355854680849E-31));
#1364 = ORIENTED_EDGE('',*,*,#1365,.F.);
#1365 = EDGE_CURVE('',#1358,#1358,#1366,.T.);
#1366 = CIRCLE('',#1367,3.2);
#1367 = AXIS2_PLACEMENT_3D('',#1368,#1369,#1370);
#1368 = CARTESIAN_POINT('',(-100.,-5.5,30.16));
#1369 = DIRECTION('',(1.725633230171E-31,1.,-5.551115123126E-16));
#1370 = DIRECTION('',(1.,7.395570986447E-32,4.440892098501E-16));
#1371 = ORIENTED_EDGE('',*,*,#1357,.F.);
#1372 = CYLINDRICAL_SURFACE('',#1373,3.2);
#1373 = AXIS2_PLACEMENT_3D('',#1374,#1375,#1376);
#1374 = CARTESIAN_POINT('',(-100.,1.234568003383E-15,30.16));
#1375 = DIRECTION('',(4.440892098501E-16,1.,-1.110223024625E-16));
#1376 = DIRECTION('',(1.,2.22044604925E-16,5.551115123126E-16));
#1377 = ADVANCED_FACE('',(#1378),#1397,.F.);
#1378 = FACE_BOUND('',#1379,.F.);
#1379 = EDGE_LOOP('',(#1380,#1388,#1395,#1396));
#1380 = ORIENTED_EDGE('',*,*,#1381,.T.);
#1381 = EDGE_CURVE('',#509,#1382,#1384,.T.);
#1382 = VERTEX_POINT('',#1383);
#1383 = CARTESIAN_POINT('',(-94.5,-5.5,14.29));
#1384 = LINE('',#1385,#1386);
#1385 = CARTESIAN_POINT('',(-94.5,-6.5,14.29));
#1386 = VECTOR('',#1387,1.);
#1387 = DIRECTION('',(3.330669073875E-16,1.,-1.110223024625E-16));
#1388 = ORIENTED_EDGE('',*,*,#1389,.T.);
#1389 = EDGE_CURVE('',#1382,#1382,#1390,.T.);
#1390 = CIRCLE('',#1391,5.5);
#1391 = AXIS2_PLACEMENT_3D('',#1392,#1393,#1394);
#1392 = CARTESIAN_POINT('',(-100.,-5.5,14.29));
#1393 = DIRECTION('',(2.22044604925E-16,-1.,6.661338147751E-16));
#1394 = DIRECTION('',(1.,2.22044604925E-16,4.440892098501E-16));
#1395 = ORIENTED_EDGE('',*,*,#1381,.F.);
#1396 = ORIENTED_EDGE('',*,*,#508,.F.);
#1397 = CYLINDRICAL_SURFACE('',#1398,5.5);
#1398 = AXIS2_PLACEMENT_3D('',#1399,#1400,#1401);
#1399 = CARTESIAN_POINT('',(-100.,-6.5,14.29));
#1400 = DIRECTION('',(-2.22044604925E-16,-1.,2.22044604925E-16));
#1401 = DIRECTION('',(1.,1.110223024625E-16,3.330669073875E-16));
#1402 = ADVANCED_FACE('',(#1403),#1422,.F.);
#1403 = FACE_BOUND('',#1404,.F.);
#1404 = EDGE_LOOP('',(#1405,#1413,#1420,#1421));
#1405 = ORIENTED_EDGE('',*,*,#1406,.T.);
#1406 = EDGE_CURVE('',#520,#1407,#1409,.T.);
#1407 = VERTEX_POINT('',#1408);
#1408 = CARTESIAN_POINT('',(-94.5,-5.5,30.16));
#1409 = LINE('',#1410,#1411);
#1410 = CARTESIAN_POINT('',(-94.5,-6.5,30.16));
#1411 = VECTOR('',#1412,1.);
#1412 = DIRECTION('',(3.330669073875E-16,1.,-1.110223024625E-16));
#1413 = ORIENTED_EDGE('',*,*,#1414,.T.);
#1414 = EDGE_CURVE('',#1407,#1407,#1415,.T.);
#1415 = CIRCLE('',#1416,5.5);
#1416 = AXIS2_PLACEMENT_3D('',#1417,#1418,#1419);
#1417 = CARTESIAN_POINT('',(-100.,-5.5,30.16));
#1418 = DIRECTION('',(2.22044604925E-16,-1.,6.661338147751E-16));
#1419 = DIRECTION('',(1.,2.22044604925E-16,4.440892098501E-16));
#1420 = ORIENTED_EDGE('',*,*,#1406,.F.);
#1421 = ORIENTED_EDGE('',*,*,#519,.F.);
#1422 = CYLINDRICAL_SURFACE('',#1423,5.5);
#1423 = AXIS2_PLACEMENT_3D('',#1424,#1425,#1426);
#1424 = CARTESIAN_POINT('',(-100.,-6.5,30.16));
#1425 = DIRECTION('',(-2.22044604925E-16,-1.,2.22044604925E-16));
#1426 = DIRECTION('',(1.,1.110223024625E-16,3.330669073875E-16));
#1427 = ADVANCED_FACE('',(#1428),#1444,.F.);
#1428 = FACE_BOUND('',#1429,.F.);
#1429 = EDGE_LOOP('',(#1430,#1436,#1437,#1443));
#1430 = ORIENTED_EDGE('',*,*,#1431,.T.);
#1431 = EDGE_CURVE('',#976,#572,#1432,.T.);
#1432 = LINE('',#1433,#1434);
#1433 = CARTESIAN_POINT('',(-107.,60.,30.));
#1434 = VECTOR('',#1435,1.);
#1435 = DIRECTION('',(-1.,-0.,-1.110223024625E-16));
#1436 = ORIENTED_EDGE('',*,*,#571,.T.);
#1437 = ORIENTED_EDGE('',*,*,#1438,.F.);
#1438 = EDGE_CURVE('',#966,#574,#1439,.T.);
#1439 = LINE('',#1440,#1441);
#1440 = CARTESIAN_POINT('',(-107.,60.,10.));
#1441 = VECTOR('',#1442,1.);
#1442 = DIRECTION('',(-1.,-0.,-1.110223024625E-16));
#1443 = ORIENTED_EDGE('',*,*,#975,.F.);
#1444 = PLANE('',#1445);
#1445 = AXIS2_PLACEMENT_3D('',#1446,#1447,#1448);
#1446 = CARTESIAN_POINT('',(-107.,60.,30.));
#1447 = DIRECTION('',(-1.232595164408E-32,-1.,1.110223024625E-16));
#1448 = DIRECTION('',(0.,-1.110223024625E-16,-1.));
#1449 = ADVANCED_FACE('',(#1450),#1461,.F.);
#1450 = FACE_BOUND('',#1451,.F.);
#1451 = EDGE_LOOP('',(#1452,#1458,#1459,#1460));
#1452 = ORIENTED_EDGE('',*,*,#1453,.T.);
#1453 = EDGE_CURVE('',#984,#590,#1454,.T.);
#1454 = LINE('',#1455,#1456);
#1455 = CARTESIAN_POINT('',(-107.,88.,30.));
#1456 = VECTOR('',#1457,1.);
#1457 = DIRECTION('',(-1.,-0.,-1.110223024625E-16));
#1458 = ORIENTED_EDGE('',*,*,#597,.T.);
#1459 = ORIENTED_EDGE('',*,*,#1431,.F.);
#1460 = ORIENTED_EDGE('',*,*,#983,.F.);
#1461 = PLANE('',#1462);
#1462 = AXIS2_PLACEMENT_3D('',#1463,#1464,#1465);
#1463 = CARTESIAN_POINT('',(-107.,88.,30.));
#1464 = DIRECTION('',(-1.110223024625E-16,1.232595164408E-32,1.));
#1465 = DIRECTION('',(-1.110223024625E-16,-1.,0.));
#1466 = ADVANCED_FACE('',(#1467),#1478,.F.);
#1467 = FACE_BOUND('',#1468,.F.);
#1468 = EDGE_LOOP('',(#1469,#1475,#1476,#1477));
#1469 = ORIENTED_EDGE('',*,*,#1470,.T.);
#1470 = EDGE_CURVE('',#968,#582,#1471,.T.);
#1471 = LINE('',#1472,#1473);
#1472 = CARTESIAN_POINT('',(-107.,88.,10.));
#1473 = VECTOR('',#1474,1.);
#1474 = DIRECTION('',(-1.,-0.,-1.110223024625E-16));
#1475 = ORIENTED_EDGE('',*,*,#589,.T.);
#1476 = ORIENTED_EDGE('',*,*,#1453,.F.);
#1477 = ORIENTED_EDGE('',*,*,#991,.F.);
#1478 = PLANE('',#1479);
#1479 = AXIS2_PLACEMENT_3D('',#1480,#1481,#1482);
#1480 = CARTESIAN_POINT('',(-107.,88.,10.));
#1481 = DIRECTION('',(1.232595164408E-32,1.,-1.110223024625E-16));
#1482 = DIRECTION('',(0.,1.110223024625E-16,1.));
#1483 = ADVANCED_FACE('',(#1484),#1490,.F.);
#1484 = FACE_BOUND('',#1485,.F.);
#1485 = EDGE_LOOP('',(#1486,#1487,#1488,#1489));
#1486 = ORIENTED_EDGE('',*,*,#1438,.T.);
#1487 = ORIENTED_EDGE('',*,*,#581,.T.);
#1488 = ORIENTED_EDGE('',*,*,#1470,.F.);
#1489 = ORIENTED_EDGE('',*,*,#965,.F.);
#1490 = PLANE('',#1491);
#1491 = AXIS2_PLACEMENT_3D('',#1492,#1493,#1494);
#1492 = CARTESIAN_POINT('',(-107.,60.,10.));
#1493 = DIRECTION('',(1.110223024625E-16,-1.232595164408E-32,-1.));
#1494 = DIRECTION('',(1.110223024625E-16,1.,0.));
#1495 = ADVANCED_FACE('',(#1496),#1512,.F.);
#1496 = FACE_BOUND('',#1497,.F.);
#1497 = EDGE_LOOP('',(#1498,#1504,#1505,#1511));
#1498 = ORIENTED_EDGE('',*,*,#1499,.T.);
#1499 = EDGE_CURVE('',#908,#606,#1500,.T.);
#1500 = LINE('',#1501,#1502);
#1501 = CARTESIAN_POINT('',(-107.,24.,30.));
#1502 = VECTOR('',#1503,1.);
#1503 = DIRECTION('',(-1.,-0.,-1.110223024625E-16));
#1504 = ORIENTED_EDGE('',*,*,#605,.T.);
#1505 = ORIENTED_EDGE('',*,*,#1506,.F.);
#1506 = EDGE_CURVE('',#898,#608,#1507,.T.);
#1507 = LINE('',#1508,#1509);
#1508 = CARTESIAN_POINT('',(-107.,24.,10.));
#1509 = VECTOR('',#1510,1.);
#1510 = DIRECTION('',(-1.,-0.,-1.110223024625E-16));
#1511 = ORIENTED_EDGE('',*,*,#907,.F.);
#1512 = PLANE('',#1513);
#1513 = AXIS2_PLACEMENT_3D('',#1514,#1515,#1516);
#1514 = CARTESIAN_POINT('',(-107.,24.,30.));
#1515 = DIRECTION('',(-1.232595164408E-32,-1.,1.110223024625E-16));
#1516 = DIRECTION('',(0.,-1.110223024625E-16,-1.));
#1517 = ADVANCED_FACE('',(#1518),#1529,.F.);
#1518 = FACE_BOUND('',#1519,.F.);
#1519 = EDGE_LOOP('',(#1520,#1526,#1527,#1528));
#1520 = ORIENTED_EDGE('',*,*,#1521,.T.);
#1521 = EDGE_CURVE('',#916,#624,#1522,.T.);
#1522 = LINE('',#1523,#1524);
#1523 = CARTESIAN_POINT('',(-107.,52.,30.));
#1524 = VECTOR('',#1525,1.);
#1525 = DIRECTION('',(-1.,-0.,-1.110223024625E-16));
#1526 = ORIENTED_EDGE('',*,*,#631,.T.);
#1527 = ORIENTED_EDGE('',*,*,#1499,.F.);
#1528 = ORIENTED_EDGE('',*,*,#915,.F.);
#1529 = PLANE('',#1530);
#1530 = AXIS2_PLACEMENT_3D('',#1531,#1532,#1533);
#1531 = CARTESIAN_POINT('',(-107.,52.,30.));
#1532 = DIRECTION('',(-1.110223024625E-16,1.232595164408E-32,1.));
#1533 = DIRECTION('',(-1.110223024625E-16,-1.,0.));
#1534 = ADVANCED_FACE('',(#1535),#1546,.F.);
#1535 = FACE_BOUND('',#1536,.F.);
#1536 = EDGE_LOOP('',(#1537,#1543,#1544,#1545));
#1537 = ORIENTED_EDGE('',*,*,#1538,.T.);
#1538 = EDGE_CURVE('',#900,#616,#1539,.T.);
#1539 = LINE('',#1540,#1541);
#1540 = CARTESIAN_POINT('',(-107.,52.,10.));
#1541 = VECTOR('',#1542,1.);
#1542 = DIRECTION('',(-1.,-0.,-1.110223024625E-16));
#1543 = ORIENTED_EDGE('',*,*,#623,.T.);
#1544 = ORIENTED_EDGE('',*,*,#1521,.F.);
#1545 = ORIENTED_EDGE('',*,*,#923,.F.);
#1546 = PLANE('',#1547);
#1547 = AXIS2_PLACEMENT_3D('',#1548,#1549,#1550);
#1548 = CARTESIAN_POINT('',(-107.,52.,10.));
#1549 = DIRECTION('',(1.232595164408E-32,1.,-1.110223024625E-16));
#1550 = DIRECTION('',(0.,1.110223024625E-16,1.));
#1551 = ADVANCED_FACE('',(#1552),#1558,.F.);
#1552 = FACE_BOUND('',#1553,.F.);
#1553 = EDGE_LOOP('',(#1554,#1555,#1556,#1557));
#1554 = ORIENTED_EDGE('',*,*,#1506,.T.);
#1555 = ORIENTED_EDGE('',*,*,#615,.T.);
#1556 = ORIENTED_EDGE('',*,*,#1538,.F.);
#1557 = ORIENTED_EDGE('',*,*,#897,.F.);
#1558 = PLANE('',#1559);
#1559 = AXIS2_PLACEMENT_3D('',#1560,#1561,#1562);
#1560 = CARTESIAN_POINT('',(-107.,24.,10.));
#1561 = DIRECTION('',(1.110223024625E-16,-1.232595164408E-32,-1.));
#1562 = DIRECTION('',(1.110223024625E-16,1.,0.));
#1563 = ADVANCED_FACE('',(#1564),#1580,.F.);
#1564 = FACE_BOUND('',#1565,.F.);
#1565 = EDGE_LOOP('',(#1566,#1572,#1573,#1579));
#1566 = ORIENTED_EDGE('',*,*,#1567,.T.);
#1567 = EDGE_CURVE('',#836,#640,#1568,.T.);
#1568 = LINE('',#1569,#1570);
#1569 = CARTESIAN_POINT('',(-107.,181.2,23.2));
#1570 = VECTOR('',#1571,1.);
#1571 = DIRECTION('',(-1.,-3.330669073875E-16,-7.771561172376E-16));
#1572 = ORIENTED_EDGE('',*,*,#639,.T.);
#1573 = ORIENTED_EDGE('',*,*,#1574,.F.);
#1574 = EDGE_CURVE('',#826,#642,#1575,.T.);
#1575 = LINE('',#1576,#1577);
#1576 = CARTESIAN_POINT('',(-107.,181.2,16.8));
#1577 = VECTOR('',#1578,1.);
#1578 = DIRECTION('',(-1.,-3.330669073875E-16,-7.771561172376E-16));
#1579 = ORIENTED_EDGE('',*,*,#835,.F.);
#1580 = CYLINDRICAL_SURFACE('',#1581,3.2);
#1581 = AXIS2_PLACEMENT_3D('',#1582,#1583,#1584);
#1582 = CARTESIAN_POINT('',(-107.,181.2,20.));
#1583 = DIRECTION('',(1.,2.22044604925E-16,6.661338147751E-16));
#1584 = DIRECTION('',(7.771561172376E-16,1.,3.330669073875E-16));
#1585 = ADVANCED_FACE('',(#1586),#1597,.F.);
#1586 = FACE_BOUND('',#1587,.F.);
#1587 = EDGE_LOOP('',(#1588,#1594,#1595,#1596));
#1588 = ORIENTED_EDGE('',*,*,#1589,.T.);
#1589 = EDGE_CURVE('',#845,#659,#1590,.T.);
#1590 = LINE('',#1591,#1592);
#1591 = CARTESIAN_POINT('',(-107.,200.8,23.2));
#1592 = VECTOR('',#1593,1.);
#1593 = DIRECTION('',(-1.,-3.330669073875E-16,-7.771561172376E-16));
#1594 = ORIENTED_EDGE('',*,*,#667,.T.);
#1595 = ORIENTED_EDGE('',*,*,#1567,.F.);
#1596 = ORIENTED_EDGE('',*,*,#844,.F.);
#1597 = PLANE('',#1598);
#1598 = AXIS2_PLACEMENT_3D('',#1599,#1600,#1601);
#1599 = CARTESIAN_POINT('',(-107.,200.8,23.2));
#1600 = DIRECTION('',(2.22044604925E-16,6.661338147751E-16,1.));
#1601 = DIRECTION('',(-7.771561172376E-16,-1.,-3.330669073875E-16));
#1602 = ADVANCED_FACE('',(#1603),#1614,.F.);
#1603 = FACE_BOUND('',#1604,.F.);
#1604 = EDGE_LOOP('',(#1605,#1606,#1607,#1613));
#1605 = ORIENTED_EDGE('',*,*,#1574,.T.);
#1606 = ORIENTED_EDGE('',*,*,#650,.T.);
#1607 = ORIENTED_EDGE('',*,*,#1608,.F.);
#1608 = EDGE_CURVE('',#828,#651,#1609,.T.);
#1609 = LINE('',#1610,#1611);
#1610 = CARTESIAN_POINT('',(-107.,200.8,16.8));
#1611 = VECTOR('',#1612,1.);
#1612 = DIRECTION('',(-1.,-3.330669073875E-16,-7.771561172376E-16));
#1613 = ORIENTED_EDGE('',*,*,#825,.F.);
#1614 = PLANE('',#1615);
#1615 = AXIS2_PLACEMENT_3D('',#1616,#1617,#1618);
#1616 = CARTESIAN_POINT('',(-107.,181.2,16.8));
#1617 = DIRECTION('',(-2.22044604925E-16,-6.661338147751E-16,-1.));
#1618 = DIRECTION('',(7.771561172376E-16,1.,3.330669073875E-16));
#1619 = ADVANCED_FACE('',(#1620),#1626,.F.);
#1620 = FACE_BOUND('',#1621,.F.);
#1621 = EDGE_LOOP('',(#1622,#1623,#1624,#1625));
#1622 = ORIENTED_EDGE('',*,*,#1608,.T.);
#1623 = ORIENTED_EDGE('',*,*,#658,.T.);
#1624 = ORIENTED_EDGE('',*,*,#1589,.F.);
#1625 = ORIENTED_EDGE('',*,*,#852,.F.);
#1626 = CYLINDRICAL_SURFACE('',#1627,3.2);
#1627 = AXIS2_PLACEMENT_3D('',#1628,#1629,#1630);
#1628 = CARTESIAN_POINT('',(-107.,200.8,20.));
#1629 = DIRECTION('',(1.,2.22044604925E-16,6.661338147751E-16));
#1630 = DIRECTION('',(7.771561172376E-16,1.,3.330669073875E-16));
#1631 = ADVANCED_FACE('',(#1632),#1648,.F.);
#1632 = FACE_BOUND('',#1633,.F.);
#1633 = EDGE_LOOP('',(#1634,#1640,#1641,#1647));
#1634 = ORIENTED_EDGE('',*,*,#1635,.T.);
#1635 = EDGE_CURVE('',#872,#676,#1636,.T.);
#1636 = LINE('',#1637,#1638);
#1637 = CARTESIAN_POINT('',(-107.,151.2,23.2));
#1638 = VECTOR('',#1639,1.);
#1639 = DIRECTION('',(-1.,-3.330669073875E-16,-7.771561172376E-16));
#1640 = ORIENTED_EDGE('',*,*,#675,.T.);
#1641 = ORIENTED_EDGE('',*,*,#1642,.F.);
#1642 = EDGE_CURVE('',#862,#678,#1643,.T.);
#1643 = LINE('',#1644,#1645);
#1644 = CARTESIAN_POINT('',(-107.,151.2,16.8));
#1645 = VECTOR('',#1646,1.);
#1646 = DIRECTION('',(-1.,-3.330669073875E-16,-7.771561172376E-16));
#1647 = ORIENTED_EDGE('',*,*,#871,.F.);
#1648 = CYLINDRICAL_SURFACE('',#1649,3.2);
#1649 = AXIS2_PLACEMENT_3D('',#1650,#1651,#1652);
#1650 = CARTESIAN_POINT('',(-107.,151.2,20.));
#1651 = DIRECTION('',(1.,2.22044604925E-16,6.661338147751E-16));
#1652 = DIRECTION('',(7.771561172376E-16,1.,3.330669073875E-16));
#1653 = ADVANCED_FACE('',(#1654),#1665,.F.);
#1654 = FACE_BOUND('',#1655,.F.);
#1655 = EDGE_LOOP('',(#1656,#1662,#1663,#1664));
#1656 = ORIENTED_EDGE('',*,*,#1657,.T.);
#1657 = EDGE_CURVE('',#881,#695,#1658,.T.);
#1658 = LINE('',#1659,#1660);
#1659 = CARTESIAN_POINT('',(-107.,170.8,23.2));
#1660 = VECTOR('',#1661,1.);
#1661 = DIRECTION('',(-1.,-3.330669073875E-16,-7.771561172376E-16));
#1662 = ORIENTED_EDGE('',*,*,#703,.T.);
#1663 = ORIENTED_EDGE('',*,*,#1635,.F.);
#1664 = ORIENTED_EDGE('',*,*,#880,.F.);
#1665 = PLANE('',#1666);
#1666 = AXIS2_PLACEMENT_3D('',#1667,#1668,#1669);
#1667 = CARTESIAN_POINT('',(-107.,170.8,23.2));
#1668 = DIRECTION('',(2.22044604925E-16,6.661338147751E-16,1.));
#1669 = DIRECTION('',(-7.771561172376E-16,-1.,-3.330669073875E-16));
#1670 = ADVANCED_FACE('',(#1671),#1682,.F.);
#1671 = FACE_BOUND('',#1672,.F.);
#1672 = EDGE_LOOP('',(#1673,#1674,#1675,#1681));
#1673 = ORIENTED_EDGE('',*,*,#1642,.T.);
#1674 = ORIENTED_EDGE('',*,*,#686,.T.);
#1675 = ORIENTED_EDGE('',*,*,#1676,.F.);
#1676 = EDGE_CURVE('',#864,#687,#1677,.T.);
#1677 = LINE('',#1678,#1679);
#1678 = CARTESIAN_POINT('',(-107.,170.8,16.8));
#1679 = VECTOR('',#1680,1.);
#1680 = DIRECTION('',(-1.,-3.330669073875E-16,-7.771561172376E-16));
#1681 = ORIENTED_EDGE('',*,*,#861,.F.);
#1682 = PLANE('',#1683);
#1683 = AXIS2_PLACEMENT_3D('',#1684,#1685,#1686);
#1684 = CARTESIAN_POINT('',(-107.,151.2,16.8));
#1685 = DIRECTION('',(-2.22044604925E-16,-6.661338147751E-16,-1.));
#1686 = DIRECTION('',(7.771561172376E-16,1.,3.330669073875E-16));
#1687 = ADVANCED_FACE('',(#1688),#1694,.F.);
#1688 = FACE_BOUND('',#1689,.F.);
#1689 = EDGE_LOOP('',(#1690,#1691,#1692,#1693));
#1690 = ORIENTED_EDGE('',*,*,#1676,.T.);
#1691 = ORIENTED_EDGE('',*,*,#694,.T.);
#1692 = ORIENTED_EDGE('',*,*,#1657,.F.);
#1693 = ORIENTED_EDGE('',*,*,#888,.F.);
#1694 = CYLINDRICAL_SURFACE('',#1695,3.2);
#1695 = AXIS2_PLACEMENT_3D('',#1696,#1697,#1698);
#1696 = CARTESIAN_POINT('',(-107.,170.8,20.));
#1697 = DIRECTION('',(1.,2.22044604925E-16,6.661338147751E-16));
#1698 = DIRECTION('',(7.771561172376E-16,1.,3.330669073875E-16));
#1699 = ADVANCED_FACE('',(#1700),#1716,.F.);
#1700 = FACE_BOUND('',#1701,.F.);
#1701 = EDGE_LOOP('',(#1702,#1708,#1709,#1715));
#1702 = ORIENTED_EDGE('',*,*,#1703,.T.);
#1703 = EDGE_CURVE('',#942,#712,#1704,.T.);
#1704 = LINE('',#1705,#1706);
#1705 = CARTESIAN_POINT('',(-107.,96.,30.));
#1706 = VECTOR('',#1707,1.);
#1707 = DIRECTION('',(-1.,-0.,-1.110223024625E-16));
#1708 = ORIENTED_EDGE('',*,*,#711,.T.);
#1709 = ORIENTED_EDGE('',*,*,#1710,.F.);
#1710 = EDGE_CURVE('',#932,#714,#1711,.T.);
#1711 = LINE('',#1712,#1713);
#1712 = CARTESIAN_POINT('',(-107.,96.,10.));
#1713 = VECTOR('',#1714,1.);
#1714 = DIRECTION('',(-1.,-0.,-1.110223024625E-16));
#1715 = ORIENTED_EDGE('',*,*,#941,.F.);
#1716 = PLANE('',#1717);
#1717 = AXIS2_PLACEMENT_3D('',#1718,#1719,#1720);
#1718 = CARTESIAN_POINT('',(-107.,96.,30.));
#1719 = DIRECTION('',(-1.232595164408E-32,-1.,1.110223024625E-16));
#1720 = DIRECTION('',(0.,-1.110223024625E-16,-1.));
#1721 = ADVANCED_FACE('',(#1722),#1733,.F.);
#1722 = FACE_BOUND('',#1723,.F.);
#1723 = EDGE_LOOP('',(#1724,#1730,#1731,#1732));
#1724 = ORIENTED_EDGE('',*,*,#1725,.T.);
#1725 = EDGE_CURVE('',#950,#730,#1726,.T.);
#1726 = LINE('',#1727,#1728);
#1727 = CARTESIAN_POINT('',(-107.,124.,30.));
#1728 = VECTOR('',#1729,1.);
#1729 = DIRECTION('',(-1.,-0.,-1.110223024625E-16));
#1730 = ORIENTED_EDGE('',*,*,#737,.T.);
#1731 = ORIENTED_EDGE('',*,*,#1703,.F.);
#1732 = ORIENTED_EDGE('',*,*,#949,.F.);
#1733 = PLANE('',#1734);
#1734 = AXIS2_PLACEMENT_3D('',#1735,#1736,#1737);
#1735 = CARTESIAN_POINT('',(-107.,124.,30.));
#1736 = DIRECTION('',(-1.110223024625E-16,1.232595164408E-32,1.));
#1737 = DIRECTION('',(-1.110223024625E-16,-1.,0.));
#1738 = ADVANCED_FACE('',(#1739),#1750,.F.);
#1739 = FACE_BOUND('',#1740,.F.);
#1740 = EDGE_LOOP('',(#1741,#1747,#1748,#1749));
#1741 = ORIENTED_EDGE('',*,*,#1742,.T.);
#1742 = EDGE_CURVE('',#934,#722,#1743,.T.);
#1743 = LINE('',#1744,#1745);
#1744 = CARTESIAN_POINT('',(-107.,124.,10.));
#1745 = VECTOR('',#1746,1.);
#1746 = DIRECTION('',(-1.,-0.,-1.110223024625E-16));
#1747 = ORIENTED_EDGE('',*,*,#729,.T.);
#1748 = ORIENTED_EDGE('',*,*,#1725,.F.);
#1749 = ORIENTED_EDGE('',*,*,#957,.F.);
#1750 = PLANE('',#1751);
#1751 = AXIS2_PLACEMENT_3D('',#1752,#1753,#1754);
#1752 = CARTESIAN_POINT('',(-107.,124.,10.));
#1753 = DIRECTION('',(1.232595164408E-32,1.,-1.110223024625E-16));
#1754 = DIRECTION('',(0.,1.110223024625E-16,1.));
#1755 = ADVANCED_FACE('',(#1756),#1762,.F.);
#1756 = FACE_BOUND('',#1757,.F.);
#1757 = EDGE_LOOP('',(#1758,#1759,#1760,#1761));
#1758 = ORIENTED_EDGE('',*,*,#1710,.T.);
#1759 = ORIENTED_EDGE('',*,*,#721,.T.);
#1760 = ORIENTED_EDGE('',*,*,#1742,.F.);
#1761 = ORIENTED_EDGE('',*,*,#931,.F.);
#1762 = PLANE('',#1763);
#1763 = AXIS2_PLACEMENT_3D('',#1764,#1765,#1766);
#1764 = CARTESIAN_POINT('',(-107.,96.,10.));
#1765 = DIRECTION('',(1.110223024625E-16,-1.232595164408E-32,-1.));
#1766 = DIRECTION('',(1.110223024625E-16,1.,0.));
#1767 = ADVANCED_FACE('',(#1768),#1779,.F.);
#1768 = FACE_BOUND('',#1769,.F.);
#1769 = EDGE_LOOP('',(#1770,#1776,#1777,#1778));
#1770 = ORIENTED_EDGE('',*,*,#1771,.F.);
#1771 = EDGE_CURVE('',#800,#1032,#1772,.T.);
#1772 = LINE('',#1773,#1774);
#1773 = CARTESIAN_POINT('',(-110.2,137.,36.));
#1774 = VECTOR('',#1775,1.);
#1775 = DIRECTION('',(1.,6.661338147751E-16,1.33226762955E-15));
#1776 = ORIENTED_EDGE('',*,*,#807,.T.);
#1777 = ORIENTED_EDGE('',*,*,#1015,.T.);
#1778 = ORIENTED_EDGE('',*,*,#1031,.F.);
#1779 = PLANE('',#1780);
#1780 = AXIS2_PLACEMENT_3D('',#1781,#1782,#1783);
#1781 = CARTESIAN_POINT('',(-110.2,137.,36.));
#1782 = DIRECTION('',(-4.440892098501E-16,-1.33226762955E-15,-1.));
#1783 = DIRECTION('',(1.,5.551115123126E-16,1.221245327088E-15));
#1784 = ADVANCED_FACE('',(#1785),#1796,.T.);
#1785 = FACE_BOUND('',#1786,.T.);
#1786 = EDGE_LOOP('',(#1787,#1788,#1794,#1795));
#1787 = ORIENTED_EDGE('',*,*,#1047,.F.);
#1788 = ORIENTED_EDGE('',*,*,#1789,.T.);
#1789 = EDGE_CURVE('',#1040,#792,#1790,.T.);
#1790 = LINE('',#1791,#1792);
#1791 = CARTESIAN_POINT('',(-99.,137.,3.));
#1792 = VECTOR('',#1793,1.);
#1793 = DIRECTION('',(-1.,-6.661338147751E-16,-1.443289932013E-15));
#1794 = ORIENTED_EDGE('',*,*,#791,.T.);
#1795 = ORIENTED_EDGE('',*,*,#1070,.F.);
#1796 = PLANE('',#1797);
#1797 = AXIS2_PLACEMENT_3D('',#1798,#1799,#1800);
#1798 = CARTESIAN_POINT('',(-99.,137.,3.));
#1799 = DIRECTION('',(5.551115123126E-16,1.33226762955E-15,1.));
#1800 = DIRECTION('',(-1.443289932013E-15,-1.,-6.661338147751E-16));
#1801 = ADVANCED_FACE('',(#1802),#1808,.F.);
#1802 = FACE_BOUND('',#1803,.F.);
#1803 = EDGE_LOOP('',(#1804,#1805,#1806,#1807));
#1804 = ORIENTED_EDGE('',*,*,#1039,.T.);
#1805 = ORIENTED_EDGE('',*,*,#1789,.T.);
#1806 = ORIENTED_EDGE('',*,*,#799,.T.);
#1807 = ORIENTED_EDGE('',*,*,#1771,.T.);
#1808 = PLANE('',#1809);
#1809 = AXIS2_PLACEMENT_3D('',#1810,#1811,#1812);
#1810 = CARTESIAN_POINT('',(-104.6,137.,18.));
#1811 = DIRECTION('',(1.33226762955E-15,1.,6.661338147751E-16));
#1812 = DIRECTION('',(6.661338147751E-16,1.33226762955E-15,1.));
#1813 = ADVANCED_FACE('',(#1814,#1817),#1820,.F.);
#1814 = FACE_BOUND('',#1815,.F.);
#1815 = EDGE_LOOP('',(#1816));
#1816 = ORIENTED_EDGE('',*,*,#1389,.F.);
#1817 = FACE_BOUND('',#1818,.F.);
#1818 = EDGE_LOOP('',(#1819));
#1819 = ORIENTED_EDGE('',*,*,#1340,.F.);
#1820 = PLANE('',#1821);
#1821 = AXIS2_PLACEMENT_3D('',#1822,#1823,#1824);
#1822 = CARTESIAN_POINT('',(-100.,-5.5,22.225));
#1823 = DIRECTION('',(4.440892098501E-16,1.,-1.263450004348E-17));
#1824 = DIRECTION('',(2.22044604925E-16,6.787683148186E-16,1.));
#1825 = ADVANCED_FACE('',(#1826,#1829),#1832,.F.);
#1826 = FACE_BOUND('',#1827,.F.);
#1827 = EDGE_LOOP('',(#1828));
#1828 = ORIENTED_EDGE('',*,*,#1414,.F.);
#1829 = FACE_BOUND('',#1830,.F.);
#1830 = EDGE_LOOP('',(#1831));
#1831 = ORIENTED_EDGE('',*,*,#1365,.F.);
#1832 = PLANE('',#1833);
#1833 = AXIS2_PLACEMENT_3D('',#1834,#1835,#1836);
#1834 = CARTESIAN_POINT('',(-100.,-5.5,22.225));
#1835 = DIRECTION('',(4.440892098501E-16,1.,-1.263450004348E-17));
#1836 = DIRECTION('',(2.22044604925E-16,6.787683148186E-16,1.));
#1837 = MANIFOLD_SOLID_BREP('',#1838);
#1838 = CLOSED_SHELL('',(#1839,#1879,#1974,#2005,#2235,#2426,#2607,#2631
    ,#2801,#2818,#2842,#2882,#2899,#2916,#2933,#2945,#2967,#2984,#3001,
    #3013,#3035,#3052,#3069,#3081,#3103,#3120,#3137,#3149,#3171,#3188,
    #3205,#3217,#3239,#3256,#3273,#3285,#3302,#3319,#3331,#3356,#3381,
    #3403,#3420,#3437,#3449,#3471,#3488,#3505,#3517,#3539,#3556,#3573,
    #3585,#3610,#3635,#3647));
#1839 = ADVANCED_FACE('',(#1840),#1874,.F.);
#1840 = FACE_BOUND('',#1841,.F.);
#1841 = EDGE_LOOP('',(#1842,#1852,#1860,#1868));
#1842 = ORIENTED_EDGE('',*,*,#1843,.T.);
#1843 = EDGE_CURVE('',#1844,#1846,#1848,.T.);
#1844 = VERTEX_POINT('',#1845);
#1845 = CARTESIAN_POINT('',(107.,206.,0.));
#1846 = VERTEX_POINT('',#1847);
#1847 = CARTESIAN_POINT('',(110.2,206.,0.));
#1848 = LINE('',#1849,#1850);
#1849 = CARTESIAN_POINT('',(107.,206.,2.779998453661E-13));
#1850 = VECTOR('',#1851,1.);
#1851 = DIRECTION('',(1.,8.881784197001E-16,1.887379141863E-15));
#1852 = ORIENTED_EDGE('',*,*,#1853,.T.);
#1853 = EDGE_CURVE('',#1846,#1854,#1856,.T.);
#1854 = VERTEX_POINT('',#1855);
#1855 = CARTESIAN_POINT('',(110.2,206.,40.3));
#1856 = LINE('',#1857,#1858);
#1857 = CARTESIAN_POINT('',(110.2,206.,3.219646771413E-13));
#1858 = VECTOR('',#1859,1.);
#1859 = DIRECTION('',(9.992007221626E-16,1.998401444325E-15,1.));
#1860 = ORIENTED_EDGE('',*,*,#1861,.F.);
#1861 = EDGE_CURVE('',#1862,#1854,#1864,.T.);
#1862 = VERTEX_POINT('',#1863);
#1863 = CARTESIAN_POINT('',(107.,206.,40.3));
#1864 = LINE('',#1865,#1866);
#1865 = CARTESIAN_POINT('',(107.,206.,40.3));
#1866 = VECTOR('',#1867,1.);
#1867 = DIRECTION('',(1.,8.881784197001E-16,1.887379141863E-15));
#1868 = ORIENTED_EDGE('',*,*,#1869,.F.);
#1869 = EDGE_CURVE('',#1844,#1862,#1870,.T.);
#1870 = LINE('',#1871,#1872);
#1871 = CARTESIAN_POINT('',(107.,206.,3.127498260369E-13));
#1872 = VECTOR('',#1873,1.);
#1873 = DIRECTION('',(9.992007221626E-16,1.998401444325E-15,1.));
#1874 = PLANE('',#1875);
#1875 = AXIS2_PLACEMENT_3D('',#1876,#1877,#1878);
#1876 = CARTESIAN_POINT('',(107.,206.,2.779998453661E-13));
#1877 = DIRECTION('',(-1.7763568394E-15,-1.,-7.771561172376E-16));
#1878 = DIRECTION('',(8.881784197001E-16,1.887379141863E-15,1.));
#1879 = ADVANCED_FACE('',(#1880),#1969,.T.);
#1880 = FACE_BOUND('',#1881,.T.);
#1881 = EDGE_LOOP('',(#1882,#1890,#1898,#1906,#1914,#1922,#1930,#1938,
    #1946,#1954,#1962,#1968));
#1882 = ORIENTED_EDGE('',*,*,#1883,.F.);
#1883 = EDGE_CURVE('',#1884,#1846,#1886,.T.);
#1884 = VERTEX_POINT('',#1885);
#1885 = CARTESIAN_POINT('',(110.2,1.419949629398E-30,0.));
#1886 = LINE('',#1887,#1888);
#1887 = CARTESIAN_POINT('',(110.2,6.117328865685E-14,6.437073096777E-14)
  );
#1888 = VECTOR('',#1889,1.);
#1889 = DIRECTION('',(1.554312234475E-15,1.,5.551115123126E-16));
#1890 = ORIENTED_EDGE('',*,*,#1891,.T.);
#1891 = EDGE_CURVE('',#1884,#1892,#1894,.T.);
#1892 = VERTEX_POINT('',#1893);
#1893 = CARTESIAN_POINT('',(123.,5.522026336547E-30,1.42108547152E-14));
#1894 = LINE('',#1895,#1896);
#1895 = CARTESIAN_POINT('',(94.,1.785238623597E-13,-1.278976924368E-13)
  );
#1896 = VECTOR('',#1897,1.);
#1897 = DIRECTION('',(1.,8.881784197001E-16,1.7763568394E-15));
#1898 = ORIENTED_EDGE('',*,*,#1899,.T.);
#1899 = EDGE_CURVE('',#1892,#1900,#1902,.T.);
#1900 = VERTEX_POINT('',#1901);
#1901 = CARTESIAN_POINT('',(123.,-6.5,1.42108547152E-14));
#1902 = LINE('',#1903,#1904);
#1903 = CARTESIAN_POINT('',(123.,9.559020242023E-14,1.098010571354E-13)
  );
#1904 = VECTOR('',#1905,1.);
#1905 = DIRECTION('',(-1.665334536938E-15,-1.,-5.551115123126E-16));
#1906 = ORIENTED_EDGE('',*,*,#1907,.F.);
#1907 = EDGE_CURVE('',#1908,#1900,#1910,.T.);
#1908 = VERTEX_POINT('',#1909);
#1909 = CARTESIAN_POINT('',(94.,-6.5,-1.42108547152E-14));
#1910 = LINE('',#1911,#1912);
#1911 = CARTESIAN_POINT('',(94.,-6.5,-1.278976924368E-13));
#1912 = VECTOR('',#1913,1.);
#1913 = DIRECTION('',(1.,8.881784197001E-16,1.7763568394E-15));
#1914 = ORIENTED_EDGE('',*,*,#1915,.F.);
#1915 = EDGE_CURVE('',#1916,#1908,#1918,.T.);
#1916 = VERTEX_POINT('',#1917);
#1917 = CARTESIAN_POINT('',(94.,-4.486646398444E-30,-1.42108547152E-14)
  );
#1918 = LINE('',#1919,#1920);
#1919 = CARTESIAN_POINT('',(94.,7.305267502034E-14,6.150635556423E-14));
#1920 = VECTOR('',#1921,1.);
#1921 = DIRECTION('',(-1.665334536938E-15,-1.,-5.551115123126E-16));
#1922 = ORIENTED_EDGE('',*,*,#1923,.T.);
#1923 = EDGE_CURVE('',#1916,#1924,#1926,.T.);
#1924 = VERTEX_POINT('',#1925);
#1925 = CARTESIAN_POINT('',(107.,5.605193857299E-45,0.));
#1926 = LINE('',#1927,#1928);
#1927 = CARTESIAN_POINT('',(94.,1.785238623597E-13,-1.278976924368E-13)
  );
#1928 = VECTOR('',#1929,1.);
#1929 = DIRECTION('',(1.,8.881784197001E-16,1.7763568394E-15));
#1930 = ORIENTED_EDGE('',*,*,#1931,.T.);
#1931 = EDGE_CURVE('',#1924,#1932,#1934,.T.);
#1932 = VERTEX_POINT('',#1933);
#1933 = CARTESIAN_POINT('',(107.,8.,0.));
#1934 = LINE('',#1935,#1936);
#1935 = CARTESIAN_POINT('',(107.,1.069144772714E-13,1.069144772714E-13)
  );
#1936 = VECTOR('',#1937,1.);
#1937 = DIRECTION('',(1.998401444325E-15,1.,9.992007221626E-16));
#1938 = ORIENTED_EDGE('',*,*,#1939,.F.);
#1939 = EDGE_CURVE('',#1940,#1932,#1942,.T.);
#1940 = VERTEX_POINT('',#1941);
#1941 = CARTESIAN_POINT('',(99.,8.,0.));
#1942 = LINE('',#1943,#1944);
#1943 = CARTESIAN_POINT('',(99.,8.,6.505906924303E-14));
#1944 = VECTOR('',#1945,1.);
#1945 = DIRECTION('',(1.,6.661338147751E-16,1.443289932013E-15));
#1946 = ORIENTED_EDGE('',*,*,#1947,.T.);
#1947 = EDGE_CURVE('',#1940,#1948,#1950,.T.);
#1948 = VERTEX_POINT('',#1949);
#1949 = CARTESIAN_POINT('',(99.,144.,0.));
#1950 = LINE('',#1951,#1952);
#1951 = CARTESIAN_POINT('',(99.,8.,5.317968287954E-14));
#1952 = VECTOR('',#1953,1.);
#1953 = DIRECTION('',(1.33226762955E-15,1.,5.551115123126E-16));
#1954 = ORIENTED_EDGE('',*,*,#1955,.T.);
#1955 = EDGE_CURVE('',#1948,#1956,#1958,.T.);
#1956 = VERTEX_POINT('',#1957);
#1957 = CARTESIAN_POINT('',(107.,144.,0.));
#1958 = LINE('',#1959,#1960);
#1959 = CARTESIAN_POINT('',(99.,144.,-7.105427357601E-14));
#1960 = VECTOR('',#1961,1.);
#1961 = DIRECTION('',(1.,6.661338147751E-16,1.33226762955E-15));
#1962 = ORIENTED_EDGE('',*,*,#1963,.T.);
#1963 = EDGE_CURVE('',#1956,#1844,#1964,.T.);
#1964 = LINE('',#1965,#1966);
#1965 = CARTESIAN_POINT('',(107.,1.069144772714E-13,1.069144772714E-13)
  );
#1966 = VECTOR('',#1967,1.);
#1967 = DIRECTION('',(1.998401444325E-15,1.,9.992007221626E-16));
#1968 = ORIENTED_EDGE('',*,*,#1843,.T.);
#1969 = PLANE('',#1970);
#1970 = AXIS2_PLACEMENT_3D('',#1971,#1972,#1973);
#1971 = CARTESIAN_POINT('',(106.2258517034,88.3375751503,
    1.078073657956E-13));
#1972 = DIRECTION('',(-2.43083326924E-16,-1.110223024625E-15,-1.));
#1973 = DIRECTION('',(-1.,-5.551115123126E-16,-1.422251210014E-15));
#1974 = ADVANCED_FACE('',(#1975),#2000,.F.);
#1975 = FACE_BOUND('',#1976,.F.);
#1976 = EDGE_LOOP('',(#1977,#1978,#1986,#1994));
#1977 = ORIENTED_EDGE('',*,*,#1861,.T.);
#1978 = ORIENTED_EDGE('',*,*,#1979,.T.);
#1979 = EDGE_CURVE('',#1854,#1980,#1982,.T.);
#1980 = VERTEX_POINT('',#1981);
#1981 = CARTESIAN_POINT('',(110.2,4.026778910315E-14,40.3));
#1982 = LINE('',#1983,#1984);
#1983 = CARTESIAN_POINT('',(110.2,206.,40.3));
#1984 = VECTOR('',#1985,1.);
#1985 = DIRECTION('',(-1.998401444325E-15,-1.,-9.992007221626E-16));
#1986 = ORIENTED_EDGE('',*,*,#1987,.F.);
#1987 = EDGE_CURVE('',#1988,#1980,#1990,.T.);
#1988 = VERTEX_POINT('',#1989);
#1989 = CARTESIAN_POINT('',(107.,4.026778910315E-14,40.3));
#1990 = LINE('',#1991,#1992);
#1991 = CARTESIAN_POINT('',(107.,1.71096470325E-13,40.3));
#1992 = VECTOR('',#1993,1.);
#1993 = DIRECTION('',(1.,8.881784197001E-16,1.887379141863E-15));
#1994 = ORIENTED_EDGE('',*,*,#1995,.F.);
#1995 = EDGE_CURVE('',#1862,#1988,#1996,.T.);
#1996 = LINE('',#1997,#1998);
#1997 = CARTESIAN_POINT('',(107.,206.,40.3));
#1998 = VECTOR('',#1999,1.);
#1999 = DIRECTION('',(-1.998401444325E-15,-1.,-9.992007221626E-16));
#2000 = PLANE('',#2001);
#2001 = AXIS2_PLACEMENT_3D('',#2002,#2003,#2004);
#2002 = CARTESIAN_POINT('',(107.,206.,40.3));
#2003 = DIRECTION('',(-7.771561172376E-16,-1.7763568394E-15,-1.));
#2004 = DIRECTION('',(-1.887379141863E-15,-1.,-8.881784197001E-16));
#2005 = ADVANCED_FACE('',(#2006,#2056,#2092,#2128,#2162,#2196),#2230,.F.
  );
#2006 = FACE_BOUND('',#2007,.F.);
#2007 = EDGE_LOOP('',(#2008,#2009,#2015,#2016,#2024,#2032,#2040,#2048,
    #2054,#2055));
#2008 = ORIENTED_EDGE('',*,*,#1995,.T.);
#2009 = ORIENTED_EDGE('',*,*,#2010,.T.);
#2010 = EDGE_CURVE('',#1988,#1924,#2011,.T.);
#2011 = LINE('',#2012,#2013);
#2012 = CARTESIAN_POINT('',(107.,1.874500554777E-13,40.3));
#2013 = VECTOR('',#2014,1.);
#2014 = DIRECTION('',(-9.992007221626E-16,-1.998401444325E-15,-1.));
#2015 = ORIENTED_EDGE('',*,*,#1931,.T.);
#2016 = ORIENTED_EDGE('',*,*,#2017,.T.);
#2017 = EDGE_CURVE('',#1932,#2018,#2020,.T.);
#2018 = VERTEX_POINT('',#2019);
#2019 = CARTESIAN_POINT('',(107.,8.,3.));
#2020 = LINE('',#2021,#2022);
#2021 = CARTESIAN_POINT('',(107.,8.,11.575));
#2022 = VECTOR('',#2023,1.);
#2023 = DIRECTION('',(3.330669073875E-16,1.443289932013E-15,1.));
#2024 = ORIENTED_EDGE('',*,*,#2025,.T.);
#2025 = EDGE_CURVE('',#2018,#2026,#2028,.T.);
#2026 = VERTEX_POINT('',#2027);
#2027 = CARTESIAN_POINT('',(107.,137.,3.));
#2028 = LINE('',#2029,#2030);
#2029 = CARTESIAN_POINT('',(107.,120.,3.));
#2030 = VECTOR('',#2031,1.);
#2031 = DIRECTION('',(1.33226762955E-15,1.,6.661338147751E-16));
#2032 = ORIENTED_EDGE('',*,*,#2033,.T.);
#2033 = EDGE_CURVE('',#2026,#2034,#2036,.T.);
#2034 = VERTEX_POINT('',#2035);
#2035 = CARTESIAN_POINT('',(107.,137.,36.));
#2036 = LINE('',#2037,#2038);
#2037 = CARTESIAN_POINT('',(107.,137.,19.075));
#2038 = VECTOR('',#2039,1.);
#2039 = DIRECTION('',(1.110223024625E-16,1.110223024625E-15,1.));
#2040 = ORIENTED_EDGE('',*,*,#2041,.F.);
#2041 = EDGE_CURVE('',#2042,#2034,#2044,.T.);
#2042 = VERTEX_POINT('',#2043);
#2043 = CARTESIAN_POINT('',(107.,144.,36.));
#2044 = LINE('',#2045,#2046);
#2045 = CARTESIAN_POINT('',(107.,120.,36.));
#2046 = VECTOR('',#2047,1.);
#2047 = DIRECTION('',(-1.110223024625E-15,-1.,-3.330669073875E-16));
#2048 = ORIENTED_EDGE('',*,*,#2049,.F.);
#2049 = EDGE_CURVE('',#1956,#2042,#2050,.T.);
#2050 = LINE('',#2051,#2052);
#2051 = CARTESIAN_POINT('',(107.,144.,19.075));
#2052 = VECTOR('',#2053,1.);
#2053 = DIRECTION('',(1.110223024625E-16,1.110223024625E-15,1.));
#2054 = ORIENTED_EDGE('',*,*,#1963,.T.);
#2055 = ORIENTED_EDGE('',*,*,#1869,.T.);
#2056 = FACE_BOUND('',#2057,.F.);
#2057 = EDGE_LOOP('',(#2058,#2068,#2077,#2085));
#2058 = ORIENTED_EDGE('',*,*,#2059,.F.);
#2059 = EDGE_CURVE('',#2060,#2062,#2064,.T.);
#2060 = VERTEX_POINT('',#2061);
#2061 = CARTESIAN_POINT('',(107.,181.2,16.8));
#2062 = VERTEX_POINT('',#2063);
#2063 = CARTESIAN_POINT('',(107.,200.8,16.8));
#2064 = LINE('',#2065,#2066);
#2065 = CARTESIAN_POINT('',(107.,181.2,16.8));
#2066 = VECTOR('',#2067,1.);
#2067 = DIRECTION('',(8.881784197001E-16,1.,4.440892098501E-16));
#2068 = ORIENTED_EDGE('',*,*,#2069,.F.);
#2069 = EDGE_CURVE('',#2070,#2060,#2072,.T.);
#2070 = VERTEX_POINT('',#2071);
#2071 = CARTESIAN_POINT('',(107.,181.2,23.2));
#2072 = CIRCLE('',#2073,3.2);
#2073 = AXIS2_PLACEMENT_3D('',#2074,#2075,#2076);
#2074 = CARTESIAN_POINT('',(107.,181.2,20.));
#2075 = DIRECTION('',(1.,-8.881784197001E-16,-4.440892098501E-16));
#2076 = DIRECTION('',(8.881784197001E-16,1.,4.440892098501E-16));
#2077 = ORIENTED_EDGE('',*,*,#2078,.F.);
#2078 = EDGE_CURVE('',#2079,#2070,#2081,.T.);
#2079 = VERTEX_POINT('',#2080);
#2080 = CARTESIAN_POINT('',(107.,200.8,23.2));
#2081 = LINE('',#2082,#2083);
#2082 = CARTESIAN_POINT('',(107.,200.8,23.2));
#2083 = VECTOR('',#2084,1.);
#2084 = DIRECTION('',(-8.881784197001E-16,-1.,-4.440892098501E-16));
#2085 = ORIENTED_EDGE('',*,*,#2086,.F.);
#2086 = EDGE_CURVE('',#2062,#2079,#2087,.T.);
#2087 = CIRCLE('',#2088,3.2);
#2088 = AXIS2_PLACEMENT_3D('',#2089,#2090,#2091);
#2089 = CARTESIAN_POINT('',(107.,200.8,20.));
#2090 = DIRECTION('',(1.,-8.881784197001E-16,-4.440892098501E-16));
#2091 = DIRECTION('',(8.881784197001E-16,1.,4.440892098501E-16));
#2092 = FACE_BOUND('',#2093,.F.);
#2093 = EDGE_LOOP('',(#2094,#2104,#2113,#2121));
#2094 = ORIENTED_EDGE('',*,*,#2095,.F.);
#2095 = EDGE_CURVE('',#2096,#2098,#2100,.T.);
#2096 = VERTEX_POINT('',#2097);
#2097 = CARTESIAN_POINT('',(107.,151.2,16.8));
#2098 = VERTEX_POINT('',#2099);
#2099 = CARTESIAN_POINT('',(107.,170.8,16.8));
#2100 = LINE('',#2101,#2102);
#2101 = CARTESIAN_POINT('',(107.,151.2,16.8));
#2102 = VECTOR('',#2103,1.);
#2103 = DIRECTION('',(8.881784197001E-16,1.,4.440892098501E-16));
#2104 = ORIENTED_EDGE('',*,*,#2105,.F.);
#2105 = EDGE_CURVE('',#2106,#2096,#2108,.T.);
#2106 = VERTEX_POINT('',#2107);
#2107 = CARTESIAN_POINT('',(107.,151.2,23.2));
#2108 = CIRCLE('',#2109,3.2);
#2109 = AXIS2_PLACEMENT_3D('',#2110,#2111,#2112);
#2110 = CARTESIAN_POINT('',(107.,151.2,20.));
#2111 = DIRECTION('',(1.,-8.881784197001E-16,-4.440892098501E-16));
#2112 = DIRECTION('',(8.881784197001E-16,1.,4.440892098501E-16));
#2113 = ORIENTED_EDGE('',*,*,#2114,.F.);
#2114 = EDGE_CURVE('',#2115,#2106,#2117,.T.);
#2115 = VERTEX_POINT('',#2116);
#2116 = CARTESIAN_POINT('',(107.,170.8,23.2));
#2117 = LINE('',#2118,#2119);
#2118 = CARTESIAN_POINT('',(107.,170.8,23.2));
#2119 = VECTOR('',#2120,1.);
#2120 = DIRECTION('',(-8.881784197001E-16,-1.,-4.440892098501E-16));
#2121 = ORIENTED_EDGE('',*,*,#2122,.F.);
#2122 = EDGE_CURVE('',#2098,#2115,#2123,.T.);
#2123 = CIRCLE('',#2124,3.2);
#2124 = AXIS2_PLACEMENT_3D('',#2125,#2126,#2127);
#2125 = CARTESIAN_POINT('',(107.,170.8,20.));
#2126 = DIRECTION('',(1.,-8.881784197001E-16,-4.440892098501E-16));
#2127 = DIRECTION('',(8.881784197001E-16,1.,4.440892098501E-16));
#2128 = FACE_BOUND('',#2129,.F.);
#2129 = EDGE_LOOP('',(#2130,#2140,#2148,#2156));
#2130 = ORIENTED_EDGE('',*,*,#2131,.F.);
#2131 = EDGE_CURVE('',#2132,#2134,#2136,.T.);
#2132 = VERTEX_POINT('',#2133);
#2133 = CARTESIAN_POINT('',(107.,24.,10.));
#2134 = VERTEX_POINT('',#2135);
#2135 = CARTESIAN_POINT('',(107.,52.,10.));
#2136 = LINE('',#2137,#2138);
#2137 = CARTESIAN_POINT('',(107.,24.,10.));
#2138 = VECTOR('',#2139,1.);
#2139 = DIRECTION('',(2.22044604925E-16,1.,1.110223024625E-16));
#2140 = ORIENTED_EDGE('',*,*,#2141,.F.);
#2141 = EDGE_CURVE('',#2142,#2132,#2144,.T.);
#2142 = VERTEX_POINT('',#2143);
#2143 = CARTESIAN_POINT('',(107.,24.,30.));
#2144 = LINE('',#2145,#2146);
#2145 = CARTESIAN_POINT('',(107.,24.,30.));
#2146 = VECTOR('',#2147,1.);
#2147 = DIRECTION('',(-1.110223024625E-16,-2.22044604925E-16,-1.));
#2148 = ORIENTED_EDGE('',*,*,#2149,.F.);
#2149 = EDGE_CURVE('',#2150,#2142,#2152,.T.);
#2150 = VERTEX_POINT('',#2151);
#2151 = CARTESIAN_POINT('',(107.,52.,30.));
#2152 = LINE('',#2153,#2154);
#2153 = CARTESIAN_POINT('',(107.,52.,30.));
#2154 = VECTOR('',#2155,1.);
#2155 = DIRECTION('',(-2.22044604925E-16,-1.,-1.110223024625E-16));
#2156 = ORIENTED_EDGE('',*,*,#2157,.F.);
#2157 = EDGE_CURVE('',#2134,#2150,#2158,.T.);
#2158 = LINE('',#2159,#2160);
#2159 = CARTESIAN_POINT('',(107.,52.,10.));
#2160 = VECTOR('',#2161,1.);
#2161 = DIRECTION('',(1.110223024625E-16,2.22044604925E-16,1.));
#2162 = FACE_BOUND('',#2163,.F.);
#2163 = EDGE_LOOP('',(#2164,#2174,#2182,#2190));
#2164 = ORIENTED_EDGE('',*,*,#2165,.F.);
#2165 = EDGE_CURVE('',#2166,#2168,#2170,.T.);
#2166 = VERTEX_POINT('',#2167);
#2167 = CARTESIAN_POINT('',(107.,96.,10.));
#2168 = VERTEX_POINT('',#2169);
#2169 = CARTESIAN_POINT('',(107.,124.,10.));
#2170 = LINE('',#2171,#2172);
#2171 = CARTESIAN_POINT('',(107.,96.,10.));
#2172 = VECTOR('',#2173,1.);
#2173 = DIRECTION('',(2.22044604925E-16,1.,1.110223024625E-16));
#2174 = ORIENTED_EDGE('',*,*,#2175,.F.);
#2175 = EDGE_CURVE('',#2176,#2166,#2178,.T.);
#2176 = VERTEX_POINT('',#2177);
#2177 = CARTESIAN_POINT('',(107.,96.,30.));
#2178 = LINE('',#2179,#2180);
#2179 = CARTESIAN_POINT('',(107.,96.,30.));
#2180 = VECTOR('',#2181,1.);
#2181 = DIRECTION('',(-1.110223024625E-16,-2.22044604925E-16,-1.));
#2182 = ORIENTED_EDGE('',*,*,#2183,.F.);
#2183 = EDGE_CURVE('',#2184,#2176,#2186,.T.);
#2184 = VERTEX_POINT('',#2185);
#2185 = CARTESIAN_POINT('',(107.,124.,30.));
#2186 = LINE('',#2187,#2188);
#2187 = CARTESIAN_POINT('',(107.,124.,30.));
#2188 = VECTOR('',#2189,1.);
#2189 = DIRECTION('',(-2.22044604925E-16,-1.,-1.110223024625E-16));
#2190 = ORIENTED_EDGE('',*,*,#2191,.F.);
#2191 = EDGE_CURVE('',#2168,#2184,#2192,.T.);
#2192 = LINE('',#2193,#2194);
#2193 = CARTESIAN_POINT('',(107.,124.,10.));
#2194 = VECTOR('',#2195,1.);
#2195 = DIRECTION('',(1.110223024625E-16,2.22044604925E-16,1.));
#2196 = FACE_BOUND('',#2197,.F.);
#2197 = EDGE_LOOP('',(#2198,#2208,#2216,#2224));
#2198 = ORIENTED_EDGE('',*,*,#2199,.F.);
#2199 = EDGE_CURVE('',#2200,#2202,#2204,.T.);
#2200 = VERTEX_POINT('',#2201);
#2201 = CARTESIAN_POINT('',(107.,60.,10.));
#2202 = VERTEX_POINT('',#2203);
#2203 = CARTESIAN_POINT('',(107.,88.,10.));
#2204 = LINE('',#2205,#2206);
#2205 = CARTESIAN_POINT('',(107.,60.,10.));
#2206 = VECTOR('',#2207,1.);
#2207 = DIRECTION('',(2.22044604925E-16,1.,1.110223024625E-16));
#2208 = ORIENTED_EDGE('',*,*,#2209,.F.);
#2209 = EDGE_CURVE('',#2210,#2200,#2212,.T.);
#2210 = VERTEX_POINT('',#2211);
#2211 = CARTESIAN_POINT('',(107.,60.,30.));
#2212 = LINE('',#2213,#2214);
#2213 = CARTESIAN_POINT('',(107.,60.,30.));
#2214 = VECTOR('',#2215,1.);
#2215 = DIRECTION('',(-1.110223024625E-16,-2.22044604925E-16,-1.));
#2216 = ORIENTED_EDGE('',*,*,#2217,.F.);
#2217 = EDGE_CURVE('',#2218,#2210,#2220,.T.);
#2218 = VERTEX_POINT('',#2219);
#2219 = CARTESIAN_POINT('',(107.,88.,30.));
#2220 = LINE('',#2221,#2222);
#2221 = CARTESIAN_POINT('',(107.,88.,30.));
#2222 = VECTOR('',#2223,1.);
#2223 = DIRECTION('',(-2.22044604925E-16,-1.,-1.110223024625E-16));
#2224 = ORIENTED_EDGE('',*,*,#2225,.F.);
#2225 = EDGE_CURVE('',#2202,#2218,#2226,.T.);
#2226 = LINE('',#2227,#2228);
#2227 = CARTESIAN_POINT('',(107.,88.,10.));
#2228 = VECTOR('',#2229,1.);
#2229 = DIRECTION('',(1.110223024625E-16,2.22044604925E-16,1.));
#2230 = PLANE('',#2231);
#2231 = AXIS2_PLACEMENT_3D('',#2232,#2233,#2234);
#2232 = CARTESIAN_POINT('',(107.,103.,20.15));
#2233 = DIRECTION('',(1.,9.992007221626E-16,1.998401444325E-15));
#2234 = DIRECTION('',(9.992007221626E-16,1.998401444325E-15,1.));
#2235 = ADVANCED_FACE('',(#2236,#2247,#2281,#2315,#2349,#2385),#2421,.T.
  );
#2236 = FACE_BOUND('',#2237,.T.);
#2237 = EDGE_LOOP('',(#2238,#2239,#2245,#2246));
#2238 = ORIENTED_EDGE('',*,*,#1979,.T.);
#2239 = ORIENTED_EDGE('',*,*,#2240,.T.);
#2240 = EDGE_CURVE('',#1980,#1884,#2241,.T.);
#2241 = LINE('',#2242,#2243);
#2242 = CARTESIAN_POINT('',(110.2,1.874500554777E-13,40.3));
#2243 = VECTOR('',#2244,1.);
#2244 = DIRECTION('',(-9.992007221626E-16,-1.998401444325E-15,-1.));
#2245 = ORIENTED_EDGE('',*,*,#1883,.T.);
#2246 = ORIENTED_EDGE('',*,*,#1853,.T.);
#2247 = FACE_BOUND('',#2248,.T.);
#2248 = EDGE_LOOP('',(#2249,#2259,#2267,#2275));
#2249 = ORIENTED_EDGE('',*,*,#2250,.F.);
#2250 = EDGE_CURVE('',#2251,#2253,#2255,.T.);
#2251 = VERTEX_POINT('',#2252);
#2252 = CARTESIAN_POINT('',(110.2,24.,10.));
#2253 = VERTEX_POINT('',#2254);
#2254 = CARTESIAN_POINT('',(110.2,52.,10.));
#2255 = LINE('',#2256,#2257);
#2256 = CARTESIAN_POINT('',(110.2,24.,10.));
#2257 = VECTOR('',#2258,1.);
#2258 = DIRECTION('',(2.22044604925E-16,1.,1.110223024625E-16));
#2259 = ORIENTED_EDGE('',*,*,#2260,.F.);
#2260 = EDGE_CURVE('',#2261,#2251,#2263,.T.);
#2261 = VERTEX_POINT('',#2262);
#2262 = CARTESIAN_POINT('',(110.2,24.,30.));
#2263 = LINE('',#2264,#2265);
#2264 = CARTESIAN_POINT('',(110.2,24.,30.));
#2265 = VECTOR('',#2266,1.);
#2266 = DIRECTION('',(-1.110223024625E-16,-2.22044604925E-16,-1.));
#2267 = ORIENTED_EDGE('',*,*,#2268,.F.);
#2268 = EDGE_CURVE('',#2269,#2261,#2271,.T.);
#2269 = VERTEX_POINT('',#2270);
#2270 = CARTESIAN_POINT('',(110.2,52.,30.));
#2271 = LINE('',#2272,#2273);
#2272 = CARTESIAN_POINT('',(110.2,52.,30.));
#2273 = VECTOR('',#2274,1.);
#2274 = DIRECTION('',(-2.22044604925E-16,-1.,-1.110223024625E-16));
#2275 = ORIENTED_EDGE('',*,*,#2276,.F.);
#2276 = EDGE_CURVE('',#2253,#2269,#2277,.T.);
#2277 = LINE('',#2278,#2279);
#2278 = CARTESIAN_POINT('',(110.2,52.,10.));
#2279 = VECTOR('',#2280,1.);
#2280 = DIRECTION('',(1.110223024625E-16,2.22044604925E-16,1.));
#2281 = FACE_BOUND('',#2282,.T.);
#2282 = EDGE_LOOP('',(#2283,#2293,#2301,#2309));
#2283 = ORIENTED_EDGE('',*,*,#2284,.F.);
#2284 = EDGE_CURVE('',#2285,#2287,#2289,.T.);
#2285 = VERTEX_POINT('',#2286);
#2286 = CARTESIAN_POINT('',(110.2,60.,10.));
#2287 = VERTEX_POINT('',#2288);
#2288 = CARTESIAN_POINT('',(110.2,88.,10.));
#2289 = LINE('',#2290,#2291);
#2290 = CARTESIAN_POINT('',(110.2,60.,10.));
#2291 = VECTOR('',#2292,1.);
#2292 = DIRECTION('',(2.22044604925E-16,1.,1.110223024625E-16));
#2293 = ORIENTED_EDGE('',*,*,#2294,.F.);
#2294 = EDGE_CURVE('',#2295,#2285,#2297,.T.);
#2295 = VERTEX_POINT('',#2296);
#2296 = CARTESIAN_POINT('',(110.2,60.,30.));
#2297 = LINE('',#2298,#2299);
#2298 = CARTESIAN_POINT('',(110.2,60.,30.));
#2299 = VECTOR('',#2300,1.);
#2300 = DIRECTION('',(-1.110223024625E-16,-2.22044604925E-16,-1.));
#2301 = ORIENTED_EDGE('',*,*,#2302,.F.);
#2302 = EDGE_CURVE('',#2303,#2295,#2305,.T.);
#2303 = VERTEX_POINT('',#2304);
#2304 = CARTESIAN_POINT('',(110.2,88.,30.));
#2305 = LINE('',#2306,#2307);
#2306 = CARTESIAN_POINT('',(110.2,88.,30.));
#2307 = VECTOR('',#2308,1.);
#2308 = DIRECTION('',(-2.22044604925E-16,-1.,-1.110223024625E-16));
#2309 = ORIENTED_EDGE('',*,*,#2310,.F.);
#2310 = EDGE_CURVE('',#2287,#2303,#2311,.T.);
#2311 = LINE('',#2312,#2313);
#2312 = CARTESIAN_POINT('',(110.2,88.,10.));
#2313 = VECTOR('',#2314,1.);
#2314 = DIRECTION('',(1.110223024625E-16,2.22044604925E-16,1.));
#2315 = FACE_BOUND('',#2316,.T.);
#2316 = EDGE_LOOP('',(#2317,#2327,#2335,#2343));
#2317 = ORIENTED_EDGE('',*,*,#2318,.F.);
#2318 = EDGE_CURVE('',#2319,#2321,#2323,.T.);
#2319 = VERTEX_POINT('',#2320);
#2320 = CARTESIAN_POINT('',(110.2,96.,10.));
#2321 = VERTEX_POINT('',#2322);
#2322 = CARTESIAN_POINT('',(110.2,124.,10.));
#2323 = LINE('',#2324,#2325);
#2324 = CARTESIAN_POINT('',(110.2,96.,10.));
#2325 = VECTOR('',#2326,1.);
#2326 = DIRECTION('',(2.22044604925E-16,1.,1.110223024625E-16));
#2327 = ORIENTED_EDGE('',*,*,#2328,.F.);
#2328 = EDGE_CURVE('',#2329,#2319,#2331,.T.);
#2329 = VERTEX_POINT('',#2330);
#2330 = CARTESIAN_POINT('',(110.2,96.,30.));
#2331 = LINE('',#2332,#2333);
#2332 = CARTESIAN_POINT('',(110.2,96.,30.));
#2333 = VECTOR('',#2334,1.);
#2334 = DIRECTION('',(-1.110223024625E-16,-2.22044604925E-16,-1.));
#2335 = ORIENTED_EDGE('',*,*,#2336,.F.);
#2336 = EDGE_CURVE('',#2337,#2329,#2339,.T.);
#2337 = VERTEX_POINT('',#2338);
#2338 = CARTESIAN_POINT('',(110.2,124.,30.));
#2339 = LINE('',#2340,#2341);
#2340 = CARTESIAN_POINT('',(110.2,124.,30.));
#2341 = VECTOR('',#2342,1.);
#2342 = DIRECTION('',(-2.22044604925E-16,-1.,-1.110223024625E-16));
#2343 = ORIENTED_EDGE('',*,*,#2344,.F.);
#2344 = EDGE_CURVE('',#2321,#2337,#2345,.T.);
#2345 = LINE('',#2346,#2347);
#2346 = CARTESIAN_POINT('',(110.2,124.,10.));
#2347 = VECTOR('',#2348,1.);
#2348 = DIRECTION('',(1.110223024625E-16,2.22044604925E-16,1.));
#2349 = FACE_BOUND('',#2350,.T.);
#2350 = EDGE_LOOP('',(#2351,#2361,#2370,#2378));
#2351 = ORIENTED_EDGE('',*,*,#2352,.F.);
#2352 = EDGE_CURVE('',#2353,#2355,#2357,.T.);
#2353 = VERTEX_POINT('',#2354);
#2354 = CARTESIAN_POINT('',(110.2,151.2,16.8));
#2355 = VERTEX_POINT('',#2356);
#2356 = CARTESIAN_POINT('',(110.2,170.8,16.8));
#2357 = LINE('',#2358,#2359);
#2358 = CARTESIAN_POINT('',(110.2,151.2,16.8));
#2359 = VECTOR('',#2360,1.);
#2360 = DIRECTION('',(8.881784197001E-16,1.,4.440892098501E-16));
#2361 = ORIENTED_EDGE('',*,*,#2362,.F.);
#2362 = EDGE_CURVE('',#2363,#2353,#2365,.T.);
#2363 = VERTEX_POINT('',#2364);
#2364 = CARTESIAN_POINT('',(110.2,151.2,23.2));
#2365 = CIRCLE('',#2366,3.2);
#2366 = AXIS2_PLACEMENT_3D('',#2367,#2368,#2369);
#2367 = CARTESIAN_POINT('',(110.2,151.2,20.));
#2368 = DIRECTION('',(1.,-8.881784197001E-16,-4.440892098501E-16));
#2369 = DIRECTION('',(8.881784197001E-16,1.,4.440892098501E-16));
#2370 = ORIENTED_EDGE('',*,*,#2371,.F.);
#2371 = EDGE_CURVE('',#2372,#2363,#2374,.T.);
#2372 = VERTEX_POINT('',#2373);
#2373 = CARTESIAN_POINT('',(110.2,170.8,23.2));
#2374 = LINE('',#2375,#2376);
#2375 = CARTESIAN_POINT('',(110.2,170.8,23.2));
#2376 = VECTOR('',#2377,1.);
#2377 = DIRECTION('',(-8.881784197001E-16,-1.,-4.440892098501E-16));
#2378 = ORIENTED_EDGE('',*,*,#2379,.F.);
#2379 = EDGE_CURVE('',#2355,#2372,#2380,.T.);
#2380 = CIRCLE('',#2381,3.2);
#2381 = AXIS2_PLACEMENT_3D('',#2382,#2383,#2384);
#2382 = CARTESIAN_POINT('',(110.2,170.8,20.));
#2383 = DIRECTION('',(1.,-8.881784197001E-16,-4.440892098501E-16));
#2384 = DIRECTION('',(8.881784197001E-16,1.,4.440892098501E-16));
#2385 = FACE_BOUND('',#2386,.T.);
#2386 = EDGE_LOOP('',(#2387,#2397,#2406,#2414));
#2387 = ORIENTED_EDGE('',*,*,#2388,.F.);
#2388 = EDGE_CURVE('',#2389,#2391,#2393,.T.);
#2389 = VERTEX_POINT('',#2390);
#2390 = CARTESIAN_POINT('',(110.2,181.2,16.8));
#2391 = VERTEX_POINT('',#2392);
#2392 = CARTESIAN_POINT('',(110.2,200.8,16.8));
#2393 = LINE('',#2394,#2395);
#2394 = CARTESIAN_POINT('',(110.2,181.2,16.8));
#2395 = VECTOR('',#2396,1.);
#2396 = DIRECTION('',(8.881784197001E-16,1.,4.440892098501E-16));
#2397 = ORIENTED_EDGE('',*,*,#2398,.F.);
#2398 = EDGE_CURVE('',#2399,#2389,#2401,.T.);
#2399 = VERTEX_POINT('',#2400);
#2400 = CARTESIAN_POINT('',(110.2,181.2,23.2));
#2401 = CIRCLE('',#2402,3.2);
#2402 = AXIS2_PLACEMENT_3D('',#2403,#2404,#2405);
#2403 = CARTESIAN_POINT('',(110.2,181.2,20.));
#2404 = DIRECTION('',(1.,-8.881784197001E-16,-4.440892098501E-16));
#2405 = DIRECTION('',(8.881784197001E-16,1.,4.440892098501E-16));
#2406 = ORIENTED_EDGE('',*,*,#2407,.F.);
#2407 = EDGE_CURVE('',#2408,#2399,#2410,.T.);
#2408 = VERTEX_POINT('',#2409);
#2409 = CARTESIAN_POINT('',(110.2,200.8,23.2));
#2410 = LINE('',#2411,#2412);
#2411 = CARTESIAN_POINT('',(110.2,200.8,23.2));
#2412 = VECTOR('',#2413,1.);
#2413 = DIRECTION('',(-8.881784197001E-16,-1.,-4.440892098501E-16));
#2414 = ORIENTED_EDGE('',*,*,#2415,.F.);
#2415 = EDGE_CURVE('',#2391,#2408,#2416,.T.);
#2416 = CIRCLE('',#2417,3.2);
#2417 = AXIS2_PLACEMENT_3D('',#2418,#2419,#2420);
#2418 = CARTESIAN_POINT('',(110.2,200.8,20.));
#2419 = DIRECTION('',(1.,-8.881784197001E-16,-4.440892098501E-16));
#2420 = DIRECTION('',(8.881784197001E-16,1.,4.440892098501E-16));
#2421 = PLANE('',#2422);
#2422 = AXIS2_PLACEMENT_3D('',#2423,#2424,#2425);
#2423 = CARTESIAN_POINT('',(110.2,103.,20.15));
#2424 = DIRECTION('',(1.,1.113569392124E-16,8.046901994512E-16));
#2425 = DIRECTION('',(1.553977597725E-15,1.,5.551115123126E-16));
#2426 = ADVANCED_FACE('',(#2427,#2472,#2483,#2494,#2530,#2566),#2602,.T.
  );
#2427 = FACE_BOUND('',#2428,.T.);
#2428 = EDGE_LOOP('',(#2429,#2430,#2438,#2446,#2454,#2462,#2468,#2469,
    #2470,#2471));
#2429 = ORIENTED_EDGE('',*,*,#1923,.F.);
#2430 = ORIENTED_EDGE('',*,*,#2431,.F.);
#2431 = EDGE_CURVE('',#2432,#1916,#2434,.T.);
#2432 = VERTEX_POINT('',#2433);
#2433 = CARTESIAN_POINT('',(94.,4.934941344459E-14,44.45));
#2434 = LINE('',#2435,#2436);
#2435 = CARTESIAN_POINT('',(94.,2.6735280656E-13,44.45));
#2436 = VECTOR('',#2437,1.);
#2437 = DIRECTION('',(-8.881784197001E-16,-1.998401444325E-15,-1.));
#2438 = ORIENTED_EDGE('',*,*,#2439,.F.);
#2439 = EDGE_CURVE('',#2440,#2432,#2442,.T.);
#2440 = VERTEX_POINT('',#2441);
#2441 = CARTESIAN_POINT('',(123.,4.934941344459E-14,44.45));
#2442 = LINE('',#2443,#2444);
#2443 = CARTESIAN_POINT('',(123.,2.931099807313E-13,44.45));
#2444 = VECTOR('',#2445,1.);
#2445 = DIRECTION('',(-1.,-8.881784197001E-16,-1.7763568394E-15));
#2446 = ORIENTED_EDGE('',*,*,#2447,.F.);
#2447 = EDGE_CURVE('',#2448,#2440,#2450,.T.);
#2448 = VERTEX_POINT('',#2449);
#2449 = CARTESIAN_POINT('',(127.,4.490852134609E-14,40.45));
#2450 = LINE('',#2451,#2452);
#2451 = CARTESIAN_POINT('',(127.,2.886690886328E-13,40.45));
#2452 = VECTOR('',#2453,1.);
#2453 = DIRECTION('',(-0.707106781187,7.850462293419E-16,0.707106781187)
  );
#2454 = ORIENTED_EDGE('',*,*,#2455,.F.);
#2455 = EDGE_CURVE('',#2456,#2448,#2458,.T.);
#2456 = VERTEX_POINT('',#2457);
#2457 = CARTESIAN_POINT('',(127.,4.440892098501E-15,4.));
#2458 = LINE('',#2459,#2460);
#2459 = CARTESIAN_POINT('',(127.,2.158273559871E-13,4.));
#2460 = VECTOR('',#2461,1.);
#2461 = DIRECTION('',(8.881784197001E-16,1.998401444325E-15,1.));
#2462 = ORIENTED_EDGE('',*,*,#2463,.F.);
#2463 = EDGE_CURVE('',#1892,#2456,#2464,.T.);
#2464 = LINE('',#2465,#2466);
#2465 = CARTESIAN_POINT('',(123.,2.04281036531E-13,-7.105427357601E-14)
  );
#2466 = VECTOR('',#2467,1.);
#2467 = DIRECTION('',(0.707106781187,2.041120196289E-15,0.707106781187)
  );
#2468 = ORIENTED_EDGE('',*,*,#1891,.F.);
#2469 = ORIENTED_EDGE('',*,*,#2240,.F.);
#2470 = ORIENTED_EDGE('',*,*,#1987,.F.);
#2471 = ORIENTED_EDGE('',*,*,#2010,.T.);
#2472 = FACE_BOUND('',#2473,.T.);
#2473 = EDGE_LOOP('',(#2474));
#2474 = ORIENTED_EDGE('',*,*,#2475,.T.);
#2475 = EDGE_CURVE('',#2476,#2476,#2478,.T.);
#2476 = VERTEX_POINT('',#2477);
#2477 = CARTESIAN_POINT('',(103.2,7.932543510947E-15,14.29));
#2478 = CIRCLE('',#2479,3.2);
#2479 = AXIS2_PLACEMENT_3D('',#2480,#2481,#2482);
#2480 = CARTESIAN_POINT('',(100.,8.163691944674E-14,14.29));
#2481 = DIRECTION('',(3.330669073875E-16,-1.,8.881784197001E-16));
#2482 = DIRECTION('',(1.,3.330669073875E-16,6.661338147751E-16));
#2483 = FACE_BOUND('',#2484,.T.);
#2484 = EDGE_LOOP('',(#2485));
#2485 = ORIENTED_EDGE('',*,*,#2486,.T.);
#2486 = EDGE_CURVE('',#2487,#2487,#2489,.T.);
#2487 = VERTEX_POINT('',#2488);
#2488 = CARTESIAN_POINT('',(103.2,1.674216321135E-14,30.16));
#2489 = CIRCLE('',#2490,3.2);
#2490 = AXIS2_PLACEMENT_3D('',#2491,#2492,#2493);
#2491 = CARTESIAN_POINT('',(100.,9.573231096738E-14,30.16));
#2492 = DIRECTION('',(3.330669073875E-16,-1.,8.881784197001E-16));
#2493 = DIRECTION('',(1.,3.330669073875E-16,6.661338147751E-16));
#2494 = FACE_BOUND('',#2495,.T.);
#2495 = EDGE_LOOP('',(#2496,#2507,#2515,#2524));
#2496 = ORIENTED_EDGE('',*,*,#2497,.T.);
#2497 = EDGE_CURVE('',#2498,#2500,#2502,.T.);
#2498 = VERTEX_POINT('',#2499);
#2499 = CARTESIAN_POINT('',(116.0625,7.499556531343E-15,9.65));
#2500 = VERTEX_POINT('',#2501);
#2501 = CARTESIAN_POINT('',(116.0625,2.370326157575E-15,3.05));
#2502 = CIRCLE('',#2503,3.3);
#2503 = AXIS2_PLACEMENT_3D('',#2504,#2505,#2506);
#2504 = CARTESIAN_POINT('',(116.0625,1.322844611629E-13,6.35));
#2505 = DIRECTION('',(5.551115123126E-16,-1.,1.33226762955E-15));
#2506 = DIRECTION('',(1.,5.551115123126E-16,1.110223024625E-15));
#2507 = ORIENTED_EDGE('',*,*,#2508,.T.);
#2508 = EDGE_CURVE('',#2500,#2509,#2511,.T.);
#2509 = VERTEX_POINT('',#2510);
#2510 = CARTESIAN_POINT('',(120.4625,2.370326157575E-15,3.05));
#2511 = LINE('',#2512,#2513);
#2512 = CARTESIAN_POINT('',(116.0625,1.278879779854E-13,3.05));
#2513 = VECTOR('',#2514,1.);
#2514 = DIRECTION('',(1.,5.551115123126E-16,1.110223024625E-15));
#2515 = ORIENTED_EDGE('',*,*,#2516,.T.);
#2516 = EDGE_CURVE('',#2509,#2517,#2519,.T.);
#2517 = VERTEX_POINT('',#2518);
#2518 = CARTESIAN_POINT('',(120.4625,7.499556531343E-15,9.65));
#2519 = CIRCLE('',#2520,3.3);
#2520 = AXIS2_PLACEMENT_3D('',#2521,#2522,#2523);
#2521 = CARTESIAN_POINT('',(120.4625,1.34726951817E-13,6.35));
#2522 = DIRECTION('',(5.551115123126E-16,-1.,1.33226762955E-15));
#2523 = DIRECTION('',(1.,5.551115123126E-16,1.110223024625E-15));
#2524 = ORIENTED_EDGE('',*,*,#2525,.T.);
#2525 = EDGE_CURVE('',#2517,#2498,#2526,.T.);
#2526 = LINE('',#2527,#2528);
#2527 = CARTESIAN_POINT('',(120.4625,1.391234349946E-13,9.65));
#2528 = VECTOR('',#2529,1.);
#2529 = DIRECTION('',(-1.,-5.551115123126E-16,-1.110223024625E-15));
#2530 = FACE_BOUND('',#2531,.T.);
#2531 = EDGE_LOOP('',(#2532,#2543,#2551,#2560));
#2532 = ORIENTED_EDGE('',*,*,#2533,.T.);
#2533 = EDGE_CURVE('',#2534,#2536,#2538,.T.);
#2534 = VERTEX_POINT('',#2535);
#2535 = CARTESIAN_POINT('',(116.0625,1.983690989249E-14,25.525));
#2536 = VERTEX_POINT('',#2537);
#2537 = CARTESIAN_POINT('',(116.0625,1.470767951872E-14,18.925));
#2538 = CIRCLE('',#2539,3.3);
#2539 = AXIS2_PLACEMENT_3D('',#2540,#2541,#2542);
#2540 = CARTESIAN_POINT('',(116.0625,1.53434209782E-13,22.225));
#2541 = DIRECTION('',(5.551115123126E-16,-1.,1.33226762955E-15));
#2542 = DIRECTION('',(1.,5.551115123126E-16,1.110223024625E-15));
#2543 = ORIENTED_EDGE('',*,*,#2544,.T.);
#2544 = EDGE_CURVE('',#2536,#2545,#2547,.T.);
#2545 = VERTEX_POINT('',#2546);
#2546 = CARTESIAN_POINT('',(120.4625,1.470767951872E-14,18.925));
#2547 = LINE('',#2548,#2549);
#2548 = CARTESIAN_POINT('',(116.0625,1.490377266045E-13,18.925));
#2549 = VECTOR('',#2550,1.);
#2550 = DIRECTION('',(1.,5.551115123126E-16,1.110223024625E-15));
#2551 = ORIENTED_EDGE('',*,*,#2552,.T.);
#2552 = EDGE_CURVE('',#2545,#2553,#2555,.T.);
#2553 = VERTEX_POINT('',#2554);
#2554 = CARTESIAN_POINT('',(120.4625,1.983690989249E-14,25.525));
#2555 = CIRCLE('',#2556,3.3);
#2556 = AXIS2_PLACEMENT_3D('',#2557,#2558,#2559);
#2557 = CARTESIAN_POINT('',(120.4625,1.558767004362E-13,22.225));
#2558 = DIRECTION('',(5.551115123126E-16,-1.,1.33226762955E-15));
#2559 = DIRECTION('',(1.,5.551115123126E-16,1.110223024625E-15));
#2560 = ORIENTED_EDGE('',*,*,#2561,.T.);
#2561 = EDGE_CURVE('',#2553,#2534,#2562,.T.);
#2562 = LINE('',#2563,#2564);
#2563 = CARTESIAN_POINT('',(120.4625,1.602731836137E-13,25.525));
#2564 = VECTOR('',#2565,1.);
#2565 = DIRECTION('',(-1.,-5.551115123126E-16,-1.110223024625E-15));
#2566 = FACE_BOUND('',#2567,.T.);
#2567 = EDGE_LOOP('',(#2568,#2579,#2587,#2596));
#2568 = ORIENTED_EDGE('',*,*,#2569,.T.);
#2569 = EDGE_CURVE('',#2570,#2572,#2574,.T.);
#2570 = VERTEX_POINT('',#2571);
#2571 = CARTESIAN_POINT('',(116.0625,3.217426325364E-14,41.4));
#2572 = VERTEX_POINT('',#2573);
#2573 = CARTESIAN_POINT('',(116.0625,2.704503287987E-14,34.8));
#2574 = CIRCLE('',#2575,3.3);
#2575 = AXIS2_PLACEMENT_3D('',#2576,#2577,#2578);
#2576 = CARTESIAN_POINT('',(116.0625,1.745839584011E-13,38.1));
#2577 = DIRECTION('',(5.551115123126E-16,-1.,1.33226762955E-15));
#2578 = DIRECTION('',(1.,5.551115123126E-16,1.110223024625E-15));
#2579 = ORIENTED_EDGE('',*,*,#2580,.T.);
#2580 = EDGE_CURVE('',#2572,#2581,#2583,.T.);
#2581 = VERTEX_POINT('',#2582);
#2582 = CARTESIAN_POINT('',(120.4625,2.704503287987E-14,34.8));
#2583 = LINE('',#2584,#2585);
#2584 = CARTESIAN_POINT('',(116.0625,1.701874752236E-13,34.8));
#2585 = VECTOR('',#2586,1.);
#2586 = DIRECTION('',(1.,5.551115123126E-16,1.110223024625E-15));
#2587 = ORIENTED_EDGE('',*,*,#2588,.T.);
#2588 = EDGE_CURVE('',#2581,#2589,#2591,.T.);
#2589 = VERTEX_POINT('',#2590);
#2590 = CARTESIAN_POINT('',(120.4625,3.217426325364E-14,41.4));
#2591 = CIRCLE('',#2592,3.3);
#2592 = AXIS2_PLACEMENT_3D('',#2593,#2594,#2595);
#2593 = CARTESIAN_POINT('',(120.4625,1.770264490553E-13,38.1));
#2594 = DIRECTION('',(5.551115123126E-16,-1.,1.33226762955E-15));
#2595 = DIRECTION('',(1.,5.551115123126E-16,1.110223024625E-15));
#2596 = ORIENTED_EDGE('',*,*,#2597,.T.);
#2597 = EDGE_CURVE('',#2589,#2570,#2598,.T.);
#2598 = LINE('',#2599,#2600);
#2599 = CARTESIAN_POINT('',(120.4625,1.814229322328E-13,41.4));
#2600 = VECTOR('',#2601,1.);
#2601 = DIRECTION('',(-1.,-5.551115123126E-16,-1.110223024625E-15));
#2602 = PLANE('',#2603);
#2603 = AXIS2_PLACEMENT_3D('',#2604,#2605,#2606);
#2604 = CARTESIAN_POINT('',(109.94112140227,2.370968944752E-13,22.225));
#2605 = DIRECTION('',(1.7763568394E-15,1.,8.881784197001E-16));
#2606 = DIRECTION('',(8.881784197001E-16,1.7763568394E-15,1.));
#2607 = ADVANCED_FACE('',(#2608),#2626,.F.);
#2608 = FACE_BOUND('',#2609,.F.);
#2609 = EDGE_LOOP('',(#2610,#2611,#2619,#2625));
#2610 = ORIENTED_EDGE('',*,*,#1899,.T.);
#2611 = ORIENTED_EDGE('',*,*,#2612,.T.);
#2612 = EDGE_CURVE('',#1900,#2613,#2615,.T.);
#2613 = VERTEX_POINT('',#2614);
#2614 = CARTESIAN_POINT('',(127.,-6.5,4.));
#2615 = LINE('',#2616,#2617);
#2616 = CARTESIAN_POINT('',(123.,-6.5,-7.105427357601E-14));
#2617 = VECTOR('',#2618,1.);
#2618 = DIRECTION('',(0.707106781187,2.041120196289E-15,0.707106781187)
  );
#2619 = ORIENTED_EDGE('',*,*,#2620,.F.);
#2620 = EDGE_CURVE('',#2456,#2613,#2621,.T.);
#2621 = LINE('',#2622,#2623);
#2622 = CARTESIAN_POINT('',(127.,1.062483434566E-13,4.));
#2623 = VECTOR('',#2624,1.);
#2624 = DIRECTION('',(-1.665334536938E-15,-1.,-5.551115123126E-16));
#2625 = ORIENTED_EDGE('',*,*,#2463,.F.);
#2626 = PLANE('',#2627);
#2627 = AXIS2_PLACEMENT_3D('',#2628,#2629,#2630);
#2628 = CARTESIAN_POINT('',(123.,9.559020242023E-14,1.098010571354E-13)
  );
#2629 = DIRECTION('',(-0.707106781187,7.850462293419E-16,0.707106781187)
  );
#2630 = DIRECTION('',(0.707106781187,1.884110950421E-15,0.707106781187)
  );
#2631 = ADVANCED_FACE('',(#2632,#2666,#2677,#2688,#2724,#2760),#2796,.F.
  );
#2632 = FACE_BOUND('',#2633,.F.);
#2633 = EDGE_LOOP('',(#2634,#2635,#2643,#2651,#2659,#2665));
#2634 = ORIENTED_EDGE('',*,*,#1907,.F.);
#2635 = ORIENTED_EDGE('',*,*,#2636,.F.);
#2636 = EDGE_CURVE('',#2637,#1908,#2639,.T.);
#2637 = VERTEX_POINT('',#2638);
#2638 = CARTESIAN_POINT('',(94.,-6.5,44.45));
#2639 = LINE('',#2640,#2641);
#2640 = CARTESIAN_POINT('',(94.,-6.5,44.45));
#2641 = VECTOR('',#2642,1.);
#2642 = DIRECTION('',(-8.881784197001E-16,-1.998401444325E-15,-1.));
#2643 = ORIENTED_EDGE('',*,*,#2644,.F.);
#2644 = EDGE_CURVE('',#2645,#2637,#2647,.T.);
#2645 = VERTEX_POINT('',#2646);
#2646 = CARTESIAN_POINT('',(123.,-6.5,44.45));
#2647 = LINE('',#2648,#2649);
#2648 = CARTESIAN_POINT('',(123.,-6.5,44.45));
#2649 = VECTOR('',#2650,1.);
#2650 = DIRECTION('',(-1.,-8.881784197001E-16,-1.7763568394E-15));
#2651 = ORIENTED_EDGE('',*,*,#2652,.F.);
#2652 = EDGE_CURVE('',#2653,#2645,#2655,.T.);
#2653 = VERTEX_POINT('',#2654);
#2654 = CARTESIAN_POINT('',(127.,-6.5,40.45));
#2655 = LINE('',#2656,#2657);
#2656 = CARTESIAN_POINT('',(127.,-6.5,40.45));
#2657 = VECTOR('',#2658,1.);
#2658 = DIRECTION('',(-0.707106781187,7.850462293419E-16,0.707106781187)
  );
#2659 = ORIENTED_EDGE('',*,*,#2660,.F.);
#2660 = EDGE_CURVE('',#2613,#2653,#2661,.T.);
#2661 = LINE('',#2662,#2663);
#2662 = CARTESIAN_POINT('',(127.,-6.5,4.));
#2663 = VECTOR('',#2664,1.);
#2664 = DIRECTION('',(8.881784197001E-16,1.998401444325E-15,1.));
#2665 = ORIENTED_EDGE('',*,*,#2612,.F.);
#2666 = FACE_BOUND('',#2667,.F.);
#2667 = EDGE_LOOP('',(#2668));
#2668 = ORIENTED_EDGE('',*,*,#2669,.T.);
#2669 = EDGE_CURVE('',#2670,#2670,#2672,.T.);
#2670 = VERTEX_POINT('',#2671);
#2671 = CARTESIAN_POINT('',(105.5,-6.5,14.29));
#2672 = CIRCLE('',#2673,5.5);
#2673 = AXIS2_PLACEMENT_3D('',#2674,#2675,#2676);
#2674 = CARTESIAN_POINT('',(100.,-6.5,14.29));
#2675 = DIRECTION('',(2.22044604925E-16,-1.,6.661338147751E-16));
#2676 = DIRECTION('',(1.,2.22044604925E-16,4.440892098501E-16));
#2677 = FACE_BOUND('',#2678,.F.);
#2678 = EDGE_LOOP('',(#2679));
#2679 = ORIENTED_EDGE('',*,*,#2680,.T.);
#2680 = EDGE_CURVE('',#2681,#2681,#2683,.T.);
#2681 = VERTEX_POINT('',#2682);
#2682 = CARTESIAN_POINT('',(105.5,-6.5,30.16));
#2683 = CIRCLE('',#2684,5.5);
#2684 = AXIS2_PLACEMENT_3D('',#2685,#2686,#2687);
#2685 = CARTESIAN_POINT('',(100.,-6.5,30.16));
#2686 = DIRECTION('',(2.22044604925E-16,-1.,6.661338147751E-16));
#2687 = DIRECTION('',(1.,2.22044604925E-16,4.440892098501E-16));
#2688 = FACE_BOUND('',#2689,.F.);
#2689 = EDGE_LOOP('',(#2690,#2701,#2709,#2718));
#2690 = ORIENTED_EDGE('',*,*,#2691,.T.);
#2691 = EDGE_CURVE('',#2692,#2694,#2696,.T.);
#2692 = VERTEX_POINT('',#2693);
#2693 = CARTESIAN_POINT('',(116.0625,-6.5,9.65));
#2694 = VERTEX_POINT('',#2695);
#2695 = CARTESIAN_POINT('',(116.0625,-6.5,3.05));
#2696 = CIRCLE('',#2697,3.3);
#2697 = AXIS2_PLACEMENT_3D('',#2698,#2699,#2700);
#2698 = CARTESIAN_POINT('',(116.0625,-6.5,6.35));
#2699 = DIRECTION('',(5.551115123126E-16,-1.,1.33226762955E-15));
#2700 = DIRECTION('',(1.,5.551115123126E-16,1.110223024625E-15));
#2701 = ORIENTED_EDGE('',*,*,#2702,.T.);
#2702 = EDGE_CURVE('',#2694,#2703,#2705,.T.);
#2703 = VERTEX_POINT('',#2704);
#2704 = CARTESIAN_POINT('',(120.4625,-6.5,3.05));
#2705 = LINE('',#2706,#2707);
#2706 = CARTESIAN_POINT('',(116.0625,-6.5,3.05));
#2707 = VECTOR('',#2708,1.);
#2708 = DIRECTION('',(1.,5.551115123126E-16,1.110223024625E-15));
#2709 = ORIENTED_EDGE('',*,*,#2710,.T.);
#2710 = EDGE_CURVE('',#2703,#2711,#2713,.T.);
#2711 = VERTEX_POINT('',#2712);
#2712 = CARTESIAN_POINT('',(120.4625,-6.5,9.65));
#2713 = CIRCLE('',#2714,3.3);
#2714 = AXIS2_PLACEMENT_3D('',#2715,#2716,#2717);
#2715 = CARTESIAN_POINT('',(120.4625,-6.5,6.35));
#2716 = DIRECTION('',(5.551115123126E-16,-1.,1.33226762955E-15));
#2717 = DIRECTION('',(1.,5.551115123126E-16,1.110223024625E-15));
#2718 = ORIENTED_EDGE('',*,*,#2719,.T.);
#2719 = EDGE_CURVE('',#2711,#2692,#2720,.T.);
#2720 = LINE('',#2721,#2722);
#2721 = CARTESIAN_POINT('',(120.4625,-6.5,9.65));
#2722 = VECTOR('',#2723,1.);
#2723 = DIRECTION('',(-1.,-5.551115123126E-16,-1.110223024625E-15));
#2724 = FACE_BOUND('',#2725,.F.);
#2725 = EDGE_LOOP('',(#2726,#2737,#2745,#2754));
#2726 = ORIENTED_EDGE('',*,*,#2727,.T.);
#2727 = EDGE_CURVE('',#2728,#2730,#2732,.T.);
#2728 = VERTEX_POINT('',#2729);
#2729 = CARTESIAN_POINT('',(116.0625,-6.5,25.525));
#2730 = VERTEX_POINT('',#2731);
#2731 = CARTESIAN_POINT('',(116.0625,-6.5,18.925));
#2732 = CIRCLE('',#2733,3.3);
#2733 = AXIS2_PLACEMENT_3D('',#2734,#2735,#2736);
#2734 = CARTESIAN_POINT('',(116.0625,-6.5,22.225));
#2735 = DIRECTION('',(5.551115123126E-16,-1.,1.33226762955E-15));
#2736 = DIRECTION('',(1.,5.551115123126E-16,1.110223024625E-15));
#2737 = ORIENTED_EDGE('',*,*,#2738,.T.);
#2738 = EDGE_CURVE('',#2730,#2739,#2741,.T.);
#2739 = VERTEX_POINT('',#2740);
#2740 = CARTESIAN_POINT('',(120.4625,-6.5,18.925));
#2741 = LINE('',#2742,#2743);
#2742 = CARTESIAN_POINT('',(116.0625,-6.5,18.925));
#2743 = VECTOR('',#2744,1.);
#2744 = DIRECTION('',(1.,5.551115123126E-16,1.110223024625E-15));
#2745 = ORIENTED_EDGE('',*,*,#2746,.T.);
#2746 = EDGE_CURVE('',#2739,#2747,#2749,.T.);
#2747 = VERTEX_POINT('',#2748);
#2748 = CARTESIAN_POINT('',(120.4625,-6.5,25.525));
#2749 = CIRCLE('',#2750,3.3);
#2750 = AXIS2_PLACEMENT_3D('',#2751,#2752,#2753);
#2751 = CARTESIAN_POINT('',(120.4625,-6.5,22.225));
#2752 = DIRECTION('',(5.551115123126E-16,-1.,1.33226762955E-15));
#2753 = DIRECTION('',(1.,5.551115123126E-16,1.110223024625E-15));
#2754 = ORIENTED_EDGE('',*,*,#2755,.T.);
#2755 = EDGE_CURVE('',#2747,#2728,#2756,.T.);
#2756 = LINE('',#2757,#2758);
#2757 = CARTESIAN_POINT('',(120.4625,-6.5,25.525));
#2758 = VECTOR('',#2759,1.);
#2759 = DIRECTION('',(-1.,-5.551115123126E-16,-1.110223024625E-15));
#2760 = FACE_BOUND('',#2761,.F.);
#2761 = EDGE_LOOP('',(#2762,#2773,#2781,#2790));
#2762 = ORIENTED_EDGE('',*,*,#2763,.T.);
#2763 = EDGE_CURVE('',#2764,#2766,#2768,.T.);
#2764 = VERTEX_POINT('',#2765);
#2765 = CARTESIAN_POINT('',(116.0625,-6.5,41.4));
#2766 = VERTEX_POINT('',#2767);
#2767 = CARTESIAN_POINT('',(116.0625,-6.5,34.8));
#2768 = CIRCLE('',#2769,3.3);
#2769 = AXIS2_PLACEMENT_3D('',#2770,#2771,#2772);
#2770 = CARTESIAN_POINT('',(116.0625,-6.5,38.1));
#2771 = DIRECTION('',(5.551115123126E-16,-1.,1.33226762955E-15));
#2772 = DIRECTION('',(1.,5.551115123126E-16,1.110223024625E-15));
#2773 = ORIENTED_EDGE('',*,*,#2774,.T.);
#2774 = EDGE_CURVE('',#2766,#2775,#2777,.T.);
#2775 = VERTEX_POINT('',#2776);
#2776 = CARTESIAN_POINT('',(120.4625,-6.5,34.8));
#2777 = LINE('',#2778,#2779);
#2778 = CARTESIAN_POINT('',(116.0625,-6.5,34.8));
#2779 = VECTOR('',#2780,1.);
#2780 = DIRECTION('',(1.,5.551115123126E-16,1.110223024625E-15));
#2781 = ORIENTED_EDGE('',*,*,#2782,.T.);
#2782 = EDGE_CURVE('',#2775,#2783,#2785,.T.);
#2783 = VERTEX_POINT('',#2784);
#2784 = CARTESIAN_POINT('',(120.4625,-6.5,41.4));
#2785 = CIRCLE('',#2786,3.3);
#2786 = AXIS2_PLACEMENT_3D('',#2787,#2788,#2789);
#2787 = CARTESIAN_POINT('',(120.4625,-6.5,38.1));
#2788 = DIRECTION('',(5.551115123126E-16,-1.,1.33226762955E-15));
#2789 = DIRECTION('',(1.,5.551115123126E-16,1.110223024625E-15));
#2790 = ORIENTED_EDGE('',*,*,#2791,.T.);
#2791 = EDGE_CURVE('',#2783,#2764,#2792,.T.);
#2792 = LINE('',#2793,#2794);
#2793 = CARTESIAN_POINT('',(120.4625,-6.5,41.4));
#2794 = VECTOR('',#2795,1.);
#2795 = DIRECTION('',(-1.,-5.551115123126E-16,-1.110223024625E-15));
#2796 = PLANE('',#2797);
#2797 = AXIS2_PLACEMENT_3D('',#2798,#2799,#2800);
#2798 = CARTESIAN_POINT('',(109.94112140227,-6.5,22.225));
#2799 = DIRECTION('',(1.7763568394E-15,1.,8.881784197001E-16));
#2800 = DIRECTION('',(8.881784197001E-16,1.7763568394E-15,1.));
#2801 = ADVANCED_FACE('',(#2802),#2813,.F.);
#2802 = FACE_BOUND('',#2803,.F.);
#2803 = EDGE_LOOP('',(#2804,#2810,#2811,#2812));
#2804 = ORIENTED_EDGE('',*,*,#2805,.T.);
#2805 = EDGE_CURVE('',#2432,#2637,#2806,.T.);
#2806 = LINE('',#2807,#2808);
#2807 = CARTESIAN_POINT('',(94.,1.569466778761E-13,44.45));
#2808 = VECTOR('',#2809,1.);
#2809 = DIRECTION('',(-1.665334536938E-15,-1.,-5.551115123126E-16));
#2810 = ORIENTED_EDGE('',*,*,#2636,.T.);
#2811 = ORIENTED_EDGE('',*,*,#1915,.F.);
#2812 = ORIENTED_EDGE('',*,*,#2431,.F.);
#2813 = PLANE('',#2814);
#2814 = AXIS2_PLACEMENT_3D('',#2815,#2816,#2817);
#2815 = CARTESIAN_POINT('',(94.,1.569466778761E-13,44.45));
#2816 = DIRECTION('',(1.,6.661338147751E-16,1.554312234475E-15));
#2817 = DIRECTION('',(-7.771561172376E-16,-1.887379141863E-15,-1.));
#2818 = ADVANCED_FACE('',(#2819),#2837,.F.);
#2819 = FACE_BOUND('',#2820,.F.);
#2820 = EDGE_LOOP('',(#2821,#2829,#2835,#2836));
#2821 = ORIENTED_EDGE('',*,*,#2822,.F.);
#2822 = EDGE_CURVE('',#2823,#1940,#2825,.T.);
#2823 = VERTEX_POINT('',#2824);
#2824 = CARTESIAN_POINT('',(99.,8.,3.));
#2825 = LINE('',#2826,#2827);
#2826 = CARTESIAN_POINT('',(99.,8.,3.));
#2827 = VECTOR('',#2828,1.);
#2828 = DIRECTION('',(-7.771561172376E-16,-1.554312234475E-15,-1.));
#2829 = ORIENTED_EDGE('',*,*,#2830,.T.);
#2830 = EDGE_CURVE('',#2823,#2018,#2831,.T.);
#2831 = LINE('',#2832,#2833);
#2832 = CARTESIAN_POINT('',(99.,8.,3.));
#2833 = VECTOR('',#2834,1.);
#2834 = DIRECTION('',(1.,6.661338147751E-16,1.443289932013E-15));
#2835 = ORIENTED_EDGE('',*,*,#2017,.F.);
#2836 = ORIENTED_EDGE('',*,*,#1939,.F.);
#2837 = PLANE('',#2838);
#2838 = AXIS2_PLACEMENT_3D('',#2839,#2840,#2841);
#2839 = CARTESIAN_POINT('',(99.,8.,3.));
#2840 = DIRECTION('',(1.33226762955E-15,1.,5.551115123126E-16));
#2841 = DIRECTION('',(-6.661338147751E-16,-1.443289932013E-15,-1.));
#2842 = ADVANCED_FACE('',(#2843),#2877,.T.);
#2843 = FACE_BOUND('',#2844,.T.);
#2844 = EDGE_LOOP('',(#2845,#2855,#2861,#2862,#2863,#2871));
#2845 = ORIENTED_EDGE('',*,*,#2846,.T.);
#2846 = EDGE_CURVE('',#2847,#2849,#2851,.T.);
#2847 = VERTEX_POINT('',#2848);
#2848 = CARTESIAN_POINT('',(99.,137.,36.));
#2849 = VERTEX_POINT('',#2850);
#2850 = CARTESIAN_POINT('',(99.,144.,36.));
#2851 = LINE('',#2852,#2853);
#2852 = CARTESIAN_POINT('',(99.,137.,36.));
#2853 = VECTOR('',#2854,1.);
#2854 = DIRECTION('',(1.221245327088E-15,1.,3.330669073875E-16));
#2855 = ORIENTED_EDGE('',*,*,#2856,.T.);
#2856 = EDGE_CURVE('',#2849,#1948,#2857,.T.);
#2857 = LINE('',#2858,#2859);
#2858 = CARTESIAN_POINT('',(99.,144.,36.));
#2859 = VECTOR('',#2860,1.);
#2860 = DIRECTION('',(-6.661338147751E-16,-1.554312234475E-15,-1.));
#2861 = ORIENTED_EDGE('',*,*,#1947,.F.);
#2862 = ORIENTED_EDGE('',*,*,#2822,.F.);
#2863 = ORIENTED_EDGE('',*,*,#2864,.F.);
#2864 = EDGE_CURVE('',#2865,#2823,#2867,.T.);
#2865 = VERTEX_POINT('',#2866);
#2866 = CARTESIAN_POINT('',(99.,137.,3.));
#2867 = LINE('',#2868,#2869);
#2868 = CARTESIAN_POINT('',(99.,137.,3.));
#2869 = VECTOR('',#2870,1.);
#2870 = DIRECTION('',(-1.554312234475E-15,-1.,-7.771561172376E-16));
#2871 = ORIENTED_EDGE('',*,*,#2872,.F.);
#2872 = EDGE_CURVE('',#2847,#2865,#2873,.T.);
#2873 = LINE('',#2874,#2875);
#2874 = CARTESIAN_POINT('',(99.,137.,36.));
#2875 = VECTOR('',#2876,1.);
#2876 = DIRECTION('',(-6.661338147751E-16,-1.554312234475E-15,-1.));
#2877 = PLANE('',#2878);
#2878 = AXIS2_PLACEMENT_3D('',#2879,#2880,#2881);
#2879 = CARTESIAN_POINT('',(99.,88.375,5.625));
#2880 = DIRECTION('',(-1.,-5.551115123126E-16,-1.459724672749E-15));
#2881 = DIRECTION('',(-2.056098641885E-16,-1.110223024625E-15,-1.));
#2882 = ADVANCED_FACE('',(#2883),#2894,.T.);
#2883 = FACE_BOUND('',#2884,.T.);
#2884 = EDGE_LOOP('',(#2885,#2886,#2887,#2893));
#2885 = ORIENTED_EDGE('',*,*,#1955,.F.);
#2886 = ORIENTED_EDGE('',*,*,#2856,.F.);
#2887 = ORIENTED_EDGE('',*,*,#2888,.F.);
#2888 = EDGE_CURVE('',#2042,#2849,#2889,.T.);
#2889 = LINE('',#2890,#2891);
#2890 = CARTESIAN_POINT('',(110.2,144.,36.));
#2891 = VECTOR('',#2892,1.);
#2892 = DIRECTION('',(-1.,-6.661338147751E-16,-1.33226762955E-15));
#2893 = ORIENTED_EDGE('',*,*,#2049,.F.);
#2894 = PLANE('',#2895);
#2895 = AXIS2_PLACEMENT_3D('',#2896,#2897,#2898);
#2896 = CARTESIAN_POINT('',(104.6,144.,18.));
#2897 = DIRECTION('',(1.33226762955E-15,1.,6.661338147751E-16));
#2898 = DIRECTION('',(6.661338147751E-16,1.33226762955E-15,1.));
#2899 = ADVANCED_FACE('',(#2900),#2911,.T.);
#2900 = FACE_BOUND('',#2901,.T.);
#2901 = EDGE_LOOP('',(#2902,#2908,#2909,#2910));
#2902 = ORIENTED_EDGE('',*,*,#2903,.F.);
#2903 = EDGE_CURVE('',#2034,#2847,#2904,.T.);
#2904 = LINE('',#2905,#2906);
#2905 = CARTESIAN_POINT('',(110.2,137.,36.));
#2906 = VECTOR('',#2907,1.);
#2907 = DIRECTION('',(-1.,-6.661338147751E-16,-1.33226762955E-15));
#2908 = ORIENTED_EDGE('',*,*,#2041,.F.);
#2909 = ORIENTED_EDGE('',*,*,#2888,.T.);
#2910 = ORIENTED_EDGE('',*,*,#2846,.F.);
#2911 = PLANE('',#2912);
#2912 = AXIS2_PLACEMENT_3D('',#2913,#2914,#2915);
#2913 = CARTESIAN_POINT('',(110.2,137.,36.));
#2914 = DIRECTION('',(4.440892098501E-16,1.33226762955E-15,1.));
#2915 = DIRECTION('',(-1.,-5.551115123126E-16,-1.221245327088E-15));
#2916 = ADVANCED_FACE('',(#2917),#2928,.F.);
#2917 = FACE_BOUND('',#2918,.F.);
#2918 = EDGE_LOOP('',(#2919,#2920,#2926,#2927));
#2919 = ORIENTED_EDGE('',*,*,#2864,.F.);
#2920 = ORIENTED_EDGE('',*,*,#2921,.T.);
#2921 = EDGE_CURVE('',#2865,#2026,#2922,.T.);
#2922 = LINE('',#2923,#2924);
#2923 = CARTESIAN_POINT('',(99.,137.,3.));
#2924 = VECTOR('',#2925,1.);
#2925 = DIRECTION('',(1.,6.661338147751E-16,1.443289932013E-15));
#2926 = ORIENTED_EDGE('',*,*,#2025,.F.);
#2927 = ORIENTED_EDGE('',*,*,#2830,.F.);
#2928 = PLANE('',#2929);
#2929 = AXIS2_PLACEMENT_3D('',#2930,#2931,#2932);
#2930 = CARTESIAN_POINT('',(99.,137.,3.));
#2931 = DIRECTION('',(-5.551115123126E-16,-1.33226762955E-15,-1.));
#2932 = DIRECTION('',(-1.443289932013E-15,-1.,-6.661338147751E-16));
#2933 = ADVANCED_FACE('',(#2934),#2940,.F.);
#2934 = FACE_BOUND('',#2935,.F.);
#2935 = EDGE_LOOP('',(#2936,#2937,#2938,#2939));
#2936 = ORIENTED_EDGE('',*,*,#2921,.F.);
#2937 = ORIENTED_EDGE('',*,*,#2872,.F.);
#2938 = ORIENTED_EDGE('',*,*,#2903,.F.);
#2939 = ORIENTED_EDGE('',*,*,#2033,.F.);
#2940 = PLANE('',#2941);
#2941 = AXIS2_PLACEMENT_3D('',#2942,#2943,#2944);
#2942 = CARTESIAN_POINT('',(104.6,137.,18.));
#2943 = DIRECTION('',(1.33226762955E-15,1.,6.661338147751E-16));
#2944 = DIRECTION('',(6.661338147751E-16,1.33226762955E-15,1.));
#2945 = ADVANCED_FACE('',(#2946),#2962,.T.);
#2946 = FACE_BOUND('',#2947,.T.);
#2947 = EDGE_LOOP('',(#2948,#2954,#2955,#2961));
#2948 = ORIENTED_EDGE('',*,*,#2949,.T.);
#2949 = EDGE_CURVE('',#2060,#2389,#2950,.T.);
#2950 = LINE('',#2951,#2952);
#2951 = CARTESIAN_POINT('',(107.,181.2,16.8));
#2952 = VECTOR('',#2953,1.);
#2953 = DIRECTION('',(1.,3.330669073875E-16,7.771561172376E-16));
#2954 = ORIENTED_EDGE('',*,*,#2388,.T.);
#2955 = ORIENTED_EDGE('',*,*,#2956,.F.);
#2956 = EDGE_CURVE('',#2062,#2391,#2957,.T.);
#2957 = LINE('',#2958,#2959);
#2958 = CARTESIAN_POINT('',(107.,200.8,16.8));
#2959 = VECTOR('',#2960,1.);
#2960 = DIRECTION('',(1.,3.330669073875E-16,7.771561172376E-16));
#2961 = ORIENTED_EDGE('',*,*,#2059,.F.);
#2962 = PLANE('',#2963);
#2963 = AXIS2_PLACEMENT_3D('',#2964,#2965,#2966);
#2964 = CARTESIAN_POINT('',(107.,181.2,16.8));
#2965 = DIRECTION('',(2.22044604925E-16,6.661338147751E-16,1.));
#2966 = DIRECTION('',(7.771561172376E-16,1.,3.330669073875E-16));
#2967 = ADVANCED_FACE('',(#2968),#2979,.F.);
#2968 = FACE_BOUND('',#2969,.T.);
#2969 = EDGE_LOOP('',(#2970,#2976,#2977,#2978));
#2970 = ORIENTED_EDGE('',*,*,#2971,.T.);
#2971 = EDGE_CURVE('',#2070,#2399,#2972,.T.);
#2972 = LINE('',#2973,#2974);
#2973 = CARTESIAN_POINT('',(107.,181.2,23.2));
#2974 = VECTOR('',#2975,1.);
#2975 = DIRECTION('',(1.,3.330669073875E-16,7.771561172376E-16));
#2976 = ORIENTED_EDGE('',*,*,#2398,.T.);
#2977 = ORIENTED_EDGE('',*,*,#2949,.F.);
#2978 = ORIENTED_EDGE('',*,*,#2069,.F.);
#2979 = CYLINDRICAL_SURFACE('',#2980,3.2);
#2980 = AXIS2_PLACEMENT_3D('',#2981,#2982,#2983);
#2981 = CARTESIAN_POINT('',(107.,181.2,20.));
#2982 = DIRECTION('',(-1.,-2.22044604925E-16,-6.661338147751E-16));
#2983 = DIRECTION('',(7.771561172376E-16,1.,3.330669073875E-16));
#2984 = ADVANCED_FACE('',(#2985),#2996,.F.);
#2985 = FACE_BOUND('',#2986,.T.);
#2986 = EDGE_LOOP('',(#2987,#2988,#2989,#2995));
#2987 = ORIENTED_EDGE('',*,*,#2956,.T.);
#2988 = ORIENTED_EDGE('',*,*,#2415,.T.);
#2989 = ORIENTED_EDGE('',*,*,#2990,.F.);
#2990 = EDGE_CURVE('',#2079,#2408,#2991,.T.);
#2991 = LINE('',#2992,#2993);
#2992 = CARTESIAN_POINT('',(107.,200.8,23.2));
#2993 = VECTOR('',#2994,1.);
#2994 = DIRECTION('',(1.,3.330669073875E-16,7.771561172376E-16));
#2995 = ORIENTED_EDGE('',*,*,#2086,.F.);
#2996 = CYLINDRICAL_SURFACE('',#2997,3.2);
#2997 = AXIS2_PLACEMENT_3D('',#2998,#2999,#3000);
#2998 = CARTESIAN_POINT('',(107.,200.8,20.));
#2999 = DIRECTION('',(-1.,-2.22044604925E-16,-6.661338147751E-16));
#3000 = DIRECTION('',(7.771561172376E-16,1.,3.330669073875E-16));
#3001 = ADVANCED_FACE('',(#3002),#3008,.T.);
#3002 = FACE_BOUND('',#3003,.T.);
#3003 = EDGE_LOOP('',(#3004,#3005,#3006,#3007));
#3004 = ORIENTED_EDGE('',*,*,#2990,.T.);
#3005 = ORIENTED_EDGE('',*,*,#2407,.T.);
#3006 = ORIENTED_EDGE('',*,*,#2971,.F.);
#3007 = ORIENTED_EDGE('',*,*,#2078,.F.);
#3008 = PLANE('',#3009);
#3009 = AXIS2_PLACEMENT_3D('',#3010,#3011,#3012);
#3010 = CARTESIAN_POINT('',(107.,200.8,23.2));
#3011 = DIRECTION('',(-2.22044604925E-16,-6.661338147751E-16,-1.));
#3012 = DIRECTION('',(-7.771561172376E-16,-1.,-3.330669073875E-16));
#3013 = ADVANCED_FACE('',(#3014),#3030,.T.);
#3014 = FACE_BOUND('',#3015,.T.);
#3015 = EDGE_LOOP('',(#3016,#3022,#3023,#3029));
#3016 = ORIENTED_EDGE('',*,*,#3017,.T.);
#3017 = EDGE_CURVE('',#2096,#2353,#3018,.T.);
#3018 = LINE('',#3019,#3020);
#3019 = CARTESIAN_POINT('',(107.,151.2,16.8));
#3020 = VECTOR('',#3021,1.);
#3021 = DIRECTION('',(1.,3.330669073875E-16,7.771561172376E-16));
#3022 = ORIENTED_EDGE('',*,*,#2352,.T.);
#3023 = ORIENTED_EDGE('',*,*,#3024,.F.);
#3024 = EDGE_CURVE('',#2098,#2355,#3025,.T.);
#3025 = LINE('',#3026,#3027);
#3026 = CARTESIAN_POINT('',(107.,170.8,16.8));
#3027 = VECTOR('',#3028,1.);
#3028 = DIRECTION('',(1.,3.330669073875E-16,7.771561172376E-16));
#3029 = ORIENTED_EDGE('',*,*,#2095,.F.);
#3030 = PLANE('',#3031);
#3031 = AXIS2_PLACEMENT_3D('',#3032,#3033,#3034);
#3032 = CARTESIAN_POINT('',(107.,151.2,16.8));
#3033 = DIRECTION('',(2.22044604925E-16,6.661338147751E-16,1.));
#3034 = DIRECTION('',(7.771561172376E-16,1.,3.330669073875E-16));
#3035 = ADVANCED_FACE('',(#3036),#3047,.F.);
#3036 = FACE_BOUND('',#3037,.T.);
#3037 = EDGE_LOOP('',(#3038,#3044,#3045,#3046));
#3038 = ORIENTED_EDGE('',*,*,#3039,.T.);
#3039 = EDGE_CURVE('',#2106,#2363,#3040,.T.);
#3040 = LINE('',#3041,#3042);
#3041 = CARTESIAN_POINT('',(107.,151.2,23.2));
#3042 = VECTOR('',#3043,1.);
#3043 = DIRECTION('',(1.,3.330669073875E-16,7.771561172376E-16));
#3044 = ORIENTED_EDGE('',*,*,#2362,.T.);
#3045 = ORIENTED_EDGE('',*,*,#3017,.F.);
#3046 = ORIENTED_EDGE('',*,*,#2105,.F.);
#3047 = CYLINDRICAL_SURFACE('',#3048,3.2);
#3048 = AXIS2_PLACEMENT_3D('',#3049,#3050,#3051);
#3049 = CARTESIAN_POINT('',(107.,151.2,20.));
#3050 = DIRECTION('',(-1.,-2.22044604925E-16,-6.661338147751E-16));
#3051 = DIRECTION('',(7.771561172376E-16,1.,3.330669073875E-16));
#3052 = ADVANCED_FACE('',(#3053),#3064,.F.);
#3053 = FACE_BOUND('',#3054,.T.);
#3054 = EDGE_LOOP('',(#3055,#3056,#3057,#3063));
#3055 = ORIENTED_EDGE('',*,*,#3024,.T.);
#3056 = ORIENTED_EDGE('',*,*,#2379,.T.);
#3057 = ORIENTED_EDGE('',*,*,#3058,.F.);
#3058 = EDGE_CURVE('',#2115,#2372,#3059,.T.);
#3059 = LINE('',#3060,#3061);
#3060 = CARTESIAN_POINT('',(107.,170.8,23.2));
#3061 = VECTOR('',#3062,1.);
#3062 = DIRECTION('',(1.,3.330669073875E-16,7.771561172376E-16));
#3063 = ORIENTED_EDGE('',*,*,#2122,.F.);
#3064 = CYLINDRICAL_SURFACE('',#3065,3.2);
#3065 = AXIS2_PLACEMENT_3D('',#3066,#3067,#3068);
#3066 = CARTESIAN_POINT('',(107.,170.8,20.));
#3067 = DIRECTION('',(-1.,-2.22044604925E-16,-6.661338147751E-16));
#3068 = DIRECTION('',(7.771561172376E-16,1.,3.330669073875E-16));
#3069 = ADVANCED_FACE('',(#3070),#3076,.T.);
#3070 = FACE_BOUND('',#3071,.T.);
#3071 = EDGE_LOOP('',(#3072,#3073,#3074,#3075));
#3072 = ORIENTED_EDGE('',*,*,#3058,.T.);
#3073 = ORIENTED_EDGE('',*,*,#2371,.T.);
#3074 = ORIENTED_EDGE('',*,*,#3039,.F.);
#3075 = ORIENTED_EDGE('',*,*,#2114,.F.);
#3076 = PLANE('',#3077);
#3077 = AXIS2_PLACEMENT_3D('',#3078,#3079,#3080);
#3078 = CARTESIAN_POINT('',(107.,170.8,23.2));
#3079 = DIRECTION('',(-2.22044604925E-16,-6.661338147751E-16,-1.));
#3080 = DIRECTION('',(-7.771561172376E-16,-1.,-3.330669073875E-16));
#3081 = ADVANCED_FACE('',(#3082),#3098,.T.);
#3082 = FACE_BOUND('',#3083,.T.);
#3083 = EDGE_LOOP('',(#3084,#3090,#3091,#3097));
#3084 = ORIENTED_EDGE('',*,*,#3085,.T.);
#3085 = EDGE_CURVE('',#2132,#2251,#3086,.T.);
#3086 = LINE('',#3087,#3088);
#3087 = CARTESIAN_POINT('',(107.,24.,10.));
#3088 = VECTOR('',#3089,1.);
#3089 = DIRECTION('',(1.,0.,1.110223024625E-16));
#3090 = ORIENTED_EDGE('',*,*,#2250,.T.);
#3091 = ORIENTED_EDGE('',*,*,#3092,.F.);
#3092 = EDGE_CURVE('',#2134,#2253,#3093,.T.);
#3093 = LINE('',#3094,#3095);
#3094 = CARTESIAN_POINT('',(107.,52.,10.));
#3095 = VECTOR('',#3096,1.);
#3096 = DIRECTION('',(1.,0.,1.110223024625E-16));
#3097 = ORIENTED_EDGE('',*,*,#2131,.F.);
#3098 = PLANE('',#3099);
#3099 = AXIS2_PLACEMENT_3D('',#3100,#3101,#3102);
#3100 = CARTESIAN_POINT('',(107.,24.,10.));
#3101 = DIRECTION('',(-1.110223024625E-16,1.232595164408E-32,1.));
#3102 = DIRECTION('',(1.110223024625E-16,1.,0.));
#3103 = ADVANCED_FACE('',(#3104),#3115,.T.);
#3104 = FACE_BOUND('',#3105,.T.);
#3105 = EDGE_LOOP('',(#3106,#3107,#3108,#3114));
#3106 = ORIENTED_EDGE('',*,*,#3092,.T.);
#3107 = ORIENTED_EDGE('',*,*,#2276,.T.);
#3108 = ORIENTED_EDGE('',*,*,#3109,.F.);
#3109 = EDGE_CURVE('',#2150,#2269,#3110,.T.);
#3110 = LINE('',#3111,#3112);
#3111 = CARTESIAN_POINT('',(107.,52.,30.));
#3112 = VECTOR('',#3113,1.);
#3113 = DIRECTION('',(1.,0.,1.110223024625E-16));
#3114 = ORIENTED_EDGE('',*,*,#2157,.F.);
#3115 = PLANE('',#3116);
#3116 = AXIS2_PLACEMENT_3D('',#3117,#3118,#3119);
#3117 = CARTESIAN_POINT('',(107.,52.,10.));
#3118 = DIRECTION('',(-1.232595164408E-32,-1.,1.110223024625E-16));
#3119 = DIRECTION('',(0.,1.110223024625E-16,1.));
#3120 = ADVANCED_FACE('',(#3121),#3132,.T.);
#3121 = FACE_BOUND('',#3122,.T.);
#3122 = EDGE_LOOP('',(#3123,#3124,#3125,#3131));
#3123 = ORIENTED_EDGE('',*,*,#3109,.T.);
#3124 = ORIENTED_EDGE('',*,*,#2268,.T.);
#3125 = ORIENTED_EDGE('',*,*,#3126,.F.);
#3126 = EDGE_CURVE('',#2142,#2261,#3127,.T.);
#3127 = LINE('',#3128,#3129);
#3128 = CARTESIAN_POINT('',(107.,24.,30.));
#3129 = VECTOR('',#3130,1.);
#3130 = DIRECTION('',(1.,0.,1.110223024625E-16));
#3131 = ORIENTED_EDGE('',*,*,#2149,.F.);
#3132 = PLANE('',#3133);
#3133 = AXIS2_PLACEMENT_3D('',#3134,#3135,#3136);
#3134 = CARTESIAN_POINT('',(107.,52.,30.));
#3135 = DIRECTION('',(1.110223024625E-16,-1.232595164408E-32,-1.));
#3136 = DIRECTION('',(-1.110223024625E-16,-1.,0.));
#3137 = ADVANCED_FACE('',(#3138),#3144,.T.);
#3138 = FACE_BOUND('',#3139,.T.);
#3139 = EDGE_LOOP('',(#3140,#3141,#3142,#3143));
#3140 = ORIENTED_EDGE('',*,*,#3126,.T.);
#3141 = ORIENTED_EDGE('',*,*,#2260,.T.);
#3142 = ORIENTED_EDGE('',*,*,#3085,.F.);
#3143 = ORIENTED_EDGE('',*,*,#2141,.F.);
#3144 = PLANE('',#3145);
#3145 = AXIS2_PLACEMENT_3D('',#3146,#3147,#3148);
#3146 = CARTESIAN_POINT('',(107.,24.,30.));
#3147 = DIRECTION('',(1.232595164408E-32,1.,-1.110223024625E-16));
#3148 = DIRECTION('',(0.,-1.110223024625E-16,-1.));
#3149 = ADVANCED_FACE('',(#3150),#3166,.T.);
#3150 = FACE_BOUND('',#3151,.T.);
#3151 = EDGE_LOOP('',(#3152,#3158,#3159,#3165));
#3152 = ORIENTED_EDGE('',*,*,#3153,.T.);
#3153 = EDGE_CURVE('',#2166,#2319,#3154,.T.);
#3154 = LINE('',#3155,#3156);
#3155 = CARTESIAN_POINT('',(107.,96.,10.));
#3156 = VECTOR('',#3157,1.);
#3157 = DIRECTION('',(1.,0.,1.110223024625E-16));
#3158 = ORIENTED_EDGE('',*,*,#2318,.T.);
#3159 = ORIENTED_EDGE('',*,*,#3160,.F.);
#3160 = EDGE_CURVE('',#2168,#2321,#3161,.T.);
#3161 = LINE('',#3162,#3163);
#3162 = CARTESIAN_POINT('',(107.,124.,10.));
#3163 = VECTOR('',#3164,1.);
#3164 = DIRECTION('',(1.,0.,1.110223024625E-16));
#3165 = ORIENTED_EDGE('',*,*,#2165,.F.);
#3166 = PLANE('',#3167);
#3167 = AXIS2_PLACEMENT_3D('',#3168,#3169,#3170);
#3168 = CARTESIAN_POINT('',(107.,96.,10.));
#3169 = DIRECTION('',(-1.110223024625E-16,1.232595164408E-32,1.));
#3170 = DIRECTION('',(1.110223024625E-16,1.,0.));
#3171 = ADVANCED_FACE('',(#3172),#3183,.T.);
#3172 = FACE_BOUND('',#3173,.T.);
#3173 = EDGE_LOOP('',(#3174,#3175,#3176,#3182));
#3174 = ORIENTED_EDGE('',*,*,#3160,.T.);
#3175 = ORIENTED_EDGE('',*,*,#2344,.T.);
#3176 = ORIENTED_EDGE('',*,*,#3177,.F.);
#3177 = EDGE_CURVE('',#2184,#2337,#3178,.T.);
#3178 = LINE('',#3179,#3180);
#3179 = CARTESIAN_POINT('',(107.,124.,30.));
#3180 = VECTOR('',#3181,1.);
#3181 = DIRECTION('',(1.,0.,1.110223024625E-16));
#3182 = ORIENTED_EDGE('',*,*,#2191,.F.);
#3183 = PLANE('',#3184);
#3184 = AXIS2_PLACEMENT_3D('',#3185,#3186,#3187);
#3185 = CARTESIAN_POINT('',(107.,124.,10.));
#3186 = DIRECTION('',(-1.232595164408E-32,-1.,1.110223024625E-16));
#3187 = DIRECTION('',(0.,1.110223024625E-16,1.));
#3188 = ADVANCED_FACE('',(#3189),#3200,.T.);
#3189 = FACE_BOUND('',#3190,.T.);
#3190 = EDGE_LOOP('',(#3191,#3192,#3193,#3199));
#3191 = ORIENTED_EDGE('',*,*,#3177,.T.);
#3192 = ORIENTED_EDGE('',*,*,#2336,.T.);
#3193 = ORIENTED_EDGE('',*,*,#3194,.F.);
#3194 = EDGE_CURVE('',#2176,#2329,#3195,.T.);
#3195 = LINE('',#3196,#3197);
#3196 = CARTESIAN_POINT('',(107.,96.,30.));
#3197 = VECTOR('',#3198,1.);
#3198 = DIRECTION('',(1.,0.,1.110223024625E-16));
#3199 = ORIENTED_EDGE('',*,*,#2183,.F.);
#3200 = PLANE('',#3201);
#3201 = AXIS2_PLACEMENT_3D('',#3202,#3203,#3204);
#3202 = CARTESIAN_POINT('',(107.,124.,30.));
#3203 = DIRECTION('',(1.110223024625E-16,-1.232595164408E-32,-1.));
#3204 = DIRECTION('',(-1.110223024625E-16,-1.,0.));
#3205 = ADVANCED_FACE('',(#3206),#3212,.T.);
#3206 = FACE_BOUND('',#3207,.T.);
#3207 = EDGE_LOOP('',(#3208,#3209,#3210,#3211));
#3208 = ORIENTED_EDGE('',*,*,#3194,.T.);
#3209 = ORIENTED_EDGE('',*,*,#2328,.T.);
#3210 = ORIENTED_EDGE('',*,*,#3153,.F.);
#3211 = ORIENTED_EDGE('',*,*,#2175,.F.);
#3212 = PLANE('',#3213);
#3213 = AXIS2_PLACEMENT_3D('',#3214,#3215,#3216);
#3214 = CARTESIAN_POINT('',(107.,96.,30.));
#3215 = DIRECTION('',(1.232595164408E-32,1.,-1.110223024625E-16));
#3216 = DIRECTION('',(0.,-1.110223024625E-16,-1.));
#3217 = ADVANCED_FACE('',(#3218),#3234,.T.);
#3218 = FACE_BOUND('',#3219,.T.);
#3219 = EDGE_LOOP('',(#3220,#3226,#3227,#3233));
#3220 = ORIENTED_EDGE('',*,*,#3221,.T.);
#3221 = EDGE_CURVE('',#2200,#2285,#3222,.T.);
#3222 = LINE('',#3223,#3224);
#3223 = CARTESIAN_POINT('',(107.,60.,10.));
#3224 = VECTOR('',#3225,1.);
#3225 = DIRECTION('',(1.,0.,1.110223024625E-16));
#3226 = ORIENTED_EDGE('',*,*,#2284,.T.);
#3227 = ORIENTED_EDGE('',*,*,#3228,.F.);
#3228 = EDGE_CURVE('',#2202,#2287,#3229,.T.);
#3229 = LINE('',#3230,#3231);
#3230 = CARTESIAN_POINT('',(107.,88.,10.));
#3231 = VECTOR('',#3232,1.);
#3232 = DIRECTION('',(1.,0.,1.110223024625E-16));
#3233 = ORIENTED_EDGE('',*,*,#2199,.F.);
#3234 = PLANE('',#3235);
#3235 = AXIS2_PLACEMENT_3D('',#3236,#3237,#3238);
#3236 = CARTESIAN_POINT('',(107.,60.,10.));
#3237 = DIRECTION('',(-1.110223024625E-16,1.232595164408E-32,1.));
#3238 = DIRECTION('',(1.110223024625E-16,1.,0.));
#3239 = ADVANCED_FACE('',(#3240),#3251,.T.);
#3240 = FACE_BOUND('',#3241,.T.);
#3241 = EDGE_LOOP('',(#3242,#3243,#3244,#3250));
#3242 = ORIENTED_EDGE('',*,*,#3228,.T.);
#3243 = ORIENTED_EDGE('',*,*,#2310,.T.);
#3244 = ORIENTED_EDGE('',*,*,#3245,.F.);
#3245 = EDGE_CURVE('',#2218,#2303,#3246,.T.);
#3246 = LINE('',#3247,#3248);
#3247 = CARTESIAN_POINT('',(107.,88.,30.));
#3248 = VECTOR('',#3249,1.);
#3249 = DIRECTION('',(1.,0.,1.110223024625E-16));
#3250 = ORIENTED_EDGE('',*,*,#2225,.F.);
#3251 = PLANE('',#3252);
#3252 = AXIS2_PLACEMENT_3D('',#3253,#3254,#3255);
#3253 = CARTESIAN_POINT('',(107.,88.,10.));
#3254 = DIRECTION('',(-1.232595164408E-32,-1.,1.110223024625E-16));
#3255 = DIRECTION('',(0.,1.110223024625E-16,1.));
#3256 = ADVANCED_FACE('',(#3257),#3268,.T.);
#3257 = FACE_BOUND('',#3258,.T.);
#3258 = EDGE_LOOP('',(#3259,#3260,#3261,#3267));
#3259 = ORIENTED_EDGE('',*,*,#3245,.T.);
#3260 = ORIENTED_EDGE('',*,*,#2302,.T.);
#3261 = ORIENTED_EDGE('',*,*,#3262,.F.);
#3262 = EDGE_CURVE('',#2210,#2295,#3263,.T.);
#3263 = LINE('',#3264,#3265);
#3264 = CARTESIAN_POINT('',(107.,60.,30.));
#3265 = VECTOR('',#3266,1.);
#3266 = DIRECTION('',(1.,0.,1.110223024625E-16));
#3267 = ORIENTED_EDGE('',*,*,#2217,.F.);
#3268 = PLANE('',#3269);
#3269 = AXIS2_PLACEMENT_3D('',#3270,#3271,#3272);
#3270 = CARTESIAN_POINT('',(107.,88.,30.));
#3271 = DIRECTION('',(1.110223024625E-16,-1.232595164408E-32,-1.));
#3272 = DIRECTION('',(-1.110223024625E-16,-1.,0.));
#3273 = ADVANCED_FACE('',(#3274),#3280,.T.);
#3274 = FACE_BOUND('',#3275,.T.);
#3275 = EDGE_LOOP('',(#3276,#3277,#3278,#3279));
#3276 = ORIENTED_EDGE('',*,*,#3262,.T.);
#3277 = ORIENTED_EDGE('',*,*,#2294,.T.);
#3278 = ORIENTED_EDGE('',*,*,#3221,.F.);
#3279 = ORIENTED_EDGE('',*,*,#2209,.F.);
#3280 = PLANE('',#3281);
#3281 = AXIS2_PLACEMENT_3D('',#3282,#3283,#3284);
#3282 = CARTESIAN_POINT('',(107.,60.,30.));
#3283 = DIRECTION('',(1.232595164408E-32,1.,-1.110223024625E-16));
#3284 = DIRECTION('',(0.,-1.110223024625E-16,-1.));
#3285 = ADVANCED_FACE('',(#3286),#3297,.F.);
#3286 = FACE_BOUND('',#3287,.F.);
#3287 = EDGE_LOOP('',(#3288,#3294,#3295,#3296));
#3288 = ORIENTED_EDGE('',*,*,#3289,.T.);
#3289 = EDGE_CURVE('',#2440,#2645,#3290,.T.);
#3290 = LINE('',#3291,#3292);
#3291 = CARTESIAN_POINT('',(123.,1.79484205276E-13,44.45));
#3292 = VECTOR('',#3293,1.);
#3293 = DIRECTION('',(-1.665334536938E-15,-1.,-5.551115123126E-16));
#3294 = ORIENTED_EDGE('',*,*,#2644,.T.);
#3295 = ORIENTED_EDGE('',*,*,#2805,.F.);
#3296 = ORIENTED_EDGE('',*,*,#2439,.F.);
#3297 = PLANE('',#3298);
#3298 = AXIS2_PLACEMENT_3D('',#3299,#3300,#3301);
#3299 = CARTESIAN_POINT('',(123.,1.79484205276E-13,44.45));
#3300 = DIRECTION('',(-6.661338147751E-16,-1.7763568394E-15,-1.));
#3301 = DIRECTION('',(-1.,-7.771561172376E-16,-1.665334536938E-15));
#3302 = ADVANCED_FACE('',(#3303),#3314,.F.);
#3303 = FACE_BOUND('',#3304,.F.);
#3304 = EDGE_LOOP('',(#3305,#3311,#3312,#3313));
#3305 = ORIENTED_EDGE('',*,*,#3306,.T.);
#3306 = EDGE_CURVE('',#2448,#2653,#3307,.T.);
#3307 = LINE('',#3308,#3309);
#3308 = CARTESIAN_POINT('',(127.,1.750433131775E-13,40.45));
#3309 = VECTOR('',#3310,1.);
#3310 = DIRECTION('',(-1.665334536938E-15,-1.,-5.551115123126E-16));
#3311 = ORIENTED_EDGE('',*,*,#2652,.T.);
#3312 = ORIENTED_EDGE('',*,*,#3289,.F.);
#3313 = ORIENTED_EDGE('',*,*,#2447,.F.);
#3314 = PLANE('',#3315);
#3315 = AXIS2_PLACEMENT_3D('',#3316,#3317,#3318);
#3316 = CARTESIAN_POINT('',(127.,1.750433131775E-13,40.45));
#3317 = DIRECTION('',(-0.707106781187,-1.727101704552E-15,
    -0.707106781187));
#3318 = DIRECTION('',(-0.707106781187,7.850462293419E-16,0.707106781187)
  );
#3319 = ADVANCED_FACE('',(#3320),#3326,.F.);
#3320 = FACE_BOUND('',#3321,.F.);
#3321 = EDGE_LOOP('',(#3322,#3323,#3324,#3325));
#3322 = ORIENTED_EDGE('',*,*,#2620,.T.);
#3323 = ORIENTED_EDGE('',*,*,#2660,.T.);
#3324 = ORIENTED_EDGE('',*,*,#3306,.F.);
#3325 = ORIENTED_EDGE('',*,*,#2455,.F.);
#3326 = PLANE('',#3327);
#3327 = AXIS2_PLACEMENT_3D('',#3328,#3329,#3330);
#3328 = CARTESIAN_POINT('',(127.,1.062483434566E-13,4.));
#3329 = DIRECTION('',(-1.,-6.661338147751E-16,-1.554312234475E-15));
#3330 = DIRECTION('',(7.771561172376E-16,1.887379141863E-15,1.));
#3331 = ADVANCED_FACE('',(#3332),#3351,.F.);
#3332 = FACE_BOUND('',#3333,.T.);
#3333 = EDGE_LOOP('',(#3334,#3335,#3343,#3350));
#3334 = ORIENTED_EDGE('',*,*,#2475,.F.);
#3335 = ORIENTED_EDGE('',*,*,#3336,.T.);
#3336 = EDGE_CURVE('',#2476,#3337,#3339,.T.);
#3337 = VERTEX_POINT('',#3338);
#3338 = CARTESIAN_POINT('',(103.2,-5.5,14.29));
#3339 = LINE('',#3340,#3341);
#3340 = CARTESIAN_POINT('',(103.2,3.402056414359E-14,14.29));
#3341 = VECTOR('',#3342,1.);
#3342 = DIRECTION('',(-5.551115123126E-16,-1.,-1.355854680849E-31));
#3343 = ORIENTED_EDGE('',*,*,#3344,.F.);
#3344 = EDGE_CURVE('',#3337,#3337,#3345,.T.);
#3345 = CIRCLE('',#3346,3.2);
#3346 = AXIS2_PLACEMENT_3D('',#3347,#3348,#3349);
#3347 = CARTESIAN_POINT('',(100.,-5.5,14.29));
#3348 = DIRECTION('',(1.725633230171E-31,1.,-5.551115123126E-16));
#3349 = DIRECTION('',(1.,7.395570986447E-32,4.440892098501E-16));
#3350 = ORIENTED_EDGE('',*,*,#3336,.F.);
#3351 = CYLINDRICAL_SURFACE('',#3352,3.2);
#3352 = AXIS2_PLACEMENT_3D('',#3353,#3354,#3355);
#3353 = CARTESIAN_POINT('',(100.,3.331002140783E-14,14.29));
#3354 = DIRECTION('',(4.440892098501E-16,1.,-1.110223024625E-16));
#3355 = DIRECTION('',(1.,2.22044604925E-16,5.551115123126E-16));
#3356 = ADVANCED_FACE('',(#3357),#3376,.F.);
#3357 = FACE_BOUND('',#3358,.T.);
#3358 = EDGE_LOOP('',(#3359,#3360,#3368,#3375));
#3359 = ORIENTED_EDGE('',*,*,#2486,.F.);
#3360 = ORIENTED_EDGE('',*,*,#3361,.T.);
#3361 = EDGE_CURVE('',#2487,#3362,#3364,.T.);
#3362 = VERTEX_POINT('',#3363);
#3363 = CARTESIAN_POINT('',(103.2,-5.5,30.16));
#3364 = LINE('',#3365,#3366);
#3365 = CARTESIAN_POINT('',(103.2,4.635403172415E-14,30.16));
#3366 = VECTOR('',#3367,1.);
#3367 = DIRECTION('',(-5.551115123126E-16,-1.,-1.355854680849E-31));
#3368 = ORIENTED_EDGE('',*,*,#3369,.F.);
#3369 = EDGE_CURVE('',#3362,#3362,#3370,.T.);
#3370 = CIRCLE('',#3371,3.2);
#3371 = AXIS2_PLACEMENT_3D('',#3372,#3373,#3374);
#3372 = CARTESIAN_POINT('',(100.,-5.5,30.16));
#3373 = DIRECTION('',(1.725633230171E-31,1.,-5.551115123126E-16));
#3374 = DIRECTION('',(1.,7.395570986447E-32,4.440892098501E-16));
#3375 = ORIENTED_EDGE('',*,*,#3361,.F.);
#3376 = CYLINDRICAL_SURFACE('',#3377,3.2);
#3377 = AXIS2_PLACEMENT_3D('',#3378,#3379,#3380);
#3378 = CARTESIAN_POINT('',(100.,4.564348898839E-14,30.16));
#3379 = DIRECTION('',(4.440892098501E-16,1.,-1.110223024625E-16));
#3380 = DIRECTION('',(1.,2.22044604925E-16,5.551115123126E-16));
#3381 = ADVANCED_FACE('',(#3382),#3398,.F.);
#3382 = FACE_BOUND('',#3383,.T.);
#3383 = EDGE_LOOP('',(#3384,#3390,#3391,#3397));
#3384 = ORIENTED_EDGE('',*,*,#3385,.T.);
#3385 = EDGE_CURVE('',#2498,#2692,#3386,.T.);
#3386 = LINE('',#3387,#3388);
#3387 = CARTESIAN_POINT('',(116.0625,6.332712132462E-14,9.65));
#3388 = VECTOR('',#3389,1.);
#3389 = DIRECTION('',(-9.992007221626E-16,-1.,-2.22044604925E-16));
#3390 = ORIENTED_EDGE('',*,*,#2691,.T.);
#3391 = ORIENTED_EDGE('',*,*,#3392,.F.);
#3392 = EDGE_CURVE('',#2500,#2694,#3393,.T.);
#3393 = LINE('',#3394,#3395);
#3394 = CARTESIAN_POINT('',(116.0625,5.526690216584E-14,3.05));
#3395 = VECTOR('',#3396,1.);
#3396 = DIRECTION('',(-9.992007221626E-16,-1.,-2.22044604925E-16));
#3397 = ORIENTED_EDGE('',*,*,#2497,.F.);
#3398 = CYLINDRICAL_SURFACE('',#3399,3.3);
#3399 = AXIS2_PLACEMENT_3D('',#3400,#3401,#3402);
#3400 = CARTESIAN_POINT('',(116.0625,5.929701174523E-14,6.35));
#3401 = DIRECTION('',(8.881784197001E-16,1.,1.110223024625E-16));
#3402 = DIRECTION('',(1.,4.440892098501E-16,9.992007221626E-16));
#3403 = ADVANCED_FACE('',(#3404),#3415,.T.);
#3404 = FACE_BOUND('',#3405,.T.);
#3405 = EDGE_LOOP('',(#3406,#3412,#3413,#3414));
#3406 = ORIENTED_EDGE('',*,*,#3407,.T.);
#3407 = EDGE_CURVE('',#2517,#2711,#3408,.T.);
#3408 = LINE('',#3409,#3410);
#3409 = CARTESIAN_POINT('',(120.4625,6.528111384796E-14,9.65));
#3410 = VECTOR('',#3411,1.);
#3411 = DIRECTION('',(-9.992007221626E-16,-1.,-2.22044604925E-16));
#3412 = ORIENTED_EDGE('',*,*,#2719,.T.);
#3413 = ORIENTED_EDGE('',*,*,#3385,.F.);
#3414 = ORIENTED_EDGE('',*,*,#2525,.F.);
#3415 = PLANE('',#3416);
#3416 = AXIS2_PLACEMENT_3D('',#3417,#3418,#3419);
#3417 = CARTESIAN_POINT('',(120.4625,6.528111384796E-14,9.65));
#3418 = DIRECTION('',(-3.330669073875E-16,-1.110223024625E-15,-1.));
#3419 = DIRECTION('',(-1.,-4.440892098501E-16,-9.992007221626E-16));
#3420 = ADVANCED_FACE('',(#3421),#3432,.T.);
#3421 = FACE_BOUND('',#3422,.T.);
#3422 = EDGE_LOOP('',(#3423,#3424,#3425,#3431));
#3423 = ORIENTED_EDGE('',*,*,#3392,.T.);
#3424 = ORIENTED_EDGE('',*,*,#2702,.T.);
#3425 = ORIENTED_EDGE('',*,*,#3426,.F.);
#3426 = EDGE_CURVE('',#2509,#2703,#3427,.T.);
#3427 = LINE('',#3428,#3429);
#3428 = CARTESIAN_POINT('',(120.4625,5.722089468918E-14,3.05));
#3429 = VECTOR('',#3430,1.);
#3430 = DIRECTION('',(-9.992007221626E-16,-1.,-2.22044604925E-16));
#3431 = ORIENTED_EDGE('',*,*,#2508,.F.);
#3432 = PLANE('',#3433);
#3433 = AXIS2_PLACEMENT_3D('',#3434,#3435,#3436);
#3434 = CARTESIAN_POINT('',(116.0625,5.526690216584E-14,3.05));
#3435 = DIRECTION('',(3.330669073875E-16,1.110223024625E-15,1.));
#3436 = DIRECTION('',(1.,4.440892098501E-16,9.992007221626E-16));
#3437 = ADVANCED_FACE('',(#3438),#3444,.F.);
#3438 = FACE_BOUND('',#3439,.T.);
#3439 = EDGE_LOOP('',(#3440,#3441,#3442,#3443));
#3440 = ORIENTED_EDGE('',*,*,#3426,.T.);
#3441 = ORIENTED_EDGE('',*,*,#2710,.T.);
#3442 = ORIENTED_EDGE('',*,*,#3407,.F.);
#3443 = ORIENTED_EDGE('',*,*,#2516,.F.);
#3444 = CYLINDRICAL_SURFACE('',#3445,3.3);
#3445 = AXIS2_PLACEMENT_3D('',#3446,#3447,#3448);
#3446 = CARTESIAN_POINT('',(120.4625,6.125100426857E-14,6.35));
#3447 = DIRECTION('',(8.881784197001E-16,1.,1.110223024625E-16));
#3448 = DIRECTION('',(1.,4.440892098501E-16,9.992007221626E-16));
#3449 = ADVANCED_FACE('',(#3450),#3466,.F.);
#3450 = FACE_BOUND('',#3451,.T.);
#3451 = EDGE_LOOP('',(#3452,#3458,#3459,#3465));
#3452 = ORIENTED_EDGE('',*,*,#3453,.T.);
#3453 = EDGE_CURVE('',#2534,#2728,#3454,.T.);
#3454 = LINE('',#3455,#3456);
#3455 = CARTESIAN_POINT('',(116.0625,8.271439089214E-14,25.525));
#3456 = VECTOR('',#3457,1.);
#3457 = DIRECTION('',(-9.992007221626E-16,-1.,-2.22044604925E-16));
#3458 = ORIENTED_EDGE('',*,*,#2727,.T.);
#3459 = ORIENTED_EDGE('',*,*,#3460,.F.);
#3460 = EDGE_CURVE('',#2536,#2730,#3461,.T.);
#3461 = LINE('',#3462,#3463);
#3462 = CARTESIAN_POINT('',(116.0625,7.465417173336E-14,18.925));
#3463 = VECTOR('',#3464,1.);
#3464 = DIRECTION('',(-9.992007221626E-16,-1.,-2.22044604925E-16));
#3465 = ORIENTED_EDGE('',*,*,#2533,.F.);
#3466 = CYLINDRICAL_SURFACE('',#3467,3.3);
#3467 = AXIS2_PLACEMENT_3D('',#3468,#3469,#3470);
#3468 = CARTESIAN_POINT('',(116.0625,7.868428131275E-14,22.225));
#3469 = DIRECTION('',(8.881784197001E-16,1.,1.110223024625E-16));
#3470 = DIRECTION('',(1.,4.440892098501E-16,9.992007221626E-16));
#3471 = ADVANCED_FACE('',(#3472),#3483,.T.);
#3472 = FACE_BOUND('',#3473,.T.);
#3473 = EDGE_LOOP('',(#3474,#3480,#3481,#3482));
#3474 = ORIENTED_EDGE('',*,*,#3475,.T.);
#3475 = EDGE_CURVE('',#2553,#2747,#3476,.T.);
#3476 = LINE('',#3477,#3478);
#3477 = CARTESIAN_POINT('',(120.4625,8.466838341548E-14,25.525));
#3478 = VECTOR('',#3479,1.);
#3479 = DIRECTION('',(-9.992007221626E-16,-1.,-2.22044604925E-16));
#3480 = ORIENTED_EDGE('',*,*,#2755,.T.);
#3481 = ORIENTED_EDGE('',*,*,#3453,.F.);
#3482 = ORIENTED_EDGE('',*,*,#2561,.F.);
#3483 = PLANE('',#3484);
#3484 = AXIS2_PLACEMENT_3D('',#3485,#3486,#3487);
#3485 = CARTESIAN_POINT('',(120.4625,8.466838341548E-14,25.525));
#3486 = DIRECTION('',(-3.330669073875E-16,-1.110223024625E-15,-1.));
#3487 = DIRECTION('',(-1.,-4.440892098501E-16,-9.992007221626E-16));
#3488 = ADVANCED_FACE('',(#3489),#3500,.T.);
#3489 = FACE_BOUND('',#3490,.T.);
#3490 = EDGE_LOOP('',(#3491,#3492,#3493,#3499));
#3491 = ORIENTED_EDGE('',*,*,#3460,.T.);
#3492 = ORIENTED_EDGE('',*,*,#2738,.T.);
#3493 = ORIENTED_EDGE('',*,*,#3494,.F.);
#3494 = EDGE_CURVE('',#2545,#2739,#3495,.T.);
#3495 = LINE('',#3496,#3497);
#3496 = CARTESIAN_POINT('',(120.4625,7.66081642567E-14,18.925));
#3497 = VECTOR('',#3498,1.);
#3498 = DIRECTION('',(-9.992007221626E-16,-1.,-2.22044604925E-16));
#3499 = ORIENTED_EDGE('',*,*,#2544,.F.);
#3500 = PLANE('',#3501);
#3501 = AXIS2_PLACEMENT_3D('',#3502,#3503,#3504);
#3502 = CARTESIAN_POINT('',(116.0625,7.465417173336E-14,18.925));
#3503 = DIRECTION('',(3.330669073875E-16,1.110223024625E-15,1.));
#3504 = DIRECTION('',(1.,4.440892098501E-16,9.992007221626E-16));
#3505 = ADVANCED_FACE('',(#3506),#3512,.F.);
#3506 = FACE_BOUND('',#3507,.T.);
#3507 = EDGE_LOOP('',(#3508,#3509,#3510,#3511));
#3508 = ORIENTED_EDGE('',*,*,#3494,.T.);
#3509 = ORIENTED_EDGE('',*,*,#2746,.T.);
#3510 = ORIENTED_EDGE('',*,*,#3475,.F.);
#3511 = ORIENTED_EDGE('',*,*,#2552,.F.);
#3512 = CYLINDRICAL_SURFACE('',#3513,3.3);
#3513 = AXIS2_PLACEMENT_3D('',#3514,#3515,#3516);
#3514 = CARTESIAN_POINT('',(120.4625,8.063827383609E-14,22.225));
#3515 = DIRECTION('',(8.881784197001E-16,1.,1.110223024625E-16));
#3516 = DIRECTION('',(1.,4.440892098501E-16,9.992007221626E-16));
#3517 = ADVANCED_FACE('',(#3518),#3534,.F.);
#3518 = FACE_BOUND('',#3519,.T.);
#3519 = EDGE_LOOP('',(#3520,#3526,#3527,#3533));
#3520 = ORIENTED_EDGE('',*,*,#3521,.T.);
#3521 = EDGE_CURVE('',#2570,#2764,#3522,.T.);
#3522 = LINE('',#3523,#3524);
#3523 = CARTESIAN_POINT('',(116.0625,1.021016604597E-13,41.4));
#3524 = VECTOR('',#3525,1.);
#3525 = DIRECTION('',(-9.992007221626E-16,-1.,-2.22044604925E-16));
#3526 = ORIENTED_EDGE('',*,*,#2763,.T.);
#3527 = ORIENTED_EDGE('',*,*,#3528,.F.);
#3528 = EDGE_CURVE('',#2572,#2766,#3529,.T.);
#3529 = LINE('',#3530,#3531);
#3530 = CARTESIAN_POINT('',(116.0625,9.404144130087E-14,34.8));
#3531 = VECTOR('',#3532,1.);
#3532 = DIRECTION('',(-9.992007221626E-16,-1.,-2.22044604925E-16));
#3533 = ORIENTED_EDGE('',*,*,#2569,.F.);
#3534 = CYLINDRICAL_SURFACE('',#3535,3.3);
#3535 = AXIS2_PLACEMENT_3D('',#3536,#3537,#3538);
#3536 = CARTESIAN_POINT('',(116.0625,9.807155088026E-14,38.1));
#3537 = DIRECTION('',(8.881784197001E-16,1.,1.110223024625E-16));
#3538 = DIRECTION('',(1.,4.440892098501E-16,9.992007221626E-16));
#3539 = ADVANCED_FACE('',(#3540),#3551,.T.);
#3540 = FACE_BOUND('',#3541,.T.);
#3541 = EDGE_LOOP('',(#3542,#3548,#3549,#3550));
#3542 = ORIENTED_EDGE('',*,*,#3543,.T.);
#3543 = EDGE_CURVE('',#2589,#2783,#3544,.T.);
#3544 = LINE('',#3545,#3546);
#3545 = CARTESIAN_POINT('',(120.4625,1.04055652983E-13,41.4));
#3546 = VECTOR('',#3547,1.);
#3547 = DIRECTION('',(-9.992007221626E-16,-1.,-2.22044604925E-16));
#3548 = ORIENTED_EDGE('',*,*,#2791,.T.);
#3549 = ORIENTED_EDGE('',*,*,#3521,.F.);
#3550 = ORIENTED_EDGE('',*,*,#2597,.F.);
#3551 = PLANE('',#3552);
#3552 = AXIS2_PLACEMENT_3D('',#3553,#3554,#3555);
#3553 = CARTESIAN_POINT('',(120.4625,1.04055652983E-13,41.4));
#3554 = DIRECTION('',(-3.330669073875E-16,-1.110223024625E-15,-1.));
#3555 = DIRECTION('',(-1.,-4.440892098501E-16,-9.992007221626E-16));
#3556 = ADVANCED_FACE('',(#3557),#3568,.T.);
#3557 = FACE_BOUND('',#3558,.T.);
#3558 = EDGE_LOOP('',(#3559,#3560,#3561,#3567));
#3559 = ORIENTED_EDGE('',*,*,#3528,.T.);
#3560 = ORIENTED_EDGE('',*,*,#2774,.T.);
#3561 = ORIENTED_EDGE('',*,*,#3562,.F.);
#3562 = EDGE_CURVE('',#2581,#2775,#3563,.T.);
#3563 = LINE('',#3564,#3565);
#3564 = CARTESIAN_POINT('',(120.4625,9.599543382421E-14,34.8));
#3565 = VECTOR('',#3566,1.);
#3566 = DIRECTION('',(-9.992007221626E-16,-1.,-2.22044604925E-16));
#3567 = ORIENTED_EDGE('',*,*,#2580,.F.);
#3568 = PLANE('',#3569);
#3569 = AXIS2_PLACEMENT_3D('',#3570,#3571,#3572);
#3570 = CARTESIAN_POINT('',(116.0625,9.404144130087E-14,34.8));
#3571 = DIRECTION('',(3.330669073875E-16,1.110223024625E-15,1.));
#3572 = DIRECTION('',(1.,4.440892098501E-16,9.992007221626E-16));
#3573 = ADVANCED_FACE('',(#3574),#3580,.F.);
#3574 = FACE_BOUND('',#3575,.T.);
#3575 = EDGE_LOOP('',(#3576,#3577,#3578,#3579));
#3576 = ORIENTED_EDGE('',*,*,#3562,.T.);
#3577 = ORIENTED_EDGE('',*,*,#2782,.T.);
#3578 = ORIENTED_EDGE('',*,*,#3543,.F.);
#3579 = ORIENTED_EDGE('',*,*,#2588,.F.);
#3580 = CYLINDRICAL_SURFACE('',#3581,3.3);
#3581 = AXIS2_PLACEMENT_3D('',#3582,#3583,#3584);
#3582 = CARTESIAN_POINT('',(120.4625,1.000255434036E-13,38.1));
#3583 = DIRECTION('',(8.881784197001E-16,1.,1.110223024625E-16));
#3584 = DIRECTION('',(1.,4.440892098501E-16,9.992007221626E-16));
#3585 = ADVANCED_FACE('',(#3586),#3605,.F.);
#3586 = FACE_BOUND('',#3587,.F.);
#3587 = EDGE_LOOP('',(#3588,#3596,#3603,#3604));
#3588 = ORIENTED_EDGE('',*,*,#3589,.T.);
#3589 = EDGE_CURVE('',#2670,#3590,#3592,.T.);
#3590 = VERTEX_POINT('',#3591);
#3591 = CARTESIAN_POINT('',(105.5,-5.5,14.29));
#3592 = LINE('',#3593,#3594);
#3593 = CARTESIAN_POINT('',(105.5,-6.5,14.29));
#3594 = VECTOR('',#3595,1.);
#3595 = DIRECTION('',(3.330669073875E-16,1.,-1.110223024625E-16));
#3596 = ORIENTED_EDGE('',*,*,#3597,.T.);
#3597 = EDGE_CURVE('',#3590,#3590,#3598,.T.);
#3598 = CIRCLE('',#3599,5.5);
#3599 = AXIS2_PLACEMENT_3D('',#3600,#3601,#3602);
#3600 = CARTESIAN_POINT('',(100.,-5.5,14.29));
#3601 = DIRECTION('',(2.22044604925E-16,-1.,6.661338147751E-16));
#3602 = DIRECTION('',(1.,2.22044604925E-16,4.440892098501E-16));
#3603 = ORIENTED_EDGE('',*,*,#3589,.F.);
#3604 = ORIENTED_EDGE('',*,*,#2669,.F.);
#3605 = CYLINDRICAL_SURFACE('',#3606,5.5);
#3606 = AXIS2_PLACEMENT_3D('',#3607,#3608,#3609);
#3607 = CARTESIAN_POINT('',(100.,-6.5,14.29));
#3608 = DIRECTION('',(-2.22044604925E-16,-1.,2.22044604925E-16));
#3609 = DIRECTION('',(1.,1.110223024625E-16,3.330669073875E-16));
#3610 = ADVANCED_FACE('',(#3611),#3630,.F.);
#3611 = FACE_BOUND('',#3612,.F.);
#3612 = EDGE_LOOP('',(#3613,#3621,#3628,#3629));
#3613 = ORIENTED_EDGE('',*,*,#3614,.T.);
#3614 = EDGE_CURVE('',#2681,#3615,#3617,.T.);
#3615 = VERTEX_POINT('',#3616);
#3616 = CARTESIAN_POINT('',(105.5,-5.5,30.16));
#3617 = LINE('',#3618,#3619);
#3618 = CARTESIAN_POINT('',(105.5,-6.5,30.16));
#3619 = VECTOR('',#3620,1.);
#3620 = DIRECTION('',(3.330669073875E-16,1.,-1.110223024625E-16));
#3621 = ORIENTED_EDGE('',*,*,#3622,.T.);
#3622 = EDGE_CURVE('',#3615,#3615,#3623,.T.);
#3623 = CIRCLE('',#3624,5.5);
#3624 = AXIS2_PLACEMENT_3D('',#3625,#3626,#3627);
#3625 = CARTESIAN_POINT('',(100.,-5.5,30.16));
#3626 = DIRECTION('',(2.22044604925E-16,-1.,6.661338147751E-16));
#3627 = DIRECTION('',(1.,2.22044604925E-16,4.440892098501E-16));
#3628 = ORIENTED_EDGE('',*,*,#3614,.F.);
#3629 = ORIENTED_EDGE('',*,*,#2680,.F.);
#3630 = CYLINDRICAL_SURFACE('',#3631,5.5);
#3631 = AXIS2_PLACEMENT_3D('',#3632,#3633,#3634);
#3632 = CARTESIAN_POINT('',(100.,-6.5,30.16));
#3633 = DIRECTION('',(-2.22044604925E-16,-1.,2.22044604925E-16));
#3634 = DIRECTION('',(1.,1.110223024625E-16,3.330669073875E-16));
#3635 = ADVANCED_FACE('',(#3636,#3639),#3642,.F.);
#3636 = FACE_BOUND('',#3637,.F.);
#3637 = EDGE_LOOP('',(#3638));
#3638 = ORIENTED_EDGE('',*,*,#3597,.F.);
#3639 = FACE_BOUND('',#3640,.F.);
#3640 = EDGE_LOOP('',(#3641));
#3641 = ORIENTED_EDGE('',*,*,#3344,.F.);
#3642 = PLANE('',#3643);
#3643 = AXIS2_PLACEMENT_3D('',#3644,#3645,#3646);
#3644 = CARTESIAN_POINT('',(100.,-5.5,22.225));
#3645 = DIRECTION('',(4.440892098501E-16,1.,-1.263450004348E-17));
#3646 = DIRECTION('',(2.22044604925E-16,6.787683148186E-16,1.));
#3647 = ADVANCED_FACE('',(#3648,#3651),#3654,.F.);
#3648 = FACE_BOUND('',#3649,.F.);
#3649 = EDGE_LOOP('',(#3650));
#3650 = ORIENTED_EDGE('',*,*,#3622,.F.);
#3651 = FACE_BOUND('',#3652,.F.);
#3652 = EDGE_LOOP('',(#3653));
#3653 = ORIENTED_EDGE('',*,*,#3369,.F.);
#3654 = PLANE('',#3655);
#3655 = AXIS2_PLACEMENT_3D('',#3656,#3657,#3658);
#3656 = CARTESIAN_POINT('',(100.,-5.5,22.225));
#3657 = DIRECTION('',(4.440892098501E-16,1.,-1.263450004348E-17));
#3658 = DIRECTION('',(2.22044604925E-16,6.787683148186E-16,1.));
#3659 = MANIFOLD_SOLID_BREP('',#3660);
#3660 = CLOSED_SHELL('',(#3661,#3701,#3732,#3795,#3959,#4100,#4117,#4148
    ,#4269,#4286,#4335,#4347,#4364,#4386,#4403,#4420,#4432,#4454,#4471,
    #4488,#4500,#4522,#4539,#4556,#4568,#4601,#4625,#4656,#4668,#4700,
    #4724,#4749,#4766,#4798,#4822,#4847,#4864,#4881,#4991,#5022,#5046,
    #5070,#5094,#5118,#5142,#5166,#5190,#5214,#5238,#5262,#5279));
#3661 = ADVANCED_FACE('',(#3662),#3696,.F.);
#3662 = FACE_BOUND('',#3663,.F.);
#3663 = EDGE_LOOP('',(#3664,#3674,#3682,#3690));
#3664 = ORIENTED_EDGE('',*,*,#3665,.T.);
#3665 = EDGE_CURVE('',#3666,#3668,#3670,.T.);
#3666 = VERTEX_POINT('',#3667);
#3667 = CARTESIAN_POINT('',(-94.,235.,44.45));
#3668 = VERTEX_POINT('',#3669);
#3669 = CARTESIAN_POINT('',(-94.,241.5,44.45));
#3670 = LINE('',#3671,#3672);
#3671 = CARTESIAN_POINT('',(-94.,235.,44.45));
#3672 = VECTOR('',#3673,1.);
#3673 = DIRECTION('',(9.992007221626E-16,1.,2.22044604925E-16));
#3674 = ORIENTED_EDGE('',*,*,#3675,.T.);
#3675 = EDGE_CURVE('',#3668,#3676,#3678,.T.);
#3676 = VERTEX_POINT('',#3677);
#3677 = CARTESIAN_POINT('',(-94.,241.5,0.));
#3678 = LINE('',#3679,#3680);
#3679 = CARTESIAN_POINT('',(-93.99999999999,241.49999999999,44.45));
#3680 = VECTOR('',#3681,1.);
#3681 = DIRECTION('',(-5.551115123126E-16,-1.33226762955E-15,-1.));
#3682 = ORIENTED_EDGE('',*,*,#3683,.F.);
#3683 = EDGE_CURVE('',#3684,#3676,#3686,.T.);
#3684 = VERTEX_POINT('',#3685);
#3685 = CARTESIAN_POINT('',(-94.,235.,1.42108547152E-14));
#3686 = LINE('',#3687,#3688);
#3687 = CARTESIAN_POINT('',(-94.,235.,6.983302824892E-14));
#3688 = VECTOR('',#3689,1.);
#3689 = DIRECTION('',(9.992007221626E-16,1.,2.22044604925E-16));
#3690 = ORIENTED_EDGE('',*,*,#3691,.F.);
#3691 = EDGE_CURVE('',#3666,#3684,#3692,.T.);
#3692 = LINE('',#3693,#3694);
#3693 = CARTESIAN_POINT('',(-93.99999999999,234.99999999999,44.45));
#3694 = VECTOR('',#3695,1.);
#3695 = DIRECTION('',(-5.551115123126E-16,-1.33226762955E-15,-1.));
#3696 = PLANE('',#3697);
#3697 = AXIS2_PLACEMENT_3D('',#3698,#3699,#3700);
#3698 = CARTESIAN_POINT('',(-94.,235.,44.45));
#3699 = DIRECTION('',(-1.,-3.330669073875E-16,-8.881784197001E-16));
#3700 = DIRECTION('',(-4.440892098501E-16,-1.221245327088E-15,-1.));
#3701 = ADVANCED_FACE('',(#3702),#3727,.F.);
#3702 = FACE_BOUND('',#3703,.F.);
#3703 = EDGE_LOOP('',(#3704,#3714,#3720,#3721));
#3704 = ORIENTED_EDGE('',*,*,#3705,.T.);
#3705 = EDGE_CURVE('',#3706,#3708,#3710,.T.);
#3706 = VERTEX_POINT('',#3707);
#3707 = CARTESIAN_POINT('',(-123.,235.,44.45));
#3708 = VERTEX_POINT('',#3709);
#3709 = CARTESIAN_POINT('',(-123.,241.5,44.45));
#3710 = LINE('',#3711,#3712);
#3711 = CARTESIAN_POINT('',(-123.,235.,44.45));
#3712 = VECTOR('',#3713,1.);
#3713 = DIRECTION('',(9.992007221626E-16,1.,2.22044604925E-16));
#3714 = ORIENTED_EDGE('',*,*,#3715,.T.);
#3715 = EDGE_CURVE('',#3708,#3668,#3716,.T.);
#3716 = LINE('',#3717,#3718);
#3717 = CARTESIAN_POINT('',(-122.9999999999,241.49999999999,44.45));
#3718 = VECTOR('',#3719,1.);
#3719 = DIRECTION('',(1.,5.551115123126E-16,1.110223024625E-15));
#3720 = ORIENTED_EDGE('',*,*,#3665,.F.);
#3721 = ORIENTED_EDGE('',*,*,#3722,.F.);
#3722 = EDGE_CURVE('',#3706,#3666,#3723,.T.);
#3723 = LINE('',#3724,#3725);
#3724 = CARTESIAN_POINT('',(-122.9999999999,234.99999999999,44.45));
#3725 = VECTOR('',#3726,1.);
#3726 = DIRECTION('',(1.,5.551115123126E-16,1.110223024625E-15));
#3727 = PLANE('',#3728);
#3728 = AXIS2_PLACEMENT_3D('',#3729,#3730,#3731);
#3729 = CARTESIAN_POINT('',(-123.,235.,44.45));
#3730 = DIRECTION('',(-3.330669073875E-16,-1.110223024625E-15,-1.));
#3731 = DIRECTION('',(1.,4.440892098501E-16,9.992007221626E-16));
#3732 = ADVANCED_FACE('',(#3733),#3790,.T.);
#3733 = FACE_BOUND('',#3734,.T.);
#3734 = EDGE_LOOP('',(#3735,#3745,#3753,#3761,#3769,#3775,#3776,#3784));
#3735 = ORIENTED_EDGE('',*,*,#3736,.F.);
#3736 = EDGE_CURVE('',#3737,#3739,#3741,.T.);
#3737 = VERTEX_POINT('',#3738);
#3738 = CARTESIAN_POINT('',(-107.,146.,0.));
#3739 = VERTEX_POINT('',#3740);
#3740 = CARTESIAN_POINT('',(-103.8,146.,0.));
#3741 = LINE('',#3742,#3743);
#3742 = CARTESIAN_POINT('',(-107.,146.,2.164934898019E-14));
#3743 = VECTOR('',#3744,1.);
#3744 = DIRECTION('',(1.,5.551115123126E-16,1.221245327088E-15));
#3745 = ORIENTED_EDGE('',*,*,#3746,.T.);
#3746 = EDGE_CURVE('',#3737,#3747,#3749,.T.);
#3747 = VERTEX_POINT('',#3748);
#3748 = CARTESIAN_POINT('',(-107.,235.,0.));
#3749 = LINE('',#3750,#3751);
#3750 = CARTESIAN_POINT('',(-107.,146.,2.597921877623E-14));
#3751 = VECTOR('',#3752,1.);
#3752 = DIRECTION('',(1.33226762955E-15,1.,6.661338147751E-16));
#3753 = ORIENTED_EDGE('',*,*,#3754,.T.);
#3754 = EDGE_CURVE('',#3747,#3755,#3757,.T.);
#3755 = VERTEX_POINT('',#3756);
#3756 = CARTESIAN_POINT('',(-123.,235.,-1.42108547152E-14));
#3757 = LINE('',#3758,#3759);
#3758 = CARTESIAN_POINT('',(-93.99999999999,234.99999999999,
    5.684341886081E-14));
#3759 = VECTOR('',#3760,1.);
#3760 = DIRECTION('',(-1.,-5.551115123126E-16,-1.110223024625E-15));
#3761 = ORIENTED_EDGE('',*,*,#3762,.T.);
#3762 = EDGE_CURVE('',#3755,#3763,#3765,.T.);
#3763 = VERTEX_POINT('',#3764);
#3764 = CARTESIAN_POINT('',(-123.,241.5,-1.42108547152E-14));
#3765 = LINE('',#3766,#3767);
#3766 = CARTESIAN_POINT('',(-123.,235.,4.085620730621E-14));
#3767 = VECTOR('',#3768,1.);
#3768 = DIRECTION('',(9.992007221626E-16,1.,2.22044604925E-16));
#3769 = ORIENTED_EDGE('',*,*,#3770,.F.);
#3770 = EDGE_CURVE('',#3676,#3763,#3771,.T.);
#3771 = LINE('',#3772,#3773);
#3772 = CARTESIAN_POINT('',(-93.99999999999,241.49999999999,
    7.105427357601E-14));
#3773 = VECTOR('',#3774,1.);
#3774 = DIRECTION('',(-1.,-5.551115123126E-16,-1.110223024625E-15));
#3775 = ORIENTED_EDGE('',*,*,#3683,.F.);
#3776 = ORIENTED_EDGE('',*,*,#3777,.T.);
#3777 = EDGE_CURVE('',#3684,#3778,#3780,.T.);
#3778 = VERTEX_POINT('',#3779);
#3779 = CARTESIAN_POINT('',(-103.8,235.,0.));
#3780 = LINE('',#3781,#3782);
#3781 = CARTESIAN_POINT('',(-93.99999999999,234.99999999999,
    5.684341886081E-14));
#3782 = VECTOR('',#3783,1.);
#3783 = DIRECTION('',(-1.,-5.551115123126E-16,-1.110223024625E-15));
#3784 = ORIENTED_EDGE('',*,*,#3785,.F.);
#3785 = EDGE_CURVE('',#3739,#3778,#3786,.T.);
#3786 = LINE('',#3787,#3788);
#3787 = CARTESIAN_POINT('',(-103.8,146.,3.241851231905E-14));
#3788 = VECTOR('',#3789,1.);
#3789 = DIRECTION('',(1.33226762955E-15,1.,6.661338147751E-16));
#3790 = PLANE('',#3791);
#3791 = AXIS2_PLACEMENT_3D('',#3792,#3793,#3794);
#3792 = CARTESIAN_POINT('',(-106.2839357429,202.97168674698,
    4.325897962021E-14));
#3793 = DIRECTION('',(-4.440892098501E-16,-8.881784197001E-16,-1.));
#3794 = DIRECTION('',(-1.,-4.440892098501E-16,-8.881784197001E-16));
#3795 = ADVANCED_FACE('',(#3796,#3846,#3882,#3918),#3954,.F.);
#3796 = FACE_BOUND('',#3797,.F.);
#3797 = EDGE_LOOP('',(#3798,#3799,#3800,#3808,#3816,#3822,#3823,#3831,
    #3839,#3845));
#3798 = ORIENTED_EDGE('',*,*,#3691,.T.);
#3799 = ORIENTED_EDGE('',*,*,#3777,.T.);
#3800 = ORIENTED_EDGE('',*,*,#3801,.T.);
#3801 = EDGE_CURVE('',#3778,#3802,#3804,.T.);
#3802 = VERTEX_POINT('',#3803);
#3803 = CARTESIAN_POINT('',(-103.8,235.,40.3));
#3804 = LINE('',#3805,#3806);
#3805 = CARTESIAN_POINT('',(-103.8,234.99999999999,9.148237722911E-14));
#3806 = VECTOR('',#3807,1.);
#3807 = DIRECTION('',(6.661338147751E-16,1.33226762955E-15,1.));
#3808 = ORIENTED_EDGE('',*,*,#3809,.F.);
#3809 = EDGE_CURVE('',#3810,#3802,#3812,.T.);
#3810 = VERTEX_POINT('',#3811);
#3811 = CARTESIAN_POINT('',(-107.,235.,40.3));
#3812 = LINE('',#3813,#3814);
#3813 = CARTESIAN_POINT('',(-107.,235.,40.3));
#3814 = VECTOR('',#3815,1.);
#3815 = DIRECTION('',(1.,5.551115123126E-16,1.221245327088E-15));
#3816 = ORIENTED_EDGE('',*,*,#3817,.F.);
#3817 = EDGE_CURVE('',#3747,#3810,#3818,.T.);
#3818 = LINE('',#3819,#3820);
#3819 = CARTESIAN_POINT('',(-107.,234.99999999999,8.526512829121E-14));
#3820 = VECTOR('',#3821,1.);
#3821 = DIRECTION('',(6.661338147751E-16,1.33226762955E-15,1.));
#3822 = ORIENTED_EDGE('',*,*,#3754,.T.);
#3823 = ORIENTED_EDGE('',*,*,#3824,.T.);
#3824 = EDGE_CURVE('',#3755,#3825,#3827,.T.);
#3825 = VERTEX_POINT('',#3826);
#3826 = CARTESIAN_POINT('',(-127.,235.,4.));
#3827 = LINE('',#3828,#3829);
#3828 = CARTESIAN_POINT('',(-122.9999999999,234.99999999999,
    2.84217094304E-14));
#3829 = VECTOR('',#3830,1.);
#3830 = DIRECTION('',(-0.707106781187,5.495323605393E-16,0.707106781187)
  );
#3831 = ORIENTED_EDGE('',*,*,#3832,.T.);
#3832 = EDGE_CURVE('',#3825,#3833,#3835,.T.);
#3833 = VERTEX_POINT('',#3834);
#3834 = CARTESIAN_POINT('',(-127.,235.,40.45));
#3835 = LINE('',#3836,#3837);
#3836 = CARTESIAN_POINT('',(-126.9999999999,234.99999999999,4.));
#3837 = VECTOR('',#3838,1.);
#3838 = DIRECTION('',(5.551115123126E-16,1.33226762955E-15,1.));
#3839 = ORIENTED_EDGE('',*,*,#3840,.T.);
#3840 = EDGE_CURVE('',#3833,#3706,#3841,.T.);
#3841 = LINE('',#3842,#3843);
#3842 = CARTESIAN_POINT('',(-126.9999999999,234.99999999999,40.45));
#3843 = VECTOR('',#3844,1.);
#3844 = DIRECTION('',(0.707106781187,1.334578589881E-15,0.707106781187)
  );
#3845 = ORIENTED_EDGE('',*,*,#3722,.T.);
#3846 = FACE_BOUND('',#3847,.F.);
#3847 = EDGE_LOOP('',(#3848,#3859,#3867,#3876));
#3848 = ORIENTED_EDGE('',*,*,#3849,.T.);
#3849 = EDGE_CURVE('',#3850,#3852,#3854,.T.);
#3850 = VERTEX_POINT('',#3851);
#3851 = CARTESIAN_POINT('',(-120.4625,235.,9.65));
#3852 = VERTEX_POINT('',#3853);
#3853 = CARTESIAN_POINT('',(-120.4625,235.,3.05));
#3854 = CIRCLE('',#3855,3.3);
#3855 = AXIS2_PLACEMENT_3D('',#3856,#3857,#3858);
#3856 = CARTESIAN_POINT('',(-120.4625,234.99999999999,6.35));
#3857 = DIRECTION('',(4.440892098501E-16,-1.,1.110223024625E-15));
#3858 = DIRECTION('',(1.,4.440892098501E-16,8.881784197001E-16));
#3859 = ORIENTED_EDGE('',*,*,#3860,.T.);
#3860 = EDGE_CURVE('',#3852,#3861,#3863,.T.);
#3861 = VERTEX_POINT('',#3862);
#3862 = CARTESIAN_POINT('',(-116.0625,235.,3.05));
#3863 = LINE('',#3864,#3865);
#3864 = CARTESIAN_POINT('',(-120.4625,234.99999999999,3.05));
#3865 = VECTOR('',#3866,1.);
#3866 = DIRECTION('',(1.,4.440892098501E-16,8.881784197001E-16));
#3867 = ORIENTED_EDGE('',*,*,#3868,.T.);
#3868 = EDGE_CURVE('',#3861,#3869,#3871,.T.);
#3869 = VERTEX_POINT('',#3870);
#3870 = CARTESIAN_POINT('',(-116.0625,235.,9.65));
#3871 = CIRCLE('',#3872,3.3);
#3872 = AXIS2_PLACEMENT_3D('',#3873,#3874,#3875);
#3873 = CARTESIAN_POINT('',(-116.0624999999,234.99999999999,6.35));
#3874 = DIRECTION('',(4.440892098501E-16,-1.,1.110223024625E-15));
#3875 = DIRECTION('',(1.,4.440892098501E-16,8.881784197001E-16));
#3876 = ORIENTED_EDGE('',*,*,#3877,.T.);
#3877 = EDGE_CURVE('',#3869,#3850,#3878,.T.);
#3878 = LINE('',#3879,#3880);
#3879 = CARTESIAN_POINT('',(-116.0624999999,234.99999999999,9.65));
#3880 = VECTOR('',#3881,1.);
#3881 = DIRECTION('',(-1.,-4.440892098501E-16,-8.881784197001E-16));
#3882 = FACE_BOUND('',#3883,.F.);
#3883 = EDGE_LOOP('',(#3884,#3895,#3903,#3912));
#3884 = ORIENTED_EDGE('',*,*,#3885,.T.);
#3885 = EDGE_CURVE('',#3886,#3888,#3890,.T.);
#3886 = VERTEX_POINT('',#3887);
#3887 = CARTESIAN_POINT('',(-120.4625,235.,25.525));
#3888 = VERTEX_POINT('',#3889);
#3889 = CARTESIAN_POINT('',(-120.4625,235.,18.925));
#3890 = CIRCLE('',#3891,3.3);
#3891 = AXIS2_PLACEMENT_3D('',#3892,#3893,#3894);
#3892 = CARTESIAN_POINT('',(-120.4624999999,235.,22.225));
#3893 = DIRECTION('',(4.440892098501E-16,-1.,1.110223024625E-15));
#3894 = DIRECTION('',(1.,4.440892098501E-16,8.881784197001E-16));
#3895 = ORIENTED_EDGE('',*,*,#3896,.T.);
#3896 = EDGE_CURVE('',#3888,#3897,#3899,.T.);
#3897 = VERTEX_POINT('',#3898);
#3898 = CARTESIAN_POINT('',(-116.0625,235.,18.925));
#3899 = LINE('',#3900,#3901);
#3900 = CARTESIAN_POINT('',(-120.4624999999,235.,18.925));
#3901 = VECTOR('',#3902,1.);
#3902 = DIRECTION('',(1.,4.440892098501E-16,8.881784197001E-16));
#3903 = ORIENTED_EDGE('',*,*,#3904,.T.);
#3904 = EDGE_CURVE('',#3897,#3905,#3907,.T.);
#3905 = VERTEX_POINT('',#3906);
#3906 = CARTESIAN_POINT('',(-116.0625,235.,25.525));
#3907 = CIRCLE('',#3908,3.3);
#3908 = AXIS2_PLACEMENT_3D('',#3909,#3910,#3911);
#3909 = CARTESIAN_POINT('',(-116.0624999999,235.,22.225));
#3910 = DIRECTION('',(4.440892098501E-16,-1.,1.110223024625E-15));
#3911 = DIRECTION('',(1.,4.440892098501E-16,8.881784197001E-16));
#3912 = ORIENTED_EDGE('',*,*,#3913,.T.);
#3913 = EDGE_CURVE('',#3905,#3886,#3914,.T.);
#3914 = LINE('',#3915,#3916);
#3915 = CARTESIAN_POINT('',(-116.0624999999,235.,25.525));
#3916 = VECTOR('',#3917,1.);
#3917 = DIRECTION('',(-1.,-4.440892098501E-16,-8.881784197001E-16));
#3918 = FACE_BOUND('',#3919,.F.);
#3919 = EDGE_LOOP('',(#3920,#3931,#3939,#3948));
#3920 = ORIENTED_EDGE('',*,*,#3921,.T.);
#3921 = EDGE_CURVE('',#3922,#3924,#3926,.T.);
#3922 = VERTEX_POINT('',#3923);
#3923 = CARTESIAN_POINT('',(-120.4625,235.,41.4));
#3924 = VERTEX_POINT('',#3925);
#3925 = CARTESIAN_POINT('',(-120.4625,235.,34.8));
#3926 = CIRCLE('',#3927,3.3);
#3927 = AXIS2_PLACEMENT_3D('',#3928,#3929,#3930);
#3928 = CARTESIAN_POINT('',(-120.4624999999,235.,38.1));
#3929 = DIRECTION('',(4.440892098501E-16,-1.,1.110223024625E-15));
#3930 = DIRECTION('',(1.,4.440892098501E-16,8.881784197001E-16));
#3931 = ORIENTED_EDGE('',*,*,#3932,.T.);
#3932 = EDGE_CURVE('',#3924,#3933,#3935,.T.);
#3933 = VERTEX_POINT('',#3934);
#3934 = CARTESIAN_POINT('',(-116.0625,235.,34.8));
#3935 = LINE('',#3936,#3937);
#3936 = CARTESIAN_POINT('',(-120.4624999999,235.,34.8));
#3937 = VECTOR('',#3938,1.);
#3938 = DIRECTION('',(1.,4.440892098501E-16,8.881784197001E-16));
#3939 = ORIENTED_EDGE('',*,*,#3940,.T.);
#3940 = EDGE_CURVE('',#3933,#3941,#3943,.T.);
#3941 = VERTEX_POINT('',#3942);
#3942 = CARTESIAN_POINT('',(-116.0625,235.,41.4));
#3943 = CIRCLE('',#3944,3.3);
#3944 = AXIS2_PLACEMENT_3D('',#3945,#3946,#3947);
#3945 = CARTESIAN_POINT('',(-116.0624999999,235.,38.1));
#3946 = DIRECTION('',(4.440892098501E-16,-1.,1.110223024625E-15));
#3947 = DIRECTION('',(1.,4.440892098501E-16,8.881784197001E-16));
#3948 = ORIENTED_EDGE('',*,*,#3949,.T.);
#3949 = EDGE_CURVE('',#3941,#3922,#3950,.T.);
#3950 = LINE('',#3951,#3952);
#3951 = CARTESIAN_POINT('',(-116.0624999999,235.,41.4));
#3952 = VECTOR('',#3953,1.);
#3953 = DIRECTION('',(-1.,-4.440892098501E-16,-8.881784197001E-16));
#3954 = PLANE('',#3955);
#3955 = AXIS2_PLACEMENT_3D('',#3956,#3957,#3958);
#3956 = CARTESIAN_POINT('',(-109.9411214022,234.99999999999,22.225));
#3957 = DIRECTION('',(1.110223024625E-15,1.,5.551115123126E-16));
#3958 = DIRECTION('',(5.551115123126E-16,1.110223024625E-15,1.));
#3959 = ADVANCED_FACE('',(#3960,#3987,#4023,#4059),#4095,.T.);
#3960 = FACE_BOUND('',#3961,.T.);
#3961 = EDGE_LOOP('',(#3962,#3963,#3971,#3979,#3985,#3986));
#3962 = ORIENTED_EDGE('',*,*,#3770,.T.);
#3963 = ORIENTED_EDGE('',*,*,#3964,.T.);
#3964 = EDGE_CURVE('',#3763,#3965,#3967,.T.);
#3965 = VERTEX_POINT('',#3966);
#3966 = CARTESIAN_POINT('',(-127.,241.5,4.));
#3967 = LINE('',#3968,#3969);
#3968 = CARTESIAN_POINT('',(-122.9999999999,241.49999999999,
    4.263256414561E-14));
#3969 = VECTOR('',#3970,1.);
#3970 = DIRECTION('',(-0.707106781187,5.495323605393E-16,0.707106781187)
  );
#3971 = ORIENTED_EDGE('',*,*,#3972,.T.);
#3972 = EDGE_CURVE('',#3965,#3973,#3975,.T.);
#3973 = VERTEX_POINT('',#3974);
#3974 = CARTESIAN_POINT('',(-127.,241.5,40.45));
#3975 = LINE('',#3976,#3977);
#3976 = CARTESIAN_POINT('',(-126.9999999999,241.49999999999,4.));
#3977 = VECTOR('',#3978,1.);
#3978 = DIRECTION('',(5.551115123126E-16,1.33226762955E-15,1.));
#3979 = ORIENTED_EDGE('',*,*,#3980,.T.);
#3980 = EDGE_CURVE('',#3973,#3708,#3981,.T.);
#3981 = LINE('',#3982,#3983);
#3982 = CARTESIAN_POINT('',(-126.9999999999,241.49999999999,40.45));
#3983 = VECTOR('',#3984,1.);
#3984 = DIRECTION('',(0.707106781187,1.334578589881E-15,0.707106781187)
  );
#3985 = ORIENTED_EDGE('',*,*,#3715,.T.);
#3986 = ORIENTED_EDGE('',*,*,#3675,.T.);
#3987 = FACE_BOUND('',#3988,.T.);
#3988 = EDGE_LOOP('',(#3989,#4000,#4008,#4017));
#3989 = ORIENTED_EDGE('',*,*,#3990,.T.);
#3990 = EDGE_CURVE('',#3991,#3993,#3995,.T.);
#3991 = VERTEX_POINT('',#3992);
#3992 = CARTESIAN_POINT('',(-120.4625,241.5,9.65));
#3993 = VERTEX_POINT('',#3994);
#3994 = CARTESIAN_POINT('',(-120.4625,241.5,3.05));
#3995 = CIRCLE('',#3996,3.3);
#3996 = AXIS2_PLACEMENT_3D('',#3997,#3998,#3999);
#3997 = CARTESIAN_POINT('',(-120.4625,241.49999999999,6.35));
#3998 = DIRECTION('',(4.440892098501E-16,-1.,1.110223024625E-15));
#3999 = DIRECTION('',(1.,4.440892098501E-16,8.881784197001E-16));
#4000 = ORIENTED_EDGE('',*,*,#4001,.T.);
#4001 = EDGE_CURVE('',#3993,#4002,#4004,.T.);
#4002 = VERTEX_POINT('',#4003);
#4003 = CARTESIAN_POINT('',(-116.0625,241.5,3.05));
#4004 = LINE('',#4005,#4006);
#4005 = CARTESIAN_POINT('',(-120.4625,241.49999999999,3.05));
#4006 = VECTOR('',#4007,1.);
#4007 = DIRECTION('',(1.,4.440892098501E-16,8.881784197001E-16));
#4008 = ORIENTED_EDGE('',*,*,#4009,.T.);
#4009 = EDGE_CURVE('',#4002,#4010,#4012,.T.);
#4010 = VERTEX_POINT('',#4011);
#4011 = CARTESIAN_POINT('',(-116.0625,241.5,9.65));
#4012 = CIRCLE('',#4013,3.3);
#4013 = AXIS2_PLACEMENT_3D('',#4014,#4015,#4016);
#4014 = CARTESIAN_POINT('',(-116.0624999999,241.49999999999,6.35));
#4015 = DIRECTION('',(4.440892098501E-16,-1.,1.110223024625E-15));
#4016 = DIRECTION('',(1.,4.440892098501E-16,8.881784197001E-16));
#4017 = ORIENTED_EDGE('',*,*,#4018,.T.);
#4018 = EDGE_CURVE('',#4010,#3991,#4019,.T.);
#4019 = LINE('',#4020,#4021);
#4020 = CARTESIAN_POINT('',(-116.0624999999,241.49999999999,9.65));
#4021 = VECTOR('',#4022,1.);
#4022 = DIRECTION('',(-1.,-4.440892098501E-16,-8.881784197001E-16));
#4023 = FACE_BOUND('',#4024,.T.);
#4024 = EDGE_LOOP('',(#4025,#4036,#4044,#4053));
#4025 = ORIENTED_EDGE('',*,*,#4026,.T.);
#4026 = EDGE_CURVE('',#4027,#4029,#4031,.T.);
#4027 = VERTEX_POINT('',#4028);
#4028 = CARTESIAN_POINT('',(-120.4625,241.5,25.525));
#4029 = VERTEX_POINT('',#4030);
#4030 = CARTESIAN_POINT('',(-120.4625,241.5,18.925));
#4031 = CIRCLE('',#4032,3.3);
#4032 = AXIS2_PLACEMENT_3D('',#4033,#4034,#4035);
#4033 = CARTESIAN_POINT('',(-120.4624999999,241.5,22.225));
#4034 = DIRECTION('',(4.440892098501E-16,-1.,1.110223024625E-15));
#4035 = DIRECTION('',(1.,4.440892098501E-16,8.881784197001E-16));
#4036 = ORIENTED_EDGE('',*,*,#4037,.T.);
#4037 = EDGE_CURVE('',#4029,#4038,#4040,.T.);
#4038 = VERTEX_POINT('',#4039);
#4039 = CARTESIAN_POINT('',(-116.0625,241.5,18.925));
#4040 = LINE('',#4041,#4042);
#4041 = CARTESIAN_POINT('',(-120.4624999999,241.5,18.925));
#4042 = VECTOR('',#4043,1.);
#4043 = DIRECTION('',(1.,4.440892098501E-16,8.881784197001E-16));
#4044 = ORIENTED_EDGE('',*,*,#4045,.T.);
#4045 = EDGE_CURVE('',#4038,#4046,#4048,.T.);
#4046 = VERTEX_POINT('',#4047);
#4047 = CARTESIAN_POINT('',(-116.0625,241.5,25.525));
#4048 = CIRCLE('',#4049,3.3);
#4049 = AXIS2_PLACEMENT_3D('',#4050,#4051,#4052);
#4050 = CARTESIAN_POINT('',(-116.0624999999,241.5,22.225));
#4051 = DIRECTION('',(4.440892098501E-16,-1.,1.110223024625E-15));
#4052 = DIRECTION('',(1.,4.440892098501E-16,8.881784197001E-16));
#4053 = ORIENTED_EDGE('',*,*,#4054,.T.);
#4054 = EDGE_CURVE('',#4046,#4027,#4055,.T.);
#4055 = LINE('',#4056,#4057);
#4056 = CARTESIAN_POINT('',(-116.0624999999,241.5,25.525));
#4057 = VECTOR('',#4058,1.);
#4058 = DIRECTION('',(-1.,-4.440892098501E-16,-8.881784197001E-16));
#4059 = FACE_BOUND('',#4060,.T.);
#4060 = EDGE_LOOP('',(#4061,#4072,#4080,#4089));
#4061 = ORIENTED_EDGE('',*,*,#4062,.T.);
#4062 = EDGE_CURVE('',#4063,#4065,#4067,.T.);
#4063 = VERTEX_POINT('',#4064);
#4064 = CARTESIAN_POINT('',(-120.4625,241.5,41.4));
#4065 = VERTEX_POINT('',#4066);
#4066 = CARTESIAN_POINT('',(-120.4625,241.5,34.8));
#4067 = CIRCLE('',#4068,3.3);
#4068 = AXIS2_PLACEMENT_3D('',#4069,#4070,#4071);
#4069 = CARTESIAN_POINT('',(-120.4624999999,241.5,38.1));
#4070 = DIRECTION('',(4.440892098501E-16,-1.,1.110223024625E-15));
#4071 = DIRECTION('',(1.,4.440892098501E-16,8.881784197001E-16));
#4072 = ORIENTED_EDGE('',*,*,#4073,.T.);
#4073 = EDGE_CURVE('',#4065,#4074,#4076,.T.);
#4074 = VERTEX_POINT('',#4075);
#4075 = CARTESIAN_POINT('',(-116.0625,241.5,34.8));
#4076 = LINE('',#4077,#4078);
#4077 = CARTESIAN_POINT('',(-120.4624999999,241.5,34.8));
#4078 = VECTOR('',#4079,1.);
#4079 = DIRECTION('',(1.,4.440892098501E-16,8.881784197001E-16));
#4080 = ORIENTED_EDGE('',*,*,#4081,.T.);
#4081 = EDGE_CURVE('',#4074,#4082,#4084,.T.);
#4082 = VERTEX_POINT('',#4083);
#4083 = CARTESIAN_POINT('',(-116.0625,241.5,41.4));
#4084 = CIRCLE('',#4085,3.3);
#4085 = AXIS2_PLACEMENT_3D('',#4086,#4087,#4088);
#4086 = CARTESIAN_POINT('',(-116.0624999999,241.5,38.1));
#4087 = DIRECTION('',(4.440892098501E-16,-1.,1.110223024625E-15));
#4088 = DIRECTION('',(1.,4.440892098501E-16,8.881784197001E-16));
#4089 = ORIENTED_EDGE('',*,*,#4090,.T.);
#4090 = EDGE_CURVE('',#4082,#4063,#4091,.T.);
#4091 = LINE('',#4092,#4093);
#4092 = CARTESIAN_POINT('',(-116.0624999999,241.5,41.4));
#4093 = VECTOR('',#4094,1.);
#4094 = DIRECTION('',(-1.,-4.440892098501E-16,-8.881784197001E-16));
#4095 = PLANE('',#4096);
#4096 = AXIS2_PLACEMENT_3D('',#4097,#4098,#4099);
#4097 = CARTESIAN_POINT('',(-109.9411214022,241.49999999999,22.225));
#4098 = DIRECTION('',(1.110223024625E-15,1.,5.551115123126E-16));
#4099 = DIRECTION('',(5.551115123126E-16,1.110223024625E-15,1.));
#4100 = ADVANCED_FACE('',(#4101),#4112,.F.);
#4101 = FACE_BOUND('',#4102,.F.);
#4102 = EDGE_LOOP('',(#4103,#4109,#4110,#4111));
#4103 = ORIENTED_EDGE('',*,*,#4104,.T.);
#4104 = EDGE_CURVE('',#3833,#3973,#4105,.T.);
#4105 = LINE('',#4106,#4107);
#4106 = CARTESIAN_POINT('',(-127.,235.,40.45));
#4107 = VECTOR('',#4108,1.);
#4108 = DIRECTION('',(9.992007221626E-16,1.,2.22044604925E-16));
#4109 = ORIENTED_EDGE('',*,*,#3980,.T.);
#4110 = ORIENTED_EDGE('',*,*,#3705,.F.);
#4111 = ORIENTED_EDGE('',*,*,#3840,.F.);
#4112 = PLANE('',#4113);
#4113 = AXIS2_PLACEMENT_3D('',#4114,#4115,#4116);
#4114 = CARTESIAN_POINT('',(-127.,235.,40.45));
#4115 = DIRECTION('',(0.707106781187,-5.495323605393E-16,-0.707106781187
    ));
#4116 = DIRECTION('',(0.707106781187,1.177569344013E-15,0.707106781187)
  );
#4117 = ADVANCED_FACE('',(#4118),#4143,.F.);
#4118 = FACE_BOUND('',#4119,.F.);
#4119 = EDGE_LOOP('',(#4120,#4128,#4136,#4142));
#4120 = ORIENTED_EDGE('',*,*,#4121,.F.);
#4121 = EDGE_CURVE('',#4122,#3737,#4124,.T.);
#4122 = VERTEX_POINT('',#4123);
#4123 = CARTESIAN_POINT('',(-107.,146.,11.));
#4124 = LINE('',#4125,#4126);
#4125 = CARTESIAN_POINT('',(-107.,146.,40.3));
#4126 = VECTOR('',#4127,1.);
#4127 = DIRECTION('',(-6.661338147751E-16,-1.33226762955E-15,-1.));
#4128 = ORIENTED_EDGE('',*,*,#4129,.T.);
#4129 = EDGE_CURVE('',#4122,#4130,#4132,.T.);
#4130 = VERTEX_POINT('',#4131);
#4131 = CARTESIAN_POINT('',(-103.8,146.,11.));
#4132 = LINE('',#4133,#4134);
#4133 = CARTESIAN_POINT('',(-107.,146.,11.));
#4134 = VECTOR('',#4135,1.);
#4135 = DIRECTION('',(1.,-1.110223024625E-16,5.551115123126E-16));
#4136 = ORIENTED_EDGE('',*,*,#4137,.T.);
#4137 = EDGE_CURVE('',#4130,#3739,#4138,.T.);
#4138 = LINE('',#4139,#4140);
#4139 = CARTESIAN_POINT('',(-103.8,146.,40.3));
#4140 = VECTOR('',#4141,1.);
#4141 = DIRECTION('',(-6.661338147751E-16,-1.33226762955E-15,-1.));
#4142 = ORIENTED_EDGE('',*,*,#3736,.F.);
#4143 = PLANE('',#4144);
#4144 = AXIS2_PLACEMENT_3D('',#4145,#4146,#4147);
#4145 = CARTESIAN_POINT('',(-107.,146.,40.3));
#4146 = DIRECTION('',(1.110223024625E-15,1.,4.440892098501E-16));
#4147 = DIRECTION('',(-5.551115123126E-16,-1.221245327088E-15,-1.));
#4148 = ADVANCED_FACE('',(#4149,#4192,#4228),#4264,.T.);
#4149 = FACE_BOUND('',#4150,.T.);
#4150 = EDGE_LOOP('',(#4151,#4152,#4160,#4168,#4176,#4184,#4190,#4191));
#4151 = ORIENTED_EDGE('',*,*,#4121,.F.);
#4152 = ORIENTED_EDGE('',*,*,#4153,.F.);
#4153 = EDGE_CURVE('',#4154,#4122,#4156,.T.);
#4154 = VERTEX_POINT('',#4155);
#4155 = CARTESIAN_POINT('',(-107.,144.,11.));
#4156 = LINE('',#4157,#4158);
#4157 = CARTESIAN_POINT('',(-107.,144.,11.));
#4158 = VECTOR('',#4159,1.);
#4159 = DIRECTION('',(6.661338147751E-16,1.,3.330669073875E-16));
#4160 = ORIENTED_EDGE('',*,*,#4161,.F.);
#4161 = EDGE_CURVE('',#4162,#4154,#4164,.T.);
#4162 = VERTEX_POINT('',#4163);
#4163 = CARTESIAN_POINT('',(-107.,144.,29.));
#4164 = LINE('',#4165,#4166);
#4165 = CARTESIAN_POINT('',(-107.,144.,29.));
#4166 = VECTOR('',#4167,1.);
#4167 = DIRECTION('',(-3.330669073875E-16,-6.661338147751E-16,-1.));
#4168 = ORIENTED_EDGE('',*,*,#4169,.F.);
#4169 = EDGE_CURVE('',#4170,#4162,#4172,.T.);
#4170 = VERTEX_POINT('',#4171);
#4171 = CARTESIAN_POINT('',(-107.,146.,29.));
#4172 = LINE('',#4173,#4174);
#4173 = CARTESIAN_POINT('',(-107.,178.,29.));
#4174 = VECTOR('',#4175,1.);
#4175 = DIRECTION('',(-6.661338147751E-16,-1.,-3.330669073875E-16));
#4176 = ORIENTED_EDGE('',*,*,#4177,.F.);
#4177 = EDGE_CURVE('',#4178,#4170,#4180,.T.);
#4178 = VERTEX_POINT('',#4179);
#4179 = CARTESIAN_POINT('',(-107.,146.,40.3));
#4180 = LINE('',#4181,#4182);
#4181 = CARTESIAN_POINT('',(-107.,146.,40.3));
#4182 = VECTOR('',#4183,1.);
#4183 = DIRECTION('',(-6.661338147751E-16,-1.33226762955E-15,-1.));
#4184 = ORIENTED_EDGE('',*,*,#4185,.F.);
#4185 = EDGE_CURVE('',#3810,#4178,#4186,.T.);
#4186 = LINE('',#4187,#4188);
#4187 = CARTESIAN_POINT('',(-107.,234.99999999999,40.3));
#4188 = VECTOR('',#4189,1.);
#4189 = DIRECTION('',(-1.33226762955E-15,-1.,-6.661338147751E-16));
#4190 = ORIENTED_EDGE('',*,*,#3817,.F.);
#4191 = ORIENTED_EDGE('',*,*,#3746,.F.);
#4192 = FACE_BOUND('',#4193,.T.);
#4193 = EDGE_LOOP('',(#4194,#4205,#4213,#4222));
#4194 = ORIENTED_EDGE('',*,*,#4195,.T.);
#4195 = EDGE_CURVE('',#4196,#4198,#4200,.T.);
#4196 = VERTEX_POINT('',#4197);
#4197 = CARTESIAN_POINT('',(-107.,151.2,23.2));
#4198 = VERTEX_POINT('',#4199);
#4199 = CARTESIAN_POINT('',(-107.,151.2,16.8));
#4200 = CIRCLE('',#4201,3.2);
#4201 = AXIS2_PLACEMENT_3D('',#4202,#4203,#4204);
#4202 = CARTESIAN_POINT('',(-107.,151.2,20.));
#4203 = DIRECTION('',(1.,-4.440892098501E-16,-2.22044604925E-16));
#4204 = DIRECTION('',(4.440892098501E-16,1.,2.22044604925E-16));
#4205 = ORIENTED_EDGE('',*,*,#4206,.T.);
#4206 = EDGE_CURVE('',#4198,#4207,#4209,.T.);
#4207 = VERTEX_POINT('',#4208);
#4208 = CARTESIAN_POINT('',(-107.,170.8,16.8));
#4209 = LINE('',#4210,#4211);
#4210 = CARTESIAN_POINT('',(-107.,151.2,16.8));
#4211 = VECTOR('',#4212,1.);
#4212 = DIRECTION('',(4.440892098501E-16,1.,2.22044604925E-16));
#4213 = ORIENTED_EDGE('',*,*,#4214,.T.);
#4214 = EDGE_CURVE('',#4207,#4215,#4217,.T.);
#4215 = VERTEX_POINT('',#4216);
#4216 = CARTESIAN_POINT('',(-107.,170.8,23.2));
#4217 = CIRCLE('',#4218,3.2);
#4218 = AXIS2_PLACEMENT_3D('',#4219,#4220,#4221);
#4219 = CARTESIAN_POINT('',(-107.,170.8,20.));
#4220 = DIRECTION('',(1.,-4.440892098501E-16,-2.22044604925E-16));
#4221 = DIRECTION('',(4.440892098501E-16,1.,2.22044604925E-16));
#4222 = ORIENTED_EDGE('',*,*,#4223,.T.);
#4223 = EDGE_CURVE('',#4215,#4196,#4224,.T.);
#4224 = LINE('',#4225,#4226);
#4225 = CARTESIAN_POINT('',(-107.,170.8,23.2));
#4226 = VECTOR('',#4227,1.);
#4227 = DIRECTION('',(-4.440892098501E-16,-1.,-2.22044604925E-16));
#4228 = FACE_BOUND('',#4229,.T.);
#4229 = EDGE_LOOP('',(#4230,#4241,#4249,#4258));
#4230 = ORIENTED_EDGE('',*,*,#4231,.T.);
#4231 = EDGE_CURVE('',#4232,#4234,#4236,.T.);
#4232 = VERTEX_POINT('',#4233);
#4233 = CARTESIAN_POINT('',(-107.,181.2,23.2));
#4234 = VERTEX_POINT('',#4235);
#4235 = CARTESIAN_POINT('',(-107.,181.2,16.8));
#4236 = CIRCLE('',#4237,3.2);
#4237 = AXIS2_PLACEMENT_3D('',#4238,#4239,#4240);
#4238 = CARTESIAN_POINT('',(-107.,181.2,20.));
#4239 = DIRECTION('',(1.,-4.440892098501E-16,-2.22044604925E-16));
#4240 = DIRECTION('',(4.440892098501E-16,1.,2.22044604925E-16));
#4241 = ORIENTED_EDGE('',*,*,#4242,.T.);
#4242 = EDGE_CURVE('',#4234,#4243,#4245,.T.);
#4243 = VERTEX_POINT('',#4244);
#4244 = CARTESIAN_POINT('',(-107.,200.8,16.8));
#4245 = LINE('',#4246,#4247);
#4246 = CARTESIAN_POINT('',(-107.,181.2,16.8));
#4247 = VECTOR('',#4248,1.);
#4248 = DIRECTION('',(4.440892098501E-16,1.,2.22044604925E-16));
#4249 = ORIENTED_EDGE('',*,*,#4250,.T.);
#4250 = EDGE_CURVE('',#4243,#4251,#4253,.T.);
#4251 = VERTEX_POINT('',#4252);
#4252 = CARTESIAN_POINT('',(-107.,200.8,23.2));
#4253 = CIRCLE('',#4254,3.2);
#4254 = AXIS2_PLACEMENT_3D('',#4255,#4256,#4257);
#4255 = CARTESIAN_POINT('',(-107.,200.8,20.));
#4256 = DIRECTION('',(1.,-4.440892098501E-16,-2.22044604925E-16));
#4257 = DIRECTION('',(4.440892098501E-16,1.,2.22044604925E-16));
#4258 = ORIENTED_EDGE('',*,*,#4259,.T.);
#4259 = EDGE_CURVE('',#4251,#4232,#4260,.T.);
#4260 = LINE('',#4261,#4262);
#4261 = CARTESIAN_POINT('',(-107.,200.8,23.2));
#4262 = VECTOR('',#4263,1.);
#4263 = DIRECTION('',(-4.440892098501E-16,-1.,-2.22044604925E-16));
#4264 = PLANE('',#4265);
#4265 = AXIS2_PLACEMENT_3D('',#4266,#4267,#4268);
#4266 = CARTESIAN_POINT('',(-107.,189.66984006092,20.147715156131));
#4267 = DIRECTION('',(-1.,2.866779316932E-16,-4.440892098501E-16));
#4268 = DIRECTION('',(-9.528117464683E-16,-1.,-2.22044604925E-16));
#4269 = ADVANCED_FACE('',(#4270),#4281,.F.);
#4270 = FACE_BOUND('',#4271,.F.);
#4271 = EDGE_LOOP('',(#4272,#4273,#4274,#4280));
#4272 = ORIENTED_EDGE('',*,*,#3762,.T.);
#4273 = ORIENTED_EDGE('',*,*,#3964,.T.);
#4274 = ORIENTED_EDGE('',*,*,#4275,.F.);
#4275 = EDGE_CURVE('',#3825,#3965,#4276,.T.);
#4276 = LINE('',#4277,#4278);
#4277 = CARTESIAN_POINT('',(-127.,235.,4.));
#4278 = VECTOR('',#4279,1.);
#4279 = DIRECTION('',(9.992007221626E-16,1.,2.22044604925E-16));
#4280 = ORIENTED_EDGE('',*,*,#3824,.F.);
#4281 = PLANE('',#4282);
#4282 = AXIS2_PLACEMENT_3D('',#4283,#4284,#4285);
#4283 = CARTESIAN_POINT('',(-123.,235.,4.085620730621E-14));
#4284 = DIRECTION('',(0.707106781187,1.020560098144E-15,0.707106781187)
  );
#4285 = DIRECTION('',(-0.707106781187,5.495323605393E-16,0.707106781187)
  );
#4286 = ADVANCED_FACE('',(#4287),#4330,.T.);
#4287 = FACE_BOUND('',#4288,.T.);
#4288 = EDGE_LOOP('',(#4289,#4290,#4291,#4292,#4300,#4308,#4316,#4324));
#4289 = ORIENTED_EDGE('',*,*,#4137,.T.);
#4290 = ORIENTED_EDGE('',*,*,#3785,.T.);
#4291 = ORIENTED_EDGE('',*,*,#3801,.T.);
#4292 = ORIENTED_EDGE('',*,*,#4293,.T.);
#4293 = EDGE_CURVE('',#3802,#4294,#4296,.T.);
#4294 = VERTEX_POINT('',#4295);
#4295 = CARTESIAN_POINT('',(-103.8,146.,40.3));
#4296 = LINE('',#4297,#4298);
#4297 = CARTESIAN_POINT('',(-103.8,234.99999999999,40.3));
#4298 = VECTOR('',#4299,1.);
#4299 = DIRECTION('',(-1.33226762955E-15,-1.,-6.661338147751E-16));
#4300 = ORIENTED_EDGE('',*,*,#4301,.T.);
#4301 = EDGE_CURVE('',#4294,#4302,#4304,.T.);
#4302 = VERTEX_POINT('',#4303);
#4303 = CARTESIAN_POINT('',(-103.8,146.,29.));
#4304 = LINE('',#4305,#4306);
#4305 = CARTESIAN_POINT('',(-103.8,146.,40.3));
#4306 = VECTOR('',#4307,1.);
#4307 = DIRECTION('',(-6.661338147751E-16,-1.33226762955E-15,-1.));
#4308 = ORIENTED_EDGE('',*,*,#4309,.T.);
#4309 = EDGE_CURVE('',#4302,#4310,#4312,.T.);
#4310 = VERTEX_POINT('',#4311);
#4311 = CARTESIAN_POINT('',(-103.8,208.,29.));
#4312 = LINE('',#4313,#4314);
#4313 = CARTESIAN_POINT('',(-103.8,184.25,29.));
#4314 = VECTOR('',#4315,1.);
#4315 = DIRECTION('',(4.440892098501E-16,1.,2.22044604925E-16));
#4316 = ORIENTED_EDGE('',*,*,#4317,.T.);
#4317 = EDGE_CURVE('',#4310,#4318,#4320,.T.);
#4318 = VERTEX_POINT('',#4319);
#4319 = CARTESIAN_POINT('',(-103.8,208.,11.));
#4320 = LINE('',#4321,#4322);
#4321 = CARTESIAN_POINT('',(-103.8,208.,15.575));
#4322 = VECTOR('',#4323,1.);
#4323 = DIRECTION('',(2.22044604925E-16,-5.551115123126E-16,-1.));
#4324 = ORIENTED_EDGE('',*,*,#4325,.T.);
#4325 = EDGE_CURVE('',#4318,#4130,#4326,.T.);
#4326 = LINE('',#4327,#4328);
#4327 = CARTESIAN_POINT('',(-103.8,182.25,11.));
#4328 = VECTOR('',#4329,1.);
#4329 = DIRECTION('',(-4.440892098501E-16,-1.,-2.22044604925E-16));
#4330 = PLANE('',#4331);
#4331 = AXIS2_PLACEMENT_3D('',#4332,#4333,#4334);
#4332 = CARTESIAN_POINT('',(-103.8,190.49999999999,20.15));
#4333 = DIRECTION('',(1.,6.661338147751E-16,1.33226762955E-15));
#4334 = DIRECTION('',(6.661338147751E-16,1.33226762955E-15,1.));
#4335 = ADVANCED_FACE('',(#4336),#4342,.F.);
#4336 = FACE_BOUND('',#4337,.F.);
#4337 = EDGE_LOOP('',(#4338,#4339,#4340,#4341));
#4338 = ORIENTED_EDGE('',*,*,#4275,.T.);
#4339 = ORIENTED_EDGE('',*,*,#3972,.T.);
#4340 = ORIENTED_EDGE('',*,*,#4104,.F.);
#4341 = ORIENTED_EDGE('',*,*,#3832,.F.);
#4342 = PLANE('',#4343);
#4343 = AXIS2_PLACEMENT_3D('',#4344,#4345,#4346);
#4344 = CARTESIAN_POINT('',(-127.,235.,4.));
#4345 = DIRECTION('',(1.,3.330669073875E-16,8.881784197001E-16));
#4346 = DIRECTION('',(4.440892098501E-16,1.221245327088E-15,1.));
#4347 = ADVANCED_FACE('',(#4348),#4359,.F.);
#4348 = FACE_BOUND('',#4349,.F.);
#4349 = EDGE_LOOP('',(#4350,#4351,#4352,#4358));
#4350 = ORIENTED_EDGE('',*,*,#3809,.T.);
#4351 = ORIENTED_EDGE('',*,*,#4293,.T.);
#4352 = ORIENTED_EDGE('',*,*,#4353,.F.);
#4353 = EDGE_CURVE('',#4178,#4294,#4354,.T.);
#4354 = LINE('',#4355,#4356);
#4355 = CARTESIAN_POINT('',(-107.,146.,40.3));
#4356 = VECTOR('',#4357,1.);
#4357 = DIRECTION('',(1.,5.551115123126E-16,1.221245327088E-15));
#4358 = ORIENTED_EDGE('',*,*,#4185,.F.);
#4359 = PLANE('',#4360);
#4360 = AXIS2_PLACEMENT_3D('',#4361,#4362,#4363);
#4361 = CARTESIAN_POINT('',(-107.,235.,40.3));
#4362 = DIRECTION('',(-4.440892098501E-16,-1.110223024625E-15,-1.));
#4363 = DIRECTION('',(-1.221245327088E-15,-1.,-5.551115123126E-16));
#4364 = ADVANCED_FACE('',(#4365),#4381,.F.);
#4365 = FACE_BOUND('',#4366,.T.);
#4366 = EDGE_LOOP('',(#4367,#4373,#4374,#4380));
#4367 = ORIENTED_EDGE('',*,*,#4368,.T.);
#4368 = EDGE_CURVE('',#3991,#3850,#4369,.T.);
#4369 = LINE('',#4370,#4371);
#4370 = CARTESIAN_POINT('',(-120.4625,241.5,9.65));
#4371 = VECTOR('',#4372,1.);
#4372 = DIRECTION('',(-7.771561172376E-16,-1.,-1.110223024625E-16));
#4373 = ORIENTED_EDGE('',*,*,#3849,.T.);
#4374 = ORIENTED_EDGE('',*,*,#4375,.F.);
#4375 = EDGE_CURVE('',#3993,#3852,#4376,.T.);
#4376 = LINE('',#4377,#4378);
#4377 = CARTESIAN_POINT('',(-120.4625,241.5,3.05));
#4378 = VECTOR('',#4379,1.);
#4379 = DIRECTION('',(-7.771561172376E-16,-1.,-1.110223024625E-16));
#4380 = ORIENTED_EDGE('',*,*,#3990,.F.);
#4381 = CYLINDRICAL_SURFACE('',#4382,3.3);
#4382 = AXIS2_PLACEMENT_3D('',#4383,#4384,#4385);
#4383 = CARTESIAN_POINT('',(-120.4625,241.5,6.35));
#4384 = DIRECTION('',(6.661338147751E-16,1.,1.972152263053E-31));
#4385 = DIRECTION('',(1.,3.330669073875E-16,7.771561172376E-16));
#4386 = ADVANCED_FACE('',(#4387),#4398,.T.);
#4387 = FACE_BOUND('',#4388,.T.);
#4388 = EDGE_LOOP('',(#4389,#4395,#4396,#4397));
#4389 = ORIENTED_EDGE('',*,*,#4390,.T.);
#4390 = EDGE_CURVE('',#4010,#3869,#4391,.T.);
#4391 = LINE('',#4392,#4393);
#4392 = CARTESIAN_POINT('',(-116.0625,241.5,9.65));
#4393 = VECTOR('',#4394,1.);
#4394 = DIRECTION('',(-7.771561172376E-16,-1.,-1.110223024625E-16));
#4395 = ORIENTED_EDGE('',*,*,#3877,.T.);
#4396 = ORIENTED_EDGE('',*,*,#4368,.F.);
#4397 = ORIENTED_EDGE('',*,*,#4018,.F.);
#4398 = PLANE('',#4399);
#4399 = AXIS2_PLACEMENT_3D('',#4400,#4401,#4402);
#4400 = CARTESIAN_POINT('',(-116.0625,241.5,9.65));
#4401 = DIRECTION('',(-2.22044604925E-16,-8.881784197001E-16,-1.));
#4402 = DIRECTION('',(-1.,-3.330669073875E-16,-7.771561172376E-16));
#4403 = ADVANCED_FACE('',(#4404),#4415,.F.);
#4404 = FACE_BOUND('',#4405,.T.);
#4405 = EDGE_LOOP('',(#4406,#4412,#4413,#4414));
#4406 = ORIENTED_EDGE('',*,*,#4407,.T.);
#4407 = EDGE_CURVE('',#4002,#3861,#4408,.T.);
#4408 = LINE('',#4409,#4410);
#4409 = CARTESIAN_POINT('',(-116.0625,241.5,3.05));
#4410 = VECTOR('',#4411,1.);
#4411 = DIRECTION('',(-7.771561172376E-16,-1.,-1.110223024625E-16));
#4412 = ORIENTED_EDGE('',*,*,#3868,.T.);
#4413 = ORIENTED_EDGE('',*,*,#4390,.F.);
#4414 = ORIENTED_EDGE('',*,*,#4009,.F.);
#4415 = CYLINDRICAL_SURFACE('',#4416,3.3);
#4416 = AXIS2_PLACEMENT_3D('',#4417,#4418,#4419);
#4417 = CARTESIAN_POINT('',(-116.0625,241.5,6.35));
#4418 = DIRECTION('',(6.661338147751E-16,1.,1.972152263053E-31));
#4419 = DIRECTION('',(1.,3.330669073875E-16,7.771561172376E-16));
#4420 = ADVANCED_FACE('',(#4421),#4427,.T.);
#4421 = FACE_BOUND('',#4422,.T.);
#4422 = EDGE_LOOP('',(#4423,#4424,#4425,#4426));
#4423 = ORIENTED_EDGE('',*,*,#4375,.T.);
#4424 = ORIENTED_EDGE('',*,*,#3860,.T.);
#4425 = ORIENTED_EDGE('',*,*,#4407,.F.);
#4426 = ORIENTED_EDGE('',*,*,#4001,.F.);
#4427 = PLANE('',#4428);
#4428 = AXIS2_PLACEMENT_3D('',#4429,#4430,#4431);
#4429 = CARTESIAN_POINT('',(-120.4625,241.5,3.05));
#4430 = DIRECTION('',(2.22044604925E-16,8.881784197001E-16,1.));
#4431 = DIRECTION('',(1.,3.330669073875E-16,7.771561172376E-16));
#4432 = ADVANCED_FACE('',(#4433),#4449,.F.);
#4433 = FACE_BOUND('',#4434,.T.);
#4434 = EDGE_LOOP('',(#4435,#4441,#4442,#4448));
#4435 = ORIENTED_EDGE('',*,*,#4436,.T.);
#4436 = EDGE_CURVE('',#4027,#3886,#4437,.T.);
#4437 = LINE('',#4438,#4439);
#4438 = CARTESIAN_POINT('',(-120.4625,241.5,25.525));
#4439 = VECTOR('',#4440,1.);
#4440 = DIRECTION('',(-7.771561172376E-16,-1.,-1.110223024625E-16));
#4441 = ORIENTED_EDGE('',*,*,#3885,.T.);
#4442 = ORIENTED_EDGE('',*,*,#4443,.F.);
#4443 = EDGE_CURVE('',#4029,#3888,#4444,.T.);
#4444 = LINE('',#4445,#4446);
#4445 = CARTESIAN_POINT('',(-120.4625,241.5,18.925));
#4446 = VECTOR('',#4447,1.);
#4447 = DIRECTION('',(-7.771561172376E-16,-1.,-1.110223024625E-16));
#4448 = ORIENTED_EDGE('',*,*,#4026,.F.);
#4449 = CYLINDRICAL_SURFACE('',#4450,3.3);
#4450 = AXIS2_PLACEMENT_3D('',#4451,#4452,#4453);
#4451 = CARTESIAN_POINT('',(-120.4625,241.5,22.225));
#4452 = DIRECTION('',(6.661338147751E-16,1.,1.972152263053E-31));
#4453 = DIRECTION('',(1.,3.330669073875E-16,7.771561172376E-16));
#4454 = ADVANCED_FACE('',(#4455),#4466,.T.);
#4455 = FACE_BOUND('',#4456,.T.);
#4456 = EDGE_LOOP('',(#4457,#4463,#4464,#4465));
#4457 = ORIENTED_EDGE('',*,*,#4458,.T.);
#4458 = EDGE_CURVE('',#4046,#3905,#4459,.T.);
#4459 = LINE('',#4460,#4461);
#4460 = CARTESIAN_POINT('',(-116.0625,241.5,25.525));
#4461 = VECTOR('',#4462,1.);
#4462 = DIRECTION('',(-7.771561172376E-16,-1.,-1.110223024625E-16));
#4463 = ORIENTED_EDGE('',*,*,#3913,.T.);
#4464 = ORIENTED_EDGE('',*,*,#4436,.F.);
#4465 = ORIENTED_EDGE('',*,*,#4054,.F.);
#4466 = PLANE('',#4467);
#4467 = AXIS2_PLACEMENT_3D('',#4468,#4469,#4470);
#4468 = CARTESIAN_POINT('',(-116.0625,241.5,25.525));
#4469 = DIRECTION('',(-2.22044604925E-16,-8.881784197001E-16,-1.));
#4470 = DIRECTION('',(-1.,-3.330669073875E-16,-7.771561172376E-16));
#4471 = ADVANCED_FACE('',(#4472),#4483,.F.);
#4472 = FACE_BOUND('',#4473,.T.);
#4473 = EDGE_LOOP('',(#4474,#4480,#4481,#4482));
#4474 = ORIENTED_EDGE('',*,*,#4475,.T.);
#4475 = EDGE_CURVE('',#4038,#3897,#4476,.T.);
#4476 = LINE('',#4477,#4478);
#4477 = CARTESIAN_POINT('',(-116.0625,241.5,18.925));
#4478 = VECTOR('',#4479,1.);
#4479 = DIRECTION('',(-7.771561172376E-16,-1.,-1.110223024625E-16));
#4480 = ORIENTED_EDGE('',*,*,#3904,.T.);
#4481 = ORIENTED_EDGE('',*,*,#4458,.F.);
#4482 = ORIENTED_EDGE('',*,*,#4045,.F.);
#4483 = CYLINDRICAL_SURFACE('',#4484,3.3);
#4484 = AXIS2_PLACEMENT_3D('',#4485,#4486,#4487);
#4485 = CARTESIAN_POINT('',(-116.0625,241.5,22.225));
#4486 = DIRECTION('',(6.661338147751E-16,1.,1.972152263053E-31));
#4487 = DIRECTION('',(1.,3.330669073875E-16,7.771561172376E-16));
#4488 = ADVANCED_FACE('',(#4489),#4495,.T.);
#4489 = FACE_BOUND('',#4490,.T.);
#4490 = EDGE_LOOP('',(#4491,#4492,#4493,#4494));
#4491 = ORIENTED_EDGE('',*,*,#4443,.T.);
#4492 = ORIENTED_EDGE('',*,*,#3896,.T.);
#4493 = ORIENTED_EDGE('',*,*,#4475,.F.);
#4494 = ORIENTED_EDGE('',*,*,#4037,.F.);
#4495 = PLANE('',#4496);
#4496 = AXIS2_PLACEMENT_3D('',#4497,#4498,#4499);
#4497 = CARTESIAN_POINT('',(-120.4625,241.5,18.925));
#4498 = DIRECTION('',(2.22044604925E-16,8.881784197001E-16,1.));
#4499 = DIRECTION('',(1.,3.330669073875E-16,7.771561172376E-16));
#4500 = ADVANCED_FACE('',(#4501),#4517,.F.);
#4501 = FACE_BOUND('',#4502,.T.);
#4502 = EDGE_LOOP('',(#4503,#4509,#4510,#4516));
#4503 = ORIENTED_EDGE('',*,*,#4504,.T.);
#4504 = EDGE_CURVE('',#4063,#3922,#4505,.T.);
#4505 = LINE('',#4506,#4507);
#4506 = CARTESIAN_POINT('',(-120.4625,241.5,41.4));
#4507 = VECTOR('',#4508,1.);
#4508 = DIRECTION('',(-7.771561172376E-16,-1.,-1.110223024625E-16));
#4509 = ORIENTED_EDGE('',*,*,#3921,.T.);
#4510 = ORIENTED_EDGE('',*,*,#4511,.F.);
#4511 = EDGE_CURVE('',#4065,#3924,#4512,.T.);
#4512 = LINE('',#4513,#4514);
#4513 = CARTESIAN_POINT('',(-120.4625,241.5,34.8));
#4514 = VECTOR('',#4515,1.);
#4515 = DIRECTION('',(-7.771561172376E-16,-1.,-1.110223024625E-16));
#4516 = ORIENTED_EDGE('',*,*,#4062,.F.);
#4517 = CYLINDRICAL_SURFACE('',#4518,3.3);
#4518 = AXIS2_PLACEMENT_3D('',#4519,#4520,#4521);
#4519 = CARTESIAN_POINT('',(-120.4625,241.5,38.1));
#4520 = DIRECTION('',(6.661338147751E-16,1.,1.972152263053E-31));
#4521 = DIRECTION('',(1.,3.330669073875E-16,7.771561172376E-16));
#4522 = ADVANCED_FACE('',(#4523),#4534,.T.);
#4523 = FACE_BOUND('',#4524,.T.);
#4524 = EDGE_LOOP('',(#4525,#4531,#4532,#4533));
#4525 = ORIENTED_EDGE('',*,*,#4526,.T.);
#4526 = EDGE_CURVE('',#4082,#3941,#4527,.T.);
#4527 = LINE('',#4528,#4529);
#4528 = CARTESIAN_POINT('',(-116.0625,241.5,41.4));
#4529 = VECTOR('',#4530,1.);
#4530 = DIRECTION('',(-7.771561172376E-16,-1.,-1.110223024625E-16));
#4531 = ORIENTED_EDGE('',*,*,#3949,.T.);
#4532 = ORIENTED_EDGE('',*,*,#4504,.F.);
#4533 = ORIENTED_EDGE('',*,*,#4090,.F.);
#4534 = PLANE('',#4535);
#4535 = AXIS2_PLACEMENT_3D('',#4536,#4537,#4538);
#4536 = CARTESIAN_POINT('',(-116.0625,241.5,41.4));
#4537 = DIRECTION('',(-2.22044604925E-16,-8.881784197001E-16,-1.));
#4538 = DIRECTION('',(-1.,-3.330669073875E-16,-7.771561172376E-16));
#4539 = ADVANCED_FACE('',(#4540),#4551,.F.);
#4540 = FACE_BOUND('',#4541,.T.);
#4541 = EDGE_LOOP('',(#4542,#4548,#4549,#4550));
#4542 = ORIENTED_EDGE('',*,*,#4543,.T.);
#4543 = EDGE_CURVE('',#4074,#3933,#4544,.T.);
#4544 = LINE('',#4545,#4546);
#4545 = CARTESIAN_POINT('',(-116.0625,241.5,34.8));
#4546 = VECTOR('',#4547,1.);
#4547 = DIRECTION('',(-7.771561172376E-16,-1.,-1.110223024625E-16));
#4548 = ORIENTED_EDGE('',*,*,#3940,.T.);
#4549 = ORIENTED_EDGE('',*,*,#4526,.F.);
#4550 = ORIENTED_EDGE('',*,*,#4081,.F.);
#4551 = CYLINDRICAL_SURFACE('',#4552,3.3);
#4552 = AXIS2_PLACEMENT_3D('',#4553,#4554,#4555);
#4553 = CARTESIAN_POINT('',(-116.0625,241.5,38.1));
#4554 = DIRECTION('',(6.661338147751E-16,1.,1.972152263053E-31));
#4555 = DIRECTION('',(1.,3.330669073875E-16,7.771561172376E-16));
#4556 = ADVANCED_FACE('',(#4557),#4563,.T.);
#4557 = FACE_BOUND('',#4558,.T.);
#4558 = EDGE_LOOP('',(#4559,#4560,#4561,#4562));
#4559 = ORIENTED_EDGE('',*,*,#4511,.T.);
#4560 = ORIENTED_EDGE('',*,*,#3932,.T.);
#4561 = ORIENTED_EDGE('',*,*,#4543,.F.);
#4562 = ORIENTED_EDGE('',*,*,#4073,.F.);
#4563 = PLANE('',#4564);
#4564 = AXIS2_PLACEMENT_3D('',#4565,#4566,#4567);
#4565 = CARTESIAN_POINT('',(-120.4625,241.5,34.8));
#4566 = DIRECTION('',(2.22044604925E-16,8.881784197001E-16,1.));
#4567 = DIRECTION('',(1.,3.330669073875E-16,7.771561172376E-16));
#4568 = ADVANCED_FACE('',(#4569),#4596,.T.);
#4569 = FACE_BOUND('',#4570,.T.);
#4570 = EDGE_LOOP('',(#4571,#4572,#4573,#4574,#4582,#4590));
#4571 = ORIENTED_EDGE('',*,*,#4153,.T.);
#4572 = ORIENTED_EDGE('',*,*,#4129,.T.);
#4573 = ORIENTED_EDGE('',*,*,#4325,.F.);
#4574 = ORIENTED_EDGE('',*,*,#4575,.T.);
#4575 = EDGE_CURVE('',#4318,#4576,#4578,.T.);
#4576 = VERTEX_POINT('',#4577);
#4577 = CARTESIAN_POINT('',(-99.,208.,11.));
#4578 = LINE('',#4579,#4580);
#4579 = CARTESIAN_POINT('',(-107.,208.,11.));
#4580 = VECTOR('',#4581,1.);
#4581 = DIRECTION('',(1.,2.22044604925E-16,5.551115123126E-16));
#4582 = ORIENTED_EDGE('',*,*,#4583,.F.);
#4583 = EDGE_CURVE('',#4584,#4576,#4586,.T.);
#4584 = VERTEX_POINT('',#4585);
#4585 = CARTESIAN_POINT('',(-99.,144.,11.));
#4586 = LINE('',#4587,#4588);
#4587 = CARTESIAN_POINT('',(-99.,174.,11.));
#4588 = VECTOR('',#4589,1.);
#4589 = DIRECTION('',(5.551115123126E-16,1.,2.22044604925E-16));
#4590 = ORIENTED_EDGE('',*,*,#4591,.F.);
#4591 = EDGE_CURVE('',#4154,#4584,#4592,.T.);
#4592 = LINE('',#4593,#4594);
#4593 = CARTESIAN_POINT('',(-107.,144.,11.));
#4594 = VECTOR('',#4595,1.);
#4595 = DIRECTION('',(1.,2.22044604925E-16,5.551115123126E-16));
#4596 = PLANE('',#4597);
#4597 = AXIS2_PLACEMENT_3D('',#4598,#4599,#4600);
#4598 = CARTESIAN_POINT('',(-101.6222222222,174.62222222222,11.));
#4599 = DIRECTION('',(8.38341883437E-17,-4.440892098501E-16,-1.));
#4600 = DIRECTION('',(-1.,-2.22044604925E-16,-7.499680031188E-16));
#4601 = ADVANCED_FACE('',(#4602),#4620,.F.);
#4602 = FACE_BOUND('',#4603,.F.);
#4603 = EDGE_LOOP('',(#4604,#4612,#4618,#4619));
#4604 = ORIENTED_EDGE('',*,*,#4605,.T.);
#4605 = EDGE_CURVE('',#4162,#4606,#4608,.T.);
#4606 = VERTEX_POINT('',#4607);
#4607 = CARTESIAN_POINT('',(-99.,144.,29.));
#4608 = LINE('',#4609,#4610);
#4609 = CARTESIAN_POINT('',(-107.,144.,29.));
#4610 = VECTOR('',#4611,1.);
#4611 = DIRECTION('',(1.,2.22044604925E-16,5.551115123126E-16));
#4612 = ORIENTED_EDGE('',*,*,#4613,.T.);
#4613 = EDGE_CURVE('',#4606,#4584,#4614,.T.);
#4614 = LINE('',#4615,#4616);
#4615 = CARTESIAN_POINT('',(-99.,144.,29.));
#4616 = VECTOR('',#4617,1.);
#4617 = DIRECTION('',(-3.330669073875E-16,-6.661338147751E-16,-1.));
#4618 = ORIENTED_EDGE('',*,*,#4591,.F.);
#4619 = ORIENTED_EDGE('',*,*,#4161,.F.);
#4620 = PLANE('',#4621);
#4621 = AXIS2_PLACEMENT_3D('',#4622,#4623,#4624);
#4622 = CARTESIAN_POINT('',(-107.,144.,29.));
#4623 = DIRECTION('',(4.440892098501E-16,1.,1.110223024625E-16));
#4624 = DIRECTION('',(-2.22044604925E-16,-5.551115123126E-16,-1.));
#4625 = ADVANCED_FACE('',(#4626),#4651,.T.);
#4626 = FACE_BOUND('',#4627,.T.);
#4627 = EDGE_LOOP('',(#4628,#4629,#4635,#4636,#4637,#4645));
#4628 = ORIENTED_EDGE('',*,*,#4309,.F.);
#4629 = ORIENTED_EDGE('',*,*,#4630,.T.);
#4630 = EDGE_CURVE('',#4302,#4170,#4631,.T.);
#4631 = LINE('',#4632,#4633);
#4632 = CARTESIAN_POINT('',(-107.,146.,29.));
#4633 = VECTOR('',#4634,1.);
#4634 = DIRECTION('',(-1.,1.110223024625E-16,-5.551115123126E-16));
#4635 = ORIENTED_EDGE('',*,*,#4169,.T.);
#4636 = ORIENTED_EDGE('',*,*,#4605,.T.);
#4637 = ORIENTED_EDGE('',*,*,#4638,.F.);
#4638 = EDGE_CURVE('',#4639,#4606,#4641,.T.);
#4639 = VERTEX_POINT('',#4640);
#4640 = CARTESIAN_POINT('',(-99.,208.,29.));
#4641 = LINE('',#4642,#4643);
#4642 = CARTESIAN_POINT('',(-99.,178.,29.));
#4643 = VECTOR('',#4644,1.);
#4644 = DIRECTION('',(-5.551115123126E-16,-1.,-2.22044604925E-16));
#4645 = ORIENTED_EDGE('',*,*,#4646,.F.);
#4646 = EDGE_CURVE('',#4310,#4639,#4647,.T.);
#4647 = LINE('',#4648,#4649);
#4648 = CARTESIAN_POINT('',(-107.,208.,29.));
#4649 = VECTOR('',#4650,1.);
#4650 = DIRECTION('',(1.,2.22044604925E-16,5.551115123126E-16));
#4651 = PLANE('',#4652);
#4652 = AXIS2_PLACEMENT_3D('',#4653,#4654,#4655);
#4653 = CARTESIAN_POINT('',(-101.6222222222,174.62222222222,29.));
#4654 = DIRECTION('',(2.22044604925E-16,4.440892098501E-16,1.));
#4655 = DIRECTION('',(1.,2.22044604925E-16,4.440892098501E-16));
#4656 = ADVANCED_FACE('',(#4657),#4663,.F.);
#4657 = FACE_BOUND('',#4658,.F.);
#4658 = EDGE_LOOP('',(#4659,#4660,#4661,#4662));
#4659 = ORIENTED_EDGE('',*,*,#4177,.F.);
#4660 = ORIENTED_EDGE('',*,*,#4353,.T.);
#4661 = ORIENTED_EDGE('',*,*,#4301,.T.);
#4662 = ORIENTED_EDGE('',*,*,#4630,.T.);
#4663 = PLANE('',#4664);
#4664 = AXIS2_PLACEMENT_3D('',#4665,#4666,#4667);
#4665 = CARTESIAN_POINT('',(-107.,146.,40.3));
#4666 = DIRECTION('',(1.110223024625E-15,1.,4.440892098501E-16));
#4667 = DIRECTION('',(-5.551115123126E-16,-1.221245327088E-15,-1.));
#4668 = ADVANCED_FACE('',(#4669),#4695,.F.);
#4669 = FACE_BOUND('',#4670,.F.);
#4670 = EDGE_LOOP('',(#4671,#4682,#4688,#4689));
#4671 = ORIENTED_EDGE('',*,*,#4672,.F.);
#4672 = EDGE_CURVE('',#4673,#4675,#4677,.T.);
#4673 = VERTEX_POINT('',#4674);
#4674 = CARTESIAN_POINT('',(-104.,151.2,23.2));
#4675 = VERTEX_POINT('',#4676);
#4676 = CARTESIAN_POINT('',(-104.,151.2,16.8));
#4677 = CIRCLE('',#4678,3.2);
#4678 = AXIS2_PLACEMENT_3D('',#4679,#4680,#4681);
#4679 = CARTESIAN_POINT('',(-104.,151.2,20.));
#4680 = DIRECTION('',(1.,-1.110223024625E-16,1.110223024625E-16));
#4681 = DIRECTION('',(1.110223024625E-16,1.,-2.736911063134E-48));
#4682 = ORIENTED_EDGE('',*,*,#4683,.T.);
#4683 = EDGE_CURVE('',#4673,#4196,#4684,.T.);
#4684 = LINE('',#4685,#4686);
#4685 = CARTESIAN_POINT('',(-99.,151.2,23.2));
#4686 = VECTOR('',#4687,1.);
#4687 = DIRECTION('',(-1.,-1.110223024625E-16,-3.330669073875E-16));
#4688 = ORIENTED_EDGE('',*,*,#4195,.T.);
#4689 = ORIENTED_EDGE('',*,*,#4690,.F.);
#4690 = EDGE_CURVE('',#4675,#4198,#4691,.T.);
#4691 = LINE('',#4692,#4693);
#4692 = CARTESIAN_POINT('',(-99.,151.2,16.8));
#4693 = VECTOR('',#4694,1.);
#4694 = DIRECTION('',(-1.,-1.110223024625E-16,-3.330669073875E-16));
#4695 = CYLINDRICAL_SURFACE('',#4696,3.2);
#4696 = AXIS2_PLACEMENT_3D('',#4697,#4698,#4699);
#4697 = CARTESIAN_POINT('',(-99.,151.2,20.));
#4698 = DIRECTION('',(1.,2.736911063134E-48,2.22044604925E-16));
#4699 = DIRECTION('',(3.330669073875E-16,1.,1.110223024625E-16));
#4700 = ADVANCED_FACE('',(#4701),#4719,.F.);
#4701 = FACE_BOUND('',#4702,.F.);
#4702 = EDGE_LOOP('',(#4703,#4711,#4717,#4718));
#4703 = ORIENTED_EDGE('',*,*,#4704,.T.);
#4704 = EDGE_CURVE('',#4673,#4705,#4707,.T.);
#4705 = VERTEX_POINT('',#4706);
#4706 = CARTESIAN_POINT('',(-104.,170.8,23.2));
#4707 = LINE('',#4708,#4709);
#4708 = CARTESIAN_POINT('',(-104.,173.4,23.2));
#4709 = VECTOR('',#4710,1.);
#4710 = DIRECTION('',(1.232595164408E-32,1.,-1.110223024625E-16));
#4711 = ORIENTED_EDGE('',*,*,#4712,.T.);
#4712 = EDGE_CURVE('',#4705,#4215,#4713,.T.);
#4713 = LINE('',#4714,#4715);
#4714 = CARTESIAN_POINT('',(-99.,170.8,23.2));
#4715 = VECTOR('',#4716,1.);
#4716 = DIRECTION('',(-1.,-1.110223024625E-16,-3.330669073875E-16));
#4717 = ORIENTED_EDGE('',*,*,#4223,.T.);
#4718 = ORIENTED_EDGE('',*,*,#4683,.F.);
#4719 = PLANE('',#4720);
#4720 = AXIS2_PLACEMENT_3D('',#4721,#4722,#4723);
#4721 = CARTESIAN_POINT('',(-99.,170.8,23.2));
#4722 = DIRECTION('',(2.736911063134E-48,2.22044604925E-16,1.));
#4723 = DIRECTION('',(-3.330669073875E-16,-1.,-1.110223024625E-16));
#4724 = ADVANCED_FACE('',(#4725),#4744,.F.);
#4725 = FACE_BOUND('',#4726,.F.);
#4726 = EDGE_LOOP('',(#4727,#4736,#4742,#4743));
#4727 = ORIENTED_EDGE('',*,*,#4728,.F.);
#4728 = EDGE_CURVE('',#4729,#4705,#4731,.T.);
#4729 = VERTEX_POINT('',#4730);
#4730 = CARTESIAN_POINT('',(-104.,170.8,16.8));
#4731 = CIRCLE('',#4732,3.2);
#4732 = AXIS2_PLACEMENT_3D('',#4733,#4734,#4735);
#4733 = CARTESIAN_POINT('',(-104.,170.8,20.));
#4734 = DIRECTION('',(1.,-1.110223024625E-16,1.110223024625E-16));
#4735 = DIRECTION('',(1.110223024625E-16,1.,-2.736911063134E-48));
#4736 = ORIENTED_EDGE('',*,*,#4737,.T.);
#4737 = EDGE_CURVE('',#4729,#4207,#4738,.T.);
#4738 = LINE('',#4739,#4740);
#4739 = CARTESIAN_POINT('',(-99.,170.8,16.8));
#4740 = VECTOR('',#4741,1.);
#4741 = DIRECTION('',(-1.,-1.110223024625E-16,-3.330669073875E-16));
#4742 = ORIENTED_EDGE('',*,*,#4214,.T.);
#4743 = ORIENTED_EDGE('',*,*,#4712,.F.);
#4744 = CYLINDRICAL_SURFACE('',#4745,3.2);
#4745 = AXIS2_PLACEMENT_3D('',#4746,#4747,#4748);
#4746 = CARTESIAN_POINT('',(-99.,170.8,20.));
#4747 = DIRECTION('',(1.,2.736911063134E-48,2.22044604925E-16));
#4748 = DIRECTION('',(3.330669073875E-16,1.,1.110223024625E-16));
#4749 = ADVANCED_FACE('',(#4750),#4761,.F.);
#4750 = FACE_BOUND('',#4751,.F.);
#4751 = EDGE_LOOP('',(#4752,#4758,#4759,#4760));
#4752 = ORIENTED_EDGE('',*,*,#4753,.T.);
#4753 = EDGE_CURVE('',#4729,#4675,#4754,.T.);
#4754 = LINE('',#4755,#4756);
#4755 = CARTESIAN_POINT('',(-104.,163.6,16.8));
#4756 = VECTOR('',#4757,1.);
#4757 = DIRECTION('',(-1.232595164408E-32,-1.,1.110223024625E-16));
#4758 = ORIENTED_EDGE('',*,*,#4690,.T.);
#4759 = ORIENTED_EDGE('',*,*,#4206,.T.);
#4760 = ORIENTED_EDGE('',*,*,#4737,.F.);
#4761 = PLANE('',#4762);
#4762 = AXIS2_PLACEMENT_3D('',#4763,#4764,#4765);
#4763 = CARTESIAN_POINT('',(-99.,151.2,16.8));
#4764 = DIRECTION('',(-2.736911063134E-48,-2.22044604925E-16,-1.));
#4765 = DIRECTION('',(3.330669073875E-16,1.,1.110223024625E-16));
#4766 = ADVANCED_FACE('',(#4767),#4793,.F.);
#4767 = FACE_BOUND('',#4768,.F.);
#4768 = EDGE_LOOP('',(#4769,#4780,#4786,#4787));
#4769 = ORIENTED_EDGE('',*,*,#4770,.F.);
#4770 = EDGE_CURVE('',#4771,#4773,#4775,.T.);
#4771 = VERTEX_POINT('',#4772);
#4772 = CARTESIAN_POINT('',(-104.,181.2,23.2));
#4773 = VERTEX_POINT('',#4774);
#4774 = CARTESIAN_POINT('',(-104.,181.2,16.8));
#4775 = CIRCLE('',#4776,3.2);
#4776 = AXIS2_PLACEMENT_3D('',#4777,#4778,#4779);
#4777 = CARTESIAN_POINT('',(-104.,181.2,20.));
#4778 = DIRECTION('',(1.,-1.110223024625E-16,1.110223024625E-16));
#4779 = DIRECTION('',(1.110223024625E-16,1.,-2.736911063134E-48));
#4780 = ORIENTED_EDGE('',*,*,#4781,.T.);
#4781 = EDGE_CURVE('',#4771,#4232,#4782,.T.);
#4782 = LINE('',#4783,#4784);
#4783 = CARTESIAN_POINT('',(-99.,181.2,23.2));
#4784 = VECTOR('',#4785,1.);
#4785 = DIRECTION('',(-1.,-1.110223024625E-16,-3.330669073875E-16));
#4786 = ORIENTED_EDGE('',*,*,#4231,.T.);
#4787 = ORIENTED_EDGE('',*,*,#4788,.F.);
#4788 = EDGE_CURVE('',#4773,#4234,#4789,.T.);
#4789 = LINE('',#4790,#4791);
#4790 = CARTESIAN_POINT('',(-99.,181.2,16.8));
#4791 = VECTOR('',#4792,1.);
#4792 = DIRECTION('',(-1.,-1.110223024625E-16,-3.330669073875E-16));
#4793 = CYLINDRICAL_SURFACE('',#4794,3.2);
#4794 = AXIS2_PLACEMENT_3D('',#4795,#4796,#4797);
#4795 = CARTESIAN_POINT('',(-99.,181.2,20.));
#4796 = DIRECTION('',(1.,2.736911063134E-48,2.22044604925E-16));
#4797 = DIRECTION('',(3.330669073875E-16,1.,1.110223024625E-16));
#4798 = ADVANCED_FACE('',(#4799),#4817,.F.);
#4799 = FACE_BOUND('',#4800,.F.);
#4800 = EDGE_LOOP('',(#4801,#4809,#4815,#4816));
#4801 = ORIENTED_EDGE('',*,*,#4802,.T.);
#4802 = EDGE_CURVE('',#4771,#4803,#4805,.T.);
#4803 = VERTEX_POINT('',#4804);
#4804 = CARTESIAN_POINT('',(-104.,200.8,23.2));
#4805 = LINE('',#4806,#4807);
#4806 = CARTESIAN_POINT('',(-104.,188.4,23.2));
#4807 = VECTOR('',#4808,1.);
#4808 = DIRECTION('',(1.232595164408E-32,1.,-1.110223024625E-16));
#4809 = ORIENTED_EDGE('',*,*,#4810,.T.);
#4810 = EDGE_CURVE('',#4803,#4251,#4811,.T.);
#4811 = LINE('',#4812,#4813);
#4812 = CARTESIAN_POINT('',(-99.,200.8,23.2));
#4813 = VECTOR('',#4814,1.);
#4814 = DIRECTION('',(-1.,-1.110223024625E-16,-3.330669073875E-16));
#4815 = ORIENTED_EDGE('',*,*,#4259,.T.);
#4816 = ORIENTED_EDGE('',*,*,#4781,.F.);
#4817 = PLANE('',#4818);
#4818 = AXIS2_PLACEMENT_3D('',#4819,#4820,#4821);
#4819 = CARTESIAN_POINT('',(-99.,200.8,23.2));
#4820 = DIRECTION('',(2.736911063134E-48,2.22044604925E-16,1.));
#4821 = DIRECTION('',(-3.330669073875E-16,-1.,-1.110223024625E-16));
#4822 = ADVANCED_FACE('',(#4823),#4842,.F.);
#4823 = FACE_BOUND('',#4824,.F.);
#4824 = EDGE_LOOP('',(#4825,#4834,#4840,#4841));
#4825 = ORIENTED_EDGE('',*,*,#4826,.F.);
#4826 = EDGE_CURVE('',#4827,#4803,#4829,.T.);
#4827 = VERTEX_POINT('',#4828);
#4828 = CARTESIAN_POINT('',(-104.,200.8,16.8));
#4829 = CIRCLE('',#4830,3.2);
#4830 = AXIS2_PLACEMENT_3D('',#4831,#4832,#4833);
#4831 = CARTESIAN_POINT('',(-104.,200.8,20.));
#4832 = DIRECTION('',(1.,-1.110223024625E-16,1.110223024625E-16));
#4833 = DIRECTION('',(1.110223024625E-16,1.,-2.736911063134E-48));
#4834 = ORIENTED_EDGE('',*,*,#4835,.T.);
#4835 = EDGE_CURVE('',#4827,#4243,#4836,.T.);
#4836 = LINE('',#4837,#4838);
#4837 = CARTESIAN_POINT('',(-99.,200.8,16.8));
#4838 = VECTOR('',#4839,1.);
#4839 = DIRECTION('',(-1.,-1.110223024625E-16,-3.330669073875E-16));
#4840 = ORIENTED_EDGE('',*,*,#4250,.T.);
#4841 = ORIENTED_EDGE('',*,*,#4810,.F.);
#4842 = CYLINDRICAL_SURFACE('',#4843,3.2);
#4843 = AXIS2_PLACEMENT_3D('',#4844,#4845,#4846);
#4844 = CARTESIAN_POINT('',(-99.,200.8,20.));
#4845 = DIRECTION('',(1.,2.736911063134E-48,2.22044604925E-16));
#4846 = DIRECTION('',(3.330669073875E-16,1.,1.110223024625E-16));
#4847 = ADVANCED_FACE('',(#4848),#4859,.F.);
#4848 = FACE_BOUND('',#4849,.F.);
#4849 = EDGE_LOOP('',(#4850,#4856,#4857,#4858));
#4850 = ORIENTED_EDGE('',*,*,#4851,.T.);
#4851 = EDGE_CURVE('',#4827,#4773,#4852,.T.);
#4852 = LINE('',#4853,#4854);
#4853 = CARTESIAN_POINT('',(-104.,178.6,16.8));
#4854 = VECTOR('',#4855,1.);
#4855 = DIRECTION('',(-1.232595164408E-32,-1.,1.110223024625E-16));
#4856 = ORIENTED_EDGE('',*,*,#4788,.T.);
#4857 = ORIENTED_EDGE('',*,*,#4242,.T.);
#4858 = ORIENTED_EDGE('',*,*,#4835,.F.);
#4859 = PLANE('',#4860);
#4860 = AXIS2_PLACEMENT_3D('',#4861,#4862,#4863);
#4861 = CARTESIAN_POINT('',(-99.,181.2,16.8));
#4862 = DIRECTION('',(-2.736911063134E-48,-2.22044604925E-16,-1.));
#4863 = DIRECTION('',(3.330669073875E-16,1.,1.110223024625E-16));
#4864 = ADVANCED_FACE('',(#4865),#4876,.F.);
#4865 = FACE_BOUND('',#4866,.F.);
#4866 = EDGE_LOOP('',(#4867,#4868,#4869,#4875));
#4867 = ORIENTED_EDGE('',*,*,#4317,.T.);
#4868 = ORIENTED_EDGE('',*,*,#4575,.T.);
#4869 = ORIENTED_EDGE('',*,*,#4870,.T.);
#4870 = EDGE_CURVE('',#4576,#4639,#4871,.T.);
#4871 = LINE('',#4872,#4873);
#4872 = CARTESIAN_POINT('',(-99.,208.,11.));
#4873 = VECTOR('',#4874,1.);
#4874 = DIRECTION('',(3.330669073875E-16,6.661338147751E-16,1.));
#4875 = ORIENTED_EDGE('',*,*,#4646,.F.);
#4876 = PLANE('',#4877);
#4877 = AXIS2_PLACEMENT_3D('',#4878,#4879,#4880);
#4878 = CARTESIAN_POINT('',(-107.,208.,11.));
#4879 = DIRECTION('',(-4.440892098501E-16,-1.,-1.110223024625E-16));
#4880 = DIRECTION('',(2.22044604925E-16,5.551115123126E-16,1.));
#4881 = ADVANCED_FACE('',(#4882,#4888),#4986,.T.);
#4882 = FACE_BOUND('',#4883,.T.);
#4883 = EDGE_LOOP('',(#4884,#4885,#4886,#4887));
#4884 = ORIENTED_EDGE('',*,*,#4613,.T.);
#4885 = ORIENTED_EDGE('',*,*,#4583,.T.);
#4886 = ORIENTED_EDGE('',*,*,#4870,.T.);
#4887 = ORIENTED_EDGE('',*,*,#4638,.T.);
#4888 = FACE_BOUND('',#4889,.T.);
#4889 = EDGE_LOOP('',(#4890,#4900,#4908,#4916,#4924,#4932,#4940,#4948,
    #4956,#4964,#4972,#4980));
#4890 = ORIENTED_EDGE('',*,*,#4891,.F.);
#4891 = EDGE_CURVE('',#4892,#4894,#4896,.T.);
#4892 = VERTEX_POINT('',#4893);
#4893 = CARTESIAN_POINT('',(-99.,176.,21.083335800642));
#4894 = VERTEX_POINT('',#4895);
#4895 = CARTESIAN_POINT('',(-99.,173.71273210806,25.045));
#4896 = LINE('',#4897,#4898);
#4897 = CARTESIAN_POINT('',(-99.,176.62546421612,20.));
#4898 = VECTOR('',#4899,1.);
#4899 = DIRECTION('',(-1.487416814334E-17,-0.5,0.866025403784));
#4900 = ORIENTED_EDGE('',*,*,#4901,.F.);
#4901 = EDGE_CURVE('',#4902,#4892,#4904,.T.);
#4902 = VERTEX_POINT('',#4903);
#4903 = CARTESIAN_POINT('',(-99.,178.28726789193,25.045));
#4904 = LINE('',#4905,#4906);
#4905 = CARTESIAN_POINT('',(-99.,178.28726789193,25.045));
#4906 = VECTOR('',#4907,1.);
#4907 = DIRECTION('',(-2.071704367817E-16,-0.5,-0.866025403784));
#4908 = ORIENTED_EDGE('',*,*,#4909,.F.);
#4909 = EDGE_CURVE('',#4910,#4902,#4912,.T.);
#4910 = VERTEX_POINT('',#4911);
#4911 = CARTESIAN_POINT('',(-99.,203.71273210806,25.045));
#4912 = LINE('',#4913,#4914);
#4913 = CARTESIAN_POINT('',(-99.,203.71273210806,25.045));
#4914 = VECTOR('',#4915,1.);
#4915 = DIRECTION('',(-2.22044604925E-16,-1.,-1.110223024625E-16));
#4916 = ORIENTED_EDGE('',*,*,#4917,.F.);
#4917 = EDGE_CURVE('',#4918,#4910,#4920,.T.);
#4918 = VERTEX_POINT('',#4919);
#4919 = CARTESIAN_POINT('',(-99.,206.62546421612,20.));
#4920 = LINE('',#4921,#4922);
#4921 = CARTESIAN_POINT('',(-99.,206.62546421612,20.));
#4922 = VECTOR('',#4923,1.);
#4923 = DIRECTION('',(-1.487416814334E-17,-0.5,0.866025403784));
#4924 = ORIENTED_EDGE('',*,*,#4925,.F.);
#4925 = EDGE_CURVE('',#4926,#4918,#4928,.T.);
#4926 = VERTEX_POINT('',#4927);
#4927 = CARTESIAN_POINT('',(-99.,203.71273210806,14.955));
#4928 = LINE('',#4929,#4930);
#4929 = CARTESIAN_POINT('',(-99.,203.71273210806,14.955));
#4930 = VECTOR('',#4931,1.);
#4931 = DIRECTION('',(2.071704367817E-16,0.5,0.866025403784));
#4932 = ORIENTED_EDGE('',*,*,#4933,.F.);
#4933 = EDGE_CURVE('',#4934,#4926,#4936,.T.);
#4934 = VERTEX_POINT('',#4935);
#4935 = CARTESIAN_POINT('',(-99.,178.28726789193,14.955));
#4936 = LINE('',#4937,#4938);
#4937 = CARTESIAN_POINT('',(-99.,178.28726789193,14.955));
#4938 = VECTOR('',#4939,1.);
#4939 = DIRECTION('',(2.22044604925E-16,1.,4.115703572439E-17));
#4940 = ORIENTED_EDGE('',*,*,#4941,.F.);
#4941 = EDGE_CURVE('',#4942,#4934,#4944,.T.);
#4942 = VERTEX_POINT('',#4943);
#4943 = CARTESIAN_POINT('',(-99.,176.,18.916664199358));
#4944 = LINE('',#4945,#4946);
#4945 = CARTESIAN_POINT('',(-99.,175.37453578387,20.));
#4946 = VECTOR('',#4947,1.);
#4947 = DIRECTION('',(1.487416814334E-17,0.5,-0.866025403784));
#4948 = ORIENTED_EDGE('',*,*,#4949,.F.);
#4949 = EDGE_CURVE('',#4950,#4942,#4952,.T.);
#4950 = VERTEX_POINT('',#4951);
#4951 = CARTESIAN_POINT('',(-99.,173.71273210806,14.955));
#4952 = LINE('',#4953,#4954);
#4953 = CARTESIAN_POINT('',(-99.,173.71273210806,14.955));
#4954 = VECTOR('',#4955,1.);
#4955 = DIRECTION('',(2.071704367817E-16,0.5,0.866025403784));
#4956 = ORIENTED_EDGE('',*,*,#4957,.F.);
#4957 = EDGE_CURVE('',#4958,#4950,#4960,.T.);
#4958 = VERTEX_POINT('',#4959);
#4959 = CARTESIAN_POINT('',(-99.,148.28726789193,14.955));
#4960 = LINE('',#4961,#4962);
#4961 = CARTESIAN_POINT('',(-99.,148.28726789193,14.955));
#4962 = VECTOR('',#4963,1.);
#4963 = DIRECTION('',(2.22044604925E-16,1.,4.115703572439E-17));
#4964 = ORIENTED_EDGE('',*,*,#4965,.F.);
#4965 = EDGE_CURVE('',#4966,#4958,#4968,.T.);
#4966 = VERTEX_POINT('',#4967);
#4967 = CARTESIAN_POINT('',(-99.,145.37453578387,20.));
#4968 = LINE('',#4969,#4970);
#4969 = CARTESIAN_POINT('',(-99.,145.37453578387,20.));
#4970 = VECTOR('',#4971,1.);
#4971 = DIRECTION('',(1.487416814334E-17,0.5,-0.866025403784));
#4972 = ORIENTED_EDGE('',*,*,#4973,.F.);
#4973 = EDGE_CURVE('',#4974,#4966,#4976,.T.);
#4974 = VERTEX_POINT('',#4975);
#4975 = CARTESIAN_POINT('',(-99.,148.28726789193,25.045));
#4976 = LINE('',#4977,#4978);
#4977 = CARTESIAN_POINT('',(-99.,148.28726789193,25.045));
#4978 = VECTOR('',#4979,1.);
#4979 = DIRECTION('',(-2.071704367817E-16,-0.5,-0.866025403784));
#4980 = ORIENTED_EDGE('',*,*,#4981,.F.);
#4981 = EDGE_CURVE('',#4894,#4974,#4982,.T.);
#4982 = LINE('',#4983,#4984);
#4983 = CARTESIAN_POINT('',(-99.,173.71273210806,25.045));
#4984 = VECTOR('',#4985,1.);
#4985 = DIRECTION('',(-2.22044604925E-16,-1.,-1.110223024625E-16));
#4986 = PLANE('',#4987);
#4987 = AXIS2_PLACEMENT_3D('',#4988,#4989,#4990);
#4988 = CARTESIAN_POINT('',(-99.,176.,20.));
#4989 = DIRECTION('',(1.,2.22044604925E-16,4.440892098501E-16));
#4990 = DIRECTION('',(4.440892098501E-16,1.,2.22044604925E-16));
#4991 = ADVANCED_FACE('',(#4992),#5017,.F.);
#4992 = FACE_BOUND('',#4993,.F.);
#4993 = EDGE_LOOP('',(#4994,#4995,#5003,#5011));
#4994 = ORIENTED_EDGE('',*,*,#4891,.F.);
#4995 = ORIENTED_EDGE('',*,*,#4996,.F.);
#4996 = EDGE_CURVE('',#4997,#4892,#4999,.T.);
#4997 = VERTEX_POINT('',#4998);
#4998 = CARTESIAN_POINT('',(-104.,176.,21.083335800642));
#4999 = LINE('',#5000,#5001);
#5000 = CARTESIAN_POINT('',(-99.,176.,21.083335800642));
#5001 = VECTOR('',#5002,1.);
#5002 = DIRECTION('',(1.,0.,1.110223024625E-16));
#5003 = ORIENTED_EDGE('',*,*,#5004,.T.);
#5004 = EDGE_CURVE('',#4997,#5005,#5007,.T.);
#5005 = VERTEX_POINT('',#5006);
#5006 = CARTESIAN_POINT('',(-104.,173.71273210806,25.045));
#5007 = LINE('',#5008,#5009);
#5008 = CARTESIAN_POINT('',(-104.,176.62546421612,20.));
#5009 = VECTOR('',#5010,1.);
#5010 = DIRECTION('',(-1.487416814334E-17,-0.5,0.866025403784));
#5011 = ORIENTED_EDGE('',*,*,#5012,.F.);
#5012 = EDGE_CURVE('',#4894,#5005,#5013,.T.);
#5013 = LINE('',#5014,#5015);
#5014 = CARTESIAN_POINT('',(-99.,173.71273210806,25.045));
#5015 = VECTOR('',#5016,1.);
#5016 = DIRECTION('',(-1.,-0.,-1.110223024625E-16));
#5017 = PLANE('',#5018);
#5018 = AXIS2_PLACEMENT_3D('',#5019,#5020,#5021);
#5019 = CARTESIAN_POINT('',(-99.,176.62546421612,20.));
#5020 = DIRECTION('',(-5.551115123126E-17,0.866025403784,0.5));
#5021 = DIRECTION('',(-5.551115123126E-17,-0.5,0.866025403784));
#5022 = ADVANCED_FACE('',(#5023),#5041,.F.);
#5023 = FACE_BOUND('',#5024,.F.);
#5024 = EDGE_LOOP('',(#5025,#5026,#5034,#5040));
#5025 = ORIENTED_EDGE('',*,*,#5012,.T.);
#5026 = ORIENTED_EDGE('',*,*,#5027,.T.);
#5027 = EDGE_CURVE('',#5005,#5028,#5030,.T.);
#5028 = VERTEX_POINT('',#5029);
#5029 = CARTESIAN_POINT('',(-104.,148.28726789193,25.045));
#5030 = LINE('',#5031,#5032);
#5031 = CARTESIAN_POINT('',(-104.,173.71273210806,25.045));
#5032 = VECTOR('',#5033,1.);
#5033 = DIRECTION('',(-2.22044604925E-16,-1.,-1.110223024625E-16));
#5034 = ORIENTED_EDGE('',*,*,#5035,.F.);
#5035 = EDGE_CURVE('',#4974,#5028,#5036,.T.);
#5036 = LINE('',#5037,#5038);
#5037 = CARTESIAN_POINT('',(-99.,148.28726789193,25.045));
#5038 = VECTOR('',#5039,1.);
#5039 = DIRECTION('',(-1.,-0.,-1.110223024625E-16));
#5040 = ORIENTED_EDGE('',*,*,#4981,.F.);
#5041 = PLANE('',#5042);
#5042 = AXIS2_PLACEMENT_3D('',#5043,#5044,#5045);
#5043 = CARTESIAN_POINT('',(-99.,173.71273210806,25.045));
#5044 = DIRECTION('',(-1.110223024625E-16,1.232595164408E-32,1.));
#5045 = DIRECTION('',(-1.110223024625E-16,-1.,0.));
#5046 = ADVANCED_FACE('',(#5047),#5065,.F.);
#5047 = FACE_BOUND('',#5048,.F.);
#5048 = EDGE_LOOP('',(#5049,#5050,#5058,#5064));
#5049 = ORIENTED_EDGE('',*,*,#5035,.T.);
#5050 = ORIENTED_EDGE('',*,*,#5051,.T.);
#5051 = EDGE_CURVE('',#5028,#5052,#5054,.T.);
#5052 = VERTEX_POINT('',#5053);
#5053 = CARTESIAN_POINT('',(-104.,145.37453578387,20.));
#5054 = LINE('',#5055,#5056);
#5055 = CARTESIAN_POINT('',(-104.,148.28726789193,25.045));
#5056 = VECTOR('',#5057,1.);
#5057 = DIRECTION('',(-2.071704367817E-16,-0.5,-0.866025403784));
#5058 = ORIENTED_EDGE('',*,*,#5059,.F.);
#5059 = EDGE_CURVE('',#4966,#5052,#5060,.T.);
#5060 = LINE('',#5061,#5062);
#5061 = CARTESIAN_POINT('',(-99.,145.37453578387,20.));
#5062 = VECTOR('',#5063,1.);
#5063 = DIRECTION('',(-1.,-0.,-1.110223024625E-16));
#5064 = ORIENTED_EDGE('',*,*,#4973,.F.);
#5065 = PLANE('',#5066);
#5066 = AXIS2_PLACEMENT_3D('',#5067,#5068,#5069);
#5067 = CARTESIAN_POINT('',(-99.,148.28726789193,25.045));
#5068 = DIRECTION('',(-5.551115123126E-17,-0.866025403784,0.5));
#5069 = DIRECTION('',(-5.551115123126E-17,-0.5,-0.866025403784));
#5070 = ADVANCED_FACE('',(#5071),#5089,.F.);
#5071 = FACE_BOUND('',#5072,.F.);
#5072 = EDGE_LOOP('',(#5073,#5074,#5082,#5088));
#5073 = ORIENTED_EDGE('',*,*,#5059,.T.);
#5074 = ORIENTED_EDGE('',*,*,#5075,.T.);
#5075 = EDGE_CURVE('',#5052,#5076,#5078,.T.);
#5076 = VERTEX_POINT('',#5077);
#5077 = CARTESIAN_POINT('',(-104.,148.28726789193,14.955));
#5078 = LINE('',#5079,#5080);
#5079 = CARTESIAN_POINT('',(-104.,145.37453578387,20.));
#5080 = VECTOR('',#5081,1.);
#5081 = DIRECTION('',(1.487416814334E-17,0.5,-0.866025403784));
#5082 = ORIENTED_EDGE('',*,*,#5083,.F.);
#5083 = EDGE_CURVE('',#4958,#5076,#5084,.T.);
#5084 = LINE('',#5085,#5086);
#5085 = CARTESIAN_POINT('',(-99.,148.28726789193,14.955));
#5086 = VECTOR('',#5087,1.);
#5087 = DIRECTION('',(-1.,-0.,-1.110223024625E-16));
#5088 = ORIENTED_EDGE('',*,*,#4965,.F.);
#5089 = PLANE('',#5090);
#5090 = AXIS2_PLACEMENT_3D('',#5091,#5092,#5093);
#5091 = CARTESIAN_POINT('',(-99.,145.37453578387,20.));
#5092 = DIRECTION('',(5.551115123126E-17,-0.866025403784,-0.5));
#5093 = DIRECTION('',(5.551115123126E-17,0.5,-0.866025403784));
#5094 = ADVANCED_FACE('',(#5095),#5113,.F.);
#5095 = FACE_BOUND('',#5096,.F.);
#5096 = EDGE_LOOP('',(#5097,#5098,#5106,#5112));
#5097 = ORIENTED_EDGE('',*,*,#5083,.T.);
#5098 = ORIENTED_EDGE('',*,*,#5099,.T.);
#5099 = EDGE_CURVE('',#5076,#5100,#5102,.T.);
#5100 = VERTEX_POINT('',#5101);
#5101 = CARTESIAN_POINT('',(-104.,173.71273210806,14.955));
#5102 = LINE('',#5103,#5104);
#5103 = CARTESIAN_POINT('',(-104.,148.28726789193,14.955));
#5104 = VECTOR('',#5105,1.);
#5105 = DIRECTION('',(2.22044604925E-16,1.,4.115703572439E-17));
#5106 = ORIENTED_EDGE('',*,*,#5107,.F.);
#5107 = EDGE_CURVE('',#4950,#5100,#5108,.T.);
#5108 = LINE('',#5109,#5110);
#5109 = CARTESIAN_POINT('',(-99.,173.71273210806,14.955));
#5110 = VECTOR('',#5111,1.);
#5111 = DIRECTION('',(-1.,-0.,-1.110223024625E-16));
#5112 = ORIENTED_EDGE('',*,*,#4957,.F.);
#5113 = PLANE('',#5114);
#5114 = AXIS2_PLACEMENT_3D('',#5115,#5116,#5117);
#5115 = CARTESIAN_POINT('',(-99.,148.28726789193,14.955));
#5116 = DIRECTION('',(1.110223024625E-16,-6.986526673813E-17,-1.));
#5117 = DIRECTION('',(1.110223024625E-16,1.,-6.986526673813E-17));
#5118 = ADVANCED_FACE('',(#5119),#5137,.F.);
#5119 = FACE_BOUND('',#5120,.F.);
#5120 = EDGE_LOOP('',(#5121,#5122,#5123,#5131));
#5121 = ORIENTED_EDGE('',*,*,#4949,.F.);
#5122 = ORIENTED_EDGE('',*,*,#5107,.T.);
#5123 = ORIENTED_EDGE('',*,*,#5124,.T.);
#5124 = EDGE_CURVE('',#5100,#5125,#5127,.T.);
#5125 = VERTEX_POINT('',#5126);
#5126 = CARTESIAN_POINT('',(-104.,176.,18.916664199358));
#5127 = LINE('',#5128,#5129);
#5128 = CARTESIAN_POINT('',(-104.,173.71273210806,14.955));
#5129 = VECTOR('',#5130,1.);
#5130 = DIRECTION('',(2.071704367817E-16,0.5,0.866025403784));
#5131 = ORIENTED_EDGE('',*,*,#5132,.F.);
#5132 = EDGE_CURVE('',#4942,#5125,#5133,.T.);
#5133 = LINE('',#5134,#5135);
#5134 = CARTESIAN_POINT('',(-99.,176.,18.916664199358));
#5135 = VECTOR('',#5136,1.);
#5136 = DIRECTION('',(-1.,0.,-1.110223024625E-16));
#5137 = PLANE('',#5138);
#5138 = AXIS2_PLACEMENT_3D('',#5139,#5140,#5141);
#5139 = CARTESIAN_POINT('',(-99.,173.71273210806,14.955));
#5140 = DIRECTION('',(5.551115123126E-17,0.866025403784,-0.5));
#5141 = DIRECTION('',(5.551115123126E-17,0.5,0.866025403784));
#5142 = ADVANCED_FACE('',(#5143),#5161,.F.);
#5143 = FACE_BOUND('',#5144,.F.);
#5144 = EDGE_LOOP('',(#5145,#5146,#5147,#5155));
#5145 = ORIENTED_EDGE('',*,*,#4941,.F.);
#5146 = ORIENTED_EDGE('',*,*,#5132,.T.);
#5147 = ORIENTED_EDGE('',*,*,#5148,.T.);
#5148 = EDGE_CURVE('',#5125,#5149,#5151,.T.);
#5149 = VERTEX_POINT('',#5150);
#5150 = CARTESIAN_POINT('',(-104.,178.28726789193,14.955));
#5151 = LINE('',#5152,#5153);
#5152 = CARTESIAN_POINT('',(-104.,175.37453578387,20.));
#5153 = VECTOR('',#5154,1.);
#5154 = DIRECTION('',(1.487416814334E-17,0.5,-0.866025403784));
#5155 = ORIENTED_EDGE('',*,*,#5156,.F.);
#5156 = EDGE_CURVE('',#4934,#5149,#5157,.T.);
#5157 = LINE('',#5158,#5159);
#5158 = CARTESIAN_POINT('',(-99.,178.28726789193,14.955));
#5159 = VECTOR('',#5160,1.);
#5160 = DIRECTION('',(-1.,-0.,-1.110223024625E-16));
#5161 = PLANE('',#5162);
#5162 = AXIS2_PLACEMENT_3D('',#5163,#5164,#5165);
#5163 = CARTESIAN_POINT('',(-99.,175.37453578387,20.));
#5164 = DIRECTION('',(5.551115123126E-17,-0.866025403784,-0.5));
#5165 = DIRECTION('',(5.551115123126E-17,0.5,-0.866025403784));
#5166 = ADVANCED_FACE('',(#5167),#5185,.F.);
#5167 = FACE_BOUND('',#5168,.F.);
#5168 = EDGE_LOOP('',(#5169,#5170,#5178,#5184));
#5169 = ORIENTED_EDGE('',*,*,#5156,.T.);
#5170 = ORIENTED_EDGE('',*,*,#5171,.T.);
#5171 = EDGE_CURVE('',#5149,#5172,#5174,.T.);
#5172 = VERTEX_POINT('',#5173);
#5173 = CARTESIAN_POINT('',(-104.,203.71273210806,14.955));
#5174 = LINE('',#5175,#5176);
#5175 = CARTESIAN_POINT('',(-104.,178.28726789193,14.955));
#5176 = VECTOR('',#5177,1.);
#5177 = DIRECTION('',(2.22044604925E-16,1.,4.115703572439E-17));
#5178 = ORIENTED_EDGE('',*,*,#5179,.F.);
#5179 = EDGE_CURVE('',#4926,#5172,#5180,.T.);
#5180 = LINE('',#5181,#5182);
#5181 = CARTESIAN_POINT('',(-99.,203.71273210806,14.955));
#5182 = VECTOR('',#5183,1.);
#5183 = DIRECTION('',(-1.,-0.,-1.110223024625E-16));
#5184 = ORIENTED_EDGE('',*,*,#4933,.F.);
#5185 = PLANE('',#5186);
#5186 = AXIS2_PLACEMENT_3D('',#5187,#5188,#5189);
#5187 = CARTESIAN_POINT('',(-99.,178.28726789193,14.955));
#5188 = DIRECTION('',(1.110223024625E-16,-6.986526673813E-17,-1.));
#5189 = DIRECTION('',(1.110223024625E-16,1.,-6.986526673813E-17));
#5190 = ADVANCED_FACE('',(#5191),#5209,.F.);
#5191 = FACE_BOUND('',#5192,.F.);
#5192 = EDGE_LOOP('',(#5193,#5194,#5202,#5208));
#5193 = ORIENTED_EDGE('',*,*,#5179,.T.);
#5194 = ORIENTED_EDGE('',*,*,#5195,.T.);
#5195 = EDGE_CURVE('',#5172,#5196,#5198,.T.);
#5196 = VERTEX_POINT('',#5197);
#5197 = CARTESIAN_POINT('',(-104.,206.62546421612,20.));
#5198 = LINE('',#5199,#5200);
#5199 = CARTESIAN_POINT('',(-104.,203.71273210806,14.955));
#5200 = VECTOR('',#5201,1.);
#5201 = DIRECTION('',(2.071704367817E-16,0.5,0.866025403784));
#5202 = ORIENTED_EDGE('',*,*,#5203,.F.);
#5203 = EDGE_CURVE('',#4918,#5196,#5204,.T.);
#5204 = LINE('',#5205,#5206);
#5205 = CARTESIAN_POINT('',(-99.,206.62546421612,20.));
#5206 = VECTOR('',#5207,1.);
#5207 = DIRECTION('',(-1.,-0.,-1.110223024625E-16));
#5208 = ORIENTED_EDGE('',*,*,#4925,.F.);
#5209 = PLANE('',#5210);
#5210 = AXIS2_PLACEMENT_3D('',#5211,#5212,#5213);
#5211 = CARTESIAN_POINT('',(-99.,203.71273210806,14.955));
#5212 = DIRECTION('',(5.551115123126E-17,0.866025403784,-0.5));
#5213 = DIRECTION('',(5.551115123126E-17,0.5,0.866025403784));
#5214 = ADVANCED_FACE('',(#5215),#5233,.F.);
#5215 = FACE_BOUND('',#5216,.F.);
#5216 = EDGE_LOOP('',(#5217,#5218,#5226,#5232));
#5217 = ORIENTED_EDGE('',*,*,#5203,.T.);
#5218 = ORIENTED_EDGE('',*,*,#5219,.T.);
#5219 = EDGE_CURVE('',#5196,#5220,#5222,.T.);
#5220 = VERTEX_POINT('',#5221);
#5221 = CARTESIAN_POINT('',(-104.,203.71273210806,25.045));
#5222 = LINE('',#5223,#5224);
#5223 = CARTESIAN_POINT('',(-104.,206.62546421612,20.));
#5224 = VECTOR('',#5225,1.);
#5225 = DIRECTION('',(-1.487416814334E-17,-0.5,0.866025403784));
#5226 = ORIENTED_EDGE('',*,*,#5227,.F.);
#5227 = EDGE_CURVE('',#4910,#5220,#5228,.T.);
#5228 = LINE('',#5229,#5230);
#5229 = CARTESIAN_POINT('',(-99.,203.71273210806,25.045));
#5230 = VECTOR('',#5231,1.);
#5231 = DIRECTION('',(-1.,-0.,-1.110223024625E-16));
#5232 = ORIENTED_EDGE('',*,*,#4917,.F.);
#5233 = PLANE('',#5234);
#5234 = AXIS2_PLACEMENT_3D('',#5235,#5236,#5237);
#5235 = CARTESIAN_POINT('',(-99.,206.62546421612,20.));
#5236 = DIRECTION('',(-5.551115123126E-17,0.866025403784,0.5));
#5237 = DIRECTION('',(-5.551115123126E-17,-0.5,0.866025403784));
#5238 = ADVANCED_FACE('',(#5239),#5257,.F.);
#5239 = FACE_BOUND('',#5240,.F.);
#5240 = EDGE_LOOP('',(#5241,#5242,#5250,#5256));
#5241 = ORIENTED_EDGE('',*,*,#5227,.T.);
#5242 = ORIENTED_EDGE('',*,*,#5243,.T.);
#5243 = EDGE_CURVE('',#5220,#5244,#5246,.T.);
#5244 = VERTEX_POINT('',#5245);
#5245 = CARTESIAN_POINT('',(-104.,178.28726789193,25.045));
#5246 = LINE('',#5247,#5248);
#5247 = CARTESIAN_POINT('',(-104.,203.71273210806,25.045));
#5248 = VECTOR('',#5249,1.);
#5249 = DIRECTION('',(-2.22044604925E-16,-1.,-1.110223024625E-16));
#5250 = ORIENTED_EDGE('',*,*,#5251,.F.);
#5251 = EDGE_CURVE('',#4902,#5244,#5252,.T.);
#5252 = LINE('',#5253,#5254);
#5253 = CARTESIAN_POINT('',(-99.,178.28726789193,25.045));
#5254 = VECTOR('',#5255,1.);
#5255 = DIRECTION('',(-1.,-0.,-1.110223024625E-16));
#5256 = ORIENTED_EDGE('',*,*,#4909,.F.);
#5257 = PLANE('',#5258);
#5258 = AXIS2_PLACEMENT_3D('',#5259,#5260,#5261);
#5259 = CARTESIAN_POINT('',(-99.,203.71273210806,25.045));
#5260 = DIRECTION('',(-1.110223024625E-16,1.232595164408E-32,1.));
#5261 = DIRECTION('',(-1.110223024625E-16,-1.,0.));
#5262 = ADVANCED_FACE('',(#5263),#5274,.F.);
#5263 = FACE_BOUND('',#5264,.F.);
#5264 = EDGE_LOOP('',(#5265,#5266,#5267,#5273));
#5265 = ORIENTED_EDGE('',*,*,#4901,.F.);
#5266 = ORIENTED_EDGE('',*,*,#5251,.T.);
#5267 = ORIENTED_EDGE('',*,*,#5268,.T.);
#5268 = EDGE_CURVE('',#5244,#4997,#5269,.T.);
#5269 = LINE('',#5270,#5271);
#5270 = CARTESIAN_POINT('',(-104.,178.28726789193,25.045));
#5271 = VECTOR('',#5272,1.);
#5272 = DIRECTION('',(-2.071704367817E-16,-0.5,-0.866025403784));
#5273 = ORIENTED_EDGE('',*,*,#4996,.T.);
#5274 = PLANE('',#5275);
#5275 = AXIS2_PLACEMENT_3D('',#5276,#5277,#5278);
#5276 = CARTESIAN_POINT('',(-99.,178.28726789193,25.045));
#5277 = DIRECTION('',(-5.551115123126E-17,-0.866025403784,0.5));
#5278 = DIRECTION('',(-5.551115123126E-17,-0.5,-0.866025403784));
#5279 = ADVANCED_FACE('',(#5280,#5294,#5300),#5306,.T.);
#5280 = FACE_BOUND('',#5281,.T.);
#5281 = EDGE_LOOP('',(#5282,#5283,#5284,#5285,#5286,#5287,#5288,#5289,
    #5290,#5291,#5292,#5293));
#5282 = ORIENTED_EDGE('',*,*,#5124,.T.);
#5283 = ORIENTED_EDGE('',*,*,#5148,.T.);
#5284 = ORIENTED_EDGE('',*,*,#5171,.T.);
#5285 = ORIENTED_EDGE('',*,*,#5195,.T.);
#5286 = ORIENTED_EDGE('',*,*,#5219,.T.);
#5287 = ORIENTED_EDGE('',*,*,#5243,.T.);
#5288 = ORIENTED_EDGE('',*,*,#5268,.T.);
#5289 = ORIENTED_EDGE('',*,*,#5004,.T.);
#5290 = ORIENTED_EDGE('',*,*,#5027,.T.);
#5291 = ORIENTED_EDGE('',*,*,#5051,.T.);
#5292 = ORIENTED_EDGE('',*,*,#5075,.T.);
#5293 = ORIENTED_EDGE('',*,*,#5099,.T.);
#5294 = FACE_BOUND('',#5295,.T.);
#5295 = EDGE_LOOP('',(#5296,#5297,#5298,#5299));
#5296 = ORIENTED_EDGE('',*,*,#4672,.F.);
#5297 = ORIENTED_EDGE('',*,*,#4704,.T.);
#5298 = ORIENTED_EDGE('',*,*,#4728,.F.);
#5299 = ORIENTED_EDGE('',*,*,#4753,.T.);
#5300 = FACE_BOUND('',#5301,.T.);
#5301 = EDGE_LOOP('',(#5302,#5303,#5304,#5305));
#5302 = ORIENTED_EDGE('',*,*,#4770,.F.);
#5303 = ORIENTED_EDGE('',*,*,#4802,.T.);
#5304 = ORIENTED_EDGE('',*,*,#4826,.F.);
#5305 = ORIENTED_EDGE('',*,*,#4851,.T.);
#5306 = PLANE('',#5307);
#5307 = AXIS2_PLACEMENT_3D('',#5308,#5309,#5310);
#5308 = CARTESIAN_POINT('',(-104.,176.,20.));
#5309 = DIRECTION('',(1.,0.,0.));
#5310 = DIRECTION('',(0.,1.,0.));
#5311 = MANIFOLD_SOLID_BREP('',#5312);
#5312 = CLOSED_SHELL('',(#5313,#5353,#5488,#5528,#5584,#5601,#5623,#5656
    ,#5705,#5722,#5881,#5912,#5937,#5961,#5979,#6010,#6035,#6059,#6077,
    #6094,#6204,#6228,#6376,#6393,#6410,#6427,#6439,#6461,#6478,#6495,
    #6507,#6529,#6546,#6563,#6575,#6597,#6614,#6631,#6643,#6674,#6698,
    #6722,#6746,#6770,#6794,#6818,#6842,#6866,#6890,#6914,#6931));
#5313 = ADVANCED_FACE('',(#5314),#5348,.T.);
#5314 = FACE_BOUND('',#5315,.T.);
#5315 = EDGE_LOOP('',(#5316,#5326,#5334,#5342));
#5316 = ORIENTED_EDGE('',*,*,#5317,.F.);
#5317 = EDGE_CURVE('',#5318,#5320,#5322,.T.);
#5318 = VERTEX_POINT('',#5319);
#5319 = CARTESIAN_POINT('',(107.,146.,40.3));
#5320 = VERTEX_POINT('',#5321);
#5321 = CARTESIAN_POINT('',(107.,146.,29.));
#5322 = LINE('',#5323,#5324);
#5323 = CARTESIAN_POINT('',(107.,146.,40.3));
#5324 = VECTOR('',#5325,1.);
#5325 = DIRECTION('',(-6.661338147751E-16,-1.33226762955E-15,-1.));
#5326 = ORIENTED_EDGE('',*,*,#5327,.T.);
#5327 = EDGE_CURVE('',#5318,#5328,#5330,.T.);
#5328 = VERTEX_POINT('',#5329);
#5329 = CARTESIAN_POINT('',(103.8,146.,40.3));
#5330 = LINE('',#5331,#5332);
#5331 = CARTESIAN_POINT('',(107.,146.,40.3));
#5332 = VECTOR('',#5333,1.);
#5333 = DIRECTION('',(-1.,-5.551115123126E-16,-1.221245327088E-15));
#5334 = ORIENTED_EDGE('',*,*,#5335,.T.);
#5335 = EDGE_CURVE('',#5328,#5336,#5338,.T.);
#5336 = VERTEX_POINT('',#5337);
#5337 = CARTESIAN_POINT('',(103.8,146.,29.));
#5338 = LINE('',#5339,#5340);
#5339 = CARTESIAN_POINT('',(103.8,146.,40.3));
#5340 = VECTOR('',#5341,1.);
#5341 = DIRECTION('',(-6.661338147751E-16,-1.33226762955E-15,-1.));
#5342 = ORIENTED_EDGE('',*,*,#5343,.F.);
#5343 = EDGE_CURVE('',#5320,#5336,#5344,.T.);
#5344 = LINE('',#5345,#5346);
#5345 = CARTESIAN_POINT('',(107.,146.,29.));
#5346 = VECTOR('',#5347,1.);
#5347 = DIRECTION('',(-1.,1.110223024625E-16,-5.551115123126E-16));
#5348 = PLANE('',#5349);
#5349 = AXIS2_PLACEMENT_3D('',#5350,#5351,#5352);
#5350 = CARTESIAN_POINT('',(107.,146.,40.3));
#5351 = DIRECTION('',(-1.110223024625E-15,-1.,-4.440892098501E-16));
#5352 = DIRECTION('',(-5.551115123126E-16,-1.221245327088E-15,-1.));
#5353 = ADVANCED_FACE('',(#5354,#5411,#5447),#5483,.T.);
#5354 = FACE_BOUND('',#5355,.T.);
#5355 = EDGE_LOOP('',(#5356,#5366,#5374,#5382,#5388,#5389,#5397,#5405));
#5356 = ORIENTED_EDGE('',*,*,#5357,.T.);
#5357 = EDGE_CURVE('',#5358,#5360,#5362,.T.);
#5358 = VERTEX_POINT('',#5359);
#5359 = CARTESIAN_POINT('',(107.,146.,11.));
#5360 = VERTEX_POINT('',#5361);
#5361 = CARTESIAN_POINT('',(107.,146.,0.));
#5362 = LINE('',#5363,#5364);
#5363 = CARTESIAN_POINT('',(107.,146.,40.3));
#5364 = VECTOR('',#5365,1.);
#5365 = DIRECTION('',(-6.661338147751E-16,-1.33226762955E-15,-1.));
#5366 = ORIENTED_EDGE('',*,*,#5367,.T.);
#5367 = EDGE_CURVE('',#5360,#5368,#5370,.T.);
#5368 = VERTEX_POINT('',#5369);
#5369 = CARTESIAN_POINT('',(107.,235.,0.));
#5370 = LINE('',#5371,#5372);
#5371 = CARTESIAN_POINT('',(107.,146.,1.685318551381E-13));
#5372 = VECTOR('',#5373,1.);
#5373 = DIRECTION('',(1.33226762955E-15,1.,6.661338147751E-16));
#5374 = ORIENTED_EDGE('',*,*,#5375,.T.);
#5375 = EDGE_CURVE('',#5368,#5376,#5378,.T.);
#5376 = VERTEX_POINT('',#5377);
#5377 = CARTESIAN_POINT('',(107.,235.,40.3));
#5378 = LINE('',#5379,#5380);
#5379 = CARTESIAN_POINT('',(107.,235.,2.278177646531E-13));
#5380 = VECTOR('',#5381,1.);
#5381 = DIRECTION('',(6.661338147751E-16,1.33226762955E-15,1.));
#5382 = ORIENTED_EDGE('',*,*,#5383,.T.);
#5383 = EDGE_CURVE('',#5376,#5318,#5384,.T.);
#5384 = LINE('',#5385,#5386);
#5385 = CARTESIAN_POINT('',(107.,235.,40.3));
#5386 = VECTOR('',#5387,1.);
#5387 = DIRECTION('',(-1.33226762955E-15,-1.,-6.661338147751E-16));
#5388 = ORIENTED_EDGE('',*,*,#5317,.T.);
#5389 = ORIENTED_EDGE('',*,*,#5390,.T.);
#5390 = EDGE_CURVE('',#5320,#5391,#5393,.T.);
#5391 = VERTEX_POINT('',#5392);
#5392 = CARTESIAN_POINT('',(107.,144.,29.));
#5393 = LINE('',#5394,#5395);
#5394 = CARTESIAN_POINT('',(107.,178.,29.));
#5395 = VECTOR('',#5396,1.);
#5396 = DIRECTION('',(-6.661338147751E-16,-1.,-3.330669073875E-16));
#5397 = ORIENTED_EDGE('',*,*,#5398,.T.);
#5398 = EDGE_CURVE('',#5391,#5399,#5401,.T.);
#5399 = VERTEX_POINT('',#5400);
#5400 = CARTESIAN_POINT('',(107.,144.,11.));
#5401 = LINE('',#5402,#5403);
#5402 = CARTESIAN_POINT('',(107.,144.,29.));
#5403 = VECTOR('',#5404,1.);
#5404 = DIRECTION('',(-3.330669073875E-16,-6.661338147751E-16,-1.));
#5405 = ORIENTED_EDGE('',*,*,#5406,.T.);
#5406 = EDGE_CURVE('',#5399,#5358,#5407,.T.);
#5407 = LINE('',#5408,#5409);
#5408 = CARTESIAN_POINT('',(107.,144.,11.));
#5409 = VECTOR('',#5410,1.);
#5410 = DIRECTION('',(6.661338147751E-16,1.,3.330669073875E-16));
#5411 = FACE_BOUND('',#5412,.T.);
#5412 = EDGE_LOOP('',(#5413,#5423,#5432,#5440));
#5413 = ORIENTED_EDGE('',*,*,#5414,.F.);
#5414 = EDGE_CURVE('',#5415,#5417,#5419,.T.);
#5415 = VERTEX_POINT('',#5416);
#5416 = CARTESIAN_POINT('',(107.,151.2,16.8));
#5417 = VERTEX_POINT('',#5418);
#5418 = CARTESIAN_POINT('',(107.,170.8,16.8));
#5419 = LINE('',#5420,#5421);
#5420 = CARTESIAN_POINT('',(107.,151.2,16.8));
#5421 = VECTOR('',#5422,1.);
#5422 = DIRECTION('',(4.440892098501E-16,1.,2.22044604925E-16));
#5423 = ORIENTED_EDGE('',*,*,#5424,.F.);
#5424 = EDGE_CURVE('',#5425,#5415,#5427,.T.);
#5425 = VERTEX_POINT('',#5426);
#5426 = CARTESIAN_POINT('',(107.,151.2,23.2));
#5427 = CIRCLE('',#5428,3.2);
#5428 = AXIS2_PLACEMENT_3D('',#5429,#5430,#5431);
#5429 = CARTESIAN_POINT('',(107.,151.2,20.));
#5430 = DIRECTION('',(1.,-4.440892098501E-16,-2.22044604925E-16));
#5431 = DIRECTION('',(4.440892098501E-16,1.,2.22044604925E-16));
#5432 = ORIENTED_EDGE('',*,*,#5433,.F.);
#5433 = EDGE_CURVE('',#5434,#5425,#5436,.T.);
#5434 = VERTEX_POINT('',#5435);
#5435 = CARTESIAN_POINT('',(107.,170.8,23.2));
#5436 = LINE('',#5437,#5438);
#5437 = CARTESIAN_POINT('',(107.,170.8,23.2));
#5438 = VECTOR('',#5439,1.);
#5439 = DIRECTION('',(-4.440892098501E-16,-1.,-2.22044604925E-16));
#5440 = ORIENTED_EDGE('',*,*,#5441,.F.);
#5441 = EDGE_CURVE('',#5417,#5434,#5442,.T.);
#5442 = CIRCLE('',#5443,3.2);
#5443 = AXIS2_PLACEMENT_3D('',#5444,#5445,#5446);
#5444 = CARTESIAN_POINT('',(107.,170.8,20.));
#5445 = DIRECTION('',(1.,-4.440892098501E-16,-2.22044604925E-16));
#5446 = DIRECTION('',(4.440892098501E-16,1.,2.22044604925E-16));
#5447 = FACE_BOUND('',#5448,.T.);
#5448 = EDGE_LOOP('',(#5449,#5459,#5468,#5476));
#5449 = ORIENTED_EDGE('',*,*,#5450,.F.);
#5450 = EDGE_CURVE('',#5451,#5453,#5455,.T.);
#5451 = VERTEX_POINT('',#5452);
#5452 = CARTESIAN_POINT('',(107.,181.2,16.8));
#5453 = VERTEX_POINT('',#5454);
#5454 = CARTESIAN_POINT('',(107.,200.8,16.8));
#5455 = LINE('',#5456,#5457);
#5456 = CARTESIAN_POINT('',(107.,181.2,16.8));
#5457 = VECTOR('',#5458,1.);
#5458 = DIRECTION('',(4.440892098501E-16,1.,2.22044604925E-16));
#5459 = ORIENTED_EDGE('',*,*,#5460,.F.);
#5460 = EDGE_CURVE('',#5461,#5451,#5463,.T.);
#5461 = VERTEX_POINT('',#5462);
#5462 = CARTESIAN_POINT('',(107.,181.2,23.2));
#5463 = CIRCLE('',#5464,3.2);
#5464 = AXIS2_PLACEMENT_3D('',#5465,#5466,#5467);
#5465 = CARTESIAN_POINT('',(107.,181.2,20.));
#5466 = DIRECTION('',(1.,-4.440892098501E-16,-2.22044604925E-16));
#5467 = DIRECTION('',(4.440892098501E-16,1.,2.22044604925E-16));
#5468 = ORIENTED_EDGE('',*,*,#5469,.F.);
#5469 = EDGE_CURVE('',#5470,#5461,#5472,.T.);
#5470 = VERTEX_POINT('',#5471);
#5471 = CARTESIAN_POINT('',(107.,200.8,23.2));
#5472 = LINE('',#5473,#5474);
#5473 = CARTESIAN_POINT('',(107.,200.8,23.2));
#5474 = VECTOR('',#5475,1.);
#5475 = DIRECTION('',(-4.440892098501E-16,-1.,-2.22044604925E-16));
#5476 = ORIENTED_EDGE('',*,*,#5477,.F.);
#5477 = EDGE_CURVE('',#5453,#5470,#5478,.T.);
#5478 = CIRCLE('',#5479,3.2);
#5479 = AXIS2_PLACEMENT_3D('',#5480,#5481,#5482);
#5480 = CARTESIAN_POINT('',(107.,200.8,20.));
#5481 = DIRECTION('',(1.,-4.440892098501E-16,-2.22044604925E-16));
#5482 = DIRECTION('',(4.440892098501E-16,1.,2.22044604925E-16));
#5483 = PLANE('',#5484);
#5484 = AXIS2_PLACEMENT_3D('',#5485,#5486,#5487);
#5485 = CARTESIAN_POINT('',(107.,189.66984006092,20.147715156131));
#5486 = DIRECTION('',(1.,-3.410124029975E-16,4.440892098501E-16));
#5487 = DIRECTION('',(1.007146217773E-15,1.,2.22044604925E-16));
#5488 = ADVANCED_FACE('',(#5489),#5523,.T.);
#5489 = FACE_BOUND('',#5490,.T.);
#5490 = EDGE_LOOP('',(#5491,#5499,#5507,#5515,#5521,#5522));
#5491 = ORIENTED_EDGE('',*,*,#5492,.F.);
#5492 = EDGE_CURVE('',#5493,#5336,#5495,.T.);
#5493 = VERTEX_POINT('',#5494);
#5494 = CARTESIAN_POINT('',(103.8,208.,29.));
#5495 = LINE('',#5496,#5497);
#5496 = CARTESIAN_POINT('',(103.8,199.25,29.));
#5497 = VECTOR('',#5498,1.);
#5498 = DIRECTION('',(-4.440892098501E-16,-1.,-2.22044604925E-16));
#5499 = ORIENTED_EDGE('',*,*,#5500,.T.);
#5500 = EDGE_CURVE('',#5493,#5501,#5503,.T.);
#5501 = VERTEX_POINT('',#5502);
#5502 = CARTESIAN_POINT('',(99.,208.,29.));
#5503 = LINE('',#5504,#5505);
#5504 = CARTESIAN_POINT('',(107.,208.,29.));
#5505 = VECTOR('',#5506,1.);
#5506 = DIRECTION('',(-1.,-2.22044604925E-16,-5.551115123126E-16));
#5507 = ORIENTED_EDGE('',*,*,#5508,.T.);
#5508 = EDGE_CURVE('',#5501,#5509,#5511,.T.);
#5509 = VERTEX_POINT('',#5510);
#5510 = CARTESIAN_POINT('',(99.,144.,29.));
#5511 = LINE('',#5512,#5513);
#5512 = CARTESIAN_POINT('',(99.,208.,29.));
#5513 = VECTOR('',#5514,1.);
#5514 = DIRECTION('',(-5.551115123126E-16,-1.,-2.22044604925E-16));
#5515 = ORIENTED_EDGE('',*,*,#5516,.F.);
#5516 = EDGE_CURVE('',#5391,#5509,#5517,.T.);
#5517 = LINE('',#5518,#5519);
#5518 = CARTESIAN_POINT('',(107.,144.,29.));
#5519 = VECTOR('',#5520,1.);
#5520 = DIRECTION('',(-1.,-2.22044604925E-16,-5.551115123126E-16));
#5521 = ORIENTED_EDGE('',*,*,#5390,.F.);
#5522 = ORIENTED_EDGE('',*,*,#5343,.T.);
#5523 = PLANE('',#5524);
#5524 = AXIS2_PLACEMENT_3D('',#5525,#5526,#5527);
#5525 = CARTESIAN_POINT('',(101.62222222222,174.62222222222,29.));
#5526 = DIRECTION('',(2.22044604925E-16,4.440892098501E-16,1.));
#5527 = DIRECTION('',(1.,2.22044604925E-16,4.440892098501E-16));
#5528 = ADVANCED_FACE('',(#5529),#5579,.F.);
#5529 = FACE_BOUND('',#5530,.F.);
#5530 = EDGE_LOOP('',(#5531,#5541,#5549,#5557,#5563,#5564,#5565,#5573));
#5531 = ORIENTED_EDGE('',*,*,#5532,.T.);
#5532 = EDGE_CURVE('',#5533,#5535,#5537,.T.);
#5533 = VERTEX_POINT('',#5534);
#5534 = CARTESIAN_POINT('',(103.8,146.,11.));
#5535 = VERTEX_POINT('',#5536);
#5536 = CARTESIAN_POINT('',(103.8,146.,0.));
#5537 = LINE('',#5538,#5539);
#5538 = CARTESIAN_POINT('',(103.8,146.,40.3));
#5539 = VECTOR('',#5540,1.);
#5540 = DIRECTION('',(-6.661338147751E-16,-1.33226762955E-15,-1.));
#5541 = ORIENTED_EDGE('',*,*,#5542,.T.);
#5542 = EDGE_CURVE('',#5535,#5543,#5545,.T.);
#5543 = VERTEX_POINT('',#5544);
#5544 = CARTESIAN_POINT('',(103.8,235.,0.));
#5545 = LINE('',#5546,#5547);
#5546 = CARTESIAN_POINT('',(103.8,146.,1.620925615953E-13));
#5547 = VECTOR('',#5548,1.);
#5548 = DIRECTION('',(1.33226762955E-15,1.,6.661338147751E-16));
#5549 = ORIENTED_EDGE('',*,*,#5550,.T.);
#5550 = EDGE_CURVE('',#5543,#5551,#5553,.T.);
#5551 = VERTEX_POINT('',#5552);
#5552 = CARTESIAN_POINT('',(103.8,235.,40.3));
#5553 = LINE('',#5554,#5555);
#5554 = CARTESIAN_POINT('',(103.8,235.,2.211564265053E-13));
#5555 = VECTOR('',#5556,1.);
#5556 = DIRECTION('',(6.661338147751E-16,1.33226762955E-15,1.));
#5557 = ORIENTED_EDGE('',*,*,#5558,.T.);
#5558 = EDGE_CURVE('',#5551,#5328,#5559,.T.);
#5559 = LINE('',#5560,#5561);
#5560 = CARTESIAN_POINT('',(103.8,235.,40.3));
#5561 = VECTOR('',#5562,1.);
#5562 = DIRECTION('',(-1.33226762955E-15,-1.,-6.661338147751E-16));
#5563 = ORIENTED_EDGE('',*,*,#5335,.T.);
#5564 = ORIENTED_EDGE('',*,*,#5492,.F.);
#5565 = ORIENTED_EDGE('',*,*,#5566,.F.);
#5566 = EDGE_CURVE('',#5567,#5493,#5569,.T.);
#5567 = VERTEX_POINT('',#5568);
#5568 = CARTESIAN_POINT('',(103.8,208.,11.));
#5569 = LINE('',#5570,#5571);
#5570 = CARTESIAN_POINT('',(103.8,208.,15.575));
#5571 = VECTOR('',#5572,1.);
#5572 = DIRECTION('',(-2.22044604925E-16,5.551115123126E-16,1.));
#5573 = ORIENTED_EDGE('',*,*,#5574,.F.);
#5574 = EDGE_CURVE('',#5533,#5567,#5575,.T.);
#5575 = LINE('',#5576,#5577);
#5576 = CARTESIAN_POINT('',(103.8,167.25,11.));
#5577 = VECTOR('',#5578,1.);
#5578 = DIRECTION('',(4.440892098501E-16,1.,2.22044604925E-16));
#5579 = PLANE('',#5580);
#5580 = AXIS2_PLACEMENT_3D('',#5581,#5582,#5583);
#5581 = CARTESIAN_POINT('',(103.8,190.5,20.15));
#5582 = DIRECTION('',(1.,6.661338147751E-16,1.33226762955E-15));
#5583 = DIRECTION('',(6.661338147751E-16,1.33226762955E-15,1.));
#5584 = ADVANCED_FACE('',(#5585),#5596,.T.);
#5585 = FACE_BOUND('',#5586,.T.);
#5586 = EDGE_LOOP('',(#5587,#5593,#5594,#5595));
#5587 = ORIENTED_EDGE('',*,*,#5588,.T.);
#5588 = EDGE_CURVE('',#5376,#5551,#5589,.T.);
#5589 = LINE('',#5590,#5591);
#5590 = CARTESIAN_POINT('',(107.,235.,40.3));
#5591 = VECTOR('',#5592,1.);
#5592 = DIRECTION('',(-1.,-5.551115123126E-16,-1.221245327088E-15));
#5593 = ORIENTED_EDGE('',*,*,#5558,.T.);
#5594 = ORIENTED_EDGE('',*,*,#5327,.F.);
#5595 = ORIENTED_EDGE('',*,*,#5383,.F.);
#5596 = PLANE('',#5597);
#5597 = AXIS2_PLACEMENT_3D('',#5598,#5599,#5600);
#5598 = CARTESIAN_POINT('',(107.,235.,40.3));
#5599 = DIRECTION('',(4.440892098501E-16,1.110223024625E-15,1.));
#5600 = DIRECTION('',(-1.221245327088E-15,-1.,-5.551115123126E-16));
#5601 = ADVANCED_FACE('',(#5602),#5618,.T.);
#5602 = FACE_BOUND('',#5603,.T.);
#5603 = EDGE_LOOP('',(#5604,#5605,#5611,#5612));
#5604 = ORIENTED_EDGE('',*,*,#5357,.F.);
#5605 = ORIENTED_EDGE('',*,*,#5606,.F.);
#5606 = EDGE_CURVE('',#5533,#5358,#5607,.T.);
#5607 = LINE('',#5608,#5609);
#5608 = CARTESIAN_POINT('',(107.,146.,11.));
#5609 = VECTOR('',#5610,1.);
#5610 = DIRECTION('',(1.,-1.110223024625E-16,5.551115123126E-16));
#5611 = ORIENTED_EDGE('',*,*,#5532,.T.);
#5612 = ORIENTED_EDGE('',*,*,#5613,.F.);
#5613 = EDGE_CURVE('',#5360,#5535,#5614,.T.);
#5614 = LINE('',#5615,#5616);
#5615 = CARTESIAN_POINT('',(107.,146.,1.404432126151E-13));
#5616 = VECTOR('',#5617,1.);
#5617 = DIRECTION('',(-1.,-5.551115123126E-16,-1.221245327088E-15));
#5618 = PLANE('',#5619);
#5619 = AXIS2_PLACEMENT_3D('',#5620,#5621,#5622);
#5620 = CARTESIAN_POINT('',(107.,146.,40.3));
#5621 = DIRECTION('',(-1.110223024625E-15,-1.,-4.440892098501E-16));
#5622 = DIRECTION('',(-5.551115123126E-16,-1.221245327088E-15,-1.));
#5623 = ADVANCED_FACE('',(#5624),#5651,.T.);
#5624 = FACE_BOUND('',#5625,.T.);
#5625 = EDGE_LOOP('',(#5626,#5627,#5635,#5643,#5649,#5650));
#5626 = ORIENTED_EDGE('',*,*,#5406,.F.);
#5627 = ORIENTED_EDGE('',*,*,#5628,.T.);
#5628 = EDGE_CURVE('',#5399,#5629,#5631,.T.);
#5629 = VERTEX_POINT('',#5630);
#5630 = CARTESIAN_POINT('',(99.,144.,11.));
#5631 = LINE('',#5632,#5633);
#5632 = CARTESIAN_POINT('',(107.,144.,11.));
#5633 = VECTOR('',#5634,1.);
#5634 = DIRECTION('',(-1.,-2.22044604925E-16,-5.551115123126E-16));
#5635 = ORIENTED_EDGE('',*,*,#5636,.T.);
#5636 = EDGE_CURVE('',#5629,#5637,#5639,.T.);
#5637 = VERTEX_POINT('',#5638);
#5638 = CARTESIAN_POINT('',(99.,208.,11.));
#5639 = LINE('',#5640,#5641);
#5640 = CARTESIAN_POINT('',(99.,174.,11.));
#5641 = VECTOR('',#5642,1.);
#5642 = DIRECTION('',(5.551115123126E-16,1.,2.22044604925E-16));
#5643 = ORIENTED_EDGE('',*,*,#5644,.F.);
#5644 = EDGE_CURVE('',#5567,#5637,#5645,.T.);
#5645 = LINE('',#5646,#5647);
#5646 = CARTESIAN_POINT('',(107.,208.,11.));
#5647 = VECTOR('',#5648,1.);
#5648 = DIRECTION('',(-1.,-2.22044604925E-16,-5.551115123126E-16));
#5649 = ORIENTED_EDGE('',*,*,#5574,.F.);
#5650 = ORIENTED_EDGE('',*,*,#5606,.T.);
#5651 = PLANE('',#5652);
#5652 = AXIS2_PLACEMENT_3D('',#5653,#5654,#5655);
#5653 = CARTESIAN_POINT('',(101.62222222222,174.62222222222,11.));
#5654 = DIRECTION('',(1.225554107077E-16,-4.440892098501E-16,-1.));
#5655 = DIRECTION('',(-1.,-2.22044604925E-16,-7.886892254828E-16));
#5656 = ADVANCED_FACE('',(#5657),#5700,.T.);
#5657 = FACE_BOUND('',#5658,.T.);
#5658 = EDGE_LOOP('',(#5659,#5660,#5661,#5669,#5677,#5685,#5693,#5699));
#5659 = ORIENTED_EDGE('',*,*,#5613,.T.);
#5660 = ORIENTED_EDGE('',*,*,#5542,.T.);
#5661 = ORIENTED_EDGE('',*,*,#5662,.F.);
#5662 = EDGE_CURVE('',#5663,#5543,#5665,.T.);
#5663 = VERTEX_POINT('',#5664);
#5664 = CARTESIAN_POINT('',(94.,235.,-1.42108547152E-14));
#5665 = LINE('',#5666,#5667);
#5666 = CARTESIAN_POINT('',(94.000000000001,235.,-7.105427357601E-14));
#5667 = VECTOR('',#5668,1.);
#5668 = DIRECTION('',(1.,5.551115123126E-16,1.110223024625E-15));
#5669 = ORIENTED_EDGE('',*,*,#5670,.T.);
#5670 = EDGE_CURVE('',#5663,#5671,#5673,.T.);
#5671 = VERTEX_POINT('',#5672);
#5672 = CARTESIAN_POINT('',(94.,241.5,-1.42108547152E-14));
#5673 = LINE('',#5674,#5675);
#5674 = CARTESIAN_POINT('',(94.,235.,1.388889003806E-13));
#5675 = VECTOR('',#5676,1.);
#5676 = DIRECTION('',(9.992007221626E-16,1.,2.22044604925E-16));
#5677 = ORIENTED_EDGE('',*,*,#5678,.T.);
#5678 = EDGE_CURVE('',#5671,#5679,#5681,.T.);
#5679 = VERTEX_POINT('',#5680);
#5680 = CARTESIAN_POINT('',(123.,241.5,1.42108547152E-14));
#5681 = LINE('',#5682,#5683);
#5682 = CARTESIAN_POINT('',(94.000000000001,241.5,-7.105427357601E-14));
#5683 = VECTOR('',#5684,1.);
#5684 = DIRECTION('',(1.,5.551115123126E-16,1.110223024625E-15));
#5685 = ORIENTED_EDGE('',*,*,#5686,.F.);
#5686 = EDGE_CURVE('',#5687,#5679,#5689,.T.);
#5687 = VERTEX_POINT('',#5688);
#5688 = CARTESIAN_POINT('',(123.,235.,1.42108547152E-14));
#5689 = LINE('',#5690,#5691);
#5690 = CARTESIAN_POINT('',(123.,235.,1.678657213233E-13));
#5691 = VECTOR('',#5692,1.);
#5692 = DIRECTION('',(9.992007221626E-16,1.,2.22044604925E-16));
#5693 = ORIENTED_EDGE('',*,*,#5694,.F.);
#5694 = EDGE_CURVE('',#5368,#5687,#5695,.T.);
#5695 = LINE('',#5696,#5697);
#5696 = CARTESIAN_POINT('',(94.000000000001,235.,-7.105427357601E-14));
#5697 = VECTOR('',#5698,1.);
#5698 = DIRECTION('',(1.,5.551115123126E-16,1.110223024625E-15));
#5699 = ORIENTED_EDGE('',*,*,#5367,.F.);
#5700 = PLANE('',#5701);
#5701 = AXIS2_PLACEMENT_3D('',#5702,#5703,#5704);
#5702 = CARTESIAN_POINT('',(106.28393574297,202.97168674698,
    1.366045518559E-13));
#5703 = DIRECTION('',(-4.440892098501E-16,-8.881784197001E-16,-1.));
#5704 = DIRECTION('',(-1.,-4.440892098501E-16,-8.881784197001E-16));
#5705 = ADVANCED_FACE('',(#5706),#5717,.T.);
#5706 = FACE_BOUND('',#5707,.T.);
#5707 = EDGE_LOOP('',(#5708,#5709,#5715,#5716));
#5708 = ORIENTED_EDGE('',*,*,#5516,.T.);
#5709 = ORIENTED_EDGE('',*,*,#5710,.T.);
#5710 = EDGE_CURVE('',#5509,#5629,#5711,.T.);
#5711 = LINE('',#5712,#5713);
#5712 = CARTESIAN_POINT('',(99.,144.,29.));
#5713 = VECTOR('',#5714,1.);
#5714 = DIRECTION('',(-3.330669073875E-16,-6.661338147751E-16,-1.));
#5715 = ORIENTED_EDGE('',*,*,#5628,.F.);
#5716 = ORIENTED_EDGE('',*,*,#5398,.F.);
#5717 = PLANE('',#5718);
#5718 = AXIS2_PLACEMENT_3D('',#5719,#5720,#5721);
#5719 = CARTESIAN_POINT('',(107.,144.,29.));
#5720 = DIRECTION('',(-4.440892098501E-16,-1.,-1.110223024625E-16));
#5721 = DIRECTION('',(-2.22044604925E-16,-5.551115123126E-16,-1.));
#5722 = ADVANCED_FACE('',(#5723,#5768,#5804,#5840),#5876,.F.);
#5723 = FACE_BOUND('',#5724,.F.);
#5724 = EDGE_LOOP('',(#5725,#5726,#5734,#5742,#5750,#5758,#5764,#5765,
    #5766,#5767));
#5725 = ORIENTED_EDGE('',*,*,#5662,.F.);
#5726 = ORIENTED_EDGE('',*,*,#5727,.F.);
#5727 = EDGE_CURVE('',#5728,#5663,#5730,.T.);
#5728 = VERTEX_POINT('',#5729);
#5729 = CARTESIAN_POINT('',(94.,235.,44.45));
#5730 = LINE('',#5731,#5732);
#5731 = CARTESIAN_POINT('',(94.000000000001,235.,44.45));
#5732 = VECTOR('',#5733,1.);
#5733 = DIRECTION('',(-5.551115123126E-16,-1.33226762955E-15,-1.));
#5734 = ORIENTED_EDGE('',*,*,#5735,.F.);
#5735 = EDGE_CURVE('',#5736,#5728,#5738,.T.);
#5736 = VERTEX_POINT('',#5737);
#5737 = CARTESIAN_POINT('',(123.,235.,44.45));
#5738 = LINE('',#5739,#5740);
#5739 = CARTESIAN_POINT('',(123.,235.,44.45));
#5740 = VECTOR('',#5741,1.);
#5741 = DIRECTION('',(-1.,-5.551115123126E-16,-1.110223024625E-15));
#5742 = ORIENTED_EDGE('',*,*,#5743,.F.);
#5743 = EDGE_CURVE('',#5744,#5736,#5746,.T.);
#5744 = VERTEX_POINT('',#5745);
#5745 = CARTESIAN_POINT('',(127.,235.,40.45));
#5746 = LINE('',#5747,#5748);
#5747 = CARTESIAN_POINT('',(127.,235.,40.45));
#5748 = VECTOR('',#5749,1.);
#5749 = DIRECTION('',(-0.707106781187,5.495323605393E-16,0.707106781187)
  );
#5750 = ORIENTED_EDGE('',*,*,#5751,.F.);
#5751 = EDGE_CURVE('',#5752,#5744,#5754,.T.);
#5752 = VERTEX_POINT('',#5753);
#5753 = CARTESIAN_POINT('',(127.,235.,4.));
#5754 = LINE('',#5755,#5756);
#5755 = CARTESIAN_POINT('',(127.,235.,4.));
#5756 = VECTOR('',#5757,1.);
#5757 = DIRECTION('',(5.551115123126E-16,1.33226762955E-15,1.));
#5758 = ORIENTED_EDGE('',*,*,#5759,.F.);
#5759 = EDGE_CURVE('',#5687,#5752,#5760,.T.);
#5760 = LINE('',#5761,#5762);
#5761 = CARTESIAN_POINT('',(123.,235.,-2.84217094304E-14));
#5762 = VECTOR('',#5763,1.);
#5763 = DIRECTION('',(0.707106781187,1.334578589881E-15,0.707106781187)
  );
#5764 = ORIENTED_EDGE('',*,*,#5694,.F.);
#5765 = ORIENTED_EDGE('',*,*,#5375,.T.);
#5766 = ORIENTED_EDGE('',*,*,#5588,.T.);
#5767 = ORIENTED_EDGE('',*,*,#5550,.F.);
#5768 = FACE_BOUND('',#5769,.F.);
#5769 = EDGE_LOOP('',(#5770,#5781,#5789,#5798));
#5770 = ORIENTED_EDGE('',*,*,#5771,.T.);
#5771 = EDGE_CURVE('',#5772,#5774,#5776,.T.);
#5772 = VERTEX_POINT('',#5773);
#5773 = CARTESIAN_POINT('',(116.0625,235.,9.65));
#5774 = VERTEX_POINT('',#5775);
#5775 = CARTESIAN_POINT('',(116.0625,235.,3.05));
#5776 = CIRCLE('',#5777,3.3);
#5777 = AXIS2_PLACEMENT_3D('',#5778,#5779,#5780);
#5778 = CARTESIAN_POINT('',(116.0625,235.,6.35));
#5779 = DIRECTION('',(4.440892098501E-16,-1.,1.110223024625E-15));
#5780 = DIRECTION('',(1.,4.440892098501E-16,8.881784197001E-16));
#5781 = ORIENTED_EDGE('',*,*,#5782,.T.);
#5782 = EDGE_CURVE('',#5774,#5783,#5785,.T.);
#5783 = VERTEX_POINT('',#5784);
#5784 = CARTESIAN_POINT('',(120.4625,235.,3.05));
#5785 = LINE('',#5786,#5787);
#5786 = CARTESIAN_POINT('',(116.0625,235.,3.05));
#5787 = VECTOR('',#5788,1.);
#5788 = DIRECTION('',(1.,4.440892098501E-16,8.881784197001E-16));
#5789 = ORIENTED_EDGE('',*,*,#5790,.T.);
#5790 = EDGE_CURVE('',#5783,#5791,#5793,.T.);
#5791 = VERTEX_POINT('',#5792);
#5792 = CARTESIAN_POINT('',(120.4625,235.,9.65));
#5793 = CIRCLE('',#5794,3.3);
#5794 = AXIS2_PLACEMENT_3D('',#5795,#5796,#5797);
#5795 = CARTESIAN_POINT('',(120.4625,235.,6.35));
#5796 = DIRECTION('',(4.440892098501E-16,-1.,1.110223024625E-15));
#5797 = DIRECTION('',(1.,4.440892098501E-16,8.881784197001E-16));
#5798 = ORIENTED_EDGE('',*,*,#5799,.T.);
#5799 = EDGE_CURVE('',#5791,#5772,#5800,.T.);
#5800 = LINE('',#5801,#5802);
#5801 = CARTESIAN_POINT('',(120.4625,235.,9.65));
#5802 = VECTOR('',#5803,1.);
#5803 = DIRECTION('',(-1.,-4.440892098501E-16,-8.881784197001E-16));
#5804 = FACE_BOUND('',#5805,.F.);
#5805 = EDGE_LOOP('',(#5806,#5817,#5825,#5834));
#5806 = ORIENTED_EDGE('',*,*,#5807,.T.);
#5807 = EDGE_CURVE('',#5808,#5810,#5812,.T.);
#5808 = VERTEX_POINT('',#5809);
#5809 = CARTESIAN_POINT('',(116.0625,235.,25.525));
#5810 = VERTEX_POINT('',#5811);
#5811 = CARTESIAN_POINT('',(116.0625,235.,18.925));
#5812 = CIRCLE('',#5813,3.3);
#5813 = AXIS2_PLACEMENT_3D('',#5814,#5815,#5816);
#5814 = CARTESIAN_POINT('',(116.0625,235.,22.225));
#5815 = DIRECTION('',(4.440892098501E-16,-1.,1.110223024625E-15));
#5816 = DIRECTION('',(1.,4.440892098501E-16,8.881784197001E-16));
#5817 = ORIENTED_EDGE('',*,*,#5818,.T.);
#5818 = EDGE_CURVE('',#5810,#5819,#5821,.T.);
#5819 = VERTEX_POINT('',#5820);
#5820 = CARTESIAN_POINT('',(120.4625,235.,18.925));
#5821 = LINE('',#5822,#5823);
#5822 = CARTESIAN_POINT('',(116.0625,235.,18.925));
#5823 = VECTOR('',#5824,1.);
#5824 = DIRECTION('',(1.,4.440892098501E-16,8.881784197001E-16));
#5825 = ORIENTED_EDGE('',*,*,#5826,.T.);
#5826 = EDGE_CURVE('',#5819,#5827,#5829,.T.);
#5827 = VERTEX_POINT('',#5828);
#5828 = CARTESIAN_POINT('',(120.4625,235.,25.525));
#5829 = CIRCLE('',#5830,3.3);
#5830 = AXIS2_PLACEMENT_3D('',#5831,#5832,#5833);
#5831 = CARTESIAN_POINT('',(120.4625,235.,22.225));
#5832 = DIRECTION('',(4.440892098501E-16,-1.,1.110223024625E-15));
#5833 = DIRECTION('',(1.,4.440892098501E-16,8.881784197001E-16));
#5834 = ORIENTED_EDGE('',*,*,#5835,.T.);
#5835 = EDGE_CURVE('',#5827,#5808,#5836,.T.);
#5836 = LINE('',#5837,#5838);
#5837 = CARTESIAN_POINT('',(120.4625,235.,25.525));
#5838 = VECTOR('',#5839,1.);
#5839 = DIRECTION('',(-1.,-4.440892098501E-16,-8.881784197001E-16));
#5840 = FACE_BOUND('',#5841,.F.);
#5841 = EDGE_LOOP('',(#5842,#5853,#5861,#5870));
#5842 = ORIENTED_EDGE('',*,*,#5843,.T.);
#5843 = EDGE_CURVE('',#5844,#5846,#5848,.T.);
#5844 = VERTEX_POINT('',#5845);
#5845 = CARTESIAN_POINT('',(116.0625,235.,41.4));
#5846 = VERTEX_POINT('',#5847);
#5847 = CARTESIAN_POINT('',(116.0625,235.,34.8));
#5848 = CIRCLE('',#5849,3.3);
#5849 = AXIS2_PLACEMENT_3D('',#5850,#5851,#5852);
#5850 = CARTESIAN_POINT('',(116.0625,235.,38.1));
#5851 = DIRECTION('',(4.440892098501E-16,-1.,1.110223024625E-15));
#5852 = DIRECTION('',(1.,4.440892098501E-16,8.881784197001E-16));
#5853 = ORIENTED_EDGE('',*,*,#5854,.T.);
#5854 = EDGE_CURVE('',#5846,#5855,#5857,.T.);
#5855 = VERTEX_POINT('',#5856);
#5856 = CARTESIAN_POINT('',(120.4625,235.,34.8));
#5857 = LINE('',#5858,#5859);
#5858 = CARTESIAN_POINT('',(116.0625,235.,34.8));
#5859 = VECTOR('',#5860,1.);
#5860 = DIRECTION('',(1.,4.440892098501E-16,8.881784197001E-16));
#5861 = ORIENTED_EDGE('',*,*,#5862,.T.);
#5862 = EDGE_CURVE('',#5855,#5863,#5865,.T.);
#5863 = VERTEX_POINT('',#5864);
#5864 = CARTESIAN_POINT('',(120.4625,235.,41.4));
#5865 = CIRCLE('',#5866,3.3);
#5866 = AXIS2_PLACEMENT_3D('',#5867,#5868,#5869);
#5867 = CARTESIAN_POINT('',(120.4625,235.,38.1));
#5868 = DIRECTION('',(4.440892098501E-16,-1.,1.110223024625E-15));
#5869 = DIRECTION('',(1.,4.440892098501E-16,8.881784197001E-16));
#5870 = ORIENTED_EDGE('',*,*,#5871,.T.);
#5871 = EDGE_CURVE('',#5863,#5844,#5872,.T.);
#5872 = LINE('',#5873,#5874);
#5873 = CARTESIAN_POINT('',(120.4625,235.,41.4));
#5874 = VECTOR('',#5875,1.);
#5875 = DIRECTION('',(-1.,-4.440892098501E-16,-8.881784197001E-16));
#5876 = PLANE('',#5877);
#5877 = AXIS2_PLACEMENT_3D('',#5878,#5879,#5880);
#5878 = CARTESIAN_POINT('',(109.94112140227,235.,22.225));
#5879 = DIRECTION('',(1.110223024625E-15,1.,5.551115123126E-16));
#5880 = DIRECTION('',(5.551115123126E-16,1.110223024625E-15,1.));
#5881 = ADVANCED_FACE('',(#5882),#5907,.T.);
#5882 = FACE_BOUND('',#5883,.T.);
#5883 = EDGE_LOOP('',(#5884,#5894,#5900,#5901));
#5884 = ORIENTED_EDGE('',*,*,#5885,.F.);
#5885 = EDGE_CURVE('',#5886,#5888,#5890,.T.);
#5886 = VERTEX_POINT('',#5887);
#5887 = CARTESIAN_POINT('',(104.,151.2,16.8));
#5888 = VERTEX_POINT('',#5889);
#5889 = CARTESIAN_POINT('',(104.,170.8,16.8));
#5890 = LINE('',#5891,#5892);
#5891 = CARTESIAN_POINT('',(104.,163.6,16.8));
#5892 = VECTOR('',#5893,1.);
#5893 = DIRECTION('',(1.232595164408E-32,1.,-1.110223024625E-16));
#5894 = ORIENTED_EDGE('',*,*,#5895,.T.);
#5895 = EDGE_CURVE('',#5886,#5415,#5896,.T.);
#5896 = LINE('',#5897,#5898);
#5897 = CARTESIAN_POINT('',(99.,151.2,16.8));
#5898 = VECTOR('',#5899,1.);
#5899 = DIRECTION('',(1.,1.110223024625E-16,3.330669073875E-16));
#5900 = ORIENTED_EDGE('',*,*,#5414,.T.);
#5901 = ORIENTED_EDGE('',*,*,#5902,.F.);
#5902 = EDGE_CURVE('',#5888,#5417,#5903,.T.);
#5903 = LINE('',#5904,#5905);
#5904 = CARTESIAN_POINT('',(99.,170.8,16.8));
#5905 = VECTOR('',#5906,1.);
#5906 = DIRECTION('',(1.,1.110223024625E-16,3.330669073875E-16));
#5907 = PLANE('',#5908);
#5908 = AXIS2_PLACEMENT_3D('',#5909,#5910,#5911);
#5909 = CARTESIAN_POINT('',(99.,151.2,16.8));
#5910 = DIRECTION('',(2.736911063134E-48,2.22044604925E-16,1.));
#5911 = DIRECTION('',(3.330669073875E-16,1.,1.110223024625E-16));
#5912 = ADVANCED_FACE('',(#5913),#5932,.F.);
#5913 = FACE_BOUND('',#5914,.T.);
#5914 = EDGE_LOOP('',(#5915,#5924,#5925,#5926));
#5915 = ORIENTED_EDGE('',*,*,#5916,.T.);
#5916 = EDGE_CURVE('',#5917,#5888,#5919,.T.);
#5917 = VERTEX_POINT('',#5918);
#5918 = CARTESIAN_POINT('',(104.,170.8,23.2));
#5919 = CIRCLE('',#5920,3.2);
#5920 = AXIS2_PLACEMENT_3D('',#5921,#5922,#5923);
#5921 = CARTESIAN_POINT('',(104.,170.8,20.));
#5922 = DIRECTION('',(-1.,1.110223024625E-16,-1.110223024625E-16));
#5923 = DIRECTION('',(1.110223024625E-16,1.,-2.736911063134E-48));
#5924 = ORIENTED_EDGE('',*,*,#5902,.T.);
#5925 = ORIENTED_EDGE('',*,*,#5441,.T.);
#5926 = ORIENTED_EDGE('',*,*,#5927,.F.);
#5927 = EDGE_CURVE('',#5917,#5434,#5928,.T.);
#5928 = LINE('',#5929,#5930);
#5929 = CARTESIAN_POINT('',(99.,170.8,23.2));
#5930 = VECTOR('',#5931,1.);
#5931 = DIRECTION('',(1.,1.110223024625E-16,3.330669073875E-16));
#5932 = CYLINDRICAL_SURFACE('',#5933,3.2);
#5933 = AXIS2_PLACEMENT_3D('',#5934,#5935,#5936);
#5934 = CARTESIAN_POINT('',(99.,170.8,20.));
#5935 = DIRECTION('',(-1.,-2.736911063134E-48,-2.22044604925E-16));
#5936 = DIRECTION('',(3.330669073875E-16,1.,1.110223024625E-16));
#5937 = ADVANCED_FACE('',(#5938),#5956,.T.);
#5938 = FACE_BOUND('',#5939,.T.);
#5939 = EDGE_LOOP('',(#5940,#5948,#5949,#5950));
#5940 = ORIENTED_EDGE('',*,*,#5941,.F.);
#5941 = EDGE_CURVE('',#5917,#5942,#5944,.T.);
#5942 = VERTEX_POINT('',#5943);
#5943 = CARTESIAN_POINT('',(104.,151.2,23.2));
#5944 = LINE('',#5945,#5946);
#5945 = CARTESIAN_POINT('',(104.,173.4,23.2));
#5946 = VECTOR('',#5947,1.);
#5947 = DIRECTION('',(-1.232595164408E-32,-1.,1.110223024625E-16));
#5948 = ORIENTED_EDGE('',*,*,#5927,.T.);
#5949 = ORIENTED_EDGE('',*,*,#5433,.T.);
#5950 = ORIENTED_EDGE('',*,*,#5951,.F.);
#5951 = EDGE_CURVE('',#5942,#5425,#5952,.T.);
#5952 = LINE('',#5953,#5954);
#5953 = CARTESIAN_POINT('',(99.,151.2,23.2));
#5954 = VECTOR('',#5955,1.);
#5955 = DIRECTION('',(1.,1.110223024625E-16,3.330669073875E-16));
#5956 = PLANE('',#5957);
#5957 = AXIS2_PLACEMENT_3D('',#5958,#5959,#5960);
#5958 = CARTESIAN_POINT('',(99.,170.8,23.2));
#5959 = DIRECTION('',(-2.736911063134E-48,-2.22044604925E-16,-1.));
#5960 = DIRECTION('',(-3.330669073875E-16,-1.,-1.110223024625E-16));
#5961 = ADVANCED_FACE('',(#5962),#5974,.F.);
#5962 = FACE_BOUND('',#5963,.T.);
#5963 = EDGE_LOOP('',(#5964,#5971,#5972,#5973));
#5964 = ORIENTED_EDGE('',*,*,#5965,.T.);
#5965 = EDGE_CURVE('',#5886,#5942,#5966,.T.);
#5966 = CIRCLE('',#5967,3.2);
#5967 = AXIS2_PLACEMENT_3D('',#5968,#5969,#5970);
#5968 = CARTESIAN_POINT('',(104.,151.2,20.));
#5969 = DIRECTION('',(-1.,1.110223024625E-16,-1.110223024625E-16));
#5970 = DIRECTION('',(1.110223024625E-16,1.,-2.736911063134E-48));
#5971 = ORIENTED_EDGE('',*,*,#5951,.T.);
#5972 = ORIENTED_EDGE('',*,*,#5424,.T.);
#5973 = ORIENTED_EDGE('',*,*,#5895,.F.);
#5974 = CYLINDRICAL_SURFACE('',#5975,3.2);
#5975 = AXIS2_PLACEMENT_3D('',#5976,#5977,#5978);
#5976 = CARTESIAN_POINT('',(99.,151.2,20.));
#5977 = DIRECTION('',(-1.,-2.736911063134E-48,-2.22044604925E-16));
#5978 = DIRECTION('',(3.330669073875E-16,1.,1.110223024625E-16));
#5979 = ADVANCED_FACE('',(#5980),#6005,.T.);
#5980 = FACE_BOUND('',#5981,.T.);
#5981 = EDGE_LOOP('',(#5982,#5992,#5998,#5999));
#5982 = ORIENTED_EDGE('',*,*,#5983,.F.);
#5983 = EDGE_CURVE('',#5984,#5986,#5988,.T.);
#5984 = VERTEX_POINT('',#5985);
#5985 = CARTESIAN_POINT('',(104.,181.2,16.8));
#5986 = VERTEX_POINT('',#5987);
#5987 = CARTESIAN_POINT('',(104.,200.8,16.8));
#5988 = LINE('',#5989,#5990);
#5989 = CARTESIAN_POINT('',(104.,178.6,16.8));
#5990 = VECTOR('',#5991,1.);
#5991 = DIRECTION('',(1.232595164408E-32,1.,-1.110223024625E-16));
#5992 = ORIENTED_EDGE('',*,*,#5993,.T.);
#5993 = EDGE_CURVE('',#5984,#5451,#5994,.T.);
#5994 = LINE('',#5995,#5996);
#5995 = CARTESIAN_POINT('',(99.,181.2,16.8));
#5996 = VECTOR('',#5997,1.);
#5997 = DIRECTION('',(1.,1.110223024625E-16,3.330669073875E-16));
#5998 = ORIENTED_EDGE('',*,*,#5450,.T.);
#5999 = ORIENTED_EDGE('',*,*,#6000,.F.);
#6000 = EDGE_CURVE('',#5986,#5453,#6001,.T.);
#6001 = LINE('',#6002,#6003);
#6002 = CARTESIAN_POINT('',(99.,200.8,16.8));
#6003 = VECTOR('',#6004,1.);
#6004 = DIRECTION('',(1.,1.110223024625E-16,3.330669073875E-16));
#6005 = PLANE('',#6006);
#6006 = AXIS2_PLACEMENT_3D('',#6007,#6008,#6009);
#6007 = CARTESIAN_POINT('',(99.,181.2,16.8));
#6008 = DIRECTION('',(2.736911063134E-48,2.22044604925E-16,1.));
#6009 = DIRECTION('',(3.330669073875E-16,1.,1.110223024625E-16));
#6010 = ADVANCED_FACE('',(#6011),#6030,.F.);
#6011 = FACE_BOUND('',#6012,.T.);
#6012 = EDGE_LOOP('',(#6013,#6022,#6023,#6024));
#6013 = ORIENTED_EDGE('',*,*,#6014,.T.);
#6014 = EDGE_CURVE('',#6015,#5986,#6017,.T.);
#6015 = VERTEX_POINT('',#6016);
#6016 = CARTESIAN_POINT('',(104.,200.8,23.2));
#6017 = CIRCLE('',#6018,3.2);
#6018 = AXIS2_PLACEMENT_3D('',#6019,#6020,#6021);
#6019 = CARTESIAN_POINT('',(104.,200.8,20.));
#6020 = DIRECTION('',(-1.,1.110223024625E-16,-1.110223024625E-16));
#6021 = DIRECTION('',(1.110223024625E-16,1.,-2.736911063134E-48));
#6022 = ORIENTED_EDGE('',*,*,#6000,.T.);
#6023 = ORIENTED_EDGE('',*,*,#5477,.T.);
#6024 = ORIENTED_EDGE('',*,*,#6025,.F.);
#6025 = EDGE_CURVE('',#6015,#5470,#6026,.T.);
#6026 = LINE('',#6027,#6028);
#6027 = CARTESIAN_POINT('',(99.,200.8,23.2));
#6028 = VECTOR('',#6029,1.);
#6029 = DIRECTION('',(1.,1.110223024625E-16,3.330669073875E-16));
#6030 = CYLINDRICAL_SURFACE('',#6031,3.2);
#6031 = AXIS2_PLACEMENT_3D('',#6032,#6033,#6034);
#6032 = CARTESIAN_POINT('',(99.,200.8,20.));
#6033 = DIRECTION('',(-1.,-2.736911063134E-48,-2.22044604925E-16));
#6034 = DIRECTION('',(3.330669073875E-16,1.,1.110223024625E-16));
#6035 = ADVANCED_FACE('',(#6036),#6054,.T.);
#6036 = FACE_BOUND('',#6037,.T.);
#6037 = EDGE_LOOP('',(#6038,#6046,#6047,#6048));
#6038 = ORIENTED_EDGE('',*,*,#6039,.F.);
#6039 = EDGE_CURVE('',#6015,#6040,#6042,.T.);
#6040 = VERTEX_POINT('',#6041);
#6041 = CARTESIAN_POINT('',(104.,181.2,23.2));
#6042 = LINE('',#6043,#6044);
#6043 = CARTESIAN_POINT('',(104.,188.4,23.2));
#6044 = VECTOR('',#6045,1.);
#6045 = DIRECTION('',(-1.232595164408E-32,-1.,1.110223024625E-16));
#6046 = ORIENTED_EDGE('',*,*,#6025,.T.);
#6047 = ORIENTED_EDGE('',*,*,#5469,.T.);
#6048 = ORIENTED_EDGE('',*,*,#6049,.F.);
#6049 = EDGE_CURVE('',#6040,#5461,#6050,.T.);
#6050 = LINE('',#6051,#6052);
#6051 = CARTESIAN_POINT('',(99.,181.2,23.2));
#6052 = VECTOR('',#6053,1.);
#6053 = DIRECTION('',(1.,1.110223024625E-16,3.330669073875E-16));
#6054 = PLANE('',#6055);
#6055 = AXIS2_PLACEMENT_3D('',#6056,#6057,#6058);
#6056 = CARTESIAN_POINT('',(99.,200.8,23.2));
#6057 = DIRECTION('',(-2.736911063134E-48,-2.22044604925E-16,-1.));
#6058 = DIRECTION('',(-3.330669073875E-16,-1.,-1.110223024625E-16));
#6059 = ADVANCED_FACE('',(#6060),#6072,.F.);
#6060 = FACE_BOUND('',#6061,.T.);
#6061 = EDGE_LOOP('',(#6062,#6069,#6070,#6071));
#6062 = ORIENTED_EDGE('',*,*,#6063,.T.);
#6063 = EDGE_CURVE('',#5984,#6040,#6064,.T.);
#6064 = CIRCLE('',#6065,3.2);
#6065 = AXIS2_PLACEMENT_3D('',#6066,#6067,#6068);
#6066 = CARTESIAN_POINT('',(104.,181.2,20.));
#6067 = DIRECTION('',(-1.,1.110223024625E-16,-1.110223024625E-16));
#6068 = DIRECTION('',(1.110223024625E-16,1.,-2.736911063134E-48));
#6069 = ORIENTED_EDGE('',*,*,#6049,.T.);
#6070 = ORIENTED_EDGE('',*,*,#5460,.T.);
#6071 = ORIENTED_EDGE('',*,*,#5993,.F.);
#6072 = CYLINDRICAL_SURFACE('',#6073,3.2);
#6073 = AXIS2_PLACEMENT_3D('',#6074,#6075,#6076);
#6074 = CARTESIAN_POINT('',(99.,181.2,20.));
#6075 = DIRECTION('',(-1.,-2.736911063134E-48,-2.22044604925E-16));
#6076 = DIRECTION('',(3.330669073875E-16,1.,1.110223024625E-16));
#6077 = ADVANCED_FACE('',(#6078),#6089,.T.);
#6078 = FACE_BOUND('',#6079,.T.);
#6079 = EDGE_LOOP('',(#6080,#6081,#6082,#6088));
#6080 = ORIENTED_EDGE('',*,*,#5566,.F.);
#6081 = ORIENTED_EDGE('',*,*,#5644,.T.);
#6082 = ORIENTED_EDGE('',*,*,#6083,.T.);
#6083 = EDGE_CURVE('',#5637,#5501,#6084,.T.);
#6084 = LINE('',#6085,#6086);
#6085 = CARTESIAN_POINT('',(99.,208.,11.));
#6086 = VECTOR('',#6087,1.);
#6087 = DIRECTION('',(3.330669073875E-16,6.661338147751E-16,1.));
#6088 = ORIENTED_EDGE('',*,*,#5500,.F.);
#6089 = PLANE('',#6090);
#6090 = AXIS2_PLACEMENT_3D('',#6091,#6092,#6093);
#6091 = CARTESIAN_POINT('',(107.,208.,11.));
#6092 = DIRECTION('',(4.440892098501E-16,1.,1.110223024625E-16));
#6093 = DIRECTION('',(2.22044604925E-16,5.551115123126E-16,1.));
#6094 = ADVANCED_FACE('',(#6095,#6101),#6199,.T.);
#6095 = FACE_BOUND('',#6096,.T.);
#6096 = EDGE_LOOP('',(#6097,#6098,#6099,#6100));
#6097 = ORIENTED_EDGE('',*,*,#5710,.F.);
#6098 = ORIENTED_EDGE('',*,*,#5508,.F.);
#6099 = ORIENTED_EDGE('',*,*,#6083,.F.);
#6100 = ORIENTED_EDGE('',*,*,#5636,.F.);
#6101 = FACE_BOUND('',#6102,.T.);
#6102 = EDGE_LOOP('',(#6103,#6113,#6121,#6129,#6137,#6145,#6153,#6161,
    #6169,#6177,#6185,#6193));
#6103 = ORIENTED_EDGE('',*,*,#6104,.T.);
#6104 = EDGE_CURVE('',#6105,#6107,#6109,.T.);
#6105 = VERTEX_POINT('',#6106);
#6106 = CARTESIAN_POINT('',(99.,178.28726789193,25.045));
#6107 = VERTEX_POINT('',#6108);
#6108 = CARTESIAN_POINT('',(99.,176.,21.083335800642));
#6109 = LINE('',#6110,#6111);
#6110 = CARTESIAN_POINT('',(99.,178.28726789193,25.045));
#6111 = VECTOR('',#6112,1.);
#6112 = DIRECTION('',(-2.071704367817E-16,-0.5,-0.866025403784));
#6113 = ORIENTED_EDGE('',*,*,#6114,.T.);
#6114 = EDGE_CURVE('',#6107,#6115,#6117,.T.);
#6115 = VERTEX_POINT('',#6116);
#6116 = CARTESIAN_POINT('',(99.,173.71273210806,25.045));
#6117 = LINE('',#6118,#6119);
#6118 = CARTESIAN_POINT('',(99.,176.62546421612,20.));
#6119 = VECTOR('',#6120,1.);
#6120 = DIRECTION('',(-1.487416814334E-17,-0.5,0.866025403784));
#6121 = ORIENTED_EDGE('',*,*,#6122,.T.);
#6122 = EDGE_CURVE('',#6115,#6123,#6125,.T.);
#6123 = VERTEX_POINT('',#6124);
#6124 = CARTESIAN_POINT('',(99.,148.28726789193,25.045));
#6125 = LINE('',#6126,#6127);
#6126 = CARTESIAN_POINT('',(99.,173.71273210806,25.045));
#6127 = VECTOR('',#6128,1.);
#6128 = DIRECTION('',(-2.22044604925E-16,-1.,-1.110223024625E-16));
#6129 = ORIENTED_EDGE('',*,*,#6130,.T.);
#6130 = EDGE_CURVE('',#6123,#6131,#6133,.T.);
#6131 = VERTEX_POINT('',#6132);
#6132 = CARTESIAN_POINT('',(99.,145.37453578387,20.));
#6133 = LINE('',#6134,#6135);
#6134 = CARTESIAN_POINT('',(99.,148.28726789193,25.045));
#6135 = VECTOR('',#6136,1.);
#6136 = DIRECTION('',(-2.071704367817E-16,-0.5,-0.866025403784));
#6137 = ORIENTED_EDGE('',*,*,#6138,.T.);
#6138 = EDGE_CURVE('',#6131,#6139,#6141,.T.);
#6139 = VERTEX_POINT('',#6140);
#6140 = CARTESIAN_POINT('',(99.,148.28726789193,14.955));
#6141 = LINE('',#6142,#6143);
#6142 = CARTESIAN_POINT('',(99.,145.37453578387,20.));
#6143 = VECTOR('',#6144,1.);
#6144 = DIRECTION('',(1.487416814334E-17,0.5,-0.866025403784));
#6145 = ORIENTED_EDGE('',*,*,#6146,.T.);
#6146 = EDGE_CURVE('',#6139,#6147,#6149,.T.);
#6147 = VERTEX_POINT('',#6148);
#6148 = CARTESIAN_POINT('',(99.,173.71273210806,14.955));
#6149 = LINE('',#6150,#6151);
#6150 = CARTESIAN_POINT('',(99.,148.28726789193,14.955));
#6151 = VECTOR('',#6152,1.);
#6152 = DIRECTION('',(2.22044604925E-16,1.,4.115703572439E-17));
#6153 = ORIENTED_EDGE('',*,*,#6154,.T.);
#6154 = EDGE_CURVE('',#6147,#6155,#6157,.T.);
#6155 = VERTEX_POINT('',#6156);
#6156 = CARTESIAN_POINT('',(99.,176.,18.916664199358));
#6157 = LINE('',#6158,#6159);
#6158 = CARTESIAN_POINT('',(99.,173.71273210806,14.955));
#6159 = VECTOR('',#6160,1.);
#6160 = DIRECTION('',(2.071704367817E-16,0.5,0.866025403784));
#6161 = ORIENTED_EDGE('',*,*,#6162,.T.);
#6162 = EDGE_CURVE('',#6155,#6163,#6165,.T.);
#6163 = VERTEX_POINT('',#6164);
#6164 = CARTESIAN_POINT('',(99.,178.28726789193,14.955));
#6165 = LINE('',#6166,#6167);
#6166 = CARTESIAN_POINT('',(99.,175.37453578387,20.));
#6167 = VECTOR('',#6168,1.);
#6168 = DIRECTION('',(1.487416814334E-17,0.5,-0.866025403784));
#6169 = ORIENTED_EDGE('',*,*,#6170,.T.);
#6170 = EDGE_CURVE('',#6163,#6171,#6173,.T.);
#6171 = VERTEX_POINT('',#6172);
#6172 = CARTESIAN_POINT('',(99.,203.71273210806,14.955));
#6173 = LINE('',#6174,#6175);
#6174 = CARTESIAN_POINT('',(99.,178.28726789193,14.955));
#6175 = VECTOR('',#6176,1.);
#6176 = DIRECTION('',(2.22044604925E-16,1.,4.115703572439E-17));
#6177 = ORIENTED_EDGE('',*,*,#6178,.T.);
#6178 = EDGE_CURVE('',#6171,#6179,#6181,.T.);
#6179 = VERTEX_POINT('',#6180);
#6180 = CARTESIAN_POINT('',(99.,206.62546421612,20.));
#6181 = LINE('',#6182,#6183);
#6182 = CARTESIAN_POINT('',(99.,203.71273210806,14.955));
#6183 = VECTOR('',#6184,1.);
#6184 = DIRECTION('',(2.071704367817E-16,0.5,0.866025403784));
#6185 = ORIENTED_EDGE('',*,*,#6186,.T.);
#6186 = EDGE_CURVE('',#6179,#6187,#6189,.T.);
#6187 = VERTEX_POINT('',#6188);
#6188 = CARTESIAN_POINT('',(99.,203.71273210806,25.045));
#6189 = LINE('',#6190,#6191);
#6190 = CARTESIAN_POINT('',(99.,206.62546421612,20.));
#6191 = VECTOR('',#6192,1.);
#6192 = DIRECTION('',(-1.487416814334E-17,-0.5,0.866025403784));
#6193 = ORIENTED_EDGE('',*,*,#6194,.T.);
#6194 = EDGE_CURVE('',#6187,#6105,#6195,.T.);
#6195 = LINE('',#6196,#6197);
#6196 = CARTESIAN_POINT('',(99.,203.71273210806,25.045));
#6197 = VECTOR('',#6198,1.);
#6198 = DIRECTION('',(-2.22044604925E-16,-1.,-1.110223024625E-16));
#6199 = PLANE('',#6200);
#6200 = AXIS2_PLACEMENT_3D('',#6201,#6202,#6203);
#6201 = CARTESIAN_POINT('',(99.,176.,20.));
#6202 = DIRECTION('',(-1.,-2.22044604925E-16,-4.440892098501E-16));
#6203 = DIRECTION('',(-4.440892098501E-16,-1.,-2.22044604925E-16));
#6204 = ADVANCED_FACE('',(#6205),#6223,.T.);
#6205 = FACE_BOUND('',#6206,.T.);
#6206 = EDGE_LOOP('',(#6207,#6215,#6221,#6222));
#6207 = ORIENTED_EDGE('',*,*,#6208,.T.);
#6208 = EDGE_CURVE('',#5728,#6209,#6211,.T.);
#6209 = VERTEX_POINT('',#6210);
#6210 = CARTESIAN_POINT('',(94.,241.5,44.45));
#6211 = LINE('',#6212,#6213);
#6212 = CARTESIAN_POINT('',(94.,235.,44.45));
#6213 = VECTOR('',#6214,1.);
#6214 = DIRECTION('',(9.992007221626E-16,1.,2.22044604925E-16));
#6215 = ORIENTED_EDGE('',*,*,#6216,.T.);
#6216 = EDGE_CURVE('',#6209,#5671,#6217,.T.);
#6217 = LINE('',#6218,#6219);
#6218 = CARTESIAN_POINT('',(94.000000000001,241.5,44.45));
#6219 = VECTOR('',#6220,1.);
#6220 = DIRECTION('',(-5.551115123126E-16,-1.33226762955E-15,-1.));
#6221 = ORIENTED_EDGE('',*,*,#5670,.F.);
#6222 = ORIENTED_EDGE('',*,*,#5727,.F.);
#6223 = PLANE('',#6224);
#6224 = AXIS2_PLACEMENT_3D('',#6225,#6226,#6227);
#6225 = CARTESIAN_POINT('',(94.,235.,44.45));
#6226 = DIRECTION('',(-1.,-3.330669073875E-16,-8.881784197001E-16));
#6227 = DIRECTION('',(-4.440892098501E-16,-1.221245327088E-15,-1.));
#6228 = ADVANCED_FACE('',(#6229,#6263,#6299,#6335),#6371,.T.);
#6229 = FACE_BOUND('',#6230,.T.);
#6230 = EDGE_LOOP('',(#6231,#6232,#6233,#6241,#6249,#6257));
#6231 = ORIENTED_EDGE('',*,*,#5678,.F.);
#6232 = ORIENTED_EDGE('',*,*,#6216,.F.);
#6233 = ORIENTED_EDGE('',*,*,#6234,.F.);
#6234 = EDGE_CURVE('',#6235,#6209,#6237,.T.);
#6235 = VERTEX_POINT('',#6236);
#6236 = CARTESIAN_POINT('',(123.,241.5,44.45));
#6237 = LINE('',#6238,#6239);
#6238 = CARTESIAN_POINT('',(123.,241.5,44.45));
#6239 = VECTOR('',#6240,1.);
#6240 = DIRECTION('',(-1.,-5.551115123126E-16,-1.110223024625E-15));
#6241 = ORIENTED_EDGE('',*,*,#6242,.F.);
#6242 = EDGE_CURVE('',#6243,#6235,#6245,.T.);
#6243 = VERTEX_POINT('',#6244);
#6244 = CARTESIAN_POINT('',(127.,241.5,40.45));
#6245 = LINE('',#6246,#6247);
#6246 = CARTESIAN_POINT('',(127.,241.5,40.45));
#6247 = VECTOR('',#6248,1.);
#6248 = DIRECTION('',(-0.707106781187,5.495323605393E-16,0.707106781187)
  );
#6249 = ORIENTED_EDGE('',*,*,#6250,.F.);
#6250 = EDGE_CURVE('',#6251,#6243,#6253,.T.);
#6251 = VERTEX_POINT('',#6252);
#6252 = CARTESIAN_POINT('',(127.,241.5,4.));
#6253 = LINE('',#6254,#6255);
#6254 = CARTESIAN_POINT('',(127.,241.5,4.));
#6255 = VECTOR('',#6256,1.);
#6256 = DIRECTION('',(5.551115123126E-16,1.33226762955E-15,1.));
#6257 = ORIENTED_EDGE('',*,*,#6258,.F.);
#6258 = EDGE_CURVE('',#5679,#6251,#6259,.T.);
#6259 = LINE('',#6260,#6261);
#6260 = CARTESIAN_POINT('',(123.,241.5,-4.263256414561E-14));
#6261 = VECTOR('',#6262,1.);
#6262 = DIRECTION('',(0.707106781187,1.334578589881E-15,0.707106781187)
  );
#6263 = FACE_BOUND('',#6264,.T.);
#6264 = EDGE_LOOP('',(#6265,#6276,#6284,#6293));
#6265 = ORIENTED_EDGE('',*,*,#6266,.T.);
#6266 = EDGE_CURVE('',#6267,#6269,#6271,.T.);
#6267 = VERTEX_POINT('',#6268);
#6268 = CARTESIAN_POINT('',(116.0625,241.5,9.65));
#6269 = VERTEX_POINT('',#6270);
#6270 = CARTESIAN_POINT('',(116.0625,241.5,3.05));
#6271 = CIRCLE('',#6272,3.3);
#6272 = AXIS2_PLACEMENT_3D('',#6273,#6274,#6275);
#6273 = CARTESIAN_POINT('',(116.0625,241.5,6.35));
#6274 = DIRECTION('',(4.440892098501E-16,-1.,1.110223024625E-15));
#6275 = DIRECTION('',(1.,4.440892098501E-16,8.881784197001E-16));
#6276 = ORIENTED_EDGE('',*,*,#6277,.T.);
#6277 = EDGE_CURVE('',#6269,#6278,#6280,.T.);
#6278 = VERTEX_POINT('',#6279);
#6279 = CARTESIAN_POINT('',(120.4625,241.5,3.05));
#6280 = LINE('',#6281,#6282);
#6281 = CARTESIAN_POINT('',(116.0625,241.5,3.05));
#6282 = VECTOR('',#6283,1.);
#6283 = DIRECTION('',(1.,4.440892098501E-16,8.881784197001E-16));
#6284 = ORIENTED_EDGE('',*,*,#6285,.T.);
#6285 = EDGE_CURVE('',#6278,#6286,#6288,.T.);
#6286 = VERTEX_POINT('',#6287);
#6287 = CARTESIAN_POINT('',(120.4625,241.5,9.65));
#6288 = CIRCLE('',#6289,3.3);
#6289 = AXIS2_PLACEMENT_3D('',#6290,#6291,#6292);
#6290 = CARTESIAN_POINT('',(120.4625,241.5,6.35));
#6291 = DIRECTION('',(4.440892098501E-16,-1.,1.110223024625E-15));
#6292 = DIRECTION('',(1.,4.440892098501E-16,8.881784197001E-16));
#6293 = ORIENTED_EDGE('',*,*,#6294,.T.);
#6294 = EDGE_CURVE('',#6286,#6267,#6295,.T.);
#6295 = LINE('',#6296,#6297);
#6296 = CARTESIAN_POINT('',(120.4625,241.5,9.65));
#6297 = VECTOR('',#6298,1.);
#6298 = DIRECTION('',(-1.,-4.440892098501E-16,-8.881784197001E-16));
#6299 = FACE_BOUND('',#6300,.T.);
#6300 = EDGE_LOOP('',(#6301,#6312,#6320,#6329));
#6301 = ORIENTED_EDGE('',*,*,#6302,.T.);
#6302 = EDGE_CURVE('',#6303,#6305,#6307,.T.);
#6303 = VERTEX_POINT('',#6304);
#6304 = CARTESIAN_POINT('',(116.0625,241.5,25.525));
#6305 = VERTEX_POINT('',#6306);
#6306 = CARTESIAN_POINT('',(116.0625,241.5,18.925));
#6307 = CIRCLE('',#6308,3.3);
#6308 = AXIS2_PLACEMENT_3D('',#6309,#6310,#6311);
#6309 = CARTESIAN_POINT('',(116.0625,241.5,22.225));
#6310 = DIRECTION('',(4.440892098501E-16,-1.,1.110223024625E-15));
#6311 = DIRECTION('',(1.,4.440892098501E-16,8.881784197001E-16));
#6312 = ORIENTED_EDGE('',*,*,#6313,.T.);
#6313 = EDGE_CURVE('',#6305,#6314,#6316,.T.);
#6314 = VERTEX_POINT('',#6315);
#6315 = CARTESIAN_POINT('',(120.4625,241.5,18.925));
#6316 = LINE('',#6317,#6318);
#6317 = CARTESIAN_POINT('',(116.0625,241.5,18.925));
#6318 = VECTOR('',#6319,1.);
#6319 = DIRECTION('',(1.,4.440892098501E-16,8.881784197001E-16));
#6320 = ORIENTED_EDGE('',*,*,#6321,.T.);
#6321 = EDGE_CURVE('',#6314,#6322,#6324,.T.);
#6322 = VERTEX_POINT('',#6323);
#6323 = CARTESIAN_POINT('',(120.4625,241.5,25.525));
#6324 = CIRCLE('',#6325,3.3);
#6325 = AXIS2_PLACEMENT_3D('',#6326,#6327,#6328);
#6326 = CARTESIAN_POINT('',(120.4625,241.5,22.225));
#6327 = DIRECTION('',(4.440892098501E-16,-1.,1.110223024625E-15));
#6328 = DIRECTION('',(1.,4.440892098501E-16,8.881784197001E-16));
#6329 = ORIENTED_EDGE('',*,*,#6330,.T.);
#6330 = EDGE_CURVE('',#6322,#6303,#6331,.T.);
#6331 = LINE('',#6332,#6333);
#6332 = CARTESIAN_POINT('',(120.4625,241.5,25.525));
#6333 = VECTOR('',#6334,1.);
#6334 = DIRECTION('',(-1.,-4.440892098501E-16,-8.881784197001E-16));
#6335 = FACE_BOUND('',#6336,.T.);
#6336 = EDGE_LOOP('',(#6337,#6348,#6356,#6365));
#6337 = ORIENTED_EDGE('',*,*,#6338,.T.);
#6338 = EDGE_CURVE('',#6339,#6341,#6343,.T.);
#6339 = VERTEX_POINT('',#6340);
#6340 = CARTESIAN_POINT('',(116.0625,241.5,41.4));
#6341 = VERTEX_POINT('',#6342);
#6342 = CARTESIAN_POINT('',(116.0625,241.5,34.8));
#6343 = CIRCLE('',#6344,3.3);
#6344 = AXIS2_PLACEMENT_3D('',#6345,#6346,#6347);
#6345 = CARTESIAN_POINT('',(116.0625,241.5,38.1));
#6346 = DIRECTION('',(4.440892098501E-16,-1.,1.110223024625E-15));
#6347 = DIRECTION('',(1.,4.440892098501E-16,8.881784197001E-16));
#6348 = ORIENTED_EDGE('',*,*,#6349,.T.);
#6349 = EDGE_CURVE('',#6341,#6350,#6352,.T.);
#6350 = VERTEX_POINT('',#6351);
#6351 = CARTESIAN_POINT('',(120.4625,241.5,34.8));
#6352 = LINE('',#6353,#6354);
#6353 = CARTESIAN_POINT('',(116.0625,241.5,34.8));
#6354 = VECTOR('',#6355,1.);
#6355 = DIRECTION('',(1.,4.440892098501E-16,8.881784197001E-16));
#6356 = ORIENTED_EDGE('',*,*,#6357,.T.);
#6357 = EDGE_CURVE('',#6350,#6358,#6360,.T.);
#6358 = VERTEX_POINT('',#6359);
#6359 = CARTESIAN_POINT('',(120.4625,241.5,41.4));
#6360 = CIRCLE('',#6361,3.3);
#6361 = AXIS2_PLACEMENT_3D('',#6362,#6363,#6364);
#6362 = CARTESIAN_POINT('',(120.4625,241.5,38.1));
#6363 = DIRECTION('',(4.440892098501E-16,-1.,1.110223024625E-15));
#6364 = DIRECTION('',(1.,4.440892098501E-16,8.881784197001E-16));
#6365 = ORIENTED_EDGE('',*,*,#6366,.T.);
#6366 = EDGE_CURVE('',#6358,#6339,#6367,.T.);
#6367 = LINE('',#6368,#6369);
#6368 = CARTESIAN_POINT('',(120.4625,241.5,41.4));
#6369 = VECTOR('',#6370,1.);
#6370 = DIRECTION('',(-1.,-4.440892098501E-16,-8.881784197001E-16));
#6371 = PLANE('',#6372);
#6372 = AXIS2_PLACEMENT_3D('',#6373,#6374,#6375);
#6373 = CARTESIAN_POINT('',(109.94112140227,241.5,22.225));
#6374 = DIRECTION('',(1.110223024625E-15,1.,5.551115123126E-16));
#6375 = DIRECTION('',(5.551115123126E-16,1.110223024625E-15,1.));
#6376 = ADVANCED_FACE('',(#6377),#6388,.T.);
#6377 = FACE_BOUND('',#6378,.T.);
#6378 = EDGE_LOOP('',(#6379,#6380,#6381,#6387));
#6379 = ORIENTED_EDGE('',*,*,#5686,.T.);
#6380 = ORIENTED_EDGE('',*,*,#6258,.T.);
#6381 = ORIENTED_EDGE('',*,*,#6382,.F.);
#6382 = EDGE_CURVE('',#5752,#6251,#6383,.T.);
#6383 = LINE('',#6384,#6385);
#6384 = CARTESIAN_POINT('',(127.,235.,4.));
#6385 = VECTOR('',#6386,1.);
#6386 = DIRECTION('',(9.992007221626E-16,1.,2.22044604925E-16));
#6387 = ORIENTED_EDGE('',*,*,#5759,.F.);
#6388 = PLANE('',#6389);
#6389 = AXIS2_PLACEMENT_3D('',#6390,#6391,#6392);
#6390 = CARTESIAN_POINT('',(123.,235.,1.678657213233E-13));
#6391 = DIRECTION('',(0.707106781187,-5.495323605393E-16,-0.707106781187
    ));
#6392 = DIRECTION('',(0.707106781187,1.177569344013E-15,0.707106781187)
  );
#6393 = ADVANCED_FACE('',(#6394),#6405,.T.);
#6394 = FACE_BOUND('',#6395,.T.);
#6395 = EDGE_LOOP('',(#6396,#6402,#6403,#6404));
#6396 = ORIENTED_EDGE('',*,*,#6397,.T.);
#6397 = EDGE_CURVE('',#5736,#6235,#6398,.T.);
#6398 = LINE('',#6399,#6400);
#6399 = CARTESIAN_POINT('',(123.,235.,44.45));
#6400 = VECTOR('',#6401,1.);
#6401 = DIRECTION('',(9.992007221626E-16,1.,2.22044604925E-16));
#6402 = ORIENTED_EDGE('',*,*,#6234,.T.);
#6403 = ORIENTED_EDGE('',*,*,#6208,.F.);
#6404 = ORIENTED_EDGE('',*,*,#5735,.F.);
#6405 = PLANE('',#6406);
#6406 = AXIS2_PLACEMENT_3D('',#6407,#6408,#6409);
#6407 = CARTESIAN_POINT('',(123.,235.,44.45));
#6408 = DIRECTION('',(3.330669073875E-16,1.110223024625E-15,1.));
#6409 = DIRECTION('',(-1.,-4.440892098501E-16,-9.992007221626E-16));
#6410 = ADVANCED_FACE('',(#6411),#6422,.T.);
#6411 = FACE_BOUND('',#6412,.T.);
#6412 = EDGE_LOOP('',(#6413,#6419,#6420,#6421));
#6413 = ORIENTED_EDGE('',*,*,#6414,.T.);
#6414 = EDGE_CURVE('',#5744,#6243,#6415,.T.);
#6415 = LINE('',#6416,#6417);
#6416 = CARTESIAN_POINT('',(127.,235.,40.45));
#6417 = VECTOR('',#6418,1.);
#6418 = DIRECTION('',(9.992007221626E-16,1.,2.22044604925E-16));
#6419 = ORIENTED_EDGE('',*,*,#6242,.T.);
#6420 = ORIENTED_EDGE('',*,*,#6397,.F.);
#6421 = ORIENTED_EDGE('',*,*,#5743,.F.);
#6422 = PLANE('',#6423);
#6423 = AXIS2_PLACEMENT_3D('',#6424,#6425,#6426);
#6424 = CARTESIAN_POINT('',(127.,235.,40.45));
#6425 = DIRECTION('',(0.707106781187,1.020560098144E-15,0.707106781187)
  );
#6426 = DIRECTION('',(-0.707106781187,5.495323605393E-16,0.707106781187)
  );
#6427 = ADVANCED_FACE('',(#6428),#6434,.T.);
#6428 = FACE_BOUND('',#6429,.T.);
#6429 = EDGE_LOOP('',(#6430,#6431,#6432,#6433));
#6430 = ORIENTED_EDGE('',*,*,#6382,.T.);
#6431 = ORIENTED_EDGE('',*,*,#6250,.T.);
#6432 = ORIENTED_EDGE('',*,*,#6414,.F.);
#6433 = ORIENTED_EDGE('',*,*,#5751,.F.);
#6434 = PLANE('',#6435);
#6435 = AXIS2_PLACEMENT_3D('',#6436,#6437,#6438);
#6436 = CARTESIAN_POINT('',(127.,235.,4.));
#6437 = DIRECTION('',(1.,3.330669073875E-16,8.881784197001E-16));
#6438 = DIRECTION('',(4.440892098501E-16,1.221245327088E-15,1.));
#6439 = ADVANCED_FACE('',(#6440),#6456,.F.);
#6440 = FACE_BOUND('',#6441,.T.);
#6441 = EDGE_LOOP('',(#6442,#6448,#6449,#6455));
#6442 = ORIENTED_EDGE('',*,*,#6443,.T.);
#6443 = EDGE_CURVE('',#6267,#5772,#6444,.T.);
#6444 = LINE('',#6445,#6446);
#6445 = CARTESIAN_POINT('',(116.0625,241.5,9.65));
#6446 = VECTOR('',#6447,1.);
#6447 = DIRECTION('',(-7.771561172376E-16,-1.,-1.110223024625E-16));
#6448 = ORIENTED_EDGE('',*,*,#5771,.T.);
#6449 = ORIENTED_EDGE('',*,*,#6450,.F.);
#6450 = EDGE_CURVE('',#6269,#5774,#6451,.T.);
#6451 = LINE('',#6452,#6453);
#6452 = CARTESIAN_POINT('',(116.0625,241.5,3.05));
#6453 = VECTOR('',#6454,1.);
#6454 = DIRECTION('',(-7.771561172376E-16,-1.,-1.110223024625E-16));
#6455 = ORIENTED_EDGE('',*,*,#6266,.F.);
#6456 = CYLINDRICAL_SURFACE('',#6457,3.3);
#6457 = AXIS2_PLACEMENT_3D('',#6458,#6459,#6460);
#6458 = CARTESIAN_POINT('',(116.0625,241.5,6.35));
#6459 = DIRECTION('',(6.661338147751E-16,1.,1.972152263053E-31));
#6460 = DIRECTION('',(1.,3.330669073875E-16,7.771561172376E-16));
#6461 = ADVANCED_FACE('',(#6462),#6473,.T.);
#6462 = FACE_BOUND('',#6463,.T.);
#6463 = EDGE_LOOP('',(#6464,#6470,#6471,#6472));
#6464 = ORIENTED_EDGE('',*,*,#6465,.T.);
#6465 = EDGE_CURVE('',#6286,#5791,#6466,.T.);
#6466 = LINE('',#6467,#6468);
#6467 = CARTESIAN_POINT('',(120.4625,241.5,9.65));
#6468 = VECTOR('',#6469,1.);
#6469 = DIRECTION('',(-7.771561172376E-16,-1.,-1.110223024625E-16));
#6470 = ORIENTED_EDGE('',*,*,#5799,.T.);
#6471 = ORIENTED_EDGE('',*,*,#6443,.F.);
#6472 = ORIENTED_EDGE('',*,*,#6294,.F.);
#6473 = PLANE('',#6474);
#6474 = AXIS2_PLACEMENT_3D('',#6475,#6476,#6477);
#6475 = CARTESIAN_POINT('',(120.4625,241.5,9.65));
#6476 = DIRECTION('',(-2.22044604925E-16,-8.881784197001E-16,-1.));
#6477 = DIRECTION('',(-1.,-3.330669073875E-16,-7.771561172376E-16));
#6478 = ADVANCED_FACE('',(#6479),#6490,.F.);
#6479 = FACE_BOUND('',#6480,.T.);
#6480 = EDGE_LOOP('',(#6481,#6487,#6488,#6489));
#6481 = ORIENTED_EDGE('',*,*,#6482,.T.);
#6482 = EDGE_CURVE('',#6278,#5783,#6483,.T.);
#6483 = LINE('',#6484,#6485);
#6484 = CARTESIAN_POINT('',(120.4625,241.5,3.05));
#6485 = VECTOR('',#6486,1.);
#6486 = DIRECTION('',(-7.771561172376E-16,-1.,-1.110223024625E-16));
#6487 = ORIENTED_EDGE('',*,*,#5790,.T.);
#6488 = ORIENTED_EDGE('',*,*,#6465,.F.);
#6489 = ORIENTED_EDGE('',*,*,#6285,.F.);
#6490 = CYLINDRICAL_SURFACE('',#6491,3.3);
#6491 = AXIS2_PLACEMENT_3D('',#6492,#6493,#6494);
#6492 = CARTESIAN_POINT('',(120.4625,241.5,6.35));
#6493 = DIRECTION('',(6.661338147751E-16,1.,1.972152263053E-31));
#6494 = DIRECTION('',(1.,3.330669073875E-16,7.771561172376E-16));
#6495 = ADVANCED_FACE('',(#6496),#6502,.T.);
#6496 = FACE_BOUND('',#6497,.T.);
#6497 = EDGE_LOOP('',(#6498,#6499,#6500,#6501));
#6498 = ORIENTED_EDGE('',*,*,#6450,.T.);
#6499 = ORIENTED_EDGE('',*,*,#5782,.T.);
#6500 = ORIENTED_EDGE('',*,*,#6482,.F.);
#6501 = ORIENTED_EDGE('',*,*,#6277,.F.);
#6502 = PLANE('',#6503);
#6503 = AXIS2_PLACEMENT_3D('',#6504,#6505,#6506);
#6504 = CARTESIAN_POINT('',(116.0625,241.5,3.05));
#6505 = DIRECTION('',(2.22044604925E-16,8.881784197001E-16,1.));
#6506 = DIRECTION('',(1.,3.330669073875E-16,7.771561172376E-16));
#6507 = ADVANCED_FACE('',(#6508),#6524,.F.);
#6508 = FACE_BOUND('',#6509,.T.);
#6509 = EDGE_LOOP('',(#6510,#6516,#6517,#6523));
#6510 = ORIENTED_EDGE('',*,*,#6511,.T.);
#6511 = EDGE_CURVE('',#6303,#5808,#6512,.T.);
#6512 = LINE('',#6513,#6514);
#6513 = CARTESIAN_POINT('',(116.0625,241.5,25.525));
#6514 = VECTOR('',#6515,1.);
#6515 = DIRECTION('',(-7.771561172376E-16,-1.,-1.110223024625E-16));
#6516 = ORIENTED_EDGE('',*,*,#5807,.T.);
#6517 = ORIENTED_EDGE('',*,*,#6518,.F.);
#6518 = EDGE_CURVE('',#6305,#5810,#6519,.T.);
#6519 = LINE('',#6520,#6521);
#6520 = CARTESIAN_POINT('',(116.0625,241.5,18.925));
#6521 = VECTOR('',#6522,1.);
#6522 = DIRECTION('',(-7.771561172376E-16,-1.,-1.110223024625E-16));
#6523 = ORIENTED_EDGE('',*,*,#6302,.F.);
#6524 = CYLINDRICAL_SURFACE('',#6525,3.3);
#6525 = AXIS2_PLACEMENT_3D('',#6526,#6527,#6528);
#6526 = CARTESIAN_POINT('',(116.0625,241.5,22.225));
#6527 = DIRECTION('',(6.661338147751E-16,1.,1.972152263053E-31));
#6528 = DIRECTION('',(1.,3.330669073875E-16,7.771561172376E-16));
#6529 = ADVANCED_FACE('',(#6530),#6541,.T.);
#6530 = FACE_BOUND('',#6531,.T.);
#6531 = EDGE_LOOP('',(#6532,#6538,#6539,#6540));
#6532 = ORIENTED_EDGE('',*,*,#6533,.T.);
#6533 = EDGE_CURVE('',#6322,#5827,#6534,.T.);
#6534 = LINE('',#6535,#6536);
#6535 = CARTESIAN_POINT('',(120.4625,241.5,25.525));
#6536 = VECTOR('',#6537,1.);
#6537 = DIRECTION('',(-7.771561172376E-16,-1.,-1.110223024625E-16));
#6538 = ORIENTED_EDGE('',*,*,#5835,.T.);
#6539 = ORIENTED_EDGE('',*,*,#6511,.F.);
#6540 = ORIENTED_EDGE('',*,*,#6330,.F.);
#6541 = PLANE('',#6542);
#6542 = AXIS2_PLACEMENT_3D('',#6543,#6544,#6545);
#6543 = CARTESIAN_POINT('',(120.4625,241.5,25.525));
#6544 = DIRECTION('',(-2.22044604925E-16,-8.881784197001E-16,-1.));
#6545 = DIRECTION('',(-1.,-3.330669073875E-16,-7.771561172376E-16));
#6546 = ADVANCED_FACE('',(#6547),#6558,.F.);
#6547 = FACE_BOUND('',#6548,.T.);
#6548 = EDGE_LOOP('',(#6549,#6555,#6556,#6557));
#6549 = ORIENTED_EDGE('',*,*,#6550,.T.);
#6550 = EDGE_CURVE('',#6314,#5819,#6551,.T.);
#6551 = LINE('',#6552,#6553);
#6552 = CARTESIAN_POINT('',(120.4625,241.5,18.925));
#6553 = VECTOR('',#6554,1.);
#6554 = DIRECTION('',(-7.771561172376E-16,-1.,-1.110223024625E-16));
#6555 = ORIENTED_EDGE('',*,*,#5826,.T.);
#6556 = ORIENTED_EDGE('',*,*,#6533,.F.);
#6557 = ORIENTED_EDGE('',*,*,#6321,.F.);
#6558 = CYLINDRICAL_SURFACE('',#6559,3.3);
#6559 = AXIS2_PLACEMENT_3D('',#6560,#6561,#6562);
#6560 = CARTESIAN_POINT('',(120.4625,241.5,22.225));
#6561 = DIRECTION('',(6.661338147751E-16,1.,1.972152263053E-31));
#6562 = DIRECTION('',(1.,3.330669073875E-16,7.771561172376E-16));
#6563 = ADVANCED_FACE('',(#6564),#6570,.T.);
#6564 = FACE_BOUND('',#6565,.T.);
#6565 = EDGE_LOOP('',(#6566,#6567,#6568,#6569));
#6566 = ORIENTED_EDGE('',*,*,#6518,.T.);
#6567 = ORIENTED_EDGE('',*,*,#5818,.T.);
#6568 = ORIENTED_EDGE('',*,*,#6550,.F.);
#6569 = ORIENTED_EDGE('',*,*,#6313,.F.);
#6570 = PLANE('',#6571);
#6571 = AXIS2_PLACEMENT_3D('',#6572,#6573,#6574);
#6572 = CARTESIAN_POINT('',(116.0625,241.5,18.925));
#6573 = DIRECTION('',(2.22044604925E-16,8.881784197001E-16,1.));
#6574 = DIRECTION('',(1.,3.330669073875E-16,7.771561172376E-16));
#6575 = ADVANCED_FACE('',(#6576),#6592,.F.);
#6576 = FACE_BOUND('',#6577,.T.);
#6577 = EDGE_LOOP('',(#6578,#6584,#6585,#6591));
#6578 = ORIENTED_EDGE('',*,*,#6579,.T.);
#6579 = EDGE_CURVE('',#6339,#5844,#6580,.T.);
#6580 = LINE('',#6581,#6582);
#6581 = CARTESIAN_POINT('',(116.0625,241.5,41.4));
#6582 = VECTOR('',#6583,1.);
#6583 = DIRECTION('',(-7.771561172376E-16,-1.,-1.110223024625E-16));
#6584 = ORIENTED_EDGE('',*,*,#5843,.T.);
#6585 = ORIENTED_EDGE('',*,*,#6586,.F.);
#6586 = EDGE_CURVE('',#6341,#5846,#6587,.T.);
#6587 = LINE('',#6588,#6589);
#6588 = CARTESIAN_POINT('',(116.0625,241.5,34.8));
#6589 = VECTOR('',#6590,1.);
#6590 = DIRECTION('',(-7.771561172376E-16,-1.,-1.110223024625E-16));
#6591 = ORIENTED_EDGE('',*,*,#6338,.F.);
#6592 = CYLINDRICAL_SURFACE('',#6593,3.3);
#6593 = AXIS2_PLACEMENT_3D('',#6594,#6595,#6596);
#6594 = CARTESIAN_POINT('',(116.0625,241.5,38.1));
#6595 = DIRECTION('',(6.661338147751E-16,1.,1.972152263053E-31));
#6596 = DIRECTION('',(1.,3.330669073875E-16,7.771561172376E-16));
#6597 = ADVANCED_FACE('',(#6598),#6609,.T.);
#6598 = FACE_BOUND('',#6599,.T.);
#6599 = EDGE_LOOP('',(#6600,#6606,#6607,#6608));
#6600 = ORIENTED_EDGE('',*,*,#6601,.T.);
#6601 = EDGE_CURVE('',#6358,#5863,#6602,.T.);
#6602 = LINE('',#6603,#6604);
#6603 = CARTESIAN_POINT('',(120.4625,241.5,41.4));
#6604 = VECTOR('',#6605,1.);
#6605 = DIRECTION('',(-7.771561172376E-16,-1.,-1.110223024625E-16));
#6606 = ORIENTED_EDGE('',*,*,#5871,.T.);
#6607 = ORIENTED_EDGE('',*,*,#6579,.F.);
#6608 = ORIENTED_EDGE('',*,*,#6366,.F.);
#6609 = PLANE('',#6610);
#6610 = AXIS2_PLACEMENT_3D('',#6611,#6612,#6613);
#6611 = CARTESIAN_POINT('',(120.4625,241.5,41.4));
#6612 = DIRECTION('',(-2.22044604925E-16,-8.881784197001E-16,-1.));
#6613 = DIRECTION('',(-1.,-3.330669073875E-16,-7.771561172376E-16));
#6614 = ADVANCED_FACE('',(#6615),#6626,.F.);
#6615 = FACE_BOUND('',#6616,.T.);
#6616 = EDGE_LOOP('',(#6617,#6623,#6624,#6625));
#6617 = ORIENTED_EDGE('',*,*,#6618,.T.);
#6618 = EDGE_CURVE('',#6350,#5855,#6619,.T.);
#6619 = LINE('',#6620,#6621);
#6620 = CARTESIAN_POINT('',(120.4625,241.5,34.8));
#6621 = VECTOR('',#6622,1.);
#6622 = DIRECTION('',(-7.771561172376E-16,-1.,-1.110223024625E-16));
#6623 = ORIENTED_EDGE('',*,*,#5862,.T.);
#6624 = ORIENTED_EDGE('',*,*,#6601,.F.);
#6625 = ORIENTED_EDGE('',*,*,#6357,.F.);
#6626 = CYLINDRICAL_SURFACE('',#6627,3.3);
#6627 = AXIS2_PLACEMENT_3D('',#6628,#6629,#6630);
#6628 = CARTESIAN_POINT('',(120.4625,241.5,38.1));
#6629 = DIRECTION('',(6.661338147751E-16,1.,1.972152263053E-31));
#6630 = DIRECTION('',(1.,3.330669073875E-16,7.771561172376E-16));
#6631 = ADVANCED_FACE('',(#6632),#6638,.T.);
#6632 = FACE_BOUND('',#6633,.T.);
#6633 = EDGE_LOOP('',(#6634,#6635,#6636,#6637));
#6634 = ORIENTED_EDGE('',*,*,#6586,.T.);
#6635 = ORIENTED_EDGE('',*,*,#5854,.T.);
#6636 = ORIENTED_EDGE('',*,*,#6618,.F.);
#6637 = ORIENTED_EDGE('',*,*,#6349,.F.);
#6638 = PLANE('',#6639);
#6639 = AXIS2_PLACEMENT_3D('',#6640,#6641,#6642);
#6640 = CARTESIAN_POINT('',(116.0625,241.5,34.8));
#6641 = DIRECTION('',(2.22044604925E-16,8.881784197001E-16,1.));
#6642 = DIRECTION('',(1.,3.330669073875E-16,7.771561172376E-16));
#6643 = ADVANCED_FACE('',(#6644),#6669,.T.);
#6644 = FACE_BOUND('',#6645,.T.);
#6645 = EDGE_LOOP('',(#6646,#6647,#6655,#6663));
#6646 = ORIENTED_EDGE('',*,*,#6104,.F.);
#6647 = ORIENTED_EDGE('',*,*,#6648,.T.);
#6648 = EDGE_CURVE('',#6105,#6649,#6651,.T.);
#6649 = VERTEX_POINT('',#6650);
#6650 = CARTESIAN_POINT('',(104.,178.28726789193,25.045));
#6651 = LINE('',#6652,#6653);
#6652 = CARTESIAN_POINT('',(99.,178.28726789193,25.045));
#6653 = VECTOR('',#6654,1.);
#6654 = DIRECTION('',(1.,0.,1.110223024625E-16));
#6655 = ORIENTED_EDGE('',*,*,#6656,.T.);
#6656 = EDGE_CURVE('',#6649,#6657,#6659,.T.);
#6657 = VERTEX_POINT('',#6658);
#6658 = CARTESIAN_POINT('',(104.,176.,21.083335800642));
#6659 = LINE('',#6660,#6661);
#6660 = CARTESIAN_POINT('',(104.,178.28726789193,25.045));
#6661 = VECTOR('',#6662,1.);
#6662 = DIRECTION('',(-2.071704367817E-16,-0.5,-0.866025403784));
#6663 = ORIENTED_EDGE('',*,*,#6664,.F.);
#6664 = EDGE_CURVE('',#6107,#6657,#6665,.T.);
#6665 = LINE('',#6666,#6667);
#6666 = CARTESIAN_POINT('',(99.,176.,21.083335800642));
#6667 = VECTOR('',#6668,1.);
#6668 = DIRECTION('',(1.,0.,1.110223024625E-16));
#6669 = PLANE('',#6670);
#6670 = AXIS2_PLACEMENT_3D('',#6671,#6672,#6673);
#6671 = CARTESIAN_POINT('',(99.,178.28726789193,25.045));
#6672 = DIRECTION('',(5.551115123126E-17,0.866025403784,-0.5));
#6673 = DIRECTION('',(-5.551115123126E-17,-0.5,-0.866025403784));
#6674 = ADVANCED_FACE('',(#6675),#6693,.T.);
#6675 = FACE_BOUND('',#6676,.T.);
#6676 = EDGE_LOOP('',(#6677,#6685,#6691,#6692));
#6677 = ORIENTED_EDGE('',*,*,#6678,.T.);
#6678 = EDGE_CURVE('',#6187,#6679,#6681,.T.);
#6679 = VERTEX_POINT('',#6680);
#6680 = CARTESIAN_POINT('',(104.,203.71273210806,25.045));
#6681 = LINE('',#6682,#6683);
#6682 = CARTESIAN_POINT('',(99.,203.71273210806,25.045));
#6683 = VECTOR('',#6684,1.);
#6684 = DIRECTION('',(1.,0.,1.110223024625E-16));
#6685 = ORIENTED_EDGE('',*,*,#6686,.T.);
#6686 = EDGE_CURVE('',#6679,#6649,#6687,.T.);
#6687 = LINE('',#6688,#6689);
#6688 = CARTESIAN_POINT('',(104.,203.71273210806,25.045));
#6689 = VECTOR('',#6690,1.);
#6690 = DIRECTION('',(-2.22044604925E-16,-1.,-1.110223024625E-16));
#6691 = ORIENTED_EDGE('',*,*,#6648,.F.);
#6692 = ORIENTED_EDGE('',*,*,#6194,.F.);
#6693 = PLANE('',#6694);
#6694 = AXIS2_PLACEMENT_3D('',#6695,#6696,#6697);
#6695 = CARTESIAN_POINT('',(99.,203.71273210806,25.045));
#6696 = DIRECTION('',(1.110223024625E-16,-1.232595164408E-32,-1.));
#6697 = DIRECTION('',(-1.110223024625E-16,-1.,0.));
#6698 = ADVANCED_FACE('',(#6699),#6717,.T.);
#6699 = FACE_BOUND('',#6700,.T.);
#6700 = EDGE_LOOP('',(#6701,#6709,#6715,#6716));
#6701 = ORIENTED_EDGE('',*,*,#6702,.T.);
#6702 = EDGE_CURVE('',#6179,#6703,#6705,.T.);
#6703 = VERTEX_POINT('',#6704);
#6704 = CARTESIAN_POINT('',(104.,206.62546421612,20.));
#6705 = LINE('',#6706,#6707);
#6706 = CARTESIAN_POINT('',(99.,206.62546421612,20.));
#6707 = VECTOR('',#6708,1.);
#6708 = DIRECTION('',(1.,0.,1.110223024625E-16));
#6709 = ORIENTED_EDGE('',*,*,#6710,.T.);
#6710 = EDGE_CURVE('',#6703,#6679,#6711,.T.);
#6711 = LINE('',#6712,#6713);
#6712 = CARTESIAN_POINT('',(104.,206.62546421612,20.));
#6713 = VECTOR('',#6714,1.);
#6714 = DIRECTION('',(-1.487416814334E-17,-0.5,0.866025403784));
#6715 = ORIENTED_EDGE('',*,*,#6678,.F.);
#6716 = ORIENTED_EDGE('',*,*,#6186,.F.);
#6717 = PLANE('',#6718);
#6718 = AXIS2_PLACEMENT_3D('',#6719,#6720,#6721);
#6719 = CARTESIAN_POINT('',(99.,206.62546421612,20.));
#6720 = DIRECTION('',(5.551115123126E-17,-0.866025403784,-0.5));
#6721 = DIRECTION('',(-5.551115123126E-17,-0.5,0.866025403784));
#6722 = ADVANCED_FACE('',(#6723),#6741,.T.);
#6723 = FACE_BOUND('',#6724,.T.);
#6724 = EDGE_LOOP('',(#6725,#6733,#6739,#6740));
#6725 = ORIENTED_EDGE('',*,*,#6726,.T.);
#6726 = EDGE_CURVE('',#6171,#6727,#6729,.T.);
#6727 = VERTEX_POINT('',#6728);
#6728 = CARTESIAN_POINT('',(104.,203.71273210806,14.955));
#6729 = LINE('',#6730,#6731);
#6730 = CARTESIAN_POINT('',(99.,203.71273210806,14.955));
#6731 = VECTOR('',#6732,1.);
#6732 = DIRECTION('',(1.,0.,1.110223024625E-16));
#6733 = ORIENTED_EDGE('',*,*,#6734,.T.);
#6734 = EDGE_CURVE('',#6727,#6703,#6735,.T.);
#6735 = LINE('',#6736,#6737);
#6736 = CARTESIAN_POINT('',(104.,203.71273210806,14.955));
#6737 = VECTOR('',#6738,1.);
#6738 = DIRECTION('',(2.071704367817E-16,0.5,0.866025403784));
#6739 = ORIENTED_EDGE('',*,*,#6702,.F.);
#6740 = ORIENTED_EDGE('',*,*,#6178,.F.);
#6741 = PLANE('',#6742);
#6742 = AXIS2_PLACEMENT_3D('',#6743,#6744,#6745);
#6743 = CARTESIAN_POINT('',(99.,203.71273210806,14.955));
#6744 = DIRECTION('',(-5.551115123126E-17,-0.866025403784,0.5));
#6745 = DIRECTION('',(5.551115123126E-17,0.5,0.866025403784));
#6746 = ADVANCED_FACE('',(#6747),#6765,.T.);
#6747 = FACE_BOUND('',#6748,.T.);
#6748 = EDGE_LOOP('',(#6749,#6757,#6763,#6764));
#6749 = ORIENTED_EDGE('',*,*,#6750,.T.);
#6750 = EDGE_CURVE('',#6163,#6751,#6753,.T.);
#6751 = VERTEX_POINT('',#6752);
#6752 = CARTESIAN_POINT('',(104.,178.28726789193,14.955));
#6753 = LINE('',#6754,#6755);
#6754 = CARTESIAN_POINT('',(99.,178.28726789193,14.955));
#6755 = VECTOR('',#6756,1.);
#6756 = DIRECTION('',(1.,0.,1.110223024625E-16));
#6757 = ORIENTED_EDGE('',*,*,#6758,.T.);
#6758 = EDGE_CURVE('',#6751,#6727,#6759,.T.);
#6759 = LINE('',#6760,#6761);
#6760 = CARTESIAN_POINT('',(104.,178.28726789193,14.955));
#6761 = VECTOR('',#6762,1.);
#6762 = DIRECTION('',(2.22044604925E-16,1.,4.115703572439E-17));
#6763 = ORIENTED_EDGE('',*,*,#6726,.F.);
#6764 = ORIENTED_EDGE('',*,*,#6170,.F.);
#6765 = PLANE('',#6766);
#6766 = AXIS2_PLACEMENT_3D('',#6767,#6768,#6769);
#6767 = CARTESIAN_POINT('',(99.,178.28726789193,14.955));
#6768 = DIRECTION('',(-1.110223024625E-16,6.986526673813E-17,1.));
#6769 = DIRECTION('',(1.110223024625E-16,1.,-6.986526673813E-17));
#6770 = ADVANCED_FACE('',(#6771),#6789,.T.);
#6771 = FACE_BOUND('',#6772,.T.);
#6772 = EDGE_LOOP('',(#6773,#6774,#6782,#6788));
#6773 = ORIENTED_EDGE('',*,*,#6162,.F.);
#6774 = ORIENTED_EDGE('',*,*,#6775,.F.);
#6775 = EDGE_CURVE('',#6776,#6155,#6778,.T.);
#6776 = VERTEX_POINT('',#6777);
#6777 = CARTESIAN_POINT('',(104.,176.,18.916664199358));
#6778 = LINE('',#6779,#6780);
#6779 = CARTESIAN_POINT('',(99.,176.,18.916664199358));
#6780 = VECTOR('',#6781,1.);
#6781 = DIRECTION('',(-1.,0.,-1.110223024625E-16));
#6782 = ORIENTED_EDGE('',*,*,#6783,.T.);
#6783 = EDGE_CURVE('',#6776,#6751,#6784,.T.);
#6784 = LINE('',#6785,#6786);
#6785 = CARTESIAN_POINT('',(104.,175.37453578387,20.));
#6786 = VECTOR('',#6787,1.);
#6787 = DIRECTION('',(1.487416814334E-17,0.5,-0.866025403784));
#6788 = ORIENTED_EDGE('',*,*,#6750,.F.);
#6789 = PLANE('',#6790);
#6790 = AXIS2_PLACEMENT_3D('',#6791,#6792,#6793);
#6791 = CARTESIAN_POINT('',(99.,175.37453578387,20.));
#6792 = DIRECTION('',(-5.551115123126E-17,0.866025403784,0.5));
#6793 = DIRECTION('',(5.551115123126E-17,0.5,-0.866025403784));
#6794 = ADVANCED_FACE('',(#6795),#6813,.T.);
#6795 = FACE_BOUND('',#6796,.T.);
#6796 = EDGE_LOOP('',(#6797,#6798,#6806,#6812));
#6797 = ORIENTED_EDGE('',*,*,#6154,.F.);
#6798 = ORIENTED_EDGE('',*,*,#6799,.T.);
#6799 = EDGE_CURVE('',#6147,#6800,#6802,.T.);
#6800 = VERTEX_POINT('',#6801);
#6801 = CARTESIAN_POINT('',(104.,173.71273210806,14.955));
#6802 = LINE('',#6803,#6804);
#6803 = CARTESIAN_POINT('',(99.,173.71273210806,14.955));
#6804 = VECTOR('',#6805,1.);
#6805 = DIRECTION('',(1.,0.,1.110223024625E-16));
#6806 = ORIENTED_EDGE('',*,*,#6807,.T.);
#6807 = EDGE_CURVE('',#6800,#6776,#6808,.T.);
#6808 = LINE('',#6809,#6810);
#6809 = CARTESIAN_POINT('',(104.,173.71273210806,14.955));
#6810 = VECTOR('',#6811,1.);
#6811 = DIRECTION('',(2.071704367817E-16,0.5,0.866025403784));
#6812 = ORIENTED_EDGE('',*,*,#6775,.T.);
#6813 = PLANE('',#6814);
#6814 = AXIS2_PLACEMENT_3D('',#6815,#6816,#6817);
#6815 = CARTESIAN_POINT('',(99.,173.71273210806,14.955));
#6816 = DIRECTION('',(-5.551115123126E-17,-0.866025403784,0.5));
#6817 = DIRECTION('',(5.551115123126E-17,0.5,0.866025403784));
#6818 = ADVANCED_FACE('',(#6819),#6837,.T.);
#6819 = FACE_BOUND('',#6820,.T.);
#6820 = EDGE_LOOP('',(#6821,#6829,#6835,#6836));
#6821 = ORIENTED_EDGE('',*,*,#6822,.T.);
#6822 = EDGE_CURVE('',#6139,#6823,#6825,.T.);
#6823 = VERTEX_POINT('',#6824);
#6824 = CARTESIAN_POINT('',(104.,148.28726789193,14.955));
#6825 = LINE('',#6826,#6827);
#6826 = CARTESIAN_POINT('',(99.,148.28726789193,14.955));
#6827 = VECTOR('',#6828,1.);
#6828 = DIRECTION('',(1.,0.,1.110223024625E-16));
#6829 = ORIENTED_EDGE('',*,*,#6830,.T.);
#6830 = EDGE_CURVE('',#6823,#6800,#6831,.T.);
#6831 = LINE('',#6832,#6833);
#6832 = CARTESIAN_POINT('',(104.,148.28726789193,14.955));
#6833 = VECTOR('',#6834,1.);
#6834 = DIRECTION('',(2.22044604925E-16,1.,4.115703572439E-17));
#6835 = ORIENTED_EDGE('',*,*,#6799,.F.);
#6836 = ORIENTED_EDGE('',*,*,#6146,.F.);
#6837 = PLANE('',#6838);
#6838 = AXIS2_PLACEMENT_3D('',#6839,#6840,#6841);
#6839 = CARTESIAN_POINT('',(99.,148.28726789193,14.955));
#6840 = DIRECTION('',(-1.110223024625E-16,6.986526673813E-17,1.));
#6841 = DIRECTION('',(1.110223024625E-16,1.,-6.986526673813E-17));
#6842 = ADVANCED_FACE('',(#6843),#6861,.T.);
#6843 = FACE_BOUND('',#6844,.T.);
#6844 = EDGE_LOOP('',(#6845,#6853,#6859,#6860));
#6845 = ORIENTED_EDGE('',*,*,#6846,.T.);
#6846 = EDGE_CURVE('',#6131,#6847,#6849,.T.);
#6847 = VERTEX_POINT('',#6848);
#6848 = CARTESIAN_POINT('',(104.,145.37453578387,20.));
#6849 = LINE('',#6850,#6851);
#6850 = CARTESIAN_POINT('',(99.,145.37453578387,20.));
#6851 = VECTOR('',#6852,1.);
#6852 = DIRECTION('',(1.,0.,1.110223024625E-16));
#6853 = ORIENTED_EDGE('',*,*,#6854,.T.);
#6854 = EDGE_CURVE('',#6847,#6823,#6855,.T.);
#6855 = LINE('',#6856,#6857);
#6856 = CARTESIAN_POINT('',(104.,145.37453578387,20.));
#6857 = VECTOR('',#6858,1.);
#6858 = DIRECTION('',(1.487416814334E-17,0.5,-0.866025403784));
#6859 = ORIENTED_EDGE('',*,*,#6822,.F.);
#6860 = ORIENTED_EDGE('',*,*,#6138,.F.);
#6861 = PLANE('',#6862);
#6862 = AXIS2_PLACEMENT_3D('',#6863,#6864,#6865);
#6863 = CARTESIAN_POINT('',(99.,145.37453578387,20.));
#6864 = DIRECTION('',(-5.551115123126E-17,0.866025403784,0.5));
#6865 = DIRECTION('',(5.551115123126E-17,0.5,-0.866025403784));
#6866 = ADVANCED_FACE('',(#6867),#6885,.T.);
#6867 = FACE_BOUND('',#6868,.T.);
#6868 = EDGE_LOOP('',(#6869,#6877,#6883,#6884));
#6869 = ORIENTED_EDGE('',*,*,#6870,.T.);
#6870 = EDGE_CURVE('',#6123,#6871,#6873,.T.);
#6871 = VERTEX_POINT('',#6872);
#6872 = CARTESIAN_POINT('',(104.,148.28726789193,25.045));
#6873 = LINE('',#6874,#6875);
#6874 = CARTESIAN_POINT('',(99.,148.28726789193,25.045));
#6875 = VECTOR('',#6876,1.);
#6876 = DIRECTION('',(1.,0.,1.110223024625E-16));
#6877 = ORIENTED_EDGE('',*,*,#6878,.T.);
#6878 = EDGE_CURVE('',#6871,#6847,#6879,.T.);
#6879 = LINE('',#6880,#6881);
#6880 = CARTESIAN_POINT('',(104.,148.28726789193,25.045));
#6881 = VECTOR('',#6882,1.);
#6882 = DIRECTION('',(-2.071704367817E-16,-0.5,-0.866025403784));
#6883 = ORIENTED_EDGE('',*,*,#6846,.F.);
#6884 = ORIENTED_EDGE('',*,*,#6130,.F.);
#6885 = PLANE('',#6886);
#6886 = AXIS2_PLACEMENT_3D('',#6887,#6888,#6889);
#6887 = CARTESIAN_POINT('',(99.,148.28726789193,25.045));
#6888 = DIRECTION('',(5.551115123126E-17,0.866025403784,-0.5));
#6889 = DIRECTION('',(-5.551115123126E-17,-0.5,-0.866025403784));
#6890 = ADVANCED_FACE('',(#6891),#6909,.T.);
#6891 = FACE_BOUND('',#6892,.T.);
#6892 = EDGE_LOOP('',(#6893,#6901,#6907,#6908));
#6893 = ORIENTED_EDGE('',*,*,#6894,.T.);
#6894 = EDGE_CURVE('',#6115,#6895,#6897,.T.);
#6895 = VERTEX_POINT('',#6896);
#6896 = CARTESIAN_POINT('',(104.,173.71273210806,25.045));
#6897 = LINE('',#6898,#6899);
#6898 = CARTESIAN_POINT('',(99.,173.71273210806,25.045));
#6899 = VECTOR('',#6900,1.);
#6900 = DIRECTION('',(1.,0.,1.110223024625E-16));
#6901 = ORIENTED_EDGE('',*,*,#6902,.T.);
#6902 = EDGE_CURVE('',#6895,#6871,#6903,.T.);
#6903 = LINE('',#6904,#6905);
#6904 = CARTESIAN_POINT('',(104.,173.71273210806,25.045));
#6905 = VECTOR('',#6906,1.);
#6906 = DIRECTION('',(-2.22044604925E-16,-1.,-1.110223024625E-16));
#6907 = ORIENTED_EDGE('',*,*,#6870,.F.);
#6908 = ORIENTED_EDGE('',*,*,#6122,.F.);
#6909 = PLANE('',#6910);
#6910 = AXIS2_PLACEMENT_3D('',#6911,#6912,#6913);
#6911 = CARTESIAN_POINT('',(99.,173.71273210806,25.045));
#6912 = DIRECTION('',(1.110223024625E-16,-1.232595164408E-32,-1.));
#6913 = DIRECTION('',(-1.110223024625E-16,-1.,0.));
#6914 = ADVANCED_FACE('',(#6915),#6926,.T.);
#6915 = FACE_BOUND('',#6916,.T.);
#6916 = EDGE_LOOP('',(#6917,#6918,#6919,#6925));
#6917 = ORIENTED_EDGE('',*,*,#6114,.F.);
#6918 = ORIENTED_EDGE('',*,*,#6664,.T.);
#6919 = ORIENTED_EDGE('',*,*,#6920,.T.);
#6920 = EDGE_CURVE('',#6657,#6895,#6921,.T.);
#6921 = LINE('',#6922,#6923);
#6922 = CARTESIAN_POINT('',(104.,176.62546421612,20.));
#6923 = VECTOR('',#6924,1.);
#6924 = DIRECTION('',(-1.487416814334E-17,-0.5,0.866025403784));
#6925 = ORIENTED_EDGE('',*,*,#6894,.F.);
#6926 = PLANE('',#6927);
#6927 = AXIS2_PLACEMENT_3D('',#6928,#6929,#6930);
#6928 = CARTESIAN_POINT('',(99.,176.62546421612,20.));
#6929 = DIRECTION('',(5.551115123126E-17,-0.866025403784,-0.5));
#6930 = DIRECTION('',(-5.551115123126E-17,-0.5,0.866025403784));
#6931 = ADVANCED_FACE('',(#6932,#6946,#6952),#6958,.T.);
#6932 = FACE_BOUND('',#6933,.T.);
#6933 = EDGE_LOOP('',(#6934,#6935,#6936,#6937,#6938,#6939,#6940,#6941,
    #6942,#6943,#6944,#6945));
#6934 = ORIENTED_EDGE('',*,*,#6807,.F.);
#6935 = ORIENTED_EDGE('',*,*,#6830,.F.);
#6936 = ORIENTED_EDGE('',*,*,#6854,.F.);
#6937 = ORIENTED_EDGE('',*,*,#6878,.F.);
#6938 = ORIENTED_EDGE('',*,*,#6902,.F.);
#6939 = ORIENTED_EDGE('',*,*,#6920,.F.);
#6940 = ORIENTED_EDGE('',*,*,#6656,.F.);
#6941 = ORIENTED_EDGE('',*,*,#6686,.F.);
#6942 = ORIENTED_EDGE('',*,*,#6710,.F.);
#6943 = ORIENTED_EDGE('',*,*,#6734,.F.);
#6944 = ORIENTED_EDGE('',*,*,#6758,.F.);
#6945 = ORIENTED_EDGE('',*,*,#6783,.F.);
#6946 = FACE_BOUND('',#6947,.T.);
#6947 = EDGE_LOOP('',(#6948,#6949,#6950,#6951));
#6948 = ORIENTED_EDGE('',*,*,#5885,.T.);
#6949 = ORIENTED_EDGE('',*,*,#5916,.F.);
#6950 = ORIENTED_EDGE('',*,*,#5941,.T.);
#6951 = ORIENTED_EDGE('',*,*,#5965,.F.);
#6952 = FACE_BOUND('',#6953,.T.);
#6953 = EDGE_LOOP('',(#6954,#6955,#6956,#6957));
#6954 = ORIENTED_EDGE('',*,*,#5983,.T.);
#6955 = ORIENTED_EDGE('',*,*,#6014,.F.);
#6956 = ORIENTED_EDGE('',*,*,#6039,.T.);
#6957 = ORIENTED_EDGE('',*,*,#6063,.F.);
#6958 = PLANE('',#6959);
#6959 = AXIS2_PLACEMENT_3D('',#6960,#6961,#6962);
#6960 = CARTESIAN_POINT('',(104.,176.,20.));
#6961 = DIRECTION('',(-1.,-0.,-0.));
#6962 = DIRECTION('',(0.,-1.,0.));
#6963 = MANIFOLD_SOLID_BREP('',#6964);
#6964 = CLOSED_SHELL('',(#6965,#7005,#7044,#7132,#7171,#7195,#7219,#7236
    ,#7267,#7298,#7359,#7384,#7409,#7434,#7459,#7490,#7522,#7546,#7565,
    #7589,#7613,#7645,#7676,#7714,#7730));
#6965 = ADVANCED_FACE('',(#6966),#7000,.T.);
#6966 = FACE_BOUND('',#6967,.T.);
#6967 = EDGE_LOOP('',(#6968,#6978,#6986,#6994));
#6968 = ORIENTED_EDGE('',*,*,#6969,.T.);
#6969 = EDGE_CURVE('',#6970,#6972,#6974,.T.);
#6970 = VERTEX_POINT('',#6971);
#6971 = CARTESIAN_POINT('',(-99.,8.,3.));
#6972 = VERTEX_POINT('',#6973);
#6973 = CARTESIAN_POINT('',(-99.,99.,3.));
#6974 = LINE('',#6975,#6976);
#6975 = CARTESIAN_POINT('',(-99.,8.,3.));
#6976 = VECTOR('',#6977,1.);
#6977 = DIRECTION('',(0.,1.,-8.881784197001E-16));
#6978 = ORIENTED_EDGE('',*,*,#6979,.T.);
#6979 = EDGE_CURVE('',#6972,#6980,#6982,.T.);
#6980 = VERTEX_POINT('',#6981);
#6981 = CARTESIAN_POINT('',(-99.,99.,-8.171241461241E-14));
#6982 = LINE('',#6983,#6984);
#6983 = CARTESIAN_POINT('',(-99.,99.,3.));
#6984 = VECTOR('',#6985,1.);
#6985 = DIRECTION('',(0.,-8.881784197001E-16,-1.));
#6986 = ORIENTED_EDGE('',*,*,#6987,.F.);
#6987 = EDGE_CURVE('',#6988,#6980,#6990,.T.);
#6988 = VERTEX_POINT('',#6989);
#6989 = CARTESIAN_POINT('',(-99.,8.,0.));
#6990 = LINE('',#6991,#6992);
#6991 = CARTESIAN_POINT('',(-99.,8.,0.));
#6992 = VECTOR('',#6993,1.);
#6993 = DIRECTION('',(0.,1.,-8.881784197001E-16));
#6994 = ORIENTED_EDGE('',*,*,#6995,.F.);
#6995 = EDGE_CURVE('',#6970,#6988,#6996,.T.);
#6996 = LINE('',#6997,#6998);
#6997 = CARTESIAN_POINT('',(-99.,8.,3.));
#6998 = VECTOR('',#6999,1.);
#6999 = DIRECTION('',(0.,-8.881784197001E-16,-1.));
#7000 = PLANE('',#7001);
#7001 = AXIS2_PLACEMENT_3D('',#7002,#7003,#7004);
#7002 = CARTESIAN_POINT('',(-99.,8.,3.));
#7003 = DIRECTION('',(-1.,0.,0.));
#7004 = DIRECTION('',(0.,-8.881784197001E-16,-1.));
#7005 = ADVANCED_FACE('',(#7006),#7039,.T.);
#7006 = FACE_BOUND('',#7007,.T.);
#7007 = EDGE_LOOP('',(#7008,#7018,#7026,#7032,#7033));
#7008 = ORIENTED_EDGE('',*,*,#7009,.T.);
#7009 = EDGE_CURVE('',#7010,#7012,#7014,.T.);
#7010 = VERTEX_POINT('',#7011);
#7011 = CARTESIAN_POINT('',(-107.,8.,3.));
#7012 = VERTEX_POINT('',#7013);
#7013 = CARTESIAN_POINT('',(-107.,136.6,3.));
#7014 = LINE('',#7015,#7016);
#7015 = CARTESIAN_POINT('',(-107.,8.,3.));
#7016 = VECTOR('',#7017,1.);
#7017 = DIRECTION('',(0.,1.,-8.881784197001E-16));
#7018 = ORIENTED_EDGE('',*,*,#7019,.F.);
#7019 = EDGE_CURVE('',#7020,#7012,#7022,.T.);
#7020 = VERTEX_POINT('',#7021);
#7021 = CARTESIAN_POINT('',(-99.,136.6,3.));
#7022 = LINE('',#7023,#7024);
#7023 = CARTESIAN_POINT('',(-99.,136.6,3.));
#7024 = VECTOR('',#7025,1.);
#7025 = DIRECTION('',(-1.,0.,0.));
#7026 = ORIENTED_EDGE('',*,*,#7027,.F.);
#7027 = EDGE_CURVE('',#6972,#7020,#7028,.T.);
#7028 = LINE('',#7029,#7030);
#7029 = CARTESIAN_POINT('',(-99.,99.,3.));
#7030 = VECTOR('',#7031,1.);
#7031 = DIRECTION('',(0.,1.,-7.771561172376E-16));
#7032 = ORIENTED_EDGE('',*,*,#6969,.F.);
#7033 = ORIENTED_EDGE('',*,*,#7034,.F.);
#7034 = EDGE_CURVE('',#7010,#6970,#7035,.T.);
#7035 = LINE('',#7036,#7037);
#7036 = CARTESIAN_POINT('',(-107.,8.,3.));
#7037 = VECTOR('',#7038,1.);
#7038 = DIRECTION('',(1.,0.,0.));
#7039 = PLANE('',#7040);
#7040 = AXIS2_PLACEMENT_3D('',#7041,#7042,#7043);
#7041 = CARTESIAN_POINT('',(-103.,72.3,3.));
#7042 = DIRECTION('',(-0.,-6.661338147751E-16,-1.));
#7043 = DIRECTION('',(0.,1.,-6.661338147751E-16));
#7044 = ADVANCED_FACE('',(#7045),#7127,.T.);
#7045 = FACE_BOUND('',#7046,.T.);
#7046 = EDGE_LOOP('',(#7047,#7048,#7049,#7057,#7065,#7073,#7081,#7089,
    #7097,#7105,#7113,#7121));
#7047 = ORIENTED_EDGE('',*,*,#7034,.T.);
#7048 = ORIENTED_EDGE('',*,*,#6995,.T.);
#7049 = ORIENTED_EDGE('',*,*,#7050,.T.);
#7050 = EDGE_CURVE('',#6988,#7051,#7053,.T.);
#7051 = VERTEX_POINT('',#7052);
#7052 = CARTESIAN_POINT('',(30.,8.,0.));
#7053 = LINE('',#7054,#7055);
#7054 = CARTESIAN_POINT('',(-99.,8.,0.));
#7055 = VECTOR('',#7056,1.);
#7056 = DIRECTION('',(1.,0.,0.));
#7057 = ORIENTED_EDGE('',*,*,#7058,.T.);
#7058 = EDGE_CURVE('',#7051,#7059,#7061,.T.);
#7059 = VERTEX_POINT('',#7060);
#7060 = CARTESIAN_POINT('',(30.,8.,3.));
#7061 = LINE('',#7062,#7063);
#7062 = CARTESIAN_POINT('',(30.,8.,0.));
#7063 = VECTOR('',#7064,1.);
#7064 = DIRECTION('',(0.,8.881784197001E-16,1.));
#7065 = ORIENTED_EDGE('',*,*,#7066,.T.);
#7066 = EDGE_CURVE('',#7059,#7067,#7069,.T.);
#7067 = VERTEX_POINT('',#7068);
#7068 = CARTESIAN_POINT('',(-30.,8.,3.));
#7069 = LINE('',#7070,#7071);
#7070 = CARTESIAN_POINT('',(30.,8.,3.));
#7071 = VECTOR('',#7072,1.);
#7072 = DIRECTION('',(-1.,0.,0.));
#7073 = ORIENTED_EDGE('',*,*,#7074,.T.);
#7074 = EDGE_CURVE('',#7067,#7075,#7077,.T.);
#7075 = VERTEX_POINT('',#7076);
#7076 = CARTESIAN_POINT('',(-30.,8.,11.625));
#7077 = LINE('',#7078,#7079);
#7078 = CARTESIAN_POINT('',(-30.,8.,3.));
#7079 = VECTOR('',#7080,1.);
#7080 = DIRECTION('',(0.,8.881784197001E-16,1.));
#7081 = ORIENTED_EDGE('',*,*,#7082,.F.);
#7082 = EDGE_CURVE('',#7083,#7075,#7085,.T.);
#7083 = VERTEX_POINT('',#7084);
#7084 = CARTESIAN_POINT('',(-59.15,8.,11.625));
#7085 = LINE('',#7086,#7087);
#7086 = CARTESIAN_POINT('',(-59.15,8.,11.625));
#7087 = VECTOR('',#7088,1.);
#7088 = DIRECTION('',(1.,0.,0.));
#7089 = ORIENTED_EDGE('',*,*,#7090,.T.);
#7090 = EDGE_CURVE('',#7083,#7091,#7093,.T.);
#7091 = VERTEX_POINT('',#7092);
#7092 = CARTESIAN_POINT('',(-59.15,8.,19.625));
#7093 = LINE('',#7094,#7095);
#7094 = CARTESIAN_POINT('',(-59.15,8.,6.));
#7095 = VECTOR('',#7096,1.);
#7096 = DIRECTION('',(0.,2.22044604925E-16,1.));
#7097 = ORIENTED_EDGE('',*,*,#7098,.F.);
#7098 = EDGE_CURVE('',#7099,#7091,#7101,.T.);
#7099 = VERTEX_POINT('',#7100);
#7100 = CARTESIAN_POINT('',(-63.15,8.,19.625));
#7101 = LINE('',#7102,#7103);
#7102 = CARTESIAN_POINT('',(-63.15,8.,19.625));
#7103 = VECTOR('',#7104,1.);
#7104 = DIRECTION('',(1.,0.,0.));
#7105 = ORIENTED_EDGE('',*,*,#7106,.F.);
#7106 = EDGE_CURVE('',#7107,#7099,#7109,.T.);
#7107 = VERTEX_POINT('',#7108);
#7108 = CARTESIAN_POINT('',(-63.15,8.,6.));
#7109 = LINE('',#7110,#7111);
#7110 = CARTESIAN_POINT('',(-63.15,8.,6.));
#7111 = VECTOR('',#7112,1.);
#7112 = DIRECTION('',(0.,2.22044604925E-16,1.));
#7113 = ORIENTED_EDGE('',*,*,#7114,.T.);
#7114 = EDGE_CURVE('',#7107,#7115,#7117,.T.);
#7115 = VERTEX_POINT('',#7116);
#7116 = CARTESIAN_POINT('',(-107.,8.,6.));
#7117 = LINE('',#7118,#7119);
#7118 = CARTESIAN_POINT('',(-30.,8.,6.));
#7119 = VECTOR('',#7120,1.);
#7120 = DIRECTION('',(-1.,0.,0.));
#7121 = ORIENTED_EDGE('',*,*,#7122,.T.);
#7122 = EDGE_CURVE('',#7115,#7010,#7123,.T.);
#7123 = LINE('',#7124,#7125);
#7124 = CARTESIAN_POINT('',(-107.,8.,6.));
#7125 = VECTOR('',#7126,1.);
#7126 = DIRECTION('',(0.,-8.881784197001E-16,-1.));
#7127 = PLANE('',#7128);
#7128 = AXIS2_PLACEMENT_3D('',#7129,#7130,#7131);
#7129 = CARTESIAN_POINT('',(-40.44491221069,8.,4.053022745411));
#7130 = DIRECTION('',(0.,-1.,3.330669073875E-16));
#7131 = DIRECTION('',(1.,0.,0.));
#7132 = ADVANCED_FACE('',(#7133),#7166,.T.);
#7133 = FACE_BOUND('',#7134,.T.);
#7134 = EDGE_LOOP('',(#7135,#7136,#7144,#7152,#7160));
#7135 = ORIENTED_EDGE('',*,*,#6979,.F.);
#7136 = ORIENTED_EDGE('',*,*,#7137,.F.);
#7137 = EDGE_CURVE('',#7138,#6972,#7140,.T.);
#7138 = VERTEX_POINT('',#7139);
#7139 = CARTESIAN_POINT('',(-99.,99.,6.));
#7140 = LINE('',#7141,#7142);
#7141 = CARTESIAN_POINT('',(-99.,99.,6.));
#7142 = VECTOR('',#7143,1.);
#7143 = DIRECTION('',(0.,-7.771561172376E-16,-1.));
#7144 = ORIENTED_EDGE('',*,*,#7145,.F.);
#7145 = EDGE_CURVE('',#7146,#7138,#7148,.T.);
#7146 = VERTEX_POINT('',#7147);
#7147 = CARTESIAN_POINT('',(-63.15,99.,6.));
#7148 = LINE('',#7149,#7150);
#7149 = CARTESIAN_POINT('',(-30.,99.,6.));
#7150 = VECTOR('',#7151,1.);
#7151 = DIRECTION('',(-1.,0.,0.));
#7152 = ORIENTED_EDGE('',*,*,#7153,.T.);
#7153 = EDGE_CURVE('',#7146,#7154,#7156,.T.);
#7154 = VERTEX_POINT('',#7155);
#7155 = CARTESIAN_POINT('',(-63.15,99.,-1.06581410364E-14));
#7156 = LINE('',#7157,#7158);
#7157 = CARTESIAN_POINT('',(-63.15,99.,14.625));
#7158 = VECTOR('',#7159,1.);
#7159 = DIRECTION('',(0.,-3.330669073875E-16,-1.));
#7160 = ORIENTED_EDGE('',*,*,#7161,.F.);
#7161 = EDGE_CURVE('',#6980,#7154,#7162,.T.);
#7162 = LINE('',#7163,#7164);
#7163 = CARTESIAN_POINT('',(-99.,99.,-8.526512829121E-14));
#7164 = VECTOR('',#7165,1.);
#7165 = DIRECTION('',(1.,0.,0.));
#7166 = PLANE('',#7167);
#7167 = AXIS2_PLACEMENT_3D('',#7168,#7169,#7170);
#7168 = CARTESIAN_POINT('',(-36.9970353238,99.,4.028963414634));
#7169 = DIRECTION('',(0.,1.,-3.330669073875E-16));
#7170 = DIRECTION('',(-1.,0.,0.));
#7171 = ADVANCED_FACE('',(#7172),#7190,.T.);
#7172 = FACE_BOUND('',#7173,.T.);
#7173 = EDGE_LOOP('',(#7174,#7182,#7188,#7189));
#7174 = ORIENTED_EDGE('',*,*,#7175,.T.);
#7175 = EDGE_CURVE('',#7115,#7176,#7178,.T.);
#7176 = VERTEX_POINT('',#7177);
#7177 = CARTESIAN_POINT('',(-107.,136.6,6.));
#7178 = LINE('',#7179,#7180);
#7179 = CARTESIAN_POINT('',(-107.,8.,6.));
#7180 = VECTOR('',#7181,1.);
#7181 = DIRECTION('',(0.,1.,-8.881784197001E-16));
#7182 = ORIENTED_EDGE('',*,*,#7183,.F.);
#7183 = EDGE_CURVE('',#7012,#7176,#7184,.T.);
#7184 = LINE('',#7185,#7186);
#7185 = CARTESIAN_POINT('',(-107.,136.6,3.));
#7186 = VECTOR('',#7187,1.);
#7187 = DIRECTION('',(0.,7.771561172376E-16,1.));
#7188 = ORIENTED_EDGE('',*,*,#7009,.F.);
#7189 = ORIENTED_EDGE('',*,*,#7122,.F.);
#7190 = PLANE('',#7191);
#7191 = AXIS2_PLACEMENT_3D('',#7192,#7193,#7194);
#7192 = CARTESIAN_POINT('',(-107.,72.3,4.5));
#7193 = DIRECTION('',(-1.,0.,-0.));
#7194 = DIRECTION('',(0.,1.,-6.661338147751E-16));
#7195 = ADVANCED_FACE('',(#7196),#7214,.T.);
#7196 = FACE_BOUND('',#7197,.T.);
#7197 = EDGE_LOOP('',(#7198,#7199,#7200,#7208));
#7198 = ORIENTED_EDGE('',*,*,#7019,.T.);
#7199 = ORIENTED_EDGE('',*,*,#7183,.T.);
#7200 = ORIENTED_EDGE('',*,*,#7201,.T.);
#7201 = EDGE_CURVE('',#7176,#7202,#7204,.T.);
#7202 = VERTEX_POINT('',#7203);
#7203 = CARTESIAN_POINT('',(-99.,136.6,6.));
#7204 = LINE('',#7205,#7206);
#7205 = CARTESIAN_POINT('',(-107.,136.6,6.));
#7206 = VECTOR('',#7207,1.);
#7207 = DIRECTION('',(1.,0.,0.));
#7208 = ORIENTED_EDGE('',*,*,#7209,.T.);
#7209 = EDGE_CURVE('',#7202,#7020,#7210,.T.);
#7210 = LINE('',#7211,#7212);
#7211 = CARTESIAN_POINT('',(-99.,136.6,6.));
#7212 = VECTOR('',#7213,1.);
#7213 = DIRECTION('',(0.,-7.771561172376E-16,-1.));
#7214 = PLANE('',#7215);
#7215 = AXIS2_PLACEMENT_3D('',#7216,#7217,#7218);
#7216 = CARTESIAN_POINT('',(-103.,136.6,4.5));
#7217 = DIRECTION('',(0.,1.,-5.551115123126E-16));
#7218 = DIRECTION('',(0.,5.551115123126E-16,1.));
#7219 = ADVANCED_FACE('',(#7220),#7231,.F.);
#7220 = FACE_BOUND('',#7221,.F.);
#7221 = EDGE_LOOP('',(#7222,#7228,#7229,#7230));
#7222 = ORIENTED_EDGE('',*,*,#7223,.T.);
#7223 = EDGE_CURVE('',#7138,#7202,#7224,.T.);
#7224 = LINE('',#7225,#7226);
#7225 = CARTESIAN_POINT('',(-99.,99.,6.));
#7226 = VECTOR('',#7227,1.);
#7227 = DIRECTION('',(0.,1.,-7.771561172376E-16));
#7228 = ORIENTED_EDGE('',*,*,#7209,.T.);
#7229 = ORIENTED_EDGE('',*,*,#7027,.F.);
#7230 = ORIENTED_EDGE('',*,*,#7137,.F.);
#7231 = PLANE('',#7232);
#7232 = AXIS2_PLACEMENT_3D('',#7233,#7234,#7235);
#7233 = CARTESIAN_POINT('',(-99.,99.,6.));
#7234 = DIRECTION('',(-1.,0.,0.));
#7235 = DIRECTION('',(0.,-7.771561172376E-16,-1.));
#7236 = ADVANCED_FACE('',(#7237),#7262,.T.);
#7237 = FACE_BOUND('',#7238,.T.);
#7238 = EDGE_LOOP('',(#7239,#7247,#7255,#7261));
#7239 = ORIENTED_EDGE('',*,*,#7240,.T.);
#7240 = EDGE_CURVE('',#7051,#7241,#7243,.T.);
#7241 = VERTEX_POINT('',#7242);
#7242 = CARTESIAN_POINT('',(30.,99.,-8.171241461241E-14));
#7243 = LINE('',#7244,#7245);
#7244 = CARTESIAN_POINT('',(30.,8.,0.));
#7245 = VECTOR('',#7246,1.);
#7246 = DIRECTION('',(0.,1.,-8.881784197001E-16));
#7247 = ORIENTED_EDGE('',*,*,#7248,.T.);
#7248 = EDGE_CURVE('',#7241,#7249,#7251,.T.);
#7249 = VERTEX_POINT('',#7250);
#7250 = CARTESIAN_POINT('',(30.,99.,3.));
#7251 = LINE('',#7252,#7253);
#7252 = CARTESIAN_POINT('',(30.,99.,-8.526512829121E-14));
#7253 = VECTOR('',#7254,1.);
#7254 = DIRECTION('',(0.,8.881784197001E-16,1.));
#7255 = ORIENTED_EDGE('',*,*,#7256,.F.);
#7256 = EDGE_CURVE('',#7059,#7249,#7257,.T.);
#7257 = LINE('',#7258,#7259);
#7258 = CARTESIAN_POINT('',(30.,8.,3.));
#7259 = VECTOR('',#7260,1.);
#7260 = DIRECTION('',(0.,1.,-8.881784197001E-16));
#7261 = ORIENTED_EDGE('',*,*,#7058,.F.);
#7262 = PLANE('',#7263);
#7263 = AXIS2_PLACEMENT_3D('',#7264,#7265,#7266);
#7264 = CARTESIAN_POINT('',(30.,8.,0.));
#7265 = DIRECTION('',(1.,0.,0.));
#7266 = DIRECTION('',(0.,8.881784197001E-16,1.));
#7267 = ADVANCED_FACE('',(#7268),#7293,.T.);
#7268 = FACE_BOUND('',#7269,.T.);
#7269 = EDGE_LOOP('',(#7270,#7278,#7286,#7292));
#7270 = ORIENTED_EDGE('',*,*,#7271,.F.);
#7271 = EDGE_CURVE('',#7272,#7241,#7274,.T.);
#7272 = VERTEX_POINT('',#7273);
#7273 = CARTESIAN_POINT('',(-30.,99.,-1.06581410364E-14));
#7274 = LINE('',#7275,#7276);
#7275 = CARTESIAN_POINT('',(-99.,99.,-8.526512829121E-14));
#7276 = VECTOR('',#7277,1.);
#7277 = DIRECTION('',(1.,0.,0.));
#7278 = ORIENTED_EDGE('',*,*,#7279,.T.);
#7279 = EDGE_CURVE('',#7272,#7280,#7282,.T.);
#7280 = VERTEX_POINT('',#7281);
#7281 = CARTESIAN_POINT('',(-30.,99.,3.));
#7282 = LINE('',#7283,#7284);
#7283 = CARTESIAN_POINT('',(-30.,99.,-1.42108547152E-14));
#7284 = VECTOR('',#7285,1.);
#7285 = DIRECTION('',(0.,3.330669073875E-16,1.));
#7286 = ORIENTED_EDGE('',*,*,#7287,.F.);
#7287 = EDGE_CURVE('',#7249,#7280,#7288,.T.);
#7288 = LINE('',#7289,#7290);
#7289 = CARTESIAN_POINT('',(30.,99.,3.));
#7290 = VECTOR('',#7291,1.);
#7291 = DIRECTION('',(-1.,0.,0.));
#7292 = ORIENTED_EDGE('',*,*,#7248,.F.);
#7293 = PLANE('',#7294);
#7294 = AXIS2_PLACEMENT_3D('',#7295,#7296,#7297);
#7295 = CARTESIAN_POINT('',(-36.9970353238,99.,4.028963414634));
#7296 = DIRECTION('',(0.,1.,-3.330669073875E-16));
#7297 = DIRECTION('',(-1.,0.,0.));
#7298 = ADVANCED_FACE('',(#7299,#7310,#7321,#7332,#7343),#7354,.T.);
#7299 = FACE_BOUND('',#7300,.T.);
#7300 = EDGE_LOOP('',(#7301,#7302,#7303,#7309));
#7301 = ORIENTED_EDGE('',*,*,#7256,.T.);
#7302 = ORIENTED_EDGE('',*,*,#7287,.T.);
#7303 = ORIENTED_EDGE('',*,*,#7304,.F.);
#7304 = EDGE_CURVE('',#7067,#7280,#7305,.T.);
#7305 = LINE('',#7306,#7307);
#7306 = CARTESIAN_POINT('',(-30.,8.,3.));
#7307 = VECTOR('',#7308,1.);
#7308 = DIRECTION('',(0.,1.,-8.881784197001E-16));
#7309 = ORIENTED_EDGE('',*,*,#7066,.F.);
#7310 = FACE_BOUND('',#7311,.T.);
#7311 = EDGE_LOOP('',(#7312));
#7312 = ORIENTED_EDGE('',*,*,#7313,.F.);
#7313 = EDGE_CURVE('',#7314,#7314,#7316,.T.);
#7314 = VERTEX_POINT('',#7315);
#7315 = CARTESIAN_POINT('',(24.65,85.,3.));
#7316 = CIRCLE('',#7317,2.65);
#7317 = AXIS2_PLACEMENT_3D('',#7318,#7319,#7320);
#7318 = CARTESIAN_POINT('',(22.,85.,3.));
#7319 = DIRECTION('',(-0.,4.440892098501E-16,1.));
#7320 = DIRECTION('',(1.,0.,0.));
#7321 = FACE_BOUND('',#7322,.T.);
#7322 = EDGE_LOOP('',(#7323));
#7323 = ORIENTED_EDGE('',*,*,#7324,.F.);
#7324 = EDGE_CURVE('',#7325,#7325,#7327,.T.);
#7325 = VERTEX_POINT('',#7326);
#7326 = CARTESIAN_POINT('',(-19.35,85.,3.));
#7327 = CIRCLE('',#7328,2.65);
#7328 = AXIS2_PLACEMENT_3D('',#7329,#7330,#7331);
#7329 = CARTESIAN_POINT('',(-22.,85.,3.));
#7330 = DIRECTION('',(-0.,4.440892098501E-16,1.));
#7331 = DIRECTION('',(1.,0.,0.));
#7332 = FACE_BOUND('',#7333,.T.);
#7333 = EDGE_LOOP('',(#7334));
#7334 = ORIENTED_EDGE('',*,*,#7335,.F.);
#7335 = EDGE_CURVE('',#7336,#7336,#7338,.T.);
#7336 = VERTEX_POINT('',#7337);
#7337 = CARTESIAN_POINT('',(24.65,20.,3.));
#7338 = CIRCLE('',#7339,2.65);
#7339 = AXIS2_PLACEMENT_3D('',#7340,#7341,#7342);
#7340 = CARTESIAN_POINT('',(22.,20.,3.));
#7341 = DIRECTION('',(-0.,4.440892098501E-16,1.));
#7342 = DIRECTION('',(1.,0.,0.));
#7343 = FACE_BOUND('',#7344,.T.);
#7344 = EDGE_LOOP('',(#7345));
#7345 = ORIENTED_EDGE('',*,*,#7346,.F.);
#7346 = EDGE_CURVE('',#7347,#7347,#7349,.T.);
#7347 = VERTEX_POINT('',#7348);
#7348 = CARTESIAN_POINT('',(-19.35,20.,3.));
#7349 = CIRCLE('',#7350,2.65);
#7350 = AXIS2_PLACEMENT_3D('',#7351,#7352,#7353);
#7351 = CARTESIAN_POINT('',(-22.,20.,3.));
#7352 = DIRECTION('',(-0.,4.440892098501E-16,1.));
#7353 = DIRECTION('',(1.,0.,0.));
#7354 = PLANE('',#7355);
#7355 = AXIS2_PLACEMENT_3D('',#7356,#7357,#7358);
#7356 = CARTESIAN_POINT('',(30.,8.,3.));
#7357 = DIRECTION('',(0.,8.881784197001E-16,1.));
#7358 = DIRECTION('',(-1.,0.,0.));
#7359 = ADVANCED_FACE('',(#7360),#7379,.F.);
#7360 = FACE_BOUND('',#7361,.F.);
#7361 = EDGE_LOOP('',(#7362,#7370,#7377,#7378));
#7362 = ORIENTED_EDGE('',*,*,#7363,.T.);
#7363 = EDGE_CURVE('',#7314,#7364,#7366,.T.);
#7364 = VERTEX_POINT('',#7365);
#7365 = CARTESIAN_POINT('',(24.65,85.,-3.37507799486E-14));
#7366 = LINE('',#7367,#7368);
#7367 = CARTESIAN_POINT('',(24.65,85.,3.));
#7368 = VECTOR('',#7369,1.);
#7369 = DIRECTION('',(-0.,-4.440892098501E-16,-1.));
#7370 = ORIENTED_EDGE('',*,*,#7371,.T.);
#7371 = EDGE_CURVE('',#7364,#7364,#7372,.T.);
#7372 = CIRCLE('',#7373,2.65);
#7373 = AXIS2_PLACEMENT_3D('',#7374,#7375,#7376);
#7374 = CARTESIAN_POINT('',(22.,85.,-3.641531520771E-14));
#7375 = DIRECTION('',(-0.,4.440892098501E-16,1.));
#7376 = DIRECTION('',(1.,0.,0.));
#7377 = ORIENTED_EDGE('',*,*,#7363,.F.);
#7378 = ORIENTED_EDGE('',*,*,#7313,.F.);
#7379 = CYLINDRICAL_SURFACE('',#7380,2.65);
#7380 = AXIS2_PLACEMENT_3D('',#7381,#7382,#7383);
#7381 = CARTESIAN_POINT('',(22.,85.,3.));
#7382 = DIRECTION('',(0.,4.440892098501E-16,1.));
#7383 = DIRECTION('',(1.,0.,0.));
#7384 = ADVANCED_FACE('',(#7385),#7404,.F.);
#7385 = FACE_BOUND('',#7386,.F.);
#7386 = EDGE_LOOP('',(#7387,#7395,#7402,#7403));
#7387 = ORIENTED_EDGE('',*,*,#7388,.T.);
#7388 = EDGE_CURVE('',#7325,#7389,#7391,.T.);
#7389 = VERTEX_POINT('',#7390);
#7390 = CARTESIAN_POINT('',(-19.35,85.,-3.37507799486E-14));
#7391 = LINE('',#7392,#7393);
#7392 = CARTESIAN_POINT('',(-19.35,85.,3.));
#7393 = VECTOR('',#7394,1.);
#7394 = DIRECTION('',(-0.,-4.440892098501E-16,-1.));
#7395 = ORIENTED_EDGE('',*,*,#7396,.T.);
#7396 = EDGE_CURVE('',#7389,#7389,#7397,.T.);
#7397 = CIRCLE('',#7398,2.65);
#7398 = AXIS2_PLACEMENT_3D('',#7399,#7400,#7401);
#7399 = CARTESIAN_POINT('',(-22.,85.,-3.641531520771E-14));
#7400 = DIRECTION('',(-0.,4.440892098501E-16,1.));
#7401 = DIRECTION('',(1.,0.,0.));
#7402 = ORIENTED_EDGE('',*,*,#7388,.F.);
#7403 = ORIENTED_EDGE('',*,*,#7324,.F.);
#7404 = CYLINDRICAL_SURFACE('',#7405,2.65);
#7405 = AXIS2_PLACEMENT_3D('',#7406,#7407,#7408);
#7406 = CARTESIAN_POINT('',(-22.,85.,3.));
#7407 = DIRECTION('',(0.,4.440892098501E-16,1.));
#7408 = DIRECTION('',(1.,0.,0.));
#7409 = ADVANCED_FACE('',(#7410),#7429,.F.);
#7410 = FACE_BOUND('',#7411,.F.);
#7411 = EDGE_LOOP('',(#7412,#7420,#7427,#7428));
#7412 = ORIENTED_EDGE('',*,*,#7413,.T.);
#7413 = EDGE_CURVE('',#7336,#7414,#7416,.T.);
#7414 = VERTEX_POINT('',#7415);
#7415 = CARTESIAN_POINT('',(24.65,20.,-7.105427357601E-15));
#7416 = LINE('',#7417,#7418);
#7417 = CARTESIAN_POINT('',(24.65,20.,3.));
#7418 = VECTOR('',#7419,1.);
#7419 = DIRECTION('',(-0.,-4.440892098501E-16,-1.));
#7420 = ORIENTED_EDGE('',*,*,#7421,.T.);
#7421 = EDGE_CURVE('',#7414,#7414,#7422,.T.);
#7422 = CIRCLE('',#7423,2.65);
#7423 = AXIS2_PLACEMENT_3D('',#7424,#7425,#7426);
#7424 = CARTESIAN_POINT('',(22.,20.,-4.440892098501E-15));
#7425 = DIRECTION('',(-0.,4.440892098501E-16,1.));
#7426 = DIRECTION('',(1.,0.,0.));
#7427 = ORIENTED_EDGE('',*,*,#7413,.F.);
#7428 = ORIENTED_EDGE('',*,*,#7335,.F.);
#7429 = CYLINDRICAL_SURFACE('',#7430,2.65);
#7430 = AXIS2_PLACEMENT_3D('',#7431,#7432,#7433);
#7431 = CARTESIAN_POINT('',(22.,20.,3.));
#7432 = DIRECTION('',(0.,4.440892098501E-16,1.));
#7433 = DIRECTION('',(1.,0.,0.));
#7434 = ADVANCED_FACE('',(#7435),#7454,.F.);
#7435 = FACE_BOUND('',#7436,.F.);
#7436 = EDGE_LOOP('',(#7437,#7445,#7452,#7453));
#7437 = ORIENTED_EDGE('',*,*,#7438,.T.);
#7438 = EDGE_CURVE('',#7347,#7439,#7441,.T.);
#7439 = VERTEX_POINT('',#7440);
#7440 = CARTESIAN_POINT('',(-19.35,20.,-7.105427357601E-15));
#7441 = LINE('',#7442,#7443);
#7442 = CARTESIAN_POINT('',(-19.35,20.,3.));
#7443 = VECTOR('',#7444,1.);
#7444 = DIRECTION('',(-0.,-4.440892098501E-16,-1.));
#7445 = ORIENTED_EDGE('',*,*,#7446,.T.);
#7446 = EDGE_CURVE('',#7439,#7439,#7447,.T.);
#7447 = CIRCLE('',#7448,2.65);
#7448 = AXIS2_PLACEMENT_3D('',#7449,#7450,#7451);
#7449 = CARTESIAN_POINT('',(-22.,20.,-4.440892098501E-15));
#7450 = DIRECTION('',(-0.,4.440892098501E-16,1.));
#7451 = DIRECTION('',(1.,0.,0.));
#7452 = ORIENTED_EDGE('',*,*,#7438,.F.);
#7453 = ORIENTED_EDGE('',*,*,#7346,.F.);
#7454 = CYLINDRICAL_SURFACE('',#7455,2.65);
#7455 = AXIS2_PLACEMENT_3D('',#7456,#7457,#7458);
#7456 = CARTESIAN_POINT('',(-22.,20.,3.));
#7457 = DIRECTION('',(0.,4.440892098501E-16,1.));
#7458 = DIRECTION('',(1.,0.,0.));
#7459 = ADVANCED_FACE('',(#7460),#7485,.T.);
#7460 = FACE_BOUND('',#7461,.T.);
#7461 = EDGE_LOOP('',(#7462,#7463,#7471,#7479));
#7462 = ORIENTED_EDGE('',*,*,#7082,.T.);
#7463 = ORIENTED_EDGE('',*,*,#7464,.T.);
#7464 = EDGE_CURVE('',#7075,#7465,#7467,.T.);
#7465 = VERTEX_POINT('',#7466);
#7466 = CARTESIAN_POINT('',(-30.,99.,11.625));
#7467 = LINE('',#7468,#7469);
#7468 = CARTESIAN_POINT('',(-30.,8.,11.625));
#7469 = VECTOR('',#7470,1.);
#7470 = DIRECTION('',(0.,1.,-3.330669073875E-16));
#7471 = ORIENTED_EDGE('',*,*,#7472,.T.);
#7472 = EDGE_CURVE('',#7465,#7473,#7475,.T.);
#7473 = VERTEX_POINT('',#7474);
#7474 = CARTESIAN_POINT('',(-59.15,99.,11.625));
#7475 = LINE('',#7476,#7477);
#7476 = CARTESIAN_POINT('',(-30.,99.,11.625));
#7477 = VECTOR('',#7478,1.);
#7478 = DIRECTION('',(-1.,0.,-0.));
#7479 = ORIENTED_EDGE('',*,*,#7480,.T.);
#7480 = EDGE_CURVE('',#7473,#7083,#7481,.T.);
#7481 = LINE('',#7482,#7483);
#7482 = CARTESIAN_POINT('',(-59.15,99.,11.625));
#7483 = VECTOR('',#7484,1.);
#7484 = DIRECTION('',(0.,-1.,3.330669073875E-16));
#7485 = PLANE('',#7486);
#7486 = AXIS2_PLACEMENT_3D('',#7487,#7488,#7489);
#7487 = CARTESIAN_POINT('',(-44.575,53.5,11.625));
#7488 = DIRECTION('',(0.,3.330669073875E-16,1.));
#7489 = DIRECTION('',(1.,0.,0.));
#7490 = ADVANCED_FACE('',(#7491),#7517,.F.);
#7491 = FACE_BOUND('',#7492,.F.);
#7492 = EDGE_LOOP('',(#7493,#7494,#7495,#7503,#7511));
#7493 = ORIENTED_EDGE('',*,*,#7480,.T.);
#7494 = ORIENTED_EDGE('',*,*,#7090,.T.);
#7495 = ORIENTED_EDGE('',*,*,#7496,.T.);
#7496 = EDGE_CURVE('',#7091,#7497,#7499,.T.);
#7497 = VERTEX_POINT('',#7498);
#7498 = CARTESIAN_POINT('',(-59.15,99.,19.625));
#7499 = LINE('',#7500,#7501);
#7500 = CARTESIAN_POINT('',(-59.15,8.,19.625));
#7501 = VECTOR('',#7502,1.);
#7502 = DIRECTION('',(0.,1.,-2.22044604925E-16));
#7503 = ORIENTED_EDGE('',*,*,#7504,.F.);
#7504 = EDGE_CURVE('',#7505,#7497,#7507,.T.);
#7505 = VERTEX_POINT('',#7506);
#7506 = CARTESIAN_POINT('',(-59.15,99.,14.625));
#7507 = LINE('',#7508,#7509);
#7508 = CARTESIAN_POINT('',(-59.15,99.,6.));
#7509 = VECTOR('',#7510,1.);
#7510 = DIRECTION('',(0.,2.22044604925E-16,1.));
#7511 = ORIENTED_EDGE('',*,*,#7512,.F.);
#7512 = EDGE_CURVE('',#7473,#7505,#7513,.T.);
#7513 = LINE('',#7514,#7515);
#7514 = CARTESIAN_POINT('',(-59.15,99.,6.));
#7515 = VECTOR('',#7516,1.);
#7516 = DIRECTION('',(0.,2.22044604925E-16,1.));
#7517 = PLANE('',#7518);
#7518 = AXIS2_PLACEMENT_3D('',#7519,#7520,#7521);
#7519 = CARTESIAN_POINT('',(-59.15,8.,6.));
#7520 = DIRECTION('',(-1.,0.,0.));
#7521 = DIRECTION('',(0.,1.,-2.22044604925E-16));
#7522 = ADVANCED_FACE('',(#7523),#7541,.T.);
#7523 = FACE_BOUND('',#7524,.T.);
#7524 = EDGE_LOOP('',(#7525,#7526,#7527,#7535));
#7525 = ORIENTED_EDGE('',*,*,#7098,.T.);
#7526 = ORIENTED_EDGE('',*,*,#7496,.T.);
#7527 = ORIENTED_EDGE('',*,*,#7528,.T.);
#7528 = EDGE_CURVE('',#7497,#7529,#7531,.T.);
#7529 = VERTEX_POINT('',#7530);
#7530 = CARTESIAN_POINT('',(-63.15,99.,19.625));
#7531 = LINE('',#7532,#7533);
#7532 = CARTESIAN_POINT('',(-59.15,99.,19.625));
#7533 = VECTOR('',#7534,1.);
#7534 = DIRECTION('',(-1.,0.,0.));
#7535 = ORIENTED_EDGE('',*,*,#7536,.T.);
#7536 = EDGE_CURVE('',#7529,#7099,#7537,.T.);
#7537 = LINE('',#7538,#7539);
#7538 = CARTESIAN_POINT('',(-63.15,99.,19.625));
#7539 = VECTOR('',#7540,1.);
#7540 = DIRECTION('',(0.,-1.,2.22044604925E-16));
#7541 = PLANE('',#7542);
#7542 = AXIS2_PLACEMENT_3D('',#7543,#7544,#7545);
#7543 = CARTESIAN_POINT('',(-61.15,53.5,19.625));
#7544 = DIRECTION('',(0.,2.22044604925E-16,1.));
#7545 = DIRECTION('',(1.,0.,0.));
#7546 = ADVANCED_FACE('',(#7547),#7560,.T.);
#7547 = FACE_BOUND('',#7548,.T.);
#7548 = EDGE_LOOP('',(#7549,#7550,#7556,#7557,#7558,#7559));
#7549 = ORIENTED_EDGE('',*,*,#7114,.F.);
#7550 = ORIENTED_EDGE('',*,*,#7551,.F.);
#7551 = EDGE_CURVE('',#7146,#7107,#7552,.T.);
#7552 = LINE('',#7553,#7554);
#7553 = CARTESIAN_POINT('',(-63.15,99.,6.));
#7554 = VECTOR('',#7555,1.);
#7555 = DIRECTION('',(0.,-1.,2.22044604925E-16));
#7556 = ORIENTED_EDGE('',*,*,#7145,.T.);
#7557 = ORIENTED_EDGE('',*,*,#7223,.T.);
#7558 = ORIENTED_EDGE('',*,*,#7201,.F.);
#7559 = ORIENTED_EDGE('',*,*,#7175,.F.);
#7560 = PLANE('',#7561);
#7561 = AXIS2_PLACEMENT_3D('',#7562,#7563,#7564);
#7562 = CARTESIAN_POINT('',(-74.8093385214,65.990661478599,6.));
#7563 = DIRECTION('',(0.,6.661338147751E-16,1.));
#7564 = DIRECTION('',(0.,-1.,6.661338147751E-16));
#7565 = ADVANCED_FACE('',(#7566),#7584,.F.);
#7566 = FACE_BOUND('',#7567,.F.);
#7567 = EDGE_LOOP('',(#7568,#7576,#7577,#7578));
#7568 = ORIENTED_EDGE('',*,*,#7569,.F.);
#7569 = EDGE_CURVE('',#7465,#7570,#7572,.T.);
#7570 = VERTEX_POINT('',#7571);
#7571 = CARTESIAN_POINT('',(-30.,99.,14.625));
#7572 = LINE('',#7573,#7574);
#7573 = CARTESIAN_POINT('',(-30.,99.,-1.42108547152E-14));
#7574 = VECTOR('',#7575,1.);
#7575 = DIRECTION('',(0.,3.330669073875E-16,1.));
#7576 = ORIENTED_EDGE('',*,*,#7472,.T.);
#7577 = ORIENTED_EDGE('',*,*,#7512,.T.);
#7578 = ORIENTED_EDGE('',*,*,#7579,.F.);
#7579 = EDGE_CURVE('',#7570,#7505,#7580,.T.);
#7580 = LINE('',#7581,#7582);
#7581 = CARTESIAN_POINT('',(-30.,99.,14.625));
#7582 = VECTOR('',#7583,1.);
#7583 = DIRECTION('',(-1.,0.,0.));
#7584 = PLANE('',#7585);
#7585 = AXIS2_PLACEMENT_3D('',#7586,#7587,#7588);
#7586 = CARTESIAN_POINT('',(-46.575,99.,7.3125));
#7587 = DIRECTION('',(0.,1.,-1.110223024625E-16));
#7588 = DIRECTION('',(0.,1.110223024625E-16,1.));
#7589 = ADVANCED_FACE('',(#7590),#7608,.T.);
#7590 = FACE_BOUND('',#7591,.T.);
#7591 = EDGE_LOOP('',(#7592,#7600,#7606,#7607));
#7592 = ORIENTED_EDGE('',*,*,#7593,.T.);
#7593 = EDGE_CURVE('',#7505,#7594,#7596,.T.);
#7594 = VERTEX_POINT('',#7595);
#7595 = CARTESIAN_POINT('',(-63.15,99.,14.625));
#7596 = LINE('',#7597,#7598);
#7597 = CARTESIAN_POINT('',(-30.,99.,14.625));
#7598 = VECTOR('',#7599,1.);
#7599 = DIRECTION('',(-1.,0.,0.));
#7600 = ORIENTED_EDGE('',*,*,#7601,.T.);
#7601 = EDGE_CURVE('',#7594,#7529,#7602,.T.);
#7602 = LINE('',#7603,#7604);
#7603 = CARTESIAN_POINT('',(-63.15,99.,6.));
#7604 = VECTOR('',#7605,1.);
#7605 = DIRECTION('',(0.,2.22044604925E-16,1.));
#7606 = ORIENTED_EDGE('',*,*,#7528,.F.);
#7607 = ORIENTED_EDGE('',*,*,#7504,.F.);
#7608 = PLANE('',#7609);
#7609 = AXIS2_PLACEMENT_3D('',#7610,#7611,#7612);
#7610 = CARTESIAN_POINT('',(-36.9970353238,99.,4.028963414634));
#7611 = DIRECTION('',(0.,1.,-3.330669073875E-16));
#7612 = DIRECTION('',(-1.,0.,0.));
#7613 = ADVANCED_FACE('',(#7614),#7640,.T.);
#7614 = FACE_BOUND('',#7615,.T.);
#7615 = EDGE_LOOP('',(#7616,#7624,#7632,#7638,#7639));
#7616 = ORIENTED_EDGE('',*,*,#7617,.T.);
#7617 = EDGE_CURVE('',#7570,#7618,#7620,.T.);
#7618 = VERTEX_POINT('',#7619);
#7619 = CARTESIAN_POINT('',(-30.,102.,14.625));
#7620 = LINE('',#7621,#7622);
#7621 = CARTESIAN_POINT('',(-30.,99.,14.625));
#7622 = VECTOR('',#7623,1.);
#7623 = DIRECTION('',(0.,1.,-3.330669073875E-16));
#7624 = ORIENTED_EDGE('',*,*,#7625,.T.);
#7625 = EDGE_CURVE('',#7618,#7626,#7628,.T.);
#7626 = VERTEX_POINT('',#7627);
#7627 = CARTESIAN_POINT('',(-63.15,102.,14.625));
#7628 = LINE('',#7629,#7630);
#7629 = CARTESIAN_POINT('',(-30.,102.,14.625));
#7630 = VECTOR('',#7631,1.);
#7631 = DIRECTION('',(-1.,0.,0.));
#7632 = ORIENTED_EDGE('',*,*,#7633,.F.);
#7633 = EDGE_CURVE('',#7594,#7626,#7634,.T.);
#7634 = LINE('',#7635,#7636);
#7635 = CARTESIAN_POINT('',(-63.15,99.,14.625));
#7636 = VECTOR('',#7637,1.);
#7637 = DIRECTION('',(0.,1.,-3.330669073875E-16));
#7638 = ORIENTED_EDGE('',*,*,#7593,.F.);
#7639 = ORIENTED_EDGE('',*,*,#7579,.F.);
#7640 = PLANE('',#7641);
#7641 = AXIS2_PLACEMENT_3D('',#7642,#7643,#7644);
#7642 = CARTESIAN_POINT('',(-30.,99.,14.625));
#7643 = DIRECTION('',(0.,3.330669073875E-16,1.));
#7644 = DIRECTION('',(-1.,0.,0.));
#7645 = ADVANCED_FACE('',(#7646),#7671,.T.);
#7646 = FACE_BOUND('',#7647,.F.);
#7647 = EDGE_LOOP('',(#7648,#7658,#7664,#7665));
#7648 = ORIENTED_EDGE('',*,*,#7649,.T.);
#7649 = EDGE_CURVE('',#7650,#7652,#7654,.T.);
#7650 = VERTEX_POINT('',#7651);
#7651 = CARTESIAN_POINT('',(-63.15,102.,-1.06581410364E-14));
#7652 = VERTEX_POINT('',#7653);
#7653 = CARTESIAN_POINT('',(-30.,102.,-1.06581410364E-14));
#7654 = LINE('',#7655,#7656);
#7655 = CARTESIAN_POINT('',(-63.15,102.,-1.42108547152E-14));
#7656 = VECTOR('',#7657,1.);
#7657 = DIRECTION('',(1.,0.,0.));
#7658 = ORIENTED_EDGE('',*,*,#7659,.T.);
#7659 = EDGE_CURVE('',#7652,#7618,#7660,.T.);
#7660 = LINE('',#7661,#7662);
#7661 = CARTESIAN_POINT('',(-30.,102.,-1.42108547152E-14));
#7662 = VECTOR('',#7663,1.);
#7663 = DIRECTION('',(0.,3.330669073875E-16,1.));
#7664 = ORIENTED_EDGE('',*,*,#7625,.T.);
#7665 = ORIENTED_EDGE('',*,*,#7666,.T.);
#7666 = EDGE_CURVE('',#7626,#7650,#7667,.T.);
#7667 = LINE('',#7668,#7669);
#7668 = CARTESIAN_POINT('',(-63.15,102.,14.625));
#7669 = VECTOR('',#7670,1.);
#7670 = DIRECTION('',(0.,-3.330669073875E-16,-1.));
#7671 = PLANE('',#7672);
#7672 = AXIS2_PLACEMENT_3D('',#7673,#7674,#7675);
#7673 = CARTESIAN_POINT('',(-46.575,102.,7.3125));
#7674 = DIRECTION('',(0.,1.,-1.110223024625E-16));
#7675 = DIRECTION('',(0.,1.110223024625E-16,1.));
#7676 = ADVANCED_FACE('',(#7677,#7697,#7700,#7703,#7706),#7709,.T.);
#7677 = FACE_BOUND('',#7678,.T.);
#7678 = EDGE_LOOP('',(#7679,#7680,#7681,#7687,#7688,#7694,#7695,#7696));
#7679 = ORIENTED_EDGE('',*,*,#6987,.T.);
#7680 = ORIENTED_EDGE('',*,*,#7161,.T.);
#7681 = ORIENTED_EDGE('',*,*,#7682,.T.);
#7682 = EDGE_CURVE('',#7154,#7650,#7683,.T.);
#7683 = LINE('',#7684,#7685);
#7684 = CARTESIAN_POINT('',(-63.15,99.,-1.010302952409E-14));
#7685 = VECTOR('',#7686,1.);
#7686 = DIRECTION('',(0.,1.,-3.330669073875E-16));
#7687 = ORIENTED_EDGE('',*,*,#7649,.T.);
#7688 = ORIENTED_EDGE('',*,*,#7689,.F.);
#7689 = EDGE_CURVE('',#7272,#7652,#7690,.T.);
#7690 = LINE('',#7691,#7692);
#7691 = CARTESIAN_POINT('',(-30.,99.,-1.010302952409E-14));
#7692 = VECTOR('',#7693,1.);
#7693 = DIRECTION('',(0.,1.,-3.330669073875E-16));
#7694 = ORIENTED_EDGE('',*,*,#7271,.T.);
#7695 = ORIENTED_EDGE('',*,*,#7240,.F.);
#7696 = ORIENTED_EDGE('',*,*,#7050,.F.);
#7697 = FACE_BOUND('',#7698,.T.);
#7698 = EDGE_LOOP('',(#7699));
#7699 = ORIENTED_EDGE('',*,*,#7396,.T.);
#7700 = FACE_BOUND('',#7701,.T.);
#7701 = EDGE_LOOP('',(#7702));
#7702 = ORIENTED_EDGE('',*,*,#7371,.T.);
#7703 = FACE_BOUND('',#7704,.T.);
#7704 = EDGE_LOOP('',(#7705));
#7705 = ORIENTED_EDGE('',*,*,#7446,.T.);
#7706 = FACE_BOUND('',#7707,.T.);
#7707 = EDGE_LOOP('',(#7708));
#7708 = ORIENTED_EDGE('',*,*,#7421,.T.);
#7709 = PLANE('',#7710);
#7710 = AXIS2_PLACEMENT_3D('',#7711,#7712,#7713);
#7711 = CARTESIAN_POINT('',(-34.66244394618,54.355269058296,
    -3.482884135557E-14));
#7712 = DIRECTION('',(0.,-7.445339193667E-16,-1.));
#7713 = DIRECTION('',(0.,1.,-7.445339193667E-16));
#7714 = ADVANCED_FACE('',(#7715),#7725,.T.);
#7715 = FACE_BOUND('',#7716,.T.);
#7716 = EDGE_LOOP('',(#7717,#7718,#7719,#7720,#7721,#7722,#7723,#7724));
#7717 = ORIENTED_EDGE('',*,*,#7304,.T.);
#7718 = ORIENTED_EDGE('',*,*,#7279,.F.);
#7719 = ORIENTED_EDGE('',*,*,#7689,.T.);
#7720 = ORIENTED_EDGE('',*,*,#7659,.T.);
#7721 = ORIENTED_EDGE('',*,*,#7617,.F.);
#7722 = ORIENTED_EDGE('',*,*,#7569,.F.);
#7723 = ORIENTED_EDGE('',*,*,#7464,.F.);
#7724 = ORIENTED_EDGE('',*,*,#7074,.F.);
#7725 = PLANE('',#7726);
#7726 = AXIS2_PLACEMENT_3D('',#7727,#7728,#7729);
#7727 = CARTESIAN_POINT('',(-30.,57.513233601841,7.3125));
#7728 = DIRECTION('',(1.,0.,0.));
#7729 = DIRECTION('',(0.,-1.,2.22044604925E-16));
#7730 = ADVANCED_FACE('',(#7731),#7741,.T.);
#7731 = FACE_BOUND('',#7732,.T.);
#7732 = EDGE_LOOP('',(#7733,#7734,#7735,#7736,#7737,#7738,#7739,#7740));
#7733 = ORIENTED_EDGE('',*,*,#7601,.F.);
#7734 = ORIENTED_EDGE('',*,*,#7633,.T.);
#7735 = ORIENTED_EDGE('',*,*,#7666,.T.);
#7736 = ORIENTED_EDGE('',*,*,#7682,.F.);
#7737 = ORIENTED_EDGE('',*,*,#7153,.F.);
#7738 = ORIENTED_EDGE('',*,*,#7551,.T.);
#7739 = ORIENTED_EDGE('',*,*,#7106,.T.);
#7740 = ORIENTED_EDGE('',*,*,#7536,.F.);
#7741 = PLANE('',#7742);
#7742 = AXIS2_PLACEMENT_3D('',#7743,#7744,#7745);
#7743 = CARTESIAN_POINT('',(-63.15,57.336633663366,12.149133663366));
#7744 = DIRECTION('',(-1.,0.,0.));
#7745 = DIRECTION('',(0.,1.,-2.22044604925E-16));
#7746 = MANIFOLD_SOLID_BREP('',#7747);
#7747 = CLOSED_SHELL('',(#7748,#7852,#7883,#7914,#7946,#7970,#8010,#8041
    ,#8066,#8090,#8129,#8176,#8206,#8223,#8235,#8252,#8318,#8343,#8352,
    #8377,#8386,#8411,#8420,#8445,#8454,#8468,#8485,#8504));
#7748 = ADVANCED_FACE('',(#7749),#7847,.T.);
#7749 = FACE_BOUND('',#7750,.T.);
#7750 = EDGE_LOOP('',(#7751,#7761,#7769,#7777,#7785,#7793,#7801,#7809,
    #7817,#7825,#7833,#7841));
#7751 = ORIENTED_EDGE('',*,*,#7752,.T.);
#7752 = EDGE_CURVE('',#7753,#7755,#7757,.T.);
#7753 = VERTEX_POINT('',#7754);
#7754 = CARTESIAN_POINT('',(-30.,8.,3.));
#7755 = VERTEX_POINT('',#7756);
#7756 = CARTESIAN_POINT('',(30.,8.,3.));
#7757 = LINE('',#7758,#7759);
#7758 = CARTESIAN_POINT('',(-30.,8.,3.));
#7759 = VECTOR('',#7760,1.);
#7760 = DIRECTION('',(1.,0.,0.));
#7761 = ORIENTED_EDGE('',*,*,#7762,.T.);
#7762 = EDGE_CURVE('',#7755,#7763,#7765,.T.);
#7763 = VERTEX_POINT('',#7764);
#7764 = CARTESIAN_POINT('',(30.,8.,0.));
#7765 = LINE('',#7766,#7767);
#7766 = CARTESIAN_POINT('',(30.,8.,3.));
#7767 = VECTOR('',#7768,1.);
#7768 = DIRECTION('',(0.,-8.881784197001E-16,-1.));
#7769 = ORIENTED_EDGE('',*,*,#7770,.T.);
#7770 = EDGE_CURVE('',#7763,#7771,#7773,.T.);
#7771 = VERTEX_POINT('',#7772);
#7772 = CARTESIAN_POINT('',(99.,8.,0.));
#7773 = LINE('',#7774,#7775);
#7774 = CARTESIAN_POINT('',(30.,8.,0.));
#7775 = VECTOR('',#7776,1.);
#7776 = DIRECTION('',(1.,0.,0.));
#7777 = ORIENTED_EDGE('',*,*,#7778,.T.);
#7778 = EDGE_CURVE('',#7771,#7779,#7781,.T.);
#7779 = VERTEX_POINT('',#7780);
#7780 = CARTESIAN_POINT('',(99.,8.,3.));
#7781 = LINE('',#7782,#7783);
#7782 = CARTESIAN_POINT('',(99.,8.,0.));
#7783 = VECTOR('',#7784,1.);
#7784 = DIRECTION('',(0.,8.881784197001E-16,1.));
#7785 = ORIENTED_EDGE('',*,*,#7786,.T.);
#7786 = EDGE_CURVE('',#7779,#7787,#7789,.T.);
#7787 = VERTEX_POINT('',#7788);
#7788 = CARTESIAN_POINT('',(107.,8.,3.));
#7789 = LINE('',#7790,#7791);
#7790 = CARTESIAN_POINT('',(99.,8.,3.));
#7791 = VECTOR('',#7792,1.);
#7792 = DIRECTION('',(1.,0.,0.));
#7793 = ORIENTED_EDGE('',*,*,#7794,.T.);
#7794 = EDGE_CURVE('',#7787,#7795,#7797,.T.);
#7795 = VERTEX_POINT('',#7796);
#7796 = CARTESIAN_POINT('',(107.,8.,6.));
#7797 = LINE('',#7798,#7799);
#7798 = CARTESIAN_POINT('',(107.,8.,3.));
#7799 = VECTOR('',#7800,1.);
#7800 = DIRECTION('',(0.,8.881784197001E-16,1.));
#7801 = ORIENTED_EDGE('',*,*,#7802,.T.);
#7802 = EDGE_CURVE('',#7795,#7803,#7805,.T.);
#7803 = VERTEX_POINT('',#7804);
#7804 = CARTESIAN_POINT('',(63.15,8.,6.));
#7805 = LINE('',#7806,#7807);
#7806 = CARTESIAN_POINT('',(107.,8.,6.));
#7807 = VECTOR('',#7808,1.);
#7808 = DIRECTION('',(-1.,0.,0.));
#7809 = ORIENTED_EDGE('',*,*,#7810,.T.);
#7810 = EDGE_CURVE('',#7803,#7811,#7813,.T.);
#7811 = VERTEX_POINT('',#7812);
#7812 = CARTESIAN_POINT('',(63.15,8.,19.625));
#7813 = LINE('',#7814,#7815);
#7814 = CARTESIAN_POINT('',(63.15,8.,6.));
#7815 = VECTOR('',#7816,1.);
#7816 = DIRECTION('',(0.,2.22044604925E-16,1.));
#7817 = ORIENTED_EDGE('',*,*,#7818,.F.);
#7818 = EDGE_CURVE('',#7819,#7811,#7821,.T.);
#7819 = VERTEX_POINT('',#7820);
#7820 = CARTESIAN_POINT('',(59.15,8.,19.625));
#7821 = LINE('',#7822,#7823);
#7822 = CARTESIAN_POINT('',(59.15,8.,19.625));
#7823 = VECTOR('',#7824,1.);
#7824 = DIRECTION('',(1.,0.,0.));
#7825 = ORIENTED_EDGE('',*,*,#7826,.F.);
#7826 = EDGE_CURVE('',#7827,#7819,#7829,.T.);
#7827 = VERTEX_POINT('',#7828);
#7828 = CARTESIAN_POINT('',(59.15,8.,11.625));
#7829 = LINE('',#7830,#7831);
#7830 = CARTESIAN_POINT('',(59.15,8.,6.));
#7831 = VECTOR('',#7832,1.);
#7832 = DIRECTION('',(0.,2.22044604925E-16,1.));
#7833 = ORIENTED_EDGE('',*,*,#7834,.F.);
#7834 = EDGE_CURVE('',#7835,#7827,#7837,.T.);
#7835 = VERTEX_POINT('',#7836);
#7836 = CARTESIAN_POINT('',(-30.,8.,11.625));
#7837 = LINE('',#7838,#7839);
#7838 = CARTESIAN_POINT('',(-30.,8.,11.625));
#7839 = VECTOR('',#7840,1.);
#7840 = DIRECTION('',(1.,0.,0.));
#7841 = ORIENTED_EDGE('',*,*,#7842,.T.);
#7842 = EDGE_CURVE('',#7835,#7753,#7843,.T.);
#7843 = LINE('',#7844,#7845);
#7844 = CARTESIAN_POINT('',(-30.,8.,6.));
#7845 = VECTOR('',#7846,1.);
#7846 = DIRECTION('',(0.,-8.881784197001E-16,-1.));
#7847 = PLANE('',#7848);
#7848 = AXIS2_PLACEMENT_3D('',#7849,#7850,#7851);
#7849 = CARTESIAN_POINT('',(39.367498004789,8.,6.27967877095));
#7850 = DIRECTION('',(0.,-1.,3.330669073875E-16));
#7851 = DIRECTION('',(1.,0.,0.));
#7852 = ADVANCED_FACE('',(#7853),#7878,.T.);
#7853 = FACE_BOUND('',#7854,.T.);
#7854 = EDGE_LOOP('',(#7855,#7856,#7864,#7872));
#7855 = ORIENTED_EDGE('',*,*,#7834,.T.);
#7856 = ORIENTED_EDGE('',*,*,#7857,.T.);
#7857 = EDGE_CURVE('',#7827,#7858,#7860,.T.);
#7858 = VERTEX_POINT('',#7859);
#7859 = CARTESIAN_POINT('',(59.15,99.,11.625));
#7860 = LINE('',#7861,#7862);
#7861 = CARTESIAN_POINT('',(59.15,8.,11.625));
#7862 = VECTOR('',#7863,1.);
#7863 = DIRECTION('',(-7.80816193143E-17,1.,-3.330669073875E-16));
#7864 = ORIENTED_EDGE('',*,*,#7865,.T.);
#7865 = EDGE_CURVE('',#7858,#7866,#7868,.T.);
#7866 = VERTEX_POINT('',#7867);
#7867 = CARTESIAN_POINT('',(-30.,99.,11.625));
#7868 = LINE('',#7869,#7870);
#7869 = CARTESIAN_POINT('',(59.15,99.,11.625));
#7870 = VECTOR('',#7871,1.);
#7871 = DIRECTION('',(-1.,0.,-0.));
#7872 = ORIENTED_EDGE('',*,*,#7873,.T.);
#7873 = EDGE_CURVE('',#7866,#7835,#7874,.T.);
#7874 = LINE('',#7875,#7876);
#7875 = CARTESIAN_POINT('',(-30.,99.,11.625));
#7876 = VECTOR('',#7877,1.);
#7877 = DIRECTION('',(7.80816193143E-17,-1.,3.330669073875E-16));
#7878 = PLANE('',#7879);
#7879 = AXIS2_PLACEMENT_3D('',#7880,#7881,#7882);
#7880 = CARTESIAN_POINT('',(14.575,53.5,11.625));
#7881 = DIRECTION('',(0.,3.330669073875E-16,1.));
#7882 = DIRECTION('',(1.,0.,0.));
#7883 = ADVANCED_FACE('',(#7884),#7909,.T.);
#7884 = FACE_BOUND('',#7885,.T.);
#7885 = EDGE_LOOP('',(#7886,#7894,#7902,#7908));
#7886 = ORIENTED_EDGE('',*,*,#7887,.T.);
#7887 = EDGE_CURVE('',#7771,#7888,#7890,.T.);
#7888 = VERTEX_POINT('',#7889);
#7889 = CARTESIAN_POINT('',(99.,99.,-8.171241461241E-14));
#7890 = LINE('',#7891,#7892);
#7891 = CARTESIAN_POINT('',(99.,8.,0.));
#7892 = VECTOR('',#7893,1.);
#7893 = DIRECTION('',(0.,1.,-8.881784197001E-16));
#7894 = ORIENTED_EDGE('',*,*,#7895,.T.);
#7895 = EDGE_CURVE('',#7888,#7896,#7898,.T.);
#7896 = VERTEX_POINT('',#7897);
#7897 = CARTESIAN_POINT('',(99.,99.,3.));
#7898 = LINE('',#7899,#7900);
#7899 = CARTESIAN_POINT('',(99.,99.,-8.526512829121E-14));
#7900 = VECTOR('',#7901,1.);
#7901 = DIRECTION('',(0.,8.881784197001E-16,1.));
#7902 = ORIENTED_EDGE('',*,*,#7903,.F.);
#7903 = EDGE_CURVE('',#7779,#7896,#7904,.T.);
#7904 = LINE('',#7905,#7906);
#7905 = CARTESIAN_POINT('',(99.,8.,3.));
#7906 = VECTOR('',#7907,1.);
#7907 = DIRECTION('',(0.,1.,-8.881784197001E-16));
#7908 = ORIENTED_EDGE('',*,*,#7778,.F.);
#7909 = PLANE('',#7910);
#7910 = AXIS2_PLACEMENT_3D('',#7911,#7912,#7913);
#7911 = CARTESIAN_POINT('',(99.,8.,0.));
#7912 = DIRECTION('',(1.,0.,0.));
#7913 = DIRECTION('',(0.,8.881784197001E-16,1.));
#7914 = ADVANCED_FACE('',(#7915),#7941,.T.);
#7915 = FACE_BOUND('',#7916,.T.);
#7916 = EDGE_LOOP('',(#7917,#7918,#7926,#7934,#7940));
#7917 = ORIENTED_EDGE('',*,*,#7903,.T.);
#7918 = ORIENTED_EDGE('',*,*,#7919,.T.);
#7919 = EDGE_CURVE('',#7896,#7920,#7922,.T.);
#7920 = VERTEX_POINT('',#7921);
#7921 = CARTESIAN_POINT('',(99.,136.6,3.));
#7922 = LINE('',#7923,#7924);
#7923 = CARTESIAN_POINT('',(99.,99.,3.));
#7924 = VECTOR('',#7925,1.);
#7925 = DIRECTION('',(0.,1.,-7.771561172376E-16));
#7926 = ORIENTED_EDGE('',*,*,#7927,.T.);
#7927 = EDGE_CURVE('',#7920,#7928,#7930,.T.);
#7928 = VERTEX_POINT('',#7929);
#7929 = CARTESIAN_POINT('',(107.,136.6,3.));
#7930 = LINE('',#7931,#7932);
#7931 = CARTESIAN_POINT('',(99.,136.6,3.));
#7932 = VECTOR('',#7933,1.);
#7933 = DIRECTION('',(1.,0.,0.));
#7934 = ORIENTED_EDGE('',*,*,#7935,.F.);
#7935 = EDGE_CURVE('',#7787,#7928,#7936,.T.);
#7936 = LINE('',#7937,#7938);
#7937 = CARTESIAN_POINT('',(107.,99.,3.));
#7938 = VECTOR('',#7939,1.);
#7939 = DIRECTION('',(0.,1.,-7.771561172376E-16));
#7940 = ORIENTED_EDGE('',*,*,#7786,.F.);
#7941 = PLANE('',#7942);
#7942 = AXIS2_PLACEMENT_3D('',#7943,#7944,#7945);
#7943 = CARTESIAN_POINT('',(103.,72.3,3.));
#7944 = DIRECTION('',(-0.,-6.661338147751E-16,-1.));
#7945 = DIRECTION('',(0.,1.,-6.661338147751E-16));
#7946 = ADVANCED_FACE('',(#7947),#7965,.T.);
#7947 = FACE_BOUND('',#7948,.T.);
#7948 = EDGE_LOOP('',(#7949,#7950,#7958,#7964));
#7949 = ORIENTED_EDGE('',*,*,#7935,.T.);
#7950 = ORIENTED_EDGE('',*,*,#7951,.T.);
#7951 = EDGE_CURVE('',#7928,#7952,#7954,.T.);
#7952 = VERTEX_POINT('',#7953);
#7953 = CARTESIAN_POINT('',(107.,136.6,6.));
#7954 = LINE('',#7955,#7956);
#7955 = CARTESIAN_POINT('',(107.,136.6,3.));
#7956 = VECTOR('',#7957,1.);
#7957 = DIRECTION('',(0.,7.771561172376E-16,1.));
#7958 = ORIENTED_EDGE('',*,*,#7959,.F.);
#7959 = EDGE_CURVE('',#7795,#7952,#7960,.T.);
#7960 = LINE('',#7961,#7962);
#7961 = CARTESIAN_POINT('',(107.,8.,6.));
#7962 = VECTOR('',#7963,1.);
#7963 = DIRECTION('',(0.,1.,-8.881784197001E-16));
#7964 = ORIENTED_EDGE('',*,*,#7794,.F.);
#7965 = PLANE('',#7966);
#7966 = AXIS2_PLACEMENT_3D('',#7967,#7968,#7969);
#7967 = CARTESIAN_POINT('',(107.,72.3,4.5));
#7968 = DIRECTION('',(1.,0.,0.));
#7969 = DIRECTION('',(0.,-1.,6.661338147751E-16));
#7970 = ADVANCED_FACE('',(#7971),#8005,.T.);
#7971 = FACE_BOUND('',#7972,.T.);
#7972 = EDGE_LOOP('',(#7973,#7974,#7975,#7983,#7991,#7999));
#7973 = ORIENTED_EDGE('',*,*,#7802,.F.);
#7974 = ORIENTED_EDGE('',*,*,#7959,.T.);
#7975 = ORIENTED_EDGE('',*,*,#7976,.T.);
#7976 = EDGE_CURVE('',#7952,#7977,#7979,.T.);
#7977 = VERTEX_POINT('',#7978);
#7978 = CARTESIAN_POINT('',(99.,136.6,6.));
#7979 = LINE('',#7980,#7981);
#7980 = CARTESIAN_POINT('',(107.,136.6,6.));
#7981 = VECTOR('',#7982,1.);
#7982 = DIRECTION('',(-1.,0.,0.));
#7983 = ORIENTED_EDGE('',*,*,#7984,.F.);
#7984 = EDGE_CURVE('',#7985,#7977,#7987,.T.);
#7985 = VERTEX_POINT('',#7986);
#7986 = CARTESIAN_POINT('',(99.,99.,6.));
#7987 = LINE('',#7988,#7989);
#7988 = CARTESIAN_POINT('',(99.,99.,6.));
#7989 = VECTOR('',#7990,1.);
#7990 = DIRECTION('',(0.,1.,-7.771561172376E-16));
#7991 = ORIENTED_EDGE('',*,*,#7992,.T.);
#7992 = EDGE_CURVE('',#7985,#7993,#7995,.T.);
#7993 = VERTEX_POINT('',#7994);
#7994 = CARTESIAN_POINT('',(63.15,99.,6.));
#7995 = LINE('',#7996,#7997);
#7996 = CARTESIAN_POINT('',(107.,99.,6.));
#7997 = VECTOR('',#7998,1.);
#7998 = DIRECTION('',(-1.,0.,0.));
#7999 = ORIENTED_EDGE('',*,*,#8000,.F.);
#8000 = EDGE_CURVE('',#7803,#7993,#8001,.T.);
#8001 = LINE('',#8002,#8003);
#8002 = CARTESIAN_POINT('',(63.15,8.,6.));
#8003 = VECTOR('',#8004,1.);
#8004 = DIRECTION('',(0.,1.,-2.22044604925E-16));
#8005 = PLANE('',#8006);
#8006 = AXIS2_PLACEMENT_3D('',#8007,#8008,#8009);
#8007 = CARTESIAN_POINT('',(47.631024096386,63.168975903614,6.));
#8008 = DIRECTION('',(0.,6.661338147751E-16,1.));
#8009 = DIRECTION('',(0.,-1.,6.661338147751E-16));
#8010 = ADVANCED_FACE('',(#8011),#8036,.T.);
#8011 = FACE_BOUND('',#8012,.T.);
#8012 = EDGE_LOOP('',(#8013,#8014,#8022,#8030));
#8013 = ORIENTED_EDGE('',*,*,#7818,.T.);
#8014 = ORIENTED_EDGE('',*,*,#8015,.T.);
#8015 = EDGE_CURVE('',#7811,#8016,#8018,.T.);
#8016 = VERTEX_POINT('',#8017);
#8017 = CARTESIAN_POINT('',(63.15,99.,19.625));
#8018 = LINE('',#8019,#8020);
#8019 = CARTESIAN_POINT('',(63.15,8.,19.625));
#8020 = VECTOR('',#8021,1.);
#8021 = DIRECTION('',(0.,1.,-2.22044604925E-16));
#8022 = ORIENTED_EDGE('',*,*,#8023,.T.);
#8023 = EDGE_CURVE('',#8016,#8024,#8026,.T.);
#8024 = VERTEX_POINT('',#8025);
#8025 = CARTESIAN_POINT('',(59.15,99.,19.625));
#8026 = LINE('',#8027,#8028);
#8027 = CARTESIAN_POINT('',(63.15,99.,19.625));
#8028 = VECTOR('',#8029,1.);
#8029 = DIRECTION('',(-1.,0.,0.));
#8030 = ORIENTED_EDGE('',*,*,#8031,.T.);
#8031 = EDGE_CURVE('',#8024,#7819,#8032,.T.);
#8032 = LINE('',#8033,#8034);
#8033 = CARTESIAN_POINT('',(59.15,99.,19.625));
#8034 = VECTOR('',#8035,1.);
#8035 = DIRECTION('',(0.,-1.,2.22044604925E-16));
#8036 = PLANE('',#8037);
#8037 = AXIS2_PLACEMENT_3D('',#8038,#8039,#8040);
#8038 = CARTESIAN_POINT('',(61.15,53.5,19.625));
#8039 = DIRECTION('',(0.,2.22044604925E-16,1.));
#8040 = DIRECTION('',(1.,0.,0.));
#8041 = ADVANCED_FACE('',(#8042),#8061,.F.);
#8042 = FACE_BOUND('',#8043,.F.);
#8043 = EDGE_LOOP('',(#8044,#8045,#8053,#8059,#8060));
#8044 = ORIENTED_EDGE('',*,*,#7857,.T.);
#8045 = ORIENTED_EDGE('',*,*,#8046,.T.);
#8046 = EDGE_CURVE('',#7858,#8047,#8049,.T.);
#8047 = VERTEX_POINT('',#8048);
#8048 = CARTESIAN_POINT('',(59.15,99.,14.625));
#8049 = LINE('',#8050,#8051);
#8050 = CARTESIAN_POINT('',(59.15,99.,6.));
#8051 = VECTOR('',#8052,1.);
#8052 = DIRECTION('',(0.,2.22044604925E-16,1.));
#8053 = ORIENTED_EDGE('',*,*,#8054,.T.);
#8054 = EDGE_CURVE('',#8047,#8024,#8055,.T.);
#8055 = LINE('',#8056,#8057);
#8056 = CARTESIAN_POINT('',(59.15,99.,6.));
#8057 = VECTOR('',#8058,1.);
#8058 = DIRECTION('',(0.,2.22044604925E-16,1.));
#8059 = ORIENTED_EDGE('',*,*,#8031,.T.);
#8060 = ORIENTED_EDGE('',*,*,#7826,.F.);
#8061 = PLANE('',#8062);
#8062 = AXIS2_PLACEMENT_3D('',#8063,#8064,#8065);
#8063 = CARTESIAN_POINT('',(59.15,99.,6.));
#8064 = DIRECTION('',(1.,0.,0.));
#8065 = DIRECTION('',(0.,-1.,2.22044604925E-16));
#8066 = ADVANCED_FACE('',(#8067),#8085,.F.);
#8067 = FACE_BOUND('',#8068,.F.);
#8068 = EDGE_LOOP('',(#8069,#8070,#8078,#8084));
#8069 = ORIENTED_EDGE('',*,*,#7865,.T.);
#8070 = ORIENTED_EDGE('',*,*,#8071,.F.);
#8071 = EDGE_CURVE('',#8072,#7866,#8074,.T.);
#8072 = VERTEX_POINT('',#8073);
#8073 = CARTESIAN_POINT('',(-30.,99.,14.625));
#8074 = LINE('',#8075,#8076);
#8075 = CARTESIAN_POINT('',(-30.,99.,14.625));
#8076 = VECTOR('',#8077,1.);
#8077 = DIRECTION('',(6.112195576431E-16,-3.330669073875E-16,-1.));
#8078 = ORIENTED_EDGE('',*,*,#8079,.F.);
#8079 = EDGE_CURVE('',#8047,#8072,#8080,.T.);
#8080 = LINE('',#8081,#8082);
#8081 = CARTESIAN_POINT('',(63.15,99.,14.625));
#8082 = VECTOR('',#8083,1.);
#8083 = DIRECTION('',(-1.,0.,0.));
#8084 = ORIENTED_EDGE('',*,*,#8046,.F.);
#8085 = PLANE('',#8086);
#8086 = AXIS2_PLACEMENT_3D('',#8087,#8088,#8089);
#8087 = CARTESIAN_POINT('',(17.410073068894,99.,8.147573068894));
#8088 = DIRECTION('',(0.,1.,-1.110223024625E-16));
#8089 = DIRECTION('',(0.,1.110223024625E-16,1.));
#8090 = ADVANCED_FACE('',(#8091),#8124,.T.);
#8091 = FACE_BOUND('',#8092,.T.);
#8092 = EDGE_LOOP('',(#8093,#8103,#8111,#8117,#8118));
#8093 = ORIENTED_EDGE('',*,*,#8094,.T.);
#8094 = EDGE_CURVE('',#8095,#8097,#8099,.T.);
#8095 = VERTEX_POINT('',#8096);
#8096 = CARTESIAN_POINT('',(63.15,99.,14.625));
#8097 = VERTEX_POINT('',#8098);
#8098 = CARTESIAN_POINT('',(63.15,102.,14.625));
#8099 = LINE('',#8100,#8101);
#8100 = CARTESIAN_POINT('',(63.15,99.,14.625));
#8101 = VECTOR('',#8102,1.);
#8102 = DIRECTION('',(0.,1.,-3.330669073875E-16));
#8103 = ORIENTED_EDGE('',*,*,#8104,.T.);
#8104 = EDGE_CURVE('',#8097,#8105,#8107,.T.);
#8105 = VERTEX_POINT('',#8106);
#8106 = CARTESIAN_POINT('',(-30.,102.,14.625));
#8107 = LINE('',#8108,#8109);
#8108 = CARTESIAN_POINT('',(63.15,102.,14.625));
#8109 = VECTOR('',#8110,1.);
#8110 = DIRECTION('',(-1.,0.,0.));
#8111 = ORIENTED_EDGE('',*,*,#8112,.F.);
#8112 = EDGE_CURVE('',#8072,#8105,#8113,.T.);
#8113 = LINE('',#8114,#8115);
#8114 = CARTESIAN_POINT('',(-30.,99.,14.625));
#8115 = VECTOR('',#8116,1.);
#8116 = DIRECTION('',(0.,1.,-3.330669073875E-16));
#8117 = ORIENTED_EDGE('',*,*,#8079,.F.);
#8118 = ORIENTED_EDGE('',*,*,#8119,.F.);
#8119 = EDGE_CURVE('',#8095,#8047,#8120,.T.);
#8120 = LINE('',#8121,#8122);
#8121 = CARTESIAN_POINT('',(63.15,99.,14.625));
#8122 = VECTOR('',#8123,1.);
#8123 = DIRECTION('',(-1.,0.,0.));
#8124 = PLANE('',#8125);
#8125 = AXIS2_PLACEMENT_3D('',#8126,#8127,#8128);
#8126 = CARTESIAN_POINT('',(63.15,99.,14.625));
#8127 = DIRECTION('',(0.,3.330669073875E-16,1.));
#8128 = DIRECTION('',(-1.,0.,0.));
#8129 = ADVANCED_FACE('',(#8130),#8171,.T.);
#8130 = FACE_BOUND('',#8131,.F.);
#8131 = EDGE_LOOP('',(#8132,#8142,#8150,#8158,#8164,#8165));
#8132 = ORIENTED_EDGE('',*,*,#8133,.T.);
#8133 = EDGE_CURVE('',#8134,#8136,#8138,.T.);
#8134 = VERTEX_POINT('',#8135);
#8135 = CARTESIAN_POINT('',(-30.,102.,3.));
#8136 = VERTEX_POINT('',#8137);
#8137 = CARTESIAN_POINT('',(30.,102.,3.));
#8138 = LINE('',#8139,#8140);
#8139 = CARTESIAN_POINT('',(-30.,102.,3.));
#8140 = VECTOR('',#8141,1.);
#8141 = DIRECTION('',(1.,0.,0.));
#8142 = ORIENTED_EDGE('',*,*,#8143,.T.);
#8143 = EDGE_CURVE('',#8136,#8144,#8146,.T.);
#8144 = VERTEX_POINT('',#8145);
#8145 = CARTESIAN_POINT('',(30.,102.,-1.06581410364E-14));
#8146 = LINE('',#8147,#8148);
#8147 = CARTESIAN_POINT('',(30.,102.,3.));
#8148 = VECTOR('',#8149,1.);
#8149 = DIRECTION('',(0.,-3.330669073875E-16,-1.));
#8150 = ORIENTED_EDGE('',*,*,#8151,.T.);
#8151 = EDGE_CURVE('',#8144,#8152,#8154,.T.);
#8152 = VERTEX_POINT('',#8153);
#8153 = CARTESIAN_POINT('',(63.15,102.,-1.06581410364E-14));
#8154 = LINE('',#8155,#8156);
#8155 = CARTESIAN_POINT('',(30.,102.,-1.42108547152E-14));
#8156 = VECTOR('',#8157,1.);
#8157 = DIRECTION('',(1.,0.,0.));
#8158 = ORIENTED_EDGE('',*,*,#8159,.T.);
#8159 = EDGE_CURVE('',#8152,#8097,#8160,.T.);
#8160 = LINE('',#8161,#8162);
#8161 = CARTESIAN_POINT('',(63.15,102.,-1.42108547152E-14));
#8162 = VECTOR('',#8163,1.);
#8163 = DIRECTION('',(0.,3.330669073875E-16,1.));
#8164 = ORIENTED_EDGE('',*,*,#8104,.T.);
#8165 = ORIENTED_EDGE('',*,*,#8166,.T.);
#8166 = EDGE_CURVE('',#8105,#8134,#8167,.T.);
#8167 = LINE('',#8168,#8169);
#8168 = CARTESIAN_POINT('',(-30.,102.,14.625));
#8169 = VECTOR('',#8170,1.);
#8170 = DIRECTION('',(6.112195576431E-16,-3.330669073875E-16,-1.));
#8171 = PLANE('',#8172);
#8172 = AXIS2_PLACEMENT_3D('',#8173,#8174,#8175);
#8173 = CARTESIAN_POINT('',(17.410073068894,102.,8.147573068894));
#8174 = DIRECTION('',(0.,1.,-1.110223024625E-16));
#8175 = DIRECTION('',(0.,1.110223024625E-16,1.));
#8176 = ADVANCED_FACE('',(#8177),#8201,.T.);
#8177 = FACE_BOUND('',#8178,.T.);
#8178 = EDGE_LOOP('',(#8179,#8187,#8193,#8194,#8200));
#8179 = ORIENTED_EDGE('',*,*,#8180,.F.);
#8180 = EDGE_CURVE('',#8181,#7888,#8183,.T.);
#8181 = VERTEX_POINT('',#8182);
#8182 = CARTESIAN_POINT('',(63.15,99.,-1.06581410364E-14));
#8183 = LINE('',#8184,#8185);
#8184 = CARTESIAN_POINT('',(30.,99.,-8.526512829121E-14));
#8185 = VECTOR('',#8186,1.);
#8186 = DIRECTION('',(1.,0.,0.));
#8187 = ORIENTED_EDGE('',*,*,#8188,.T.);
#8188 = EDGE_CURVE('',#8181,#7993,#8189,.T.);
#8189 = LINE('',#8190,#8191);
#8190 = CARTESIAN_POINT('',(63.15,99.,-1.42108547152E-14));
#8191 = VECTOR('',#8192,1.);
#8192 = DIRECTION('',(0.,3.330669073875E-16,1.));
#8193 = ORIENTED_EDGE('',*,*,#7992,.F.);
#8194 = ORIENTED_EDGE('',*,*,#8195,.T.);
#8195 = EDGE_CURVE('',#7985,#7896,#8196,.T.);
#8196 = LINE('',#8197,#8198);
#8197 = CARTESIAN_POINT('',(99.,99.,6.));
#8198 = VECTOR('',#8199,1.);
#8199 = DIRECTION('',(0.,-7.771561172376E-16,-1.));
#8200 = ORIENTED_EDGE('',*,*,#7895,.F.);
#8201 = PLANE('',#8202);
#8202 = AXIS2_PLACEMENT_3D('',#8203,#8204,#8205);
#8203 = CARTESIAN_POINT('',(35.861627417998,99.,6.375473086627));
#8204 = DIRECTION('',(0.,1.,-3.330669073875E-16));
#8205 = DIRECTION('',(-1.,0.,0.));
#8206 = ADVANCED_FACE('',(#8207),#8218,.T.);
#8207 = FACE_BOUND('',#8208,.T.);
#8208 = EDGE_LOOP('',(#8209,#8210,#8216,#8217));
#8209 = ORIENTED_EDGE('',*,*,#7984,.T.);
#8210 = ORIENTED_EDGE('',*,*,#8211,.T.);
#8211 = EDGE_CURVE('',#7977,#7920,#8212,.T.);
#8212 = LINE('',#8213,#8214);
#8213 = CARTESIAN_POINT('',(99.,136.6,6.));
#8214 = VECTOR('',#8215,1.);
#8215 = DIRECTION('',(0.,-7.771561172376E-16,-1.));
#8216 = ORIENTED_EDGE('',*,*,#7919,.F.);
#8217 = ORIENTED_EDGE('',*,*,#8195,.F.);
#8218 = PLANE('',#8219);
#8219 = AXIS2_PLACEMENT_3D('',#8220,#8221,#8222);
#8220 = CARTESIAN_POINT('',(99.,99.,6.));
#8221 = DIRECTION('',(-1.,0.,0.));
#8222 = DIRECTION('',(0.,-7.771561172376E-16,-1.));
#8223 = ADVANCED_FACE('',(#8224),#8230,.T.);
#8224 = FACE_BOUND('',#8225,.F.);
#8225 = EDGE_LOOP('',(#8226,#8227,#8228,#8229));
#8226 = ORIENTED_EDGE('',*,*,#7927,.T.);
#8227 = ORIENTED_EDGE('',*,*,#7951,.T.);
#8228 = ORIENTED_EDGE('',*,*,#7976,.T.);
#8229 = ORIENTED_EDGE('',*,*,#8211,.T.);
#8230 = PLANE('',#8231);
#8231 = AXIS2_PLACEMENT_3D('',#8232,#8233,#8234);
#8232 = CARTESIAN_POINT('',(103.,136.6,4.5));
#8233 = DIRECTION('',(0.,1.,-5.551115123126E-16));
#8234 = DIRECTION('',(0.,5.551115123126E-16,1.));
#8235 = ADVANCED_FACE('',(#8236),#8247,.T.);
#8236 = FACE_BOUND('',#8237,.T.);
#8237 = EDGE_LOOP('',(#8238,#8239,#8240,#8241));
#8238 = ORIENTED_EDGE('',*,*,#8119,.T.);
#8239 = ORIENTED_EDGE('',*,*,#8054,.T.);
#8240 = ORIENTED_EDGE('',*,*,#8023,.F.);
#8241 = ORIENTED_EDGE('',*,*,#8242,.F.);
#8242 = EDGE_CURVE('',#8095,#8016,#8243,.T.);
#8243 = LINE('',#8244,#8245);
#8244 = CARTESIAN_POINT('',(63.15,99.,6.));
#8245 = VECTOR('',#8246,1.);
#8246 = DIRECTION('',(0.,2.22044604925E-16,1.));
#8247 = PLANE('',#8248);
#8248 = AXIS2_PLACEMENT_3D('',#8249,#8250,#8251);
#8249 = CARTESIAN_POINT('',(35.861627417998,99.,6.375473086627));
#8250 = DIRECTION('',(0.,1.,-3.330669073875E-16));
#8251 = DIRECTION('',(-1.,0.,0.));
#8252 = ADVANCED_FACE('',(#8253,#8269,#8280,#8291,#8302),#8313,.T.);
#8253 = FACE_BOUND('',#8254,.T.);
#8254 = EDGE_LOOP('',(#8255,#8261,#8262,#8268));
#8255 = ORIENTED_EDGE('',*,*,#8256,.T.);
#8256 = EDGE_CURVE('',#7753,#8134,#8257,.T.);
#8257 = LINE('',#8258,#8259);
#8258 = CARTESIAN_POINT('',(-30.,8.,3.));
#8259 = VECTOR('',#8260,1.);
#8260 = DIRECTION('',(0.,1.,-8.881784197001E-16));
#8261 = ORIENTED_EDGE('',*,*,#8133,.T.);
#8262 = ORIENTED_EDGE('',*,*,#8263,.F.);
#8263 = EDGE_CURVE('',#7755,#8136,#8264,.T.);
#8264 = LINE('',#8265,#8266);
#8265 = CARTESIAN_POINT('',(30.,99.,3.));
#8266 = VECTOR('',#8267,1.);
#8267 = DIRECTION('',(0.,1.,-3.330669073875E-16));
#8268 = ORIENTED_EDGE('',*,*,#7752,.F.);
#8269 = FACE_BOUND('',#8270,.T.);
#8270 = EDGE_LOOP('',(#8271));
#8271 = ORIENTED_EDGE('',*,*,#8272,.T.);
#8272 = EDGE_CURVE('',#8273,#8273,#8275,.T.);
#8273 = VERTEX_POINT('',#8274);
#8274 = CARTESIAN_POINT('',(-19.5,85.,3.));
#8275 = CIRCLE('',#8276,2.5);
#8276 = AXIS2_PLACEMENT_3D('',#8277,#8278,#8279);
#8277 = CARTESIAN_POINT('',(-22.,85.,3.));
#8278 = DIRECTION('',(-0.,4.440892098501E-16,1.));
#8279 = DIRECTION('',(1.,0.,0.));
#8280 = FACE_BOUND('',#8281,.T.);
#8281 = EDGE_LOOP('',(#8282));
#8282 = ORIENTED_EDGE('',*,*,#8283,.T.);
#8283 = EDGE_CURVE('',#8284,#8284,#8286,.T.);
#8284 = VERTEX_POINT('',#8285);
#8285 = CARTESIAN_POINT('',(24.5,85.,3.));
#8286 = CIRCLE('',#8287,2.5);
#8287 = AXIS2_PLACEMENT_3D('',#8288,#8289,#8290);
#8288 = CARTESIAN_POINT('',(22.,85.,3.));
#8289 = DIRECTION('',(-0.,4.440892098501E-16,1.));
#8290 = DIRECTION('',(1.,0.,0.));
#8291 = FACE_BOUND('',#8292,.T.);
#8292 = EDGE_LOOP('',(#8293));
#8293 = ORIENTED_EDGE('',*,*,#8294,.T.);
#8294 = EDGE_CURVE('',#8295,#8295,#8297,.T.);
#8295 = VERTEX_POINT('',#8296);
#8296 = CARTESIAN_POINT('',(-19.5,20.,3.));
#8297 = CIRCLE('',#8298,2.5);
#8298 = AXIS2_PLACEMENT_3D('',#8299,#8300,#8301);
#8299 = CARTESIAN_POINT('',(-22.,20.,3.));
#8300 = DIRECTION('',(-0.,4.440892098501E-16,1.));
#8301 = DIRECTION('',(1.,0.,0.));
#8302 = FACE_BOUND('',#8303,.T.);
#8303 = EDGE_LOOP('',(#8304));
#8304 = ORIENTED_EDGE('',*,*,#8305,.T.);
#8305 = EDGE_CURVE('',#8306,#8306,#8308,.T.);
#8306 = VERTEX_POINT('',#8307);
#8307 = CARTESIAN_POINT('',(24.5,20.,3.));
#8308 = CIRCLE('',#8309,2.5);
#8309 = AXIS2_PLACEMENT_3D('',#8310,#8311,#8312);
#8310 = CARTESIAN_POINT('',(22.,20.,3.));
#8311 = DIRECTION('',(-0.,4.440892098501E-16,1.));
#8312 = DIRECTION('',(1.,0.,0.));
#8313 = PLANE('',#8314);
#8314 = AXIS2_PLACEMENT_3D('',#8315,#8316,#8317);
#8315 = CARTESIAN_POINT('',(0.,55.,3.));
#8316 = DIRECTION('',(0.,-5.478791480597E-16,-1.));
#8317 = DIRECTION('',(0.,1.,-5.478791480597E-16));
#8318 = ADVANCED_FACE('',(#8319),#8338,.T.);
#8319 = FACE_BOUND('',#8320,.T.);
#8320 = EDGE_LOOP('',(#8321,#8329,#8336,#8337));
#8321 = ORIENTED_EDGE('',*,*,#8322,.T.);
#8322 = EDGE_CURVE('',#8273,#8323,#8325,.T.);
#8323 = VERTEX_POINT('',#8324);
#8324 = CARTESIAN_POINT('',(-19.5,85.,-3.37507799486E-14));
#8325 = LINE('',#8326,#8327);
#8326 = CARTESIAN_POINT('',(-19.5,85.,3.));
#8327 = VECTOR('',#8328,1.);
#8328 = DIRECTION('',(-0.,-4.440892098501E-16,-1.));
#8329 = ORIENTED_EDGE('',*,*,#8330,.T.);
#8330 = EDGE_CURVE('',#8323,#8323,#8331,.T.);
#8331 = CIRCLE('',#8332,2.5);
#8332 = AXIS2_PLACEMENT_3D('',#8333,#8334,#8335);
#8333 = CARTESIAN_POINT('',(-22.,85.,-3.641531520771E-14));
#8334 = DIRECTION('',(-0.,4.440892098501E-16,1.));
#8335 = DIRECTION('',(1.,0.,0.));
#8336 = ORIENTED_EDGE('',*,*,#8322,.F.);
#8337 = ORIENTED_EDGE('',*,*,#8272,.F.);
#8338 = CYLINDRICAL_SURFACE('',#8339,2.5);
#8339 = AXIS2_PLACEMENT_3D('',#8340,#8341,#8342);
#8340 = CARTESIAN_POINT('',(-22.,85.,3.));
#8341 = DIRECTION('',(0.,4.440892098501E-16,1.));
#8342 = DIRECTION('',(1.,0.,0.));
#8343 = ADVANCED_FACE('',(#8344),#8347,.F.);
#8344 = FACE_BOUND('',#8345,.F.);
#8345 = EDGE_LOOP('',(#8346));
#8346 = ORIENTED_EDGE('',*,*,#8330,.T.);
#8347 = PLANE('',#8348);
#8348 = AXIS2_PLACEMENT_3D('',#8349,#8350,#8351);
#8349 = CARTESIAN_POINT('',(9.572080927776E-16,52.5,-1.95399252334E-14)
  );
#8350 = DIRECTION('',(0.,4.440892098501E-16,1.));
#8351 = DIRECTION('',(1.,0.,0.));
#8352 = ADVANCED_FACE('',(#8353),#8372,.T.);
#8353 = FACE_BOUND('',#8354,.T.);
#8354 = EDGE_LOOP('',(#8355,#8363,#8370,#8371));
#8355 = ORIENTED_EDGE('',*,*,#8356,.T.);
#8356 = EDGE_CURVE('',#8284,#8357,#8359,.T.);
#8357 = VERTEX_POINT('',#8358);
#8358 = CARTESIAN_POINT('',(24.5,85.,-3.37507799486E-14));
#8359 = LINE('',#8360,#8361);
#8360 = CARTESIAN_POINT('',(24.5,85.,3.));
#8361 = VECTOR('',#8362,1.);
#8362 = DIRECTION('',(-0.,-4.440892098501E-16,-1.));
#8363 = ORIENTED_EDGE('',*,*,#8364,.T.);
#8364 = EDGE_CURVE('',#8357,#8357,#8365,.T.);
#8365 = CIRCLE('',#8366,2.5);
#8366 = AXIS2_PLACEMENT_3D('',#8367,#8368,#8369);
#8367 = CARTESIAN_POINT('',(22.,85.,-3.641531520771E-14));
#8368 = DIRECTION('',(-0.,4.440892098501E-16,1.));
#8369 = DIRECTION('',(1.,0.,0.));
#8370 = ORIENTED_EDGE('',*,*,#8356,.F.);
#8371 = ORIENTED_EDGE('',*,*,#8283,.F.);
#8372 = CYLINDRICAL_SURFACE('',#8373,2.5);
#8373 = AXIS2_PLACEMENT_3D('',#8374,#8375,#8376);
#8374 = CARTESIAN_POINT('',(22.,85.,3.));
#8375 = DIRECTION('',(0.,4.440892098501E-16,1.));
#8376 = DIRECTION('',(1.,0.,0.));
#8377 = ADVANCED_FACE('',(#8378),#8381,.F.);
#8378 = FACE_BOUND('',#8379,.F.);
#8379 = EDGE_LOOP('',(#8380));
#8380 = ORIENTED_EDGE('',*,*,#8364,.T.);
#8381 = PLANE('',#8382);
#8382 = AXIS2_PLACEMENT_3D('',#8383,#8384,#8385);
#8383 = CARTESIAN_POINT('',(9.572080927776E-16,52.5,-1.95399252334E-14)
  );
#8384 = DIRECTION('',(0.,4.440892098501E-16,1.));
#8385 = DIRECTION('',(1.,0.,0.));
#8386 = ADVANCED_FACE('',(#8387),#8406,.T.);
#8387 = FACE_BOUND('',#8388,.T.);
#8388 = EDGE_LOOP('',(#8389,#8397,#8404,#8405));
#8389 = ORIENTED_EDGE('',*,*,#8390,.T.);
#8390 = EDGE_CURVE('',#8295,#8391,#8393,.T.);
#8391 = VERTEX_POINT('',#8392);
#8392 = CARTESIAN_POINT('',(-19.5,20.,-7.105427357601E-15));
#8393 = LINE('',#8394,#8395);
#8394 = CARTESIAN_POINT('',(-19.5,20.,3.));
#8395 = VECTOR('',#8396,1.);
#8396 = DIRECTION('',(-0.,-4.440892098501E-16,-1.));
#8397 = ORIENTED_EDGE('',*,*,#8398,.T.);
#8398 = EDGE_CURVE('',#8391,#8391,#8399,.T.);
#8399 = CIRCLE('',#8400,2.5);
#8400 = AXIS2_PLACEMENT_3D('',#8401,#8402,#8403);
#8401 = CARTESIAN_POINT('',(-22.,20.,-4.440892098501E-15));
#8402 = DIRECTION('',(-0.,4.440892098501E-16,1.));
#8403 = DIRECTION('',(1.,0.,0.));
#8404 = ORIENTED_EDGE('',*,*,#8390,.F.);
#8405 = ORIENTED_EDGE('',*,*,#8294,.F.);
#8406 = CYLINDRICAL_SURFACE('',#8407,2.5);
#8407 = AXIS2_PLACEMENT_3D('',#8408,#8409,#8410);
#8408 = CARTESIAN_POINT('',(-22.,20.,3.));
#8409 = DIRECTION('',(0.,4.440892098501E-16,1.));
#8410 = DIRECTION('',(1.,0.,0.));
#8411 = ADVANCED_FACE('',(#8412),#8415,.F.);
#8412 = FACE_BOUND('',#8413,.F.);
#8413 = EDGE_LOOP('',(#8414));
#8414 = ORIENTED_EDGE('',*,*,#8398,.T.);
#8415 = PLANE('',#8416);
#8416 = AXIS2_PLACEMENT_3D('',#8417,#8418,#8419);
#8417 = CARTESIAN_POINT('',(9.572080927776E-16,52.5,-1.95399252334E-14)
  );
#8418 = DIRECTION('',(0.,4.440892098501E-16,1.));
#8419 = DIRECTION('',(1.,0.,0.));
#8420 = ADVANCED_FACE('',(#8421),#8440,.T.);
#8421 = FACE_BOUND('',#8422,.T.);
#8422 = EDGE_LOOP('',(#8423,#8431,#8438,#8439));
#8423 = ORIENTED_EDGE('',*,*,#8424,.T.);
#8424 = EDGE_CURVE('',#8306,#8425,#8427,.T.);
#8425 = VERTEX_POINT('',#8426);
#8426 = CARTESIAN_POINT('',(24.5,20.,-7.105427357601E-15));
#8427 = LINE('',#8428,#8429);
#8428 = CARTESIAN_POINT('',(24.5,20.,3.));
#8429 = VECTOR('',#8430,1.);
#8430 = DIRECTION('',(-0.,-4.440892098501E-16,-1.));
#8431 = ORIENTED_EDGE('',*,*,#8432,.T.);
#8432 = EDGE_CURVE('',#8425,#8425,#8433,.T.);
#8433 = CIRCLE('',#8434,2.5);
#8434 = AXIS2_PLACEMENT_3D('',#8435,#8436,#8437);
#8435 = CARTESIAN_POINT('',(22.,20.,-4.440892098501E-15));
#8436 = DIRECTION('',(-0.,4.440892098501E-16,1.));
#8437 = DIRECTION('',(1.,0.,0.));
#8438 = ORIENTED_EDGE('',*,*,#8424,.F.);
#8439 = ORIENTED_EDGE('',*,*,#8305,.F.);
#8440 = CYLINDRICAL_SURFACE('',#8441,2.5);
#8441 = AXIS2_PLACEMENT_3D('',#8442,#8443,#8444);
#8442 = CARTESIAN_POINT('',(22.,20.,3.));
#8443 = DIRECTION('',(0.,4.440892098501E-16,1.));
#8444 = DIRECTION('',(1.,0.,0.));
#8445 = ADVANCED_FACE('',(#8446),#8449,.F.);
#8446 = FACE_BOUND('',#8447,.F.);
#8447 = EDGE_LOOP('',(#8448));
#8448 = ORIENTED_EDGE('',*,*,#8432,.T.);
#8449 = PLANE('',#8450);
#8450 = AXIS2_PLACEMENT_3D('',#8451,#8452,#8453);
#8451 = CARTESIAN_POINT('',(9.572080927776E-16,52.5,-1.95399252334E-14)
  );
#8452 = DIRECTION('',(0.,4.440892098501E-16,1.));
#8453 = DIRECTION('',(1.,0.,0.));
#8454 = ADVANCED_FACE('',(#8455),#8463,.T.);
#8455 = FACE_BOUND('',#8456,.T.);
#8456 = EDGE_LOOP('',(#8457,#8458,#8459,#8460,#8461,#8462));
#8457 = ORIENTED_EDGE('',*,*,#8256,.F.);
#8458 = ORIENTED_EDGE('',*,*,#7842,.F.);
#8459 = ORIENTED_EDGE('',*,*,#7873,.F.);
#8460 = ORIENTED_EDGE('',*,*,#8071,.F.);
#8461 = ORIENTED_EDGE('',*,*,#8112,.T.);
#8462 = ORIENTED_EDGE('',*,*,#8166,.T.);
#8463 = PLANE('',#8464);
#8464 = AXIS2_PLACEMENT_3D('',#8465,#8466,#8467);
#8465 = CARTESIAN_POINT('',(-30.,56.292307692308,7.520192307692));
#8466 = DIRECTION('',(-1.,-9.323052153391E-32,-4.198729420397E-16));
#8467 = DIRECTION('',(4.198729420397E-16,-2.22044604925E-16,-1.));
#8468 = ADVANCED_FACE('',(#8469),#8480,.T.);
#8469 = FACE_BOUND('',#8470,.T.);
#8470 = EDGE_LOOP('',(#8471,#8472,#8473,#8479));
#8471 = ORIENTED_EDGE('',*,*,#8263,.T.);
#8472 = ORIENTED_EDGE('',*,*,#8143,.T.);
#8473 = ORIENTED_EDGE('',*,*,#8474,.F.);
#8474 = EDGE_CURVE('',#7763,#8144,#8475,.T.);
#8475 = LINE('',#8476,#8477);
#8476 = CARTESIAN_POINT('',(30.,99.,-1.010302952409E-14));
#8477 = VECTOR('',#8478,1.);
#8478 = DIRECTION('',(0.,1.,-3.330669073875E-16));
#8479 = ORIENTED_EDGE('',*,*,#7762,.F.);
#8480 = PLANE('',#8481);
#8481 = AXIS2_PLACEMENT_3D('',#8482,#8483,#8484);
#8482 = CARTESIAN_POINT('',(30.,55.,1.5));
#8483 = DIRECTION('',(-1.,0.,0.));
#8484 = DIRECTION('',(0.,1.,-2.22044604925E-16));
#8485 = ADVANCED_FACE('',(#8486),#8499,.T.);
#8486 = FACE_BOUND('',#8487,.T.);
#8487 = EDGE_LOOP('',(#8488,#8489,#8490,#8496,#8497,#8498));
#8488 = ORIENTED_EDGE('',*,*,#8474,.T.);
#8489 = ORIENTED_EDGE('',*,*,#8151,.T.);
#8490 = ORIENTED_EDGE('',*,*,#8491,.F.);
#8491 = EDGE_CURVE('',#8181,#8152,#8492,.T.);
#8492 = LINE('',#8493,#8494);
#8493 = CARTESIAN_POINT('',(63.15,99.,-1.010302952409E-14));
#8494 = VECTOR('',#8495,1.);
#8495 = DIRECTION('',(0.,1.,-3.330669073875E-16));
#8496 = ORIENTED_EDGE('',*,*,#8180,.T.);
#8497 = ORIENTED_EDGE('',*,*,#7887,.F.);
#8498 = ORIENTED_EDGE('',*,*,#7770,.F.);
#8499 = PLANE('',#8500);
#8500 = AXIS2_PLACEMENT_3D('',#8501,#8502,#8503);
#8501 = CARTESIAN_POINT('',(64.17009202454,54.67009202454,
    -3.277364746325E-14));
#8502 = DIRECTION('',(0.,-6.94927117677E-16,-1.));
#8503 = DIRECTION('',(0.,1.,-6.94927117677E-16));
#8504 = ADVANCED_FACE('',(#8505),#8515,.T.);
#8505 = FACE_BOUND('',#8506,.T.);
#8506 = EDGE_LOOP('',(#8507,#8508,#8509,#8510,#8511,#8512,#8513,#8514));
#8507 = ORIENTED_EDGE('',*,*,#7810,.F.);
#8508 = ORIENTED_EDGE('',*,*,#8000,.T.);
#8509 = ORIENTED_EDGE('',*,*,#8188,.F.);
#8510 = ORIENTED_EDGE('',*,*,#8491,.T.);
#8511 = ORIENTED_EDGE('',*,*,#8159,.T.);
#8512 = ORIENTED_EDGE('',*,*,#8094,.F.);
#8513 = ORIENTED_EDGE('',*,*,#8242,.T.);
#8514 = ORIENTED_EDGE('',*,*,#8015,.F.);
#8515 = PLANE('',#8516);
#8516 = AXIS2_PLACEMENT_3D('',#8517,#8518,#8519);
#8517 = CARTESIAN_POINT('',(63.15,57.336633663366,12.149133663366));
#8518 = DIRECTION('',(1.,0.,0.));
#8519 = DIRECTION('',(0.,-1.,2.22044604925E-16));
#8520 = MANIFOLD_SOLID_BREP('',#8521);
#8521 = CLOSED_SHELL('',(#8522,#8640,#8673,#8698,#8723,#8740,#8771,#8811
    ,#8851,#8868,#8893,#8918,#8943,#8968,#8999,#9023,#9047,#9064,#9351,
    #9432,#9449,#9466,#9525,#9584,#9643,#9702,#9719,#9736,#9753,#9770,
    #9787,#9804,#9816,#9838,#9855,#9872,#9889,#9906,#9918,#9940,#9957,
    #9974,#9991,#10008,#10020,#10042,#10059,#10076,#10093,#10110,#10122,
    #10144,#10161,#10178,#10195,#10212));
#8522 = ADVANCED_FACE('',(#8523,#8557,#8591,#8602,#8613,#8624),#8635,.F.
  );
#8523 = FACE_BOUND('',#8524,.F.);
#8524 = EDGE_LOOP('',(#8525,#8535,#8543,#8551));
#8525 = ORIENTED_EDGE('',*,*,#8526,.T.);
#8526 = EDGE_CURVE('',#8527,#8529,#8531,.T.);
#8527 = VERTEX_POINT('',#8528);
#8528 = CARTESIAN_POINT('',(-60.55,3.063660436453E-14,37.975));
#8529 = VERTEX_POINT('',#8530);
#8530 = CARTESIAN_POINT('',(-60.55,6.988853940015E-15,7.475));
#8531 = LINE('',#8532,#8533);
#8532 = CARTESIAN_POINT('',(-60.55,2.575162305618E-14,31.975));
#8533 = VECTOR('',#8534,1.);
#8534 = DIRECTION('',(0.,-7.771561172376E-16,-1.));
#8535 = ORIENTED_EDGE('',*,*,#8536,.T.);
#8536 = EDGE_CURVE('',#8529,#8537,#8539,.T.);
#8537 = VERTEX_POINT('',#8538);
#8538 = CARTESIAN_POINT('',(60.55,1.054156761882E-14,7.475));
#8539 = LINE('',#8540,#8541);
#8540 = CARTESIAN_POINT('',(-54.55,1.054156761882E-14,7.475));
#8541 = VECTOR('',#8542,1.);
#8542 = DIRECTION('',(1.,1.265358922215E-32,1.628191420165E-17));
#8543 = ORIENTED_EDGE('',*,*,#8544,.T.);
#8544 = EDGE_CURVE('',#8537,#8545,#8547,.T.);
#8545 = VERTEX_POINT('',#8546);
#8546 = CARTESIAN_POINT('',(60.55,2.974842594483E-14,37.975));
#8547 = LINE('',#8548,#8549);
#8548 = CARTESIAN_POINT('',(60.55,1.276201366807E-14,13.475));
#8549 = VECTOR('',#8550,1.);
#8550 = DIRECTION('',(0.,7.771561172376E-16,1.));
#8551 = ORIENTED_EDGE('',*,*,#8552,.T.);
#8552 = EDGE_CURVE('',#8545,#8527,#8553,.T.);
#8553 = LINE('',#8554,#8555);
#8554 = CARTESIAN_POINT('',(54.55,2.974842594483E-14,37.975));
#8555 = VECTOR('',#8556,1.);
#8556 = DIRECTION('',(-1.,0.,0.));
#8557 = FACE_BOUND('',#8558,.F.);
#8558 = EDGE_LOOP('',(#8559,#8569,#8577,#8585));
#8559 = ORIENTED_EDGE('',*,*,#8560,.F.);
#8560 = EDGE_CURVE('',#8561,#8563,#8565,.T.);
#8561 = VERTEX_POINT('',#8562);
#8562 = CARTESIAN_POINT('',(-107.,0.,0.));
#8563 = VERTEX_POINT('',#8564);
#8564 = CARTESIAN_POINT('',(107.,0.,0.));
#8565 = LINE('',#8566,#8567);
#8566 = CARTESIAN_POINT('',(-107.,0.,0.));
#8567 = VECTOR('',#8568,1.);
#8568 = DIRECTION('',(1.,0.,0.));
#8569 = ORIENTED_EDGE('',*,*,#8570,.F.);
#8570 = EDGE_CURVE('',#8571,#8561,#8573,.T.);
#8571 = VERTEX_POINT('',#8572);
#8572 = CARTESIAN_POINT('',(-107.,3.947953075567E-14,44.45));
#8573 = LINE('',#8574,#8575);
#8574 = CARTESIAN_POINT('',(-107.,3.947953075567E-14,44.45));
#8575 = VECTOR('',#8576,1.);
#8576 = DIRECTION('',(0.,-8.881784197001E-16,-1.));
#8577 = ORIENTED_EDGE('',*,*,#8578,.F.);
#8578 = EDGE_CURVE('',#8579,#8571,#8581,.T.);
#8579 = VERTEX_POINT('',#8580);
#8580 = CARTESIAN_POINT('',(107.,3.947953075567E-14,44.45));
#8581 = LINE('',#8582,#8583);
#8582 = CARTESIAN_POINT('',(107.,3.947953075567E-14,44.45));
#8583 = VECTOR('',#8584,1.);
#8584 = DIRECTION('',(-1.,0.,0.));
#8585 = ORIENTED_EDGE('',*,*,#8586,.F.);
#8586 = EDGE_CURVE('',#8563,#8579,#8587,.T.);
#8587 = LINE('',#8588,#8589);
#8588 = CARTESIAN_POINT('',(107.,0.,0.));
#8589 = VECTOR('',#8590,1.);
#8590 = DIRECTION('',(0.,8.881784197001E-16,1.));
#8591 = FACE_BOUND('',#8592,.F.);
#8592 = EDGE_LOOP('',(#8593));
#8593 = ORIENTED_EDGE('',*,*,#8594,.T.);
#8594 = EDGE_CURVE('',#8595,#8595,#8597,.T.);
#8595 = VERTEX_POINT('',#8596);
#8596 = CARTESIAN_POINT('',(-96.8,7.932543510947E-15,14.29));
#8597 = CIRCLE('',#8598,3.2);
#8598 = AXIS2_PLACEMENT_3D('',#8599,#8600,#8601);
#8599 = CARTESIAN_POINT('',(-100.,7.932543510947E-15,14.29));
#8600 = DIRECTION('',(0.,-1.,5.551115123126E-16));
#8601 = DIRECTION('',(1.,0.,0.));
#8602 = FACE_BOUND('',#8603,.F.);
#8603 = EDGE_LOOP('',(#8604));
#8604 = ORIENTED_EDGE('',*,*,#8605,.T.);
#8605 = EDGE_CURVE('',#8606,#8606,#8608,.T.);
#8606 = VERTEX_POINT('',#8607);
#8607 = CARTESIAN_POINT('',(-96.8,1.674216321135E-14,30.16));
#8608 = CIRCLE('',#8609,3.2);
#8609 = AXIS2_PLACEMENT_3D('',#8610,#8611,#8612);
#8610 = CARTESIAN_POINT('',(-100.,1.674216321135E-14,30.16));
#8611 = DIRECTION('',(0.,-1.,5.551115123126E-16));
#8612 = DIRECTION('',(1.,0.,0.));
#8613 = FACE_BOUND('',#8614,.F.);
#8614 = EDGE_LOOP('',(#8615));
#8615 = ORIENTED_EDGE('',*,*,#8616,.T.);
#8616 = EDGE_CURVE('',#8617,#8617,#8619,.T.);
#8617 = VERTEX_POINT('',#8618);
#8618 = CARTESIAN_POINT('',(103.2,7.932543510947E-15,14.29));
#8619 = CIRCLE('',#8620,3.2);
#8620 = AXIS2_PLACEMENT_3D('',#8621,#8622,#8623);
#8621 = CARTESIAN_POINT('',(100.,7.932543510947E-15,14.29));
#8622 = DIRECTION('',(0.,-1.,5.551115123126E-16));
#8623 = DIRECTION('',(1.,0.,0.));
#8624 = FACE_BOUND('',#8625,.F.);
#8625 = EDGE_LOOP('',(#8626));
#8626 = ORIENTED_EDGE('',*,*,#8627,.T.);
#8627 = EDGE_CURVE('',#8628,#8628,#8630,.T.);
#8628 = VERTEX_POINT('',#8629);
#8629 = CARTESIAN_POINT('',(103.2,1.674216321135E-14,30.16));
#8630 = CIRCLE('',#8631,3.2);
#8631 = AXIS2_PLACEMENT_3D('',#8632,#8633,#8634);
#8632 = CARTESIAN_POINT('',(100.,1.674216321135E-14,30.16));
#8633 = DIRECTION('',(0.,-1.,5.551115123126E-16));
#8634 = DIRECTION('',(1.,0.,0.));
#8635 = PLANE('',#8636);
#8636 = AXIS2_PLACEMENT_3D('',#8637,#8638,#8639);
#8637 = CARTESIAN_POINT('',(1.759517705113E-15,1.973976537784E-14,22.225
    ));
#8638 = DIRECTION('',(0.,1.,-6.661338147751E-16));
#8639 = DIRECTION('',(0.,6.661338147751E-16,1.));
#8640 = ADVANCED_FACE('',(#8641),#8668,.T.);
#8641 = FACE_BOUND('',#8642,.F.);
#8642 = EDGE_LOOP('',(#8643,#8652,#8660,#8667));
#8643 = ORIENTED_EDGE('',*,*,#8644,.T.);
#8644 = EDGE_CURVE('',#8527,#8645,#8647,.T.);
#8645 = VERTEX_POINT('',#8646);
#8646 = CARTESIAN_POINT('',(-54.55,6.,31.975));
#8647 = ELLIPSE('',#8648,8.485281374239,6.);
#8648 = AXIS2_PLACEMENT_3D('',#8649,#8650,#8651);
#8649 = CARTESIAN_POINT('',(-60.55,6.,37.975));
#8650 = DIRECTION('',(0.707106781187,5.495323605393E-16,0.707106781187)
  );
#8651 = DIRECTION('',(0.707106781187,-5.495323605393E-16,-0.707106781187
    ));
#8652 = ORIENTED_EDGE('',*,*,#8653,.T.);
#8653 = EDGE_CURVE('',#8645,#8654,#8656,.T.);
#8654 = VERTEX_POINT('',#8655);
#8655 = CARTESIAN_POINT('',(-54.55,6.,13.475));
#8656 = LINE('',#8657,#8658);
#8657 = CARTESIAN_POINT('',(-54.55,6.,31.975));
#8658 = VECTOR('',#8659,1.);
#8659 = DIRECTION('',(0.,-7.771561172376E-16,-1.));
#8660 = ORIENTED_EDGE('',*,*,#8661,.F.);
#8661 = EDGE_CURVE('',#8529,#8654,#8662,.T.);
#8662 = ELLIPSE('',#8663,8.485281374239,6.);
#8663 = AXIS2_PLACEMENT_3D('',#8664,#8665,#8666);
#8664 = CARTESIAN_POINT('',(-60.55,6.,7.475));
#8665 = DIRECTION('',(-0.707106781187,5.495323605393E-16,0.707106781187)
  );
#8666 = DIRECTION('',(-0.707106781187,-5.495323605393E-16,
    -0.707106781187));
#8667 = ORIENTED_EDGE('',*,*,#8526,.F.);
#8668 = CYLINDRICAL_SURFACE('',#8669,6.);
#8669 = AXIS2_PLACEMENT_3D('',#8670,#8671,#8672);
#8670 = CARTESIAN_POINT('',(-60.55,6.,31.975));
#8671 = DIRECTION('',(0.,-7.771561172376E-16,-1.));
#8672 = DIRECTION('',(0.,-1.,7.771561172376E-16));
#8673 = ADVANCED_FACE('',(#8674),#8693,.T.);
#8674 = FACE_BOUND('',#8675,.F.);
#8675 = EDGE_LOOP('',(#8676,#8685,#8691,#8692));
#8676 = ORIENTED_EDGE('',*,*,#8677,.T.);
#8677 = EDGE_CURVE('',#8545,#8678,#8680,.T.);
#8678 = VERTEX_POINT('',#8679);
#8679 = CARTESIAN_POINT('',(54.55,6.,31.975));
#8680 = ELLIPSE('',#8681,8.485281374239,6.);
#8681 = AXIS2_PLACEMENT_3D('',#8682,#8683,#8684);
#8682 = CARTESIAN_POINT('',(60.55,6.,37.975));
#8683 = DIRECTION('',(0.707106781187,-5.495323605393E-16,-0.707106781187
    ));
#8684 = DIRECTION('',(-0.707106781187,-5.495323605393E-16,
    -0.707106781187));
#8685 = ORIENTED_EDGE('',*,*,#8686,.T.);
#8686 = EDGE_CURVE('',#8678,#8645,#8687,.T.);
#8687 = LINE('',#8688,#8689);
#8688 = CARTESIAN_POINT('',(54.55,6.,31.975));
#8689 = VECTOR('',#8690,1.);
#8690 = DIRECTION('',(-1.,0.,0.));
#8691 = ORIENTED_EDGE('',*,*,#8644,.F.);
#8692 = ORIENTED_EDGE('',*,*,#8552,.F.);
#8693 = CYLINDRICAL_SURFACE('',#8694,6.);
#8694 = AXIS2_PLACEMENT_3D('',#8695,#8696,#8697);
#8695 = CARTESIAN_POINT('',(54.55,6.,37.975));
#8696 = DIRECTION('',(-1.,0.,0.));
#8697 = DIRECTION('',(0.,-1.,6.661338147751E-16));
#8698 = ADVANCED_FACE('',(#8699),#8718,.T.);
#8699 = FACE_BOUND('',#8700,.F.);
#8700 = EDGE_LOOP('',(#8701,#8702,#8710,#8717));
#8701 = ORIENTED_EDGE('',*,*,#8661,.T.);
#8702 = ORIENTED_EDGE('',*,*,#8703,.T.);
#8703 = EDGE_CURVE('',#8654,#8704,#8706,.T.);
#8704 = VERTEX_POINT('',#8705);
#8705 = CARTESIAN_POINT('',(54.55,6.,13.475));
#8706 = LINE('',#8707,#8708);
#8707 = CARTESIAN_POINT('',(-54.55,6.,13.475));
#8708 = VECTOR('',#8709,1.);
#8709 = DIRECTION('',(1.,1.265358922215E-32,1.628191420165E-17));
#8710 = ORIENTED_EDGE('',*,*,#8711,.F.);
#8711 = EDGE_CURVE('',#8537,#8704,#8712,.T.);
#8712 = ELLIPSE('',#8713,8.485281374239,6.);
#8713 = AXIS2_PLACEMENT_3D('',#8714,#8715,#8716);
#8714 = CARTESIAN_POINT('',(60.55,6.,7.475));
#8715 = DIRECTION('',(-0.707106781187,-5.495323605393E-16,
    -0.707106781187));
#8716 = DIRECTION('',(0.707106781187,-5.495323605393E-16,-0.707106781187
    ));
#8717 = ORIENTED_EDGE('',*,*,#8536,.F.);
#8718 = CYLINDRICAL_SURFACE('',#8719,6.);
#8719 = AXIS2_PLACEMENT_3D('',#8720,#8721,#8722);
#8720 = CARTESIAN_POINT('',(-54.55,6.,7.475));
#8721 = DIRECTION('',(1.,1.265358922215E-32,1.628191420165E-17));
#8722 = DIRECTION('',(1.807655603165E-33,-1.,6.661338147751E-16));
#8723 = ADVANCED_FACE('',(#8724),#8735,.T.);
#8724 = FACE_BOUND('',#8725,.F.);
#8725 = EDGE_LOOP('',(#8726,#8727,#8733,#8734));
#8726 = ORIENTED_EDGE('',*,*,#8711,.T.);
#8727 = ORIENTED_EDGE('',*,*,#8728,.T.);
#8728 = EDGE_CURVE('',#8704,#8678,#8729,.T.);
#8729 = LINE('',#8730,#8731);
#8730 = CARTESIAN_POINT('',(54.55,6.,13.475));
#8731 = VECTOR('',#8732,1.);
#8732 = DIRECTION('',(0.,7.771561172376E-16,1.));
#8733 = ORIENTED_EDGE('',*,*,#8677,.F.);
#8734 = ORIENTED_EDGE('',*,*,#8544,.F.);
#8735 = CYLINDRICAL_SURFACE('',#8736,6.);
#8736 = AXIS2_PLACEMENT_3D('',#8737,#8738,#8739);
#8737 = CARTESIAN_POINT('',(60.55,6.,13.475));
#8738 = DIRECTION('',(0.,7.771561172376E-16,1.));
#8739 = DIRECTION('',(0.,-1.,7.771561172376E-16));
#8740 = ADVANCED_FACE('',(#8741),#8766,.T.);
#8741 = FACE_BOUND('',#8742,.T.);
#8742 = EDGE_LOOP('',(#8743,#8751,#8759,#8765));
#8743 = ORIENTED_EDGE('',*,*,#8744,.T.);
#8744 = EDGE_CURVE('',#8561,#8745,#8747,.T.);
#8745 = VERTEX_POINT('',#8746);
#8746 = CARTESIAN_POINT('',(-107.,8.,-7.105427357601E-15));
#8747 = LINE('',#8748,#8749);
#8748 = CARTESIAN_POINT('',(-107.,0.,0.));
#8749 = VECTOR('',#8750,1.);
#8750 = DIRECTION('',(0.,1.,-8.881784197001E-16));
#8751 = ORIENTED_EDGE('',*,*,#8752,.T.);
#8752 = EDGE_CURVE('',#8745,#8753,#8755,.T.);
#8753 = VERTEX_POINT('',#8754);
#8754 = CARTESIAN_POINT('',(107.,8.,-7.105427357601E-15));
#8755 = LINE('',#8756,#8757);
#8756 = CARTESIAN_POINT('',(-107.,8.,-7.105427357601E-15));
#8757 = VECTOR('',#8758,1.);
#8758 = DIRECTION('',(1.,0.,0.));
#8759 = ORIENTED_EDGE('',*,*,#8760,.F.);
#8760 = EDGE_CURVE('',#8563,#8753,#8761,.T.);
#8761 = LINE('',#8762,#8763);
#8762 = CARTESIAN_POINT('',(107.,0.,0.));
#8763 = VECTOR('',#8764,1.);
#8764 = DIRECTION('',(0.,1.,-8.881784197001E-16));
#8765 = ORIENTED_EDGE('',*,*,#8560,.F.);
#8766 = PLANE('',#8767);
#8767 = AXIS2_PLACEMENT_3D('',#8768,#8769,#8770);
#8768 = CARTESIAN_POINT('',(-107.,0.,0.));
#8769 = DIRECTION('',(0.,-8.881784197001E-16,-1.));
#8770 = DIRECTION('',(1.,0.,0.));
#8771 = ADVANCED_FACE('',(#8772),#8806,.T.);
#8772 = FACE_BOUND('',#8773,.T.);
#8773 = EDGE_LOOP('',(#8774,#8782,#8790,#8798,#8804,#8805));
#8774 = ORIENTED_EDGE('',*,*,#8775,.T.);
#8775 = EDGE_CURVE('',#8571,#8776,#8778,.T.);
#8776 = VERTEX_POINT('',#8777);
#8777 = CARTESIAN_POINT('',(-107.,20.,44.45));
#8778 = LINE('',#8779,#8780);
#8779 = CARTESIAN_POINT('',(-107.,3.947953075567E-14,44.45));
#8780 = VECTOR('',#8781,1.);
#8781 = DIRECTION('',(0.,1.,-8.881784197001E-16));
#8782 = ORIENTED_EDGE('',*,*,#8783,.T.);
#8783 = EDGE_CURVE('',#8776,#8784,#8786,.T.);
#8784 = VERTEX_POINT('',#8785);
#8785 = CARTESIAN_POINT('',(-107.,20.,33.625));
#8786 = LINE('',#8787,#8788);
#8787 = CARTESIAN_POINT('',(-107.,20.,44.45));
#8788 = VECTOR('',#8789,1.);
#8789 = DIRECTION('',(0.,-6.661338147751E-16,-1.));
#8790 = ORIENTED_EDGE('',*,*,#8791,.F.);
#8791 = EDGE_CURVE('',#8792,#8784,#8794,.T.);
#8792 = VERTEX_POINT('',#8793);
#8793 = CARTESIAN_POINT('',(-107.,8.,33.625));
#8794 = LINE('',#8795,#8796);
#8795 = CARTESIAN_POINT('',(-107.,8.,33.625));
#8796 = VECTOR('',#8797,1.);
#8797 = DIRECTION('',(0.,1.,-6.661338147751E-16));
#8798 = ORIENTED_EDGE('',*,*,#8799,.T.);
#8799 = EDGE_CURVE('',#8792,#8745,#8800,.T.);
#8800 = LINE('',#8801,#8802);
#8801 = CARTESIAN_POINT('',(-107.,8.,44.45));
#8802 = VECTOR('',#8803,1.);
#8803 = DIRECTION('',(0.,-8.881784197001E-16,-1.));
#8804 = ORIENTED_EDGE('',*,*,#8744,.F.);
#8805 = ORIENTED_EDGE('',*,*,#8570,.F.);
#8806 = PLANE('',#8807);
#8807 = AXIS2_PLACEMENT_3D('',#8808,#8809,#8810);
#8808 = CARTESIAN_POINT('',(-107.,6.869666408068,25.355333591932));
#8809 = DIRECTION('',(-1.,0.,-0.));
#8810 = DIRECTION('',(0.,1.,-5.551115123126E-16));
#8811 = ADVANCED_FACE('',(#8812),#8846,.T.);
#8812 = FACE_BOUND('',#8813,.T.);
#8813 = EDGE_LOOP('',(#8814,#8815,#8823,#8831,#8839,#8845));
#8814 = ORIENTED_EDGE('',*,*,#8760,.T.);
#8815 = ORIENTED_EDGE('',*,*,#8816,.T.);
#8816 = EDGE_CURVE('',#8753,#8817,#8819,.T.);
#8817 = VERTEX_POINT('',#8818);
#8818 = CARTESIAN_POINT('',(107.,8.,33.625));
#8819 = LINE('',#8820,#8821);
#8820 = CARTESIAN_POINT('',(107.,8.,-7.105427357601E-15));
#8821 = VECTOR('',#8822,1.);
#8822 = DIRECTION('',(0.,8.881784197001E-16,1.));
#8823 = ORIENTED_EDGE('',*,*,#8824,.T.);
#8824 = EDGE_CURVE('',#8817,#8825,#8827,.T.);
#8825 = VERTEX_POINT('',#8826);
#8826 = CARTESIAN_POINT('',(107.,20.,33.625));
#8827 = LINE('',#8828,#8829);
#8828 = CARTESIAN_POINT('',(107.,8.,33.625));
#8829 = VECTOR('',#8830,1.);
#8830 = DIRECTION('',(0.,1.,-6.661338147751E-16));
#8831 = ORIENTED_EDGE('',*,*,#8832,.T.);
#8832 = EDGE_CURVE('',#8825,#8833,#8835,.T.);
#8833 = VERTEX_POINT('',#8834);
#8834 = CARTESIAN_POINT('',(107.,20.,44.45));
#8835 = LINE('',#8836,#8837);
#8836 = CARTESIAN_POINT('',(107.,20.,33.625));
#8837 = VECTOR('',#8838,1.);
#8838 = DIRECTION('',(0.,6.661338147751E-16,1.));
#8839 = ORIENTED_EDGE('',*,*,#8840,.F.);
#8840 = EDGE_CURVE('',#8579,#8833,#8841,.T.);
#8841 = LINE('',#8842,#8843);
#8842 = CARTESIAN_POINT('',(107.,8.,44.45));
#8843 = VECTOR('',#8844,1.);
#8844 = DIRECTION('',(0.,1.,-6.661338147751E-16));
#8845 = ORIENTED_EDGE('',*,*,#8586,.F.);
#8846 = PLANE('',#8847);
#8847 = AXIS2_PLACEMENT_3D('',#8848,#8849,#8850);
#8848 = CARTESIAN_POINT('',(107.,6.869666408068,25.355333591932));
#8849 = DIRECTION('',(1.,0.,0.));
#8850 = DIRECTION('',(0.,-1.,5.551115123126E-16));
#8851 = ADVANCED_FACE('',(#8852),#8863,.T.);
#8852 = FACE_BOUND('',#8853,.T.);
#8853 = EDGE_LOOP('',(#8854,#8855,#8861,#8862));
#8854 = ORIENTED_EDGE('',*,*,#8840,.T.);
#8855 = ORIENTED_EDGE('',*,*,#8856,.T.);
#8856 = EDGE_CURVE('',#8833,#8776,#8857,.T.);
#8857 = LINE('',#8858,#8859);
#8858 = CARTESIAN_POINT('',(107.,20.,44.45));
#8859 = VECTOR('',#8860,1.);
#8860 = DIRECTION('',(-1.,0.,0.));
#8861 = ORIENTED_EDGE('',*,*,#8775,.F.);
#8862 = ORIENTED_EDGE('',*,*,#8578,.F.);
#8863 = PLANE('',#8864);
#8864 = AXIS2_PLACEMENT_3D('',#8865,#8866,#8867);
#8865 = CARTESIAN_POINT('',(0.,10.,44.45));
#8866 = DIRECTION('',(0.,5.551115123126E-16,1.));
#8867 = DIRECTION('',(0.,-1.,5.551115123126E-16));
#8868 = ADVANCED_FACE('',(#8869),#8888,.F.);
#8869 = FACE_BOUND('',#8870,.F.);
#8870 = EDGE_LOOP('',(#8871,#8879,#8886,#8887));
#8871 = ORIENTED_EDGE('',*,*,#8872,.T.);
#8872 = EDGE_CURVE('',#8595,#8873,#8875,.T.);
#8873 = VERTEX_POINT('',#8874);
#8874 = CARTESIAN_POINT('',(-96.8,3.,14.29));
#8875 = LINE('',#8876,#8877);
#8876 = CARTESIAN_POINT('',(-96.8,7.932543510947E-15,14.29));
#8877 = VECTOR('',#8878,1.);
#8878 = DIRECTION('',(0.,1.,-5.551115123126E-16));
#8879 = ORIENTED_EDGE('',*,*,#8880,.T.);
#8880 = EDGE_CURVE('',#8873,#8873,#8881,.T.);
#8881 = CIRCLE('',#8882,3.2);
#8882 = AXIS2_PLACEMENT_3D('',#8883,#8884,#8885);
#8883 = CARTESIAN_POINT('',(-100.,3.,14.29));
#8884 = DIRECTION('',(0.,-1.,5.551115123126E-16));
#8885 = DIRECTION('',(1.,0.,0.));
#8886 = ORIENTED_EDGE('',*,*,#8872,.F.);
#8887 = ORIENTED_EDGE('',*,*,#8594,.F.);
#8888 = CYLINDRICAL_SURFACE('',#8889,3.2);
#8889 = AXIS2_PLACEMENT_3D('',#8890,#8891,#8892);
#8890 = CARTESIAN_POINT('',(-100.,7.932543510947E-15,14.29));
#8891 = DIRECTION('',(0.,-1.,5.551115123126E-16));
#8892 = DIRECTION('',(1.,0.,0.));
#8893 = ADVANCED_FACE('',(#8894),#8913,.F.);
#8894 = FACE_BOUND('',#8895,.F.);
#8895 = EDGE_LOOP('',(#8896,#8904,#8911,#8912));
#8896 = ORIENTED_EDGE('',*,*,#8897,.T.);
#8897 = EDGE_CURVE('',#8606,#8898,#8900,.T.);
#8898 = VERTEX_POINT('',#8899);
#8899 = CARTESIAN_POINT('',(-96.8,3.,30.16));
#8900 = LINE('',#8901,#8902);
#8901 = CARTESIAN_POINT('',(-96.8,1.674216321135E-14,30.16));
#8902 = VECTOR('',#8903,1.);
#8903 = DIRECTION('',(0.,1.,-5.551115123126E-16));
#8904 = ORIENTED_EDGE('',*,*,#8905,.T.);
#8905 = EDGE_CURVE('',#8898,#8898,#8906,.T.);
#8906 = CIRCLE('',#8907,3.2);
#8907 = AXIS2_PLACEMENT_3D('',#8908,#8909,#8910);
#8908 = CARTESIAN_POINT('',(-100.,3.,30.16));
#8909 = DIRECTION('',(0.,-1.,5.551115123126E-16));
#8910 = DIRECTION('',(1.,0.,0.));
#8911 = ORIENTED_EDGE('',*,*,#8897,.F.);
#8912 = ORIENTED_EDGE('',*,*,#8605,.F.);
#8913 = CYLINDRICAL_SURFACE('',#8914,3.2);
#8914 = AXIS2_PLACEMENT_3D('',#8915,#8916,#8917);
#8915 = CARTESIAN_POINT('',(-100.,1.674216321135E-14,30.16));
#8916 = DIRECTION('',(0.,-1.,5.551115123126E-16));
#8917 = DIRECTION('',(1.,0.,0.));
#8918 = ADVANCED_FACE('',(#8919),#8938,.F.);
#8919 = FACE_BOUND('',#8920,.F.);
#8920 = EDGE_LOOP('',(#8921,#8929,#8936,#8937));
#8921 = ORIENTED_EDGE('',*,*,#8922,.T.);
#8922 = EDGE_CURVE('',#8617,#8923,#8925,.T.);
#8923 = VERTEX_POINT('',#8924);
#8924 = CARTESIAN_POINT('',(103.2,3.,14.29));
#8925 = LINE('',#8926,#8927);
#8926 = CARTESIAN_POINT('',(103.2,7.932543510947E-15,14.29));
#8927 = VECTOR('',#8928,1.);
#8928 = DIRECTION('',(0.,1.,-5.551115123126E-16));
#8929 = ORIENTED_EDGE('',*,*,#8930,.T.);
#8930 = EDGE_CURVE('',#8923,#8923,#8931,.T.);
#8931 = CIRCLE('',#8932,3.2);
#8932 = AXIS2_PLACEMENT_3D('',#8933,#8934,#8935);
#8933 = CARTESIAN_POINT('',(100.,3.,14.29));
#8934 = DIRECTION('',(0.,-1.,5.551115123126E-16));
#8935 = DIRECTION('',(1.,0.,0.));
#8936 = ORIENTED_EDGE('',*,*,#8922,.F.);
#8937 = ORIENTED_EDGE('',*,*,#8616,.F.);
#8938 = CYLINDRICAL_SURFACE('',#8939,3.2);
#8939 = AXIS2_PLACEMENT_3D('',#8940,#8941,#8942);
#8940 = CARTESIAN_POINT('',(100.,7.932543510947E-15,14.29));
#8941 = DIRECTION('',(0.,-1.,5.551115123126E-16));
#8942 = DIRECTION('',(1.,0.,0.));
#8943 = ADVANCED_FACE('',(#8944),#8963,.F.);
#8944 = FACE_BOUND('',#8945,.F.);
#8945 = EDGE_LOOP('',(#8946,#8954,#8961,#8962));
#8946 = ORIENTED_EDGE('',*,*,#8947,.T.);
#8947 = EDGE_CURVE('',#8628,#8948,#8950,.T.);
#8948 = VERTEX_POINT('',#8949);
#8949 = CARTESIAN_POINT('',(103.2,3.,30.16));
#8950 = LINE('',#8951,#8952);
#8951 = CARTESIAN_POINT('',(103.2,1.674216321135E-14,30.16));
#8952 = VECTOR('',#8953,1.);
#8953 = DIRECTION('',(0.,1.,-5.551115123126E-16));
#8954 = ORIENTED_EDGE('',*,*,#8955,.T.);
#8955 = EDGE_CURVE('',#8948,#8948,#8956,.T.);
#8956 = CIRCLE('',#8957,3.2);
#8957 = AXIS2_PLACEMENT_3D('',#8958,#8959,#8960);
#8958 = CARTESIAN_POINT('',(100.,3.,30.16));
#8959 = DIRECTION('',(0.,-1.,5.551115123126E-16));
#8960 = DIRECTION('',(1.,0.,0.));
#8961 = ORIENTED_EDGE('',*,*,#8947,.F.);
#8962 = ORIENTED_EDGE('',*,*,#8627,.F.);
#8963 = CYLINDRICAL_SURFACE('',#8964,3.2);
#8964 = AXIS2_PLACEMENT_3D('',#8965,#8966,#8967);
#8965 = CARTESIAN_POINT('',(100.,1.674216321135E-14,30.16));
#8966 = DIRECTION('',(0.,-1.,5.551115123126E-16));
#8967 = DIRECTION('',(1.,0.,0.));
#8968 = ADVANCED_FACE('',(#8969),#8994,.F.);
#8969 = FACE_BOUND('',#8970,.F.);
#8970 = EDGE_LOOP('',(#8971,#8979,#8987,#8993));
#8971 = ORIENTED_EDGE('',*,*,#8972,.T.);
#8972 = EDGE_CURVE('',#8645,#8973,#8975,.T.);
#8973 = VERTEX_POINT('',#8974);
#8974 = CARTESIAN_POINT('',(-54.55,8.,31.975));
#8975 = LINE('',#8976,#8977);
#8976 = CARTESIAN_POINT('',(-54.55,2.484956684867E-14,31.975));
#8977 = VECTOR('',#8978,1.);
#8978 = DIRECTION('',(0.,1.,-7.771561172376E-16));
#8979 = ORIENTED_EDGE('',*,*,#8980,.T.);
#8980 = EDGE_CURVE('',#8973,#8981,#8983,.T.);
#8981 = VERTEX_POINT('',#8982);
#8982 = CARTESIAN_POINT('',(-54.55,8.,13.475));
#8983 = LINE('',#8984,#8985);
#8984 = CARTESIAN_POINT('',(-54.55,8.,31.975));
#8985 = VECTOR('',#8986,1.);
#8986 = DIRECTION('',(0.,-7.771561172376E-16,-1.));
#8987 = ORIENTED_EDGE('',*,*,#8988,.F.);
#8988 = EDGE_CURVE('',#8654,#8981,#8989,.T.);
#8989 = LINE('',#8990,#8991);
#8990 = CARTESIAN_POINT('',(-54.55,1.047217867978E-14,13.475));
#8991 = VECTOR('',#8992,1.);
#8992 = DIRECTION('',(0.,1.,-7.771561172376E-16));
#8993 = ORIENTED_EDGE('',*,*,#8653,.F.);
#8994 = PLANE('',#8995);
#8995 = AXIS2_PLACEMENT_3D('',#8996,#8997,#8998);
#8996 = CARTESIAN_POINT('',(-54.55,2.484956684867E-14,31.975));
#8997 = DIRECTION('',(-1.,0.,0.));
#8998 = DIRECTION('',(0.,-7.771561172376E-16,-1.));
#8999 = ADVANCED_FACE('',(#9000),#9018,.F.);
#9000 = FACE_BOUND('',#9001,.F.);
#9001 = EDGE_LOOP('',(#9002,#9010,#9016,#9017));
#9002 = ORIENTED_EDGE('',*,*,#9003,.T.);
#9003 = EDGE_CURVE('',#8678,#9004,#9006,.T.);
#9004 = VERTEX_POINT('',#9005);
#9005 = CARTESIAN_POINT('',(54.55,8.,31.975));
#9006 = LINE('',#9007,#9008);
#9007 = CARTESIAN_POINT('',(54.55,2.484956684867E-14,31.975));
#9008 = VECTOR('',#9009,1.);
#9009 = DIRECTION('',(0.,1.,-7.771561172376E-16));
#9010 = ORIENTED_EDGE('',*,*,#9011,.T.);
#9011 = EDGE_CURVE('',#9004,#8973,#9012,.T.);
#9012 = LINE('',#9013,#9014);
#9013 = CARTESIAN_POINT('',(54.55,8.,31.975));
#9014 = VECTOR('',#9015,1.);
#9015 = DIRECTION('',(-1.,0.,0.));
#9016 = ORIENTED_EDGE('',*,*,#8972,.F.);
#9017 = ORIENTED_EDGE('',*,*,#8686,.F.);
#9018 = PLANE('',#9019);
#9019 = AXIS2_PLACEMENT_3D('',#9020,#9021,#9022);
#9020 = CARTESIAN_POINT('',(54.55,2.484956684867E-14,31.975));
#9021 = DIRECTION('',(0.,7.771561172376E-16,1.));
#9022 = DIRECTION('',(-1.,0.,0.));
#9023 = ADVANCED_FACE('',(#9024),#9042,.F.);
#9024 = FACE_BOUND('',#9025,.F.);
#9025 = EDGE_LOOP('',(#9026,#9027,#9035,#9041));
#9026 = ORIENTED_EDGE('',*,*,#8988,.T.);
#9027 = ORIENTED_EDGE('',*,*,#9028,.T.);
#9028 = EDGE_CURVE('',#8981,#9029,#9031,.T.);
#9029 = VERTEX_POINT('',#9030);
#9030 = CARTESIAN_POINT('',(54.55,8.,13.475));
#9031 = LINE('',#9032,#9033);
#9032 = CARTESIAN_POINT('',(-54.55,8.,13.475));
#9033 = VECTOR('',#9034,1.);
#9034 = DIRECTION('',(1.,1.265358922215E-32,1.628191420165E-17));
#9035 = ORIENTED_EDGE('',*,*,#9036,.F.);
#9036 = EDGE_CURVE('',#8704,#9029,#9037,.T.);
#9037 = LINE('',#9038,#9039);
#9038 = CARTESIAN_POINT('',(54.55,1.047217867978E-14,13.475));
#9039 = VECTOR('',#9040,1.);
#9040 = DIRECTION('',(0.,1.,-7.771561172376E-16));
#9041 = ORIENTED_EDGE('',*,*,#8703,.F.);
#9042 = PLANE('',#9043);
#9043 = AXIS2_PLACEMENT_3D('',#9044,#9045,#9046);
#9044 = CARTESIAN_POINT('',(-54.55,1.047217867978E-14,13.475));
#9045 = DIRECTION('',(1.628191420165E-17,-7.771561172376E-16,-1.));
#9046 = DIRECTION('',(1.,1.265358922215E-32,1.628191420165E-17));
#9047 = ADVANCED_FACE('',(#9048),#9059,.F.);
#9048 = FACE_BOUND('',#9049,.F.);
#9049 = EDGE_LOOP('',(#9050,#9051,#9057,#9058));
#9050 = ORIENTED_EDGE('',*,*,#9036,.T.);
#9051 = ORIENTED_EDGE('',*,*,#9052,.T.);
#9052 = EDGE_CURVE('',#9029,#9004,#9053,.T.);
#9053 = LINE('',#9054,#9055);
#9054 = CARTESIAN_POINT('',(54.55,8.,13.475));
#9055 = VECTOR('',#9056,1.);
#9056 = DIRECTION('',(0.,7.771561172376E-16,1.));
#9057 = ORIENTED_EDGE('',*,*,#9003,.F.);
#9058 = ORIENTED_EDGE('',*,*,#8728,.F.);
#9059 = PLANE('',#9060);
#9060 = AXIS2_PLACEMENT_3D('',#9061,#9062,#9063);
#9061 = CARTESIAN_POINT('',(54.55,1.047217867978E-14,13.475));
#9062 = DIRECTION('',(1.,0.,0.));
#9063 = DIRECTION('',(0.,7.771561172376E-16,1.));
#9064 = ADVANCED_FACE('',(#9065,#9140,#9146,#9196,#9246,#9296),#9346,.T.
  );
#9065 = FACE_BOUND('',#9066,.T.);
#9066 = EDGE_LOOP('',(#9067,#9068,#9069,#9077,#9085,#9093,#9101,#9109,
    #9117,#9125,#9133,#9139));
#9067 = ORIENTED_EDGE('',*,*,#8752,.F.);
#9068 = ORIENTED_EDGE('',*,*,#8799,.F.);
#9069 = ORIENTED_EDGE('',*,*,#9070,.T.);
#9070 = EDGE_CURVE('',#8792,#9071,#9073,.T.);
#9071 = VERTEX_POINT('',#9072);
#9072 = CARTESIAN_POINT('',(-106.3254642161,8.,33.625));
#9073 = LINE('',#9074,#9075);
#9074 = CARTESIAN_POINT('',(-107.,8.,33.625));
#9075 = VECTOR('',#9076,1.);
#9076 = DIRECTION('',(1.,0.,0.));
#9077 = ORIENTED_EDGE('',*,*,#9078,.F.);
#9078 = EDGE_CURVE('',#9079,#9071,#9081,.T.);
#9079 = VERTEX_POINT('',#9080);
#9080 = CARTESIAN_POINT('',(-106.3254642161,8.,36.005));
#9081 = LINE('',#9082,#9083);
#9082 = CARTESIAN_POINT('',(-106.3254642161,8.,36.005));
#9083 = VECTOR('',#9084,1.);
#9084 = DIRECTION('',(0.,-3.330669073875E-16,-1.));
#9085 = ORIENTED_EDGE('',*,*,#9086,.F.);
#9086 = EDGE_CURVE('',#9087,#9079,#9089,.T.);
#9087 = VERTEX_POINT('',#9088);
#9088 = CARTESIAN_POINT('',(-93.67453578387,8.,36.005));
#9089 = LINE('',#9090,#9091);
#9090 = CARTESIAN_POINT('',(-93.67453578387,8.,36.005));
#9091 = VECTOR('',#9092,1.);
#9092 = DIRECTION('',(-1.,0.,0.));
#9093 = ORIENTED_EDGE('',*,*,#9094,.F.);
#9094 = EDGE_CURVE('',#9095,#9087,#9097,.T.);
#9095 = VERTEX_POINT('',#9096);
#9096 = CARTESIAN_POINT('',(-93.67453578387,8.,33.625));
#9097 = LINE('',#9098,#9099);
#9098 = CARTESIAN_POINT('',(-93.67453578387,8.,33.625));
#9099 = VECTOR('',#9100,1.);
#9100 = DIRECTION('',(0.,3.330669073875E-16,1.));
#9101 = ORIENTED_EDGE('',*,*,#9102,.T.);
#9102 = EDGE_CURVE('',#9095,#9103,#9105,.T.);
#9103 = VERTEX_POINT('',#9104);
#9104 = CARTESIAN_POINT('',(93.674535783877,8.,33.625));
#9105 = LINE('',#9106,#9107);
#9106 = CARTESIAN_POINT('',(-107.,8.,33.625));
#9107 = VECTOR('',#9108,1.);
#9108 = DIRECTION('',(1.,0.,0.));
#9109 = ORIENTED_EDGE('',*,*,#9110,.F.);
#9110 = EDGE_CURVE('',#9111,#9103,#9113,.T.);
#9111 = VERTEX_POINT('',#9112);
#9112 = CARTESIAN_POINT('',(93.674535783877,8.,36.005));
#9113 = LINE('',#9114,#9115);
#9114 = CARTESIAN_POINT('',(93.674535783877,8.,36.005));
#9115 = VECTOR('',#9116,1.);
#9116 = DIRECTION('',(0.,-3.330669073875E-16,-1.));
#9117 = ORIENTED_EDGE('',*,*,#9118,.F.);
#9118 = EDGE_CURVE('',#9119,#9111,#9121,.T.);
#9119 = VERTEX_POINT('',#9120);
#9120 = CARTESIAN_POINT('',(106.32546421612,8.,36.005));
#9121 = LINE('',#9122,#9123);
#9122 = CARTESIAN_POINT('',(106.32546421612,8.,36.005));
#9123 = VECTOR('',#9124,1.);
#9124 = DIRECTION('',(-1.,0.,0.));
#9125 = ORIENTED_EDGE('',*,*,#9126,.F.);
#9126 = EDGE_CURVE('',#9127,#9119,#9129,.T.);
#9127 = VERTEX_POINT('',#9128);
#9128 = CARTESIAN_POINT('',(106.32546421612,8.,33.625));
#9129 = LINE('',#9130,#9131);
#9130 = CARTESIAN_POINT('',(106.32546421612,8.,33.625));
#9131 = VECTOR('',#9132,1.);
#9132 = DIRECTION('',(0.,3.330669073875E-16,1.));
#9133 = ORIENTED_EDGE('',*,*,#9134,.T.);
#9134 = EDGE_CURVE('',#9127,#8817,#9135,.T.);
#9135 = LINE('',#9136,#9137);
#9136 = CARTESIAN_POINT('',(-107.,8.,33.625));
#9137 = VECTOR('',#9138,1.);
#9138 = DIRECTION('',(1.,0.,0.));
#9139 = ORIENTED_EDGE('',*,*,#8816,.F.);
#9140 = FACE_BOUND('',#9141,.T.);
#9141 = EDGE_LOOP('',(#9142,#9143,#9144,#9145));
#9142 = ORIENTED_EDGE('',*,*,#8980,.T.);
#9143 = ORIENTED_EDGE('',*,*,#9028,.T.);
#9144 = ORIENTED_EDGE('',*,*,#9052,.T.);
#9145 = ORIENTED_EDGE('',*,*,#9011,.T.);
#9146 = FACE_BOUND('',#9147,.T.);
#9147 = EDGE_LOOP('',(#9148,#9158,#9166,#9174,#9182,#9190));
#9148 = ORIENTED_EDGE('',*,*,#9149,.T.);
#9149 = EDGE_CURVE('',#9150,#9152,#9154,.T.);
#9150 = VERTEX_POINT('',#9151);
#9151 = CARTESIAN_POINT('',(105.82546421612,8.,30.16));
#9152 = VERTEX_POINT('',#9153);
#9153 = CARTESIAN_POINT('',(102.91273210806,8.,35.205));
#9154 = LINE('',#9155,#9156);
#9155 = CARTESIAN_POINT('',(105.82546421612,8.,30.16));
#9156 = VECTOR('',#9157,1.);
#9157 = DIRECTION('',(-0.5,3.845925372767E-16,0.866025403784));
#9158 = ORIENTED_EDGE('',*,*,#9159,.T.);
#9159 = EDGE_CURVE('',#9152,#9160,#9162,.T.);
#9160 = VERTEX_POINT('',#9161);
#9161 = CARTESIAN_POINT('',(97.087267891938,8.,35.205));
#9162 = LINE('',#9163,#9164);
#9163 = CARTESIAN_POINT('',(102.91273210806,8.,35.205));
#9164 = VECTOR('',#9165,1.);
#9165 = DIRECTION('',(-1.,0.,0.));
#9166 = ORIENTED_EDGE('',*,*,#9167,.T.);
#9167 = EDGE_CURVE('',#9160,#9168,#9170,.T.);
#9168 = VERTEX_POINT('',#9169);
#9169 = CARTESIAN_POINT('',(94.174535783877,8.,30.16));
#9170 = LINE('',#9171,#9172);
#9171 = CARTESIAN_POINT('',(97.087267891938,8.,35.205));
#9172 = VECTOR('',#9173,1.);
#9173 = DIRECTION('',(-0.5,-3.845925372767E-16,-0.866025403784));
#9174 = ORIENTED_EDGE('',*,*,#9175,.T.);
#9175 = EDGE_CURVE('',#9168,#9176,#9178,.T.);
#9176 = VERTEX_POINT('',#9177);
#9177 = CARTESIAN_POINT('',(97.087267891938,8.,25.115));
#9178 = LINE('',#9179,#9180);
#9179 = CARTESIAN_POINT('',(94.174535783877,8.,30.16));
#9180 = VECTOR('',#9181,1.);
#9181 = DIRECTION('',(0.5,-3.845925372767E-16,-0.866025403784));
#9182 = ORIENTED_EDGE('',*,*,#9183,.T.);
#9183 = EDGE_CURVE('',#9176,#9184,#9186,.T.);
#9184 = VERTEX_POINT('',#9185);
#9185 = CARTESIAN_POINT('',(102.91273210806,8.,25.115));
#9186 = LINE('',#9187,#9188);
#9187 = CARTESIAN_POINT('',(97.087267891938,8.,25.115));
#9188 = VECTOR('',#9189,1.);
#9189 = DIRECTION('',(1.,0.,0.));
#9190 = ORIENTED_EDGE('',*,*,#9191,.T.);
#9191 = EDGE_CURVE('',#9184,#9150,#9192,.T.);
#9192 = LINE('',#9193,#9194);
#9193 = CARTESIAN_POINT('',(102.91273210806,8.,25.115));
#9194 = VECTOR('',#9195,1.);
#9195 = DIRECTION('',(0.5,3.845925372767E-16,0.866025403784));
#9196 = FACE_BOUND('',#9197,.T.);
#9197 = EDGE_LOOP('',(#9198,#9208,#9216,#9224,#9232,#9240));
#9198 = ORIENTED_EDGE('',*,*,#9199,.T.);
#9199 = EDGE_CURVE('',#9200,#9202,#9204,.T.);
#9200 = VERTEX_POINT('',#9201);
#9201 = CARTESIAN_POINT('',(-94.17453578387,8.,30.16));
#9202 = VERTEX_POINT('',#9203);
#9203 = CARTESIAN_POINT('',(-97.08726789193,8.,35.205));
#9204 = LINE('',#9205,#9206);
#9205 = CARTESIAN_POINT('',(-94.17453578387,8.,30.16));
#9206 = VECTOR('',#9207,1.);
#9207 = DIRECTION('',(-0.5,3.845925372767E-16,0.866025403784));
#9208 = ORIENTED_EDGE('',*,*,#9209,.T.);
#9209 = EDGE_CURVE('',#9202,#9210,#9212,.T.);
#9210 = VERTEX_POINT('',#9211);
#9211 = CARTESIAN_POINT('',(-102.912732108,8.,35.205));
#9212 = LINE('',#9213,#9214);
#9213 = CARTESIAN_POINT('',(-97.08726789193,8.,35.205));
#9214 = VECTOR('',#9215,1.);
#9215 = DIRECTION('',(-1.,0.,0.));
#9216 = ORIENTED_EDGE('',*,*,#9217,.T.);
#9217 = EDGE_CURVE('',#9210,#9218,#9220,.T.);
#9218 = VERTEX_POINT('',#9219);
#9219 = CARTESIAN_POINT('',(-105.8254642161,8.,30.16));
#9220 = LINE('',#9221,#9222);
#9221 = CARTESIAN_POINT('',(-102.912732108,8.,35.205));
#9222 = VECTOR('',#9223,1.);
#9223 = DIRECTION('',(-0.5,-3.845925372767E-16,-0.866025403784));
#9224 = ORIENTED_EDGE('',*,*,#9225,.T.);
#9225 = EDGE_CURVE('',#9218,#9226,#9228,.T.);
#9226 = VERTEX_POINT('',#9227);
#9227 = CARTESIAN_POINT('',(-102.912732108,8.,25.115));
#9228 = LINE('',#9229,#9230);
#9229 = CARTESIAN_POINT('',(-105.8254642161,8.,30.16));
#9230 = VECTOR('',#9231,1.);
#9231 = DIRECTION('',(0.5,-3.845925372767E-16,-0.866025403784));
#9232 = ORIENTED_EDGE('',*,*,#9233,.T.);
#9233 = EDGE_CURVE('',#9226,#9234,#9236,.T.);
#9234 = VERTEX_POINT('',#9235);
#9235 = CARTESIAN_POINT('',(-97.08726789193,8.,25.115));
#9236 = LINE('',#9237,#9238);
#9237 = CARTESIAN_POINT('',(-102.912732108,8.,25.115));
#9238 = VECTOR('',#9239,1.);
#9239 = DIRECTION('',(1.,0.,0.));
#9240 = ORIENTED_EDGE('',*,*,#9241,.T.);
#9241 = EDGE_CURVE('',#9234,#9200,#9242,.T.);
#9242 = LINE('',#9243,#9244);
#9243 = CARTESIAN_POINT('',(-97.08726789193,8.,25.115));
#9244 = VECTOR('',#9245,1.);
#9245 = DIRECTION('',(0.5,3.845925372767E-16,0.866025403784));
#9246 = FACE_BOUND('',#9247,.T.);
#9247 = EDGE_LOOP('',(#9248,#9258,#9266,#9274,#9282,#9290));
#9248 = ORIENTED_EDGE('',*,*,#9249,.T.);
#9249 = EDGE_CURVE('',#9250,#9252,#9254,.T.);
#9250 = VERTEX_POINT('',#9251);
#9251 = CARTESIAN_POINT('',(-97.08726789193,8.,9.245));
#9252 = VERTEX_POINT('',#9253);
#9253 = CARTESIAN_POINT('',(-94.17453578387,8.,14.29));
#9254 = LINE('',#9255,#9256);
#9255 = CARTESIAN_POINT('',(-97.08726789193,8.,9.245));
#9256 = VECTOR('',#9257,1.);
#9257 = DIRECTION('',(0.5,3.845925372767E-16,0.866025403784));
#9258 = ORIENTED_EDGE('',*,*,#9259,.T.);
#9259 = EDGE_CURVE('',#9252,#9260,#9262,.T.);
#9260 = VERTEX_POINT('',#9261);
#9261 = CARTESIAN_POINT('',(-97.08726789193,8.,19.335));
#9262 = LINE('',#9263,#9264);
#9263 = CARTESIAN_POINT('',(-94.17453578387,8.,14.29));
#9264 = VECTOR('',#9265,1.);
#9265 = DIRECTION('',(-0.5,3.845925372767E-16,0.866025403784));
#9266 = ORIENTED_EDGE('',*,*,#9267,.T.);
#9267 = EDGE_CURVE('',#9260,#9268,#9270,.T.);
#9268 = VERTEX_POINT('',#9269);
#9269 = CARTESIAN_POINT('',(-102.912732108,8.,19.335));
#9270 = LINE('',#9271,#9272);
#9271 = CARTESIAN_POINT('',(-97.08726789193,8.,19.335));
#9272 = VECTOR('',#9273,1.);
#9273 = DIRECTION('',(-1.,0.,0.));
#9274 = ORIENTED_EDGE('',*,*,#9275,.T.);
#9275 = EDGE_CURVE('',#9268,#9276,#9278,.T.);
#9276 = VERTEX_POINT('',#9277);
#9277 = CARTESIAN_POINT('',(-105.8254642161,8.,14.29));
#9278 = LINE('',#9279,#9280);
#9279 = CARTESIAN_POINT('',(-102.912732108,8.,19.335));
#9280 = VECTOR('',#9281,1.);
#9281 = DIRECTION('',(-0.5,-3.845925372767E-16,-0.866025403784));
#9282 = ORIENTED_EDGE('',*,*,#9283,.T.);
#9283 = EDGE_CURVE('',#9276,#9284,#9286,.T.);
#9284 = VERTEX_POINT('',#9285);
#9285 = CARTESIAN_POINT('',(-102.912732108,8.,9.245));
#9286 = LINE('',#9287,#9288);
#9287 = CARTESIAN_POINT('',(-105.8254642161,8.,14.29));
#9288 = VECTOR('',#9289,1.);
#9289 = DIRECTION('',(0.5,-3.845925372767E-16,-0.866025403784));
#9290 = ORIENTED_EDGE('',*,*,#9291,.T.);
#9291 = EDGE_CURVE('',#9284,#9250,#9292,.T.);
#9292 = LINE('',#9293,#9294);
#9293 = CARTESIAN_POINT('',(-102.912732108,8.,9.245));
#9294 = VECTOR('',#9295,1.);
#9295 = DIRECTION('',(1.,-1.354159730374E-31,-3.049296628557E-16));
#9296 = FACE_BOUND('',#9297,.T.);
#9297 = EDGE_LOOP('',(#9298,#9308,#9316,#9324,#9332,#9340));
#9298 = ORIENTED_EDGE('',*,*,#9299,.T.);
#9299 = EDGE_CURVE('',#9300,#9302,#9304,.T.);
#9300 = VERTEX_POINT('',#9301);
#9301 = CARTESIAN_POINT('',(102.91273210806,8.,9.245));
#9302 = VERTEX_POINT('',#9303);
#9303 = CARTESIAN_POINT('',(105.82546421612,8.,14.29));
#9304 = LINE('',#9305,#9306);
#9305 = CARTESIAN_POINT('',(102.91273210806,8.,9.245));
#9306 = VECTOR('',#9307,1.);
#9307 = DIRECTION('',(0.5,3.845925372767E-16,0.866025403784));
#9308 = ORIENTED_EDGE('',*,*,#9309,.T.);
#9309 = EDGE_CURVE('',#9302,#9310,#9312,.T.);
#9310 = VERTEX_POINT('',#9311);
#9311 = CARTESIAN_POINT('',(102.91273210806,8.,19.335));
#9312 = LINE('',#9313,#9314);
#9313 = CARTESIAN_POINT('',(105.82546421612,8.,14.29));
#9314 = VECTOR('',#9315,1.);
#9315 = DIRECTION('',(-0.5,3.845925372767E-16,0.866025403784));
#9316 = ORIENTED_EDGE('',*,*,#9317,.T.);
#9317 = EDGE_CURVE('',#9310,#9318,#9320,.T.);
#9318 = VERTEX_POINT('',#9319);
#9319 = CARTESIAN_POINT('',(97.087267891938,8.,19.335));
#9320 = LINE('',#9321,#9322);
#9321 = CARTESIAN_POINT('',(102.91273210806,8.,19.335));
#9322 = VECTOR('',#9323,1.);
#9323 = DIRECTION('',(-1.,0.,0.));
#9324 = ORIENTED_EDGE('',*,*,#9325,.T.);
#9325 = EDGE_CURVE('',#9318,#9326,#9328,.T.);
#9326 = VERTEX_POINT('',#9327);
#9327 = CARTESIAN_POINT('',(94.174535783877,8.,14.29));
#9328 = LINE('',#9329,#9330);
#9329 = CARTESIAN_POINT('',(97.087267891938,8.,19.335));
#9330 = VECTOR('',#9331,1.);
#9331 = DIRECTION('',(-0.5,-3.845925372767E-16,-0.866025403784));
#9332 = ORIENTED_EDGE('',*,*,#9333,.T.);
#9333 = EDGE_CURVE('',#9326,#9334,#9336,.T.);
#9334 = VERTEX_POINT('',#9335);
#9335 = CARTESIAN_POINT('',(97.087267891938,8.,9.245));
#9336 = LINE('',#9337,#9338);
#9337 = CARTESIAN_POINT('',(94.174535783877,8.,14.29));
#9338 = VECTOR('',#9339,1.);
#9339 = DIRECTION('',(0.5,-3.845925372767E-16,-0.866025403784));
#9340 = ORIENTED_EDGE('',*,*,#9341,.T.);
#9341 = EDGE_CURVE('',#9334,#9300,#9342,.T.);
#9342 = LINE('',#9343,#9344);
#9343 = CARTESIAN_POINT('',(97.087267891938,8.,9.245));
#9344 = VECTOR('',#9345,1.);
#9345 = DIRECTION('',(1.,-1.354159730374E-31,-3.049296628557E-16));
#9346 = PLANE('',#9347);
#9347 = AXIS2_PLACEMENT_3D('',#9348,#9349,#9350);
#9348 = CARTESIAN_POINT('',(0.,8.,17.27132722693));
#9349 = DIRECTION('',(0.,1.,-6.273489708099E-16));
#9350 = DIRECTION('',(0.,-6.273489708099E-16,-1.));
#9351 = ADVANCED_FACE('',(#9352),#9427,.T.);
#9352 = FACE_BOUND('',#9353,.T.);
#9353 = EDGE_LOOP('',(#9354,#9362,#9363,#9364,#9365,#9373,#9381,#9389,
    #9397,#9405,#9413,#9421));
#9354 = ORIENTED_EDGE('',*,*,#9355,.F.);
#9355 = EDGE_CURVE('',#8784,#9356,#9358,.T.);
#9356 = VERTEX_POINT('',#9357);
#9357 = CARTESIAN_POINT('',(-106.3254642161,20.,33.625));
#9358 = LINE('',#9359,#9360);
#9359 = CARTESIAN_POINT('',(-107.,20.,33.625));
#9360 = VECTOR('',#9361,1.);
#9361 = DIRECTION('',(1.,0.,0.));
#9362 = ORIENTED_EDGE('',*,*,#8783,.F.);
#9363 = ORIENTED_EDGE('',*,*,#8856,.F.);
#9364 = ORIENTED_EDGE('',*,*,#8832,.F.);
#9365 = ORIENTED_EDGE('',*,*,#9366,.F.);
#9366 = EDGE_CURVE('',#9367,#8825,#9369,.T.);
#9367 = VERTEX_POINT('',#9368);
#9368 = CARTESIAN_POINT('',(106.32546421612,20.,33.625));
#9369 = LINE('',#9370,#9371);
#9370 = CARTESIAN_POINT('',(-107.,20.,33.625));
#9371 = VECTOR('',#9372,1.);
#9372 = DIRECTION('',(1.,0.,0.));
#9373 = ORIENTED_EDGE('',*,*,#9374,.T.);
#9374 = EDGE_CURVE('',#9367,#9375,#9377,.T.);
#9375 = VERTEX_POINT('',#9376);
#9376 = CARTESIAN_POINT('',(106.32546421612,20.,36.005));
#9377 = LINE('',#9378,#9379);
#9378 = CARTESIAN_POINT('',(106.32546421612,20.,33.625));
#9379 = VECTOR('',#9380,1.);
#9380 = DIRECTION('',(0.,3.330669073875E-16,1.));
#9381 = ORIENTED_EDGE('',*,*,#9382,.T.);
#9382 = EDGE_CURVE('',#9375,#9383,#9385,.T.);
#9383 = VERTEX_POINT('',#9384);
#9384 = CARTESIAN_POINT('',(93.674535783877,20.,36.005));
#9385 = LINE('',#9386,#9387);
#9386 = CARTESIAN_POINT('',(106.32546421612,20.,36.005));
#9387 = VECTOR('',#9388,1.);
#9388 = DIRECTION('',(-1.,0.,0.));
#9389 = ORIENTED_EDGE('',*,*,#9390,.T.);
#9390 = EDGE_CURVE('',#9383,#9391,#9393,.T.);
#9391 = VERTEX_POINT('',#9392);
#9392 = CARTESIAN_POINT('',(93.674535783877,20.,33.625));
#9393 = LINE('',#9394,#9395);
#9394 = CARTESIAN_POINT('',(93.674535783877,20.,36.005));
#9395 = VECTOR('',#9396,1.);
#9396 = DIRECTION('',(0.,-3.330669073875E-16,-1.));
#9397 = ORIENTED_EDGE('',*,*,#9398,.F.);
#9398 = EDGE_CURVE('',#9399,#9391,#9401,.T.);
#9399 = VERTEX_POINT('',#9400);
#9400 = CARTESIAN_POINT('',(-93.67453578387,20.,33.625));
#9401 = LINE('',#9402,#9403);
#9402 = CARTESIAN_POINT('',(-107.,20.,33.625));
#9403 = VECTOR('',#9404,1.);
#9404 = DIRECTION('',(1.,0.,0.));
#9405 = ORIENTED_EDGE('',*,*,#9406,.T.);
#9406 = EDGE_CURVE('',#9399,#9407,#9409,.T.);
#9407 = VERTEX_POINT('',#9408);
#9408 = CARTESIAN_POINT('',(-93.67453578387,20.,36.005));
#9409 = LINE('',#9410,#9411);
#9410 = CARTESIAN_POINT('',(-93.67453578387,20.,33.625));
#9411 = VECTOR('',#9412,1.);
#9412 = DIRECTION('',(0.,3.330669073875E-16,1.));
#9413 = ORIENTED_EDGE('',*,*,#9414,.T.);
#9414 = EDGE_CURVE('',#9407,#9415,#9417,.T.);
#9415 = VERTEX_POINT('',#9416);
#9416 = CARTESIAN_POINT('',(-106.3254642161,20.,36.005));
#9417 = LINE('',#9418,#9419);
#9418 = CARTESIAN_POINT('',(-93.67453578387,20.,36.005));
#9419 = VECTOR('',#9420,1.);
#9420 = DIRECTION('',(-1.,0.,0.));
#9421 = ORIENTED_EDGE('',*,*,#9422,.T.);
#9422 = EDGE_CURVE('',#9415,#9356,#9423,.T.);
#9423 = LINE('',#9424,#9425);
#9424 = CARTESIAN_POINT('',(-106.3254642161,20.,36.005));
#9425 = VECTOR('',#9426,1.);
#9426 = DIRECTION('',(0.,-3.330669073875E-16,-1.));
#9427 = PLANE('',#9428);
#9428 = AXIS2_PLACEMENT_3D('',#9429,#9430,#9431);
#9429 = CARTESIAN_POINT('',(-1.517004395262E-15,20.,39.0375));
#9430 = DIRECTION('',(0.,1.,-7.722844688617E-16));
#9431 = DIRECTION('',(0.,7.722844688617E-16,1.));
#9432 = ADVANCED_FACE('',(#9433),#9444,.T.);
#9433 = FACE_BOUND('',#9434,.T.);
#9434 = EDGE_LOOP('',(#9435,#9436,#9437,#9438));
#9435 = ORIENTED_EDGE('',*,*,#9070,.F.);
#9436 = ORIENTED_EDGE('',*,*,#8791,.T.);
#9437 = ORIENTED_EDGE('',*,*,#9355,.T.);
#9438 = ORIENTED_EDGE('',*,*,#9439,.F.);
#9439 = EDGE_CURVE('',#9071,#9356,#9440,.T.);
#9440 = LINE('',#9441,#9442);
#9441 = CARTESIAN_POINT('',(-106.3254642161,8.,33.625));
#9442 = VECTOR('',#9443,1.);
#9443 = DIRECTION('',(0.,1.,-3.330669073875E-16));
#9444 = PLANE('',#9445);
#9445 = AXIS2_PLACEMENT_3D('',#9446,#9447,#9448);
#9446 = CARTESIAN_POINT('',(-107.,8.,33.625));
#9447 = DIRECTION('',(0.,-6.661338147751E-16,-1.));
#9448 = DIRECTION('',(1.,0.,0.));
#9449 = ADVANCED_FACE('',(#9450),#9461,.T.);
#9450 = FACE_BOUND('',#9451,.T.);
#9451 = EDGE_LOOP('',(#9452,#9458,#9459,#9460));
#9452 = ORIENTED_EDGE('',*,*,#9453,.T.);
#9453 = EDGE_CURVE('',#9127,#9367,#9454,.T.);
#9454 = LINE('',#9455,#9456);
#9455 = CARTESIAN_POINT('',(106.32546421612,8.,33.625));
#9456 = VECTOR('',#9457,1.);
#9457 = DIRECTION('',(0.,1.,-3.330669073875E-16));
#9458 = ORIENTED_EDGE('',*,*,#9366,.T.);
#9459 = ORIENTED_EDGE('',*,*,#8824,.F.);
#9460 = ORIENTED_EDGE('',*,*,#9134,.F.);
#9461 = PLANE('',#9462);
#9462 = AXIS2_PLACEMENT_3D('',#9463,#9464,#9465);
#9463 = CARTESIAN_POINT('',(-107.,8.,33.625));
#9464 = DIRECTION('',(0.,-6.661338147751E-16,-1.));
#9465 = DIRECTION('',(1.,0.,0.));
#9466 = ADVANCED_FACE('',(#9467,#9517),#9520,.T.);
#9467 = FACE_BOUND('',#9468,.T.);
#9468 = EDGE_LOOP('',(#9469,#9479,#9487,#9495,#9503,#9511));
#9469 = ORIENTED_EDGE('',*,*,#9470,.F.);
#9470 = EDGE_CURVE('',#9471,#9473,#9475,.T.);
#9471 = VERTEX_POINT('',#9472);
#9472 = CARTESIAN_POINT('',(-94.17453578387,3.,14.29));
#9473 = VERTEX_POINT('',#9474);
#9474 = CARTESIAN_POINT('',(-97.08726789193,3.,19.335));
#9475 = LINE('',#9476,#9477);
#9476 = CARTESIAN_POINT('',(-94.17453578387,3.,14.29));
#9477 = VECTOR('',#9478,1.);
#9478 = DIRECTION('',(-0.5,3.845925372767E-16,0.866025403784));
#9479 = ORIENTED_EDGE('',*,*,#9480,.F.);
#9480 = EDGE_CURVE('',#9481,#9471,#9483,.T.);
#9481 = VERTEX_POINT('',#9482);
#9482 = CARTESIAN_POINT('',(-97.08726789193,3.,9.245));
#9483 = LINE('',#9484,#9485);
#9484 = CARTESIAN_POINT('',(-97.08726789193,3.,9.245));
#9485 = VECTOR('',#9486,1.);
#9486 = DIRECTION('',(0.5,3.845925372767E-16,0.866025403784));
#9487 = ORIENTED_EDGE('',*,*,#9488,.F.);
#9488 = EDGE_CURVE('',#9489,#9481,#9491,.T.);
#9489 = VERTEX_POINT('',#9490);
#9490 = CARTESIAN_POINT('',(-102.912732108,3.,9.245));
#9491 = LINE('',#9492,#9493);
#9492 = CARTESIAN_POINT('',(-102.912732108,3.,9.245));
#9493 = VECTOR('',#9494,1.);
#9494 = DIRECTION('',(1.,-1.354159730374E-31,-3.049296628557E-16));
#9495 = ORIENTED_EDGE('',*,*,#9496,.F.);
#9496 = EDGE_CURVE('',#9497,#9489,#9499,.T.);
#9497 = VERTEX_POINT('',#9498);
#9498 = CARTESIAN_POINT('',(-105.8254642161,3.,14.29));
#9499 = LINE('',#9500,#9501);
#9500 = CARTESIAN_POINT('',(-105.8254642161,3.,14.29));
#9501 = VECTOR('',#9502,1.);
#9502 = DIRECTION('',(0.5,-3.845925372767E-16,-0.866025403784));
#9503 = ORIENTED_EDGE('',*,*,#9504,.F.);
#9504 = EDGE_CURVE('',#9505,#9497,#9507,.T.);
#9505 = VERTEX_POINT('',#9506);
#9506 = CARTESIAN_POINT('',(-102.912732108,3.,19.335));
#9507 = LINE('',#9508,#9509);
#9508 = CARTESIAN_POINT('',(-102.912732108,3.,19.335));
#9509 = VECTOR('',#9510,1.);
#9510 = DIRECTION('',(-0.5,-3.845925372767E-16,-0.866025403784));
#9511 = ORIENTED_EDGE('',*,*,#9512,.F.);
#9512 = EDGE_CURVE('',#9473,#9505,#9513,.T.);
#9513 = LINE('',#9514,#9515);
#9514 = CARTESIAN_POINT('',(-97.08726789193,3.,19.335));
#9515 = VECTOR('',#9516,1.);
#9516 = DIRECTION('',(-1.,0.,0.));
#9517 = FACE_BOUND('',#9518,.T.);
#9518 = EDGE_LOOP('',(#9519));
#9519 = ORIENTED_EDGE('',*,*,#8880,.T.);
#9520 = PLANE('',#9521);
#9521 = AXIS2_PLACEMENT_3D('',#9522,#9523,#9524);
#9522 = CARTESIAN_POINT('',(-3.25258307046E-15,3.,22.225));
#9523 = DIRECTION('',(0.,1.,-2.22044604925E-16));
#9524 = DIRECTION('',(0.,2.22044604925E-16,1.));
#9525 = ADVANCED_FACE('',(#9526,#9576),#9579,.T.);
#9526 = FACE_BOUND('',#9527,.T.);
#9527 = EDGE_LOOP('',(#9528,#9538,#9546,#9554,#9562,#9570));
#9528 = ORIENTED_EDGE('',*,*,#9529,.F.);
#9529 = EDGE_CURVE('',#9530,#9532,#9534,.T.);
#9530 = VERTEX_POINT('',#9531);
#9531 = CARTESIAN_POINT('',(-94.17453578387,3.,30.16));
#9532 = VERTEX_POINT('',#9533);
#9533 = CARTESIAN_POINT('',(-97.08726789193,3.,35.205));
#9534 = LINE('',#9535,#9536);
#9535 = CARTESIAN_POINT('',(-94.17453578387,3.,30.16));
#9536 = VECTOR('',#9537,1.);
#9537 = DIRECTION('',(-0.5,3.845925372767E-16,0.866025403784));
#9538 = ORIENTED_EDGE('',*,*,#9539,.F.);
#9539 = EDGE_CURVE('',#9540,#9530,#9542,.T.);
#9540 = VERTEX_POINT('',#9541);
#9541 = CARTESIAN_POINT('',(-97.08726789193,3.,25.115));
#9542 = LINE('',#9543,#9544);
#9543 = CARTESIAN_POINT('',(-97.08726789193,3.,25.115));
#9544 = VECTOR('',#9545,1.);
#9545 = DIRECTION('',(0.5,3.845925372767E-16,0.866025403784));
#9546 = ORIENTED_EDGE('',*,*,#9547,.F.);
#9547 = EDGE_CURVE('',#9548,#9540,#9550,.T.);
#9548 = VERTEX_POINT('',#9549);
#9549 = CARTESIAN_POINT('',(-102.912732108,3.,25.115));
#9550 = LINE('',#9551,#9552);
#9551 = CARTESIAN_POINT('',(-102.912732108,3.,25.115));
#9552 = VECTOR('',#9553,1.);
#9553 = DIRECTION('',(1.,0.,0.));
#9554 = ORIENTED_EDGE('',*,*,#9555,.F.);
#9555 = EDGE_CURVE('',#9556,#9548,#9558,.T.);
#9556 = VERTEX_POINT('',#9557);
#9557 = CARTESIAN_POINT('',(-105.8254642161,3.,30.16));
#9558 = LINE('',#9559,#9560);
#9559 = CARTESIAN_POINT('',(-105.8254642161,3.,30.16));
#9560 = VECTOR('',#9561,1.);
#9561 = DIRECTION('',(0.5,-3.845925372767E-16,-0.866025403784));
#9562 = ORIENTED_EDGE('',*,*,#9563,.F.);
#9563 = EDGE_CURVE('',#9564,#9556,#9566,.T.);
#9564 = VERTEX_POINT('',#9565);
#9565 = CARTESIAN_POINT('',(-102.912732108,3.,35.205));
#9566 = LINE('',#9567,#9568);
#9567 = CARTESIAN_POINT('',(-102.912732108,3.,35.205));
#9568 = VECTOR('',#9569,1.);
#9569 = DIRECTION('',(-0.5,-3.845925372767E-16,-0.866025403784));
#9570 = ORIENTED_EDGE('',*,*,#9571,.F.);
#9571 = EDGE_CURVE('',#9532,#9564,#9572,.T.);
#9572 = LINE('',#9573,#9574);
#9573 = CARTESIAN_POINT('',(-97.08726789193,3.,35.205));
#9574 = VECTOR('',#9575,1.);
#9575 = DIRECTION('',(-1.,0.,0.));
#9576 = FACE_BOUND('',#9577,.T.);
#9577 = EDGE_LOOP('',(#9578));
#9578 = ORIENTED_EDGE('',*,*,#8905,.T.);
#9579 = PLANE('',#9580);
#9580 = AXIS2_PLACEMENT_3D('',#9581,#9582,#9583);
#9581 = CARTESIAN_POINT('',(-3.25258307046E-15,3.,22.225));
#9582 = DIRECTION('',(0.,1.,-2.22044604925E-16));
#9583 = DIRECTION('',(0.,2.22044604925E-16,1.));
#9584 = ADVANCED_FACE('',(#9585,#9635),#9638,.T.);
#9585 = FACE_BOUND('',#9586,.T.);
#9586 = EDGE_LOOP('',(#9587,#9597,#9605,#9613,#9621,#9629));
#9587 = ORIENTED_EDGE('',*,*,#9588,.F.);
#9588 = EDGE_CURVE('',#9589,#9591,#9593,.T.);
#9589 = VERTEX_POINT('',#9590);
#9590 = CARTESIAN_POINT('',(105.82546421612,3.,14.29));
#9591 = VERTEX_POINT('',#9592);
#9592 = CARTESIAN_POINT('',(102.91273210806,3.,19.335));
#9593 = LINE('',#9594,#9595);
#9594 = CARTESIAN_POINT('',(105.82546421612,3.,14.29));
#9595 = VECTOR('',#9596,1.);
#9596 = DIRECTION('',(-0.5,3.845925372767E-16,0.866025403784));
#9597 = ORIENTED_EDGE('',*,*,#9598,.F.);
#9598 = EDGE_CURVE('',#9599,#9589,#9601,.T.);
#9599 = VERTEX_POINT('',#9600);
#9600 = CARTESIAN_POINT('',(102.91273210806,3.,9.245));
#9601 = LINE('',#9602,#9603);
#9602 = CARTESIAN_POINT('',(102.91273210806,3.,9.245));
#9603 = VECTOR('',#9604,1.);
#9604 = DIRECTION('',(0.5,3.845925372767E-16,0.866025403784));
#9605 = ORIENTED_EDGE('',*,*,#9606,.F.);
#9606 = EDGE_CURVE('',#9607,#9599,#9609,.T.);
#9607 = VERTEX_POINT('',#9608);
#9608 = CARTESIAN_POINT('',(97.087267891938,3.,9.245));
#9609 = LINE('',#9610,#9611);
#9610 = CARTESIAN_POINT('',(97.087267891938,3.,9.245));
#9611 = VECTOR('',#9612,1.);
#9612 = DIRECTION('',(1.,-1.354159730374E-31,-3.049296628557E-16));
#9613 = ORIENTED_EDGE('',*,*,#9614,.F.);
#9614 = EDGE_CURVE('',#9615,#9607,#9617,.T.);
#9615 = VERTEX_POINT('',#9616);
#9616 = CARTESIAN_POINT('',(94.174535783877,3.,14.29));
#9617 = LINE('',#9618,#9619);
#9618 = CARTESIAN_POINT('',(94.174535783877,3.,14.29));
#9619 = VECTOR('',#9620,1.);
#9620 = DIRECTION('',(0.5,-3.845925372767E-16,-0.866025403784));
#9621 = ORIENTED_EDGE('',*,*,#9622,.F.);
#9622 = EDGE_CURVE('',#9623,#9615,#9625,.T.);
#9623 = VERTEX_POINT('',#9624);
#9624 = CARTESIAN_POINT('',(97.087267891938,3.,19.335));
#9625 = LINE('',#9626,#9627);
#9626 = CARTESIAN_POINT('',(97.087267891938,3.,19.335));
#9627 = VECTOR('',#9628,1.);
#9628 = DIRECTION('',(-0.5,-3.845925372767E-16,-0.866025403784));
#9629 = ORIENTED_EDGE('',*,*,#9630,.F.);
#9630 = EDGE_CURVE('',#9591,#9623,#9631,.T.);
#9631 = LINE('',#9632,#9633);
#9632 = CARTESIAN_POINT('',(102.91273210806,3.,19.335));
#9633 = VECTOR('',#9634,1.);
#9634 = DIRECTION('',(-1.,0.,0.));
#9635 = FACE_BOUND('',#9636,.T.);
#9636 = EDGE_LOOP('',(#9637));
#9637 = ORIENTED_EDGE('',*,*,#8930,.T.);
#9638 = PLANE('',#9639);
#9639 = AXIS2_PLACEMENT_3D('',#9640,#9641,#9642);
#9640 = CARTESIAN_POINT('',(-3.25258307046E-15,3.,22.225));
#9641 = DIRECTION('',(0.,1.,-2.22044604925E-16));
#9642 = DIRECTION('',(0.,2.22044604925E-16,1.));
#9643 = ADVANCED_FACE('',(#9644,#9694),#9697,.T.);
#9644 = FACE_BOUND('',#9645,.T.);
#9645 = EDGE_LOOP('',(#9646,#9656,#9664,#9672,#9680,#9688));
#9646 = ORIENTED_EDGE('',*,*,#9647,.F.);
#9647 = EDGE_CURVE('',#9648,#9650,#9652,.T.);
#9648 = VERTEX_POINT('',#9649);
#9649 = CARTESIAN_POINT('',(105.82546421612,3.,30.16));
#9650 = VERTEX_POINT('',#9651);
#9651 = CARTESIAN_POINT('',(102.91273210806,3.,35.205));
#9652 = LINE('',#9653,#9654);
#9653 = CARTESIAN_POINT('',(105.82546421612,3.,30.16));
#9654 = VECTOR('',#9655,1.);
#9655 = DIRECTION('',(-0.5,3.845925372767E-16,0.866025403784));
#9656 = ORIENTED_EDGE('',*,*,#9657,.F.);
#9657 = EDGE_CURVE('',#9658,#9648,#9660,.T.);
#9658 = VERTEX_POINT('',#9659);
#9659 = CARTESIAN_POINT('',(102.91273210806,3.,25.115));
#9660 = LINE('',#9661,#9662);
#9661 = CARTESIAN_POINT('',(102.91273210806,3.,25.115));
#9662 = VECTOR('',#9663,1.);
#9663 = DIRECTION('',(0.5,3.845925372767E-16,0.866025403784));
#9664 = ORIENTED_EDGE('',*,*,#9665,.F.);
#9665 = EDGE_CURVE('',#9666,#9658,#9668,.T.);
#9666 = VERTEX_POINT('',#9667);
#9667 = CARTESIAN_POINT('',(97.087267891938,3.,25.115));
#9668 = LINE('',#9669,#9670);
#9669 = CARTESIAN_POINT('',(97.087267891938,3.,25.115));
#9670 = VECTOR('',#9671,1.);
#9671 = DIRECTION('',(1.,0.,0.));
#9672 = ORIENTED_EDGE('',*,*,#9673,.F.);
#9673 = EDGE_CURVE('',#9674,#9666,#9676,.T.);
#9674 = VERTEX_POINT('',#9675);
#9675 = CARTESIAN_POINT('',(94.174535783877,3.,30.16));
#9676 = LINE('',#9677,#9678);
#9677 = CARTESIAN_POINT('',(94.174535783877,3.,30.16));
#9678 = VECTOR('',#9679,1.);
#9679 = DIRECTION('',(0.5,-3.845925372767E-16,-0.866025403784));
#9680 = ORIENTED_EDGE('',*,*,#9681,.F.);
#9681 = EDGE_CURVE('',#9682,#9674,#9684,.T.);
#9682 = VERTEX_POINT('',#9683);
#9683 = CARTESIAN_POINT('',(97.087267891938,3.,35.205));
#9684 = LINE('',#9685,#9686);
#9685 = CARTESIAN_POINT('',(97.087267891938,3.,35.205));
#9686 = VECTOR('',#9687,1.);
#9687 = DIRECTION('',(-0.5,-3.845925372767E-16,-0.866025403784));
#9688 = ORIENTED_EDGE('',*,*,#9689,.F.);
#9689 = EDGE_CURVE('',#9650,#9682,#9690,.T.);
#9690 = LINE('',#9691,#9692);
#9691 = CARTESIAN_POINT('',(102.91273210806,3.,35.205));
#9692 = VECTOR('',#9693,1.);
#9693 = DIRECTION('',(-1.,0.,0.));
#9694 = FACE_BOUND('',#9695,.T.);
#9695 = EDGE_LOOP('',(#9696));
#9696 = ORIENTED_EDGE('',*,*,#8955,.T.);
#9697 = PLANE('',#9698);
#9698 = AXIS2_PLACEMENT_3D('',#9699,#9700,#9701);
#9699 = CARTESIAN_POINT('',(-3.25258307046E-15,3.,22.225));
#9700 = DIRECTION('',(0.,1.,-2.22044604925E-16));
#9701 = DIRECTION('',(0.,2.22044604925E-16,1.));
#9702 = ADVANCED_FACE('',(#9703),#9714,.F.);
#9703 = FACE_BOUND('',#9704,.F.);
#9704 = EDGE_LOOP('',(#9705,#9711,#9712,#9713));
#9705 = ORIENTED_EDGE('',*,*,#9706,.T.);
#9706 = EDGE_CURVE('',#9079,#9415,#9707,.T.);
#9707 = LINE('',#9708,#9709);
#9708 = CARTESIAN_POINT('',(-106.3254642161,8.,36.005));
#9709 = VECTOR('',#9710,1.);
#9710 = DIRECTION('',(0.,1.,-3.330669073875E-16));
#9711 = ORIENTED_EDGE('',*,*,#9422,.T.);
#9712 = ORIENTED_EDGE('',*,*,#9439,.F.);
#9713 = ORIENTED_EDGE('',*,*,#9078,.F.);
#9714 = PLANE('',#9715);
#9715 = AXIS2_PLACEMENT_3D('',#9716,#9717,#9718);
#9716 = CARTESIAN_POINT('',(-106.3254642161,8.,36.005));
#9717 = DIRECTION('',(-1.,0.,0.));
#9718 = DIRECTION('',(0.,-3.330669073875E-16,-1.));
#9719 = ADVANCED_FACE('',(#9720),#9731,.F.);
#9720 = FACE_BOUND('',#9721,.F.);
#9721 = EDGE_LOOP('',(#9722,#9728,#9729,#9730));
#9722 = ORIENTED_EDGE('',*,*,#9723,.T.);
#9723 = EDGE_CURVE('',#9087,#9407,#9724,.T.);
#9724 = LINE('',#9725,#9726);
#9725 = CARTESIAN_POINT('',(-93.67453578387,8.,36.005));
#9726 = VECTOR('',#9727,1.);
#9727 = DIRECTION('',(0.,1.,-3.330669073875E-16));
#9728 = ORIENTED_EDGE('',*,*,#9414,.T.);
#9729 = ORIENTED_EDGE('',*,*,#9706,.F.);
#9730 = ORIENTED_EDGE('',*,*,#9086,.F.);
#9731 = PLANE('',#9732);
#9732 = AXIS2_PLACEMENT_3D('',#9733,#9734,#9735);
#9733 = CARTESIAN_POINT('',(-93.67453578387,8.,36.005));
#9734 = DIRECTION('',(0.,3.330669073875E-16,1.));
#9735 = DIRECTION('',(-1.,0.,0.));
#9736 = ADVANCED_FACE('',(#9737),#9748,.F.);
#9737 = FACE_BOUND('',#9738,.F.);
#9738 = EDGE_LOOP('',(#9739,#9745,#9746,#9747));
#9739 = ORIENTED_EDGE('',*,*,#9740,.T.);
#9740 = EDGE_CURVE('',#9095,#9399,#9741,.T.);
#9741 = LINE('',#9742,#9743);
#9742 = CARTESIAN_POINT('',(-93.67453578387,8.,33.625));
#9743 = VECTOR('',#9744,1.);
#9744 = DIRECTION('',(0.,1.,-3.330669073875E-16));
#9745 = ORIENTED_EDGE('',*,*,#9406,.T.);
#9746 = ORIENTED_EDGE('',*,*,#9723,.F.);
#9747 = ORIENTED_EDGE('',*,*,#9094,.F.);
#9748 = PLANE('',#9749);
#9749 = AXIS2_PLACEMENT_3D('',#9750,#9751,#9752);
#9750 = CARTESIAN_POINT('',(-93.67453578387,8.,33.625));
#9751 = DIRECTION('',(1.,0.,0.));
#9752 = DIRECTION('',(0.,3.330669073875E-16,1.));
#9753 = ADVANCED_FACE('',(#9754),#9765,.T.);
#9754 = FACE_BOUND('',#9755,.T.);
#9755 = EDGE_LOOP('',(#9756,#9757,#9758,#9764));
#9756 = ORIENTED_EDGE('',*,*,#9740,.T.);
#9757 = ORIENTED_EDGE('',*,*,#9398,.T.);
#9758 = ORIENTED_EDGE('',*,*,#9759,.F.);
#9759 = EDGE_CURVE('',#9103,#9391,#9760,.T.);
#9760 = LINE('',#9761,#9762);
#9761 = CARTESIAN_POINT('',(93.674535783877,8.,33.625));
#9762 = VECTOR('',#9763,1.);
#9763 = DIRECTION('',(0.,1.,-3.330669073875E-16));
#9764 = ORIENTED_EDGE('',*,*,#9102,.F.);
#9765 = PLANE('',#9766);
#9766 = AXIS2_PLACEMENT_3D('',#9767,#9768,#9769);
#9767 = CARTESIAN_POINT('',(-107.,8.,33.625));
#9768 = DIRECTION('',(0.,-6.661338147751E-16,-1.));
#9769 = DIRECTION('',(1.,0.,0.));
#9770 = ADVANCED_FACE('',(#9771),#9782,.F.);
#9771 = FACE_BOUND('',#9772,.F.);
#9772 = EDGE_LOOP('',(#9773,#9779,#9780,#9781));
#9773 = ORIENTED_EDGE('',*,*,#9774,.T.);
#9774 = EDGE_CURVE('',#9111,#9383,#9775,.T.);
#9775 = LINE('',#9776,#9777);
#9776 = CARTESIAN_POINT('',(93.674535783877,8.,36.005));
#9777 = VECTOR('',#9778,1.);
#9778 = DIRECTION('',(0.,1.,-3.330669073875E-16));
#9779 = ORIENTED_EDGE('',*,*,#9390,.T.);
#9780 = ORIENTED_EDGE('',*,*,#9759,.F.);
#9781 = ORIENTED_EDGE('',*,*,#9110,.F.);
#9782 = PLANE('',#9783);
#9783 = AXIS2_PLACEMENT_3D('',#9784,#9785,#9786);
#9784 = CARTESIAN_POINT('',(93.674535783877,8.,36.005));
#9785 = DIRECTION('',(-1.,0.,0.));
#9786 = DIRECTION('',(0.,-3.330669073875E-16,-1.));
#9787 = ADVANCED_FACE('',(#9788),#9799,.F.);
#9788 = FACE_BOUND('',#9789,.F.);
#9789 = EDGE_LOOP('',(#9790,#9796,#9797,#9798));
#9790 = ORIENTED_EDGE('',*,*,#9791,.T.);
#9791 = EDGE_CURVE('',#9119,#9375,#9792,.T.);
#9792 = LINE('',#9793,#9794);
#9793 = CARTESIAN_POINT('',(106.32546421612,8.,36.005));
#9794 = VECTOR('',#9795,1.);
#9795 = DIRECTION('',(0.,1.,-3.330669073875E-16));
#9796 = ORIENTED_EDGE('',*,*,#9382,.T.);
#9797 = ORIENTED_EDGE('',*,*,#9774,.F.);
#9798 = ORIENTED_EDGE('',*,*,#9118,.F.);
#9799 = PLANE('',#9800);
#9800 = AXIS2_PLACEMENT_3D('',#9801,#9802,#9803);
#9801 = CARTESIAN_POINT('',(106.32546421612,8.,36.005));
#9802 = DIRECTION('',(0.,3.330669073875E-16,1.));
#9803 = DIRECTION('',(-1.,0.,0.));
#9804 = ADVANCED_FACE('',(#9805),#9811,.F.);
#9805 = FACE_BOUND('',#9806,.F.);
#9806 = EDGE_LOOP('',(#9807,#9808,#9809,#9810));
#9807 = ORIENTED_EDGE('',*,*,#9453,.T.);
#9808 = ORIENTED_EDGE('',*,*,#9374,.T.);
#9809 = ORIENTED_EDGE('',*,*,#9791,.F.);
#9810 = ORIENTED_EDGE('',*,*,#9126,.F.);
#9811 = PLANE('',#9812);
#9812 = AXIS2_PLACEMENT_3D('',#9813,#9814,#9815);
#9813 = CARTESIAN_POINT('',(106.32546421612,8.,33.625));
#9814 = DIRECTION('',(1.,0.,0.));
#9815 = DIRECTION('',(0.,3.330669073875E-16,1.));
#9816 = ADVANCED_FACE('',(#9817),#9833,.T.);
#9817 = FACE_BOUND('',#9818,.T.);
#9818 = EDGE_LOOP('',(#9819,#9825,#9826,#9832));
#9819 = ORIENTED_EDGE('',*,*,#9820,.T.);
#9820 = EDGE_CURVE('',#9150,#9648,#9821,.T.);
#9821 = LINE('',#9822,#9823);
#9822 = CARTESIAN_POINT('',(105.82546421612,8.,30.16));
#9823 = VECTOR('',#9824,1.);
#9824 = DIRECTION('',(0.,-1.,4.440892098501E-16));
#9825 = ORIENTED_EDGE('',*,*,#9647,.T.);
#9826 = ORIENTED_EDGE('',*,*,#9827,.F.);
#9827 = EDGE_CURVE('',#9152,#9650,#9828,.T.);
#9828 = LINE('',#9829,#9830);
#9829 = CARTESIAN_POINT('',(102.91273210806,8.,35.205));
#9830 = VECTOR('',#9831,1.);
#9831 = DIRECTION('',(0.,-1.,4.440892098501E-16));
#9832 = ORIENTED_EDGE('',*,*,#9149,.F.);
#9833 = PLANE('',#9834);
#9834 = AXIS2_PLACEMENT_3D('',#9835,#9836,#9837);
#9835 = CARTESIAN_POINT('',(105.82546421612,8.,30.16));
#9836 = DIRECTION('',(-0.866025403784,-2.22044604925E-16,-0.5));
#9837 = DIRECTION('',(-0.5,3.845925372767E-16,0.866025403784));
#9838 = ADVANCED_FACE('',(#9839),#9850,.T.);
#9839 = FACE_BOUND('',#9840,.T.);
#9840 = EDGE_LOOP('',(#9841,#9842,#9843,#9849));
#9841 = ORIENTED_EDGE('',*,*,#9827,.T.);
#9842 = ORIENTED_EDGE('',*,*,#9689,.T.);
#9843 = ORIENTED_EDGE('',*,*,#9844,.F.);
#9844 = EDGE_CURVE('',#9160,#9682,#9845,.T.);
#9845 = LINE('',#9846,#9847);
#9846 = CARTESIAN_POINT('',(97.087267891938,8.,35.205));
#9847 = VECTOR('',#9848,1.);
#9848 = DIRECTION('',(0.,-1.,4.440892098501E-16));
#9849 = ORIENTED_EDGE('',*,*,#9159,.F.);
#9850 = PLANE('',#9851);
#9851 = AXIS2_PLACEMENT_3D('',#9852,#9853,#9854);
#9852 = CARTESIAN_POINT('',(102.91273210806,8.,35.205));
#9853 = DIRECTION('',(0.,-4.440892098501E-16,-1.));
#9854 = DIRECTION('',(-1.,0.,0.));
#9855 = ADVANCED_FACE('',(#9856),#9867,.T.);
#9856 = FACE_BOUND('',#9857,.T.);
#9857 = EDGE_LOOP('',(#9858,#9859,#9860,#9866));
#9858 = ORIENTED_EDGE('',*,*,#9844,.T.);
#9859 = ORIENTED_EDGE('',*,*,#9681,.T.);
#9860 = ORIENTED_EDGE('',*,*,#9861,.F.);
#9861 = EDGE_CURVE('',#9168,#9674,#9862,.T.);
#9862 = LINE('',#9863,#9864);
#9863 = CARTESIAN_POINT('',(94.174535783877,8.,30.16));
#9864 = VECTOR('',#9865,1.);
#9865 = DIRECTION('',(0.,-1.,4.440892098501E-16));
#9866 = ORIENTED_EDGE('',*,*,#9167,.F.);
#9867 = PLANE('',#9868);
#9868 = AXIS2_PLACEMENT_3D('',#9869,#9870,#9871);
#9869 = CARTESIAN_POINT('',(97.087267891938,8.,35.205));
#9870 = DIRECTION('',(0.866025403784,-2.22044604925E-16,-0.5));
#9871 = DIRECTION('',(-0.5,-3.845925372767E-16,-0.866025403784));
#9872 = ADVANCED_FACE('',(#9873),#9884,.T.);
#9873 = FACE_BOUND('',#9874,.T.);
#9874 = EDGE_LOOP('',(#9875,#9876,#9877,#9883));
#9875 = ORIENTED_EDGE('',*,*,#9861,.T.);
#9876 = ORIENTED_EDGE('',*,*,#9673,.T.);
#9877 = ORIENTED_EDGE('',*,*,#9878,.F.);
#9878 = EDGE_CURVE('',#9176,#9666,#9879,.T.);
#9879 = LINE('',#9880,#9881);
#9880 = CARTESIAN_POINT('',(97.087267891938,8.,25.115));
#9881 = VECTOR('',#9882,1.);
#9882 = DIRECTION('',(0.,-1.,4.440892098501E-16));
#9883 = ORIENTED_EDGE('',*,*,#9175,.F.);
#9884 = PLANE('',#9885);
#9885 = AXIS2_PLACEMENT_3D('',#9886,#9887,#9888);
#9886 = CARTESIAN_POINT('',(94.174535783877,8.,30.16));
#9887 = DIRECTION('',(0.866025403784,2.22044604925E-16,0.5));
#9888 = DIRECTION('',(0.5,-3.845925372767E-16,-0.866025403784));
#9889 = ADVANCED_FACE('',(#9890),#9901,.T.);
#9890 = FACE_BOUND('',#9891,.T.);
#9891 = EDGE_LOOP('',(#9892,#9893,#9894,#9900));
#9892 = ORIENTED_EDGE('',*,*,#9878,.T.);
#9893 = ORIENTED_EDGE('',*,*,#9665,.T.);
#9894 = ORIENTED_EDGE('',*,*,#9895,.F.);
#9895 = EDGE_CURVE('',#9184,#9658,#9896,.T.);
#9896 = LINE('',#9897,#9898);
#9897 = CARTESIAN_POINT('',(102.91273210806,8.,25.115));
#9898 = VECTOR('',#9899,1.);
#9899 = DIRECTION('',(0.,-1.,4.440892098501E-16));
#9900 = ORIENTED_EDGE('',*,*,#9183,.F.);
#9901 = PLANE('',#9902);
#9902 = AXIS2_PLACEMENT_3D('',#9903,#9904,#9905);
#9903 = CARTESIAN_POINT('',(97.087267891938,8.,25.115));
#9904 = DIRECTION('',(0.,4.440892098501E-16,1.));
#9905 = DIRECTION('',(1.,0.,0.));
#9906 = ADVANCED_FACE('',(#9907),#9913,.T.);
#9907 = FACE_BOUND('',#9908,.T.);
#9908 = EDGE_LOOP('',(#9909,#9910,#9911,#9912));
#9909 = ORIENTED_EDGE('',*,*,#9895,.T.);
#9910 = ORIENTED_EDGE('',*,*,#9657,.T.);
#9911 = ORIENTED_EDGE('',*,*,#9820,.F.);
#9912 = ORIENTED_EDGE('',*,*,#9191,.F.);
#9913 = PLANE('',#9914);
#9914 = AXIS2_PLACEMENT_3D('',#9915,#9916,#9917);
#9915 = CARTESIAN_POINT('',(102.91273210806,8.,25.115));
#9916 = DIRECTION('',(-0.866025403784,2.22044604925E-16,0.5));
#9917 = DIRECTION('',(0.5,3.845925372767E-16,0.866025403784));
#9918 = ADVANCED_FACE('',(#9919),#9935,.T.);
#9919 = FACE_BOUND('',#9920,.T.);
#9920 = EDGE_LOOP('',(#9921,#9927,#9928,#9934));
#9921 = ORIENTED_EDGE('',*,*,#9922,.T.);
#9922 = EDGE_CURVE('',#9200,#9530,#9923,.T.);
#9923 = LINE('',#9924,#9925);
#9924 = CARTESIAN_POINT('',(-94.17453578387,8.,30.16));
#9925 = VECTOR('',#9926,1.);
#9926 = DIRECTION('',(0.,-1.,4.440892098501E-16));
#9927 = ORIENTED_EDGE('',*,*,#9529,.T.);
#9928 = ORIENTED_EDGE('',*,*,#9929,.F.);
#9929 = EDGE_CURVE('',#9202,#9532,#9930,.T.);
#9930 = LINE('',#9931,#9932);
#9931 = CARTESIAN_POINT('',(-97.08726789193,8.,35.205));
#9932 = VECTOR('',#9933,1.);
#9933 = DIRECTION('',(0.,-1.,4.440892098501E-16));
#9934 = ORIENTED_EDGE('',*,*,#9199,.F.);
#9935 = PLANE('',#9936);
#9936 = AXIS2_PLACEMENT_3D('',#9937,#9938,#9939);
#9937 = CARTESIAN_POINT('',(-94.17453578387,8.,30.16));
#9938 = DIRECTION('',(-0.866025403784,-2.22044604925E-16,-0.5));
#9939 = DIRECTION('',(-0.5,3.845925372767E-16,0.866025403784));
#9940 = ADVANCED_FACE('',(#9941),#9952,.T.);
#9941 = FACE_BOUND('',#9942,.T.);
#9942 = EDGE_LOOP('',(#9943,#9944,#9945,#9951));
#9943 = ORIENTED_EDGE('',*,*,#9929,.T.);
#9944 = ORIENTED_EDGE('',*,*,#9571,.T.);
#9945 = ORIENTED_EDGE('',*,*,#9946,.F.);
#9946 = EDGE_CURVE('',#9210,#9564,#9947,.T.);
#9947 = LINE('',#9948,#9949);
#9948 = CARTESIAN_POINT('',(-102.912732108,8.,35.205));
#9949 = VECTOR('',#9950,1.);
#9950 = DIRECTION('',(0.,-1.,4.440892098501E-16));
#9951 = ORIENTED_EDGE('',*,*,#9209,.F.);
#9952 = PLANE('',#9953);
#9953 = AXIS2_PLACEMENT_3D('',#9954,#9955,#9956);
#9954 = CARTESIAN_POINT('',(-97.08726789193,8.,35.205));
#9955 = DIRECTION('',(0.,-4.440892098501E-16,-1.));
#9956 = DIRECTION('',(-1.,0.,0.));
#9957 = ADVANCED_FACE('',(#9958),#9969,.T.);
#9958 = FACE_BOUND('',#9959,.T.);
#9959 = EDGE_LOOP('',(#9960,#9961,#9962,#9968));
#9960 = ORIENTED_EDGE('',*,*,#9946,.T.);
#9961 = ORIENTED_EDGE('',*,*,#9563,.T.);
#9962 = ORIENTED_EDGE('',*,*,#9963,.F.);
#9963 = EDGE_CURVE('',#9218,#9556,#9964,.T.);
#9964 = LINE('',#9965,#9966);
#9965 = CARTESIAN_POINT('',(-105.8254642161,8.,30.16));
#9966 = VECTOR('',#9967,1.);
#9967 = DIRECTION('',(0.,-1.,4.440892098501E-16));
#9968 = ORIENTED_EDGE('',*,*,#9217,.F.);
#9969 = PLANE('',#9970);
#9970 = AXIS2_PLACEMENT_3D('',#9971,#9972,#9973);
#9971 = CARTESIAN_POINT('',(-102.912732108,8.,35.205));
#9972 = DIRECTION('',(0.866025403784,-2.22044604925E-16,-0.5));
#9973 = DIRECTION('',(-0.5,-3.845925372767E-16,-0.866025403784));
#9974 = ADVANCED_FACE('',(#9975),#9986,.T.);
#9975 = FACE_BOUND('',#9976,.T.);
#9976 = EDGE_LOOP('',(#9977,#9978,#9979,#9985));
#9977 = ORIENTED_EDGE('',*,*,#9963,.T.);
#9978 = ORIENTED_EDGE('',*,*,#9555,.T.);
#9979 = ORIENTED_EDGE('',*,*,#9980,.F.);
#9980 = EDGE_CURVE('',#9226,#9548,#9981,.T.);
#9981 = LINE('',#9982,#9983);
#9982 = CARTESIAN_POINT('',(-102.912732108,8.,25.115));
#9983 = VECTOR('',#9984,1.);
#9984 = DIRECTION('',(0.,-1.,4.440892098501E-16));
#9985 = ORIENTED_EDGE('',*,*,#9225,.F.);
#9986 = PLANE('',#9987);
#9987 = AXIS2_PLACEMENT_3D('',#9988,#9989,#9990);
#9988 = CARTESIAN_POINT('',(-105.8254642161,8.,30.16));
#9989 = DIRECTION('',(0.866025403784,2.22044604925E-16,0.5));
#9990 = DIRECTION('',(0.5,-3.845925372767E-16,-0.866025403784));
#9991 = ADVANCED_FACE('',(#9992),#10003,.T.);
#9992 = FACE_BOUND('',#9993,.T.);
#9993 = EDGE_LOOP('',(#9994,#9995,#9996,#10002));
#9994 = ORIENTED_EDGE('',*,*,#9980,.T.);
#9995 = ORIENTED_EDGE('',*,*,#9547,.T.);
#9996 = ORIENTED_EDGE('',*,*,#9997,.F.);
#9997 = EDGE_CURVE('',#9234,#9540,#9998,.T.);
#9998 = LINE('',#9999,#10000);
#9999 = CARTESIAN_POINT('',(-97.08726789193,8.,25.115));
#10000 = VECTOR('',#10001,1.);
#10001 = DIRECTION('',(0.,-1.,4.440892098501E-16));
#10002 = ORIENTED_EDGE('',*,*,#9233,.F.);
#10003 = PLANE('',#10004);
#10004 = AXIS2_PLACEMENT_3D('',#10005,#10006,#10007);
#10005 = CARTESIAN_POINT('',(-102.912732108,8.,25.115));
#10006 = DIRECTION('',(0.,4.440892098501E-16,1.));
#10007 = DIRECTION('',(1.,0.,0.));
#10008 = ADVANCED_FACE('',(#10009),#10015,.T.);
#10009 = FACE_BOUND('',#10010,.T.);
#10010 = EDGE_LOOP('',(#10011,#10012,#10013,#10014));
#10011 = ORIENTED_EDGE('',*,*,#9997,.T.);
#10012 = ORIENTED_EDGE('',*,*,#9539,.T.);
#10013 = ORIENTED_EDGE('',*,*,#9922,.F.);
#10014 = ORIENTED_EDGE('',*,*,#9241,.F.);
#10015 = PLANE('',#10016);
#10016 = AXIS2_PLACEMENT_3D('',#10017,#10018,#10019);
#10017 = CARTESIAN_POINT('',(-97.08726789193,8.,25.115));
#10018 = DIRECTION('',(-0.866025403784,2.22044604925E-16,0.5));
#10019 = DIRECTION('',(0.5,3.845925372767E-16,0.866025403784));
#10020 = ADVANCED_FACE('',(#10021),#10037,.T.);
#10021 = FACE_BOUND('',#10022,.T.);
#10022 = EDGE_LOOP('',(#10023,#10029,#10030,#10036));
#10023 = ORIENTED_EDGE('',*,*,#10024,.T.);
#10024 = EDGE_CURVE('',#9250,#9481,#10025,.T.);
#10025 = LINE('',#10026,#10027);
#10026 = CARTESIAN_POINT('',(-97.08726789193,8.,9.245));
#10027 = VECTOR('',#10028,1.);
#10028 = DIRECTION('',(0.,-1.,4.440892098501E-16));
#10029 = ORIENTED_EDGE('',*,*,#9480,.T.);
#10030 = ORIENTED_EDGE('',*,*,#10031,.F.);
#10031 = EDGE_CURVE('',#9252,#9471,#10032,.T.);
#10032 = LINE('',#10033,#10034);
#10033 = CARTESIAN_POINT('',(-94.17453578387,8.,14.29));
#10034 = VECTOR('',#10035,1.);
#10035 = DIRECTION('',(0.,-1.,4.440892098501E-16));
#10036 = ORIENTED_EDGE('',*,*,#9249,.F.);
#10037 = PLANE('',#10038);
#10038 = AXIS2_PLACEMENT_3D('',#10039,#10040,#10041);
#10039 = CARTESIAN_POINT('',(-97.08726789193,8.,9.245));
#10040 = DIRECTION('',(-0.866025403784,2.22044604925E-16,0.5));
#10041 = DIRECTION('',(0.5,3.845925372767E-16,0.866025403784));
#10042 = ADVANCED_FACE('',(#10043),#10054,.T.);
#10043 = FACE_BOUND('',#10044,.T.);
#10044 = EDGE_LOOP('',(#10045,#10046,#10047,#10053));
#10045 = ORIENTED_EDGE('',*,*,#10031,.T.);
#10046 = ORIENTED_EDGE('',*,*,#9470,.T.);
#10047 = ORIENTED_EDGE('',*,*,#10048,.F.);
#10048 = EDGE_CURVE('',#9260,#9473,#10049,.T.);
#10049 = LINE('',#10050,#10051);
#10050 = CARTESIAN_POINT('',(-97.08726789193,8.,19.335));
#10051 = VECTOR('',#10052,1.);
#10052 = DIRECTION('',(0.,-1.,4.440892098501E-16));
#10053 = ORIENTED_EDGE('',*,*,#9259,.F.);
#10054 = PLANE('',#10055);
#10055 = AXIS2_PLACEMENT_3D('',#10056,#10057,#10058);
#10056 = CARTESIAN_POINT('',(-94.17453578387,8.,14.29));
#10057 = DIRECTION('',(-0.866025403784,-2.22044604925E-16,-0.5));
#10058 = DIRECTION('',(-0.5,3.845925372767E-16,0.866025403784));
#10059 = ADVANCED_FACE('',(#10060),#10071,.T.);
#10060 = FACE_BOUND('',#10061,.T.);
#10061 = EDGE_LOOP('',(#10062,#10063,#10064,#10070));
#10062 = ORIENTED_EDGE('',*,*,#10048,.T.);
#10063 = ORIENTED_EDGE('',*,*,#9512,.T.);
#10064 = ORIENTED_EDGE('',*,*,#10065,.F.);
#10065 = EDGE_CURVE('',#9268,#9505,#10066,.T.);
#10066 = LINE('',#10067,#10068);
#10067 = CARTESIAN_POINT('',(-102.912732108,8.,19.335));
#10068 = VECTOR('',#10069,1.);
#10069 = DIRECTION('',(0.,-1.,4.440892098501E-16));
#10070 = ORIENTED_EDGE('',*,*,#9267,.F.);
#10071 = PLANE('',#10072);
#10072 = AXIS2_PLACEMENT_3D('',#10073,#10074,#10075);
#10073 = CARTESIAN_POINT('',(-97.08726789193,8.,19.335));
#10074 = DIRECTION('',(0.,-4.440892098501E-16,-1.));
#10075 = DIRECTION('',(-1.,0.,0.));
#10076 = ADVANCED_FACE('',(#10077),#10088,.T.);
#10077 = FACE_BOUND('',#10078,.T.);
#10078 = EDGE_LOOP('',(#10079,#10080,#10081,#10087));
#10079 = ORIENTED_EDGE('',*,*,#10065,.T.);
#10080 = ORIENTED_EDGE('',*,*,#9504,.T.);
#10081 = ORIENTED_EDGE('',*,*,#10082,.F.);
#10082 = EDGE_CURVE('',#9276,#9497,#10083,.T.);
#10083 = LINE('',#10084,#10085);
#10084 = CARTESIAN_POINT('',(-105.8254642161,8.,14.29));
#10085 = VECTOR('',#10086,1.);
#10086 = DIRECTION('',(0.,-1.,4.440892098501E-16));
#10087 = ORIENTED_EDGE('',*,*,#9275,.F.);
#10088 = PLANE('',#10089);
#10089 = AXIS2_PLACEMENT_3D('',#10090,#10091,#10092);
#10090 = CARTESIAN_POINT('',(-102.912732108,8.,19.335));
#10091 = DIRECTION('',(0.866025403784,-2.22044604925E-16,-0.5));
#10092 = DIRECTION('',(-0.5,-3.845925372767E-16,-0.866025403784));
#10093 = ADVANCED_FACE('',(#10094),#10105,.T.);
#10094 = FACE_BOUND('',#10095,.T.);
#10095 = EDGE_LOOP('',(#10096,#10097,#10098,#10104));
#10096 = ORIENTED_EDGE('',*,*,#10082,.T.);
#10097 = ORIENTED_EDGE('',*,*,#9496,.T.);
#10098 = ORIENTED_EDGE('',*,*,#10099,.F.);
#10099 = EDGE_CURVE('',#9284,#9489,#10100,.T.);
#10100 = LINE('',#10101,#10102);
#10101 = CARTESIAN_POINT('',(-102.912732108,8.,9.245));
#10102 = VECTOR('',#10103,1.);
#10103 = DIRECTION('',(0.,-1.,4.440892098501E-16));
#10104 = ORIENTED_EDGE('',*,*,#9283,.F.);
#10105 = PLANE('',#10106);
#10106 = AXIS2_PLACEMENT_3D('',#10107,#10108,#10109);
#10107 = CARTESIAN_POINT('',(-105.8254642161,8.,14.29));
#10108 = DIRECTION('',(0.866025403784,2.22044604925E-16,0.5));
#10109 = DIRECTION('',(0.5,-3.845925372767E-16,-0.866025403784));
#10110 = ADVANCED_FACE('',(#10111),#10117,.T.);
#10111 = FACE_BOUND('',#10112,.T.);
#10112 = EDGE_LOOP('',(#10113,#10114,#10115,#10116));
#10113 = ORIENTED_EDGE('',*,*,#10099,.T.);
#10114 = ORIENTED_EDGE('',*,*,#9488,.T.);
#10115 = ORIENTED_EDGE('',*,*,#10024,.F.);
#10116 = ORIENTED_EDGE('',*,*,#9291,.F.);
#10117 = PLANE('',#10118);
#10118 = AXIS2_PLACEMENT_3D('',#10119,#10120,#10121);
#10119 = CARTESIAN_POINT('',(-102.912732108,8.,9.245));
#10120 = DIRECTION('',(3.049296628557E-16,4.440892098501E-16,1.));
#10121 = DIRECTION('',(1.,-1.354159730374E-31,-3.049296628557E-16));
#10122 = ADVANCED_FACE('',(#10123),#10139,.T.);
#10123 = FACE_BOUND('',#10124,.T.);
#10124 = EDGE_LOOP('',(#10125,#10131,#10132,#10138));
#10125 = ORIENTED_EDGE('',*,*,#10126,.T.);
#10126 = EDGE_CURVE('',#9300,#9599,#10127,.T.);
#10127 = LINE('',#10128,#10129);
#10128 = CARTESIAN_POINT('',(102.91273210806,8.,9.245));
#10129 = VECTOR('',#10130,1.);
#10130 = DIRECTION('',(0.,-1.,4.440892098501E-16));
#10131 = ORIENTED_EDGE('',*,*,#9598,.T.);
#10132 = ORIENTED_EDGE('',*,*,#10133,.F.);
#10133 = EDGE_CURVE('',#9302,#9589,#10134,.T.);
#10134 = LINE('',#10135,#10136);
#10135 = CARTESIAN_POINT('',(105.82546421612,8.,14.29));
#10136 = VECTOR('',#10137,1.);
#10137 = DIRECTION('',(0.,-1.,4.440892098501E-16));
#10138 = ORIENTED_EDGE('',*,*,#9299,.F.);
#10139 = PLANE('',#10140);
#10140 = AXIS2_PLACEMENT_3D('',#10141,#10142,#10143);
#10141 = CARTESIAN_POINT('',(102.91273210806,8.,9.245));
#10142 = DIRECTION('',(-0.866025403784,2.22044604925E-16,0.5));
#10143 = DIRECTION('',(0.5,3.845925372767E-16,0.866025403784));
#10144 = ADVANCED_FACE('',(#10145),#10156,.T.);
#10145 = FACE_BOUND('',#10146,.T.);
#10146 = EDGE_LOOP('',(#10147,#10148,#10149,#10155));
#10147 = ORIENTED_EDGE('',*,*,#10133,.T.);
#10148 = ORIENTED_EDGE('',*,*,#9588,.T.);
#10149 = ORIENTED_EDGE('',*,*,#10150,.F.);
#10150 = EDGE_CURVE('',#9310,#9591,#10151,.T.);
#10151 = LINE('',#10152,#10153);
#10152 = CARTESIAN_POINT('',(102.91273210806,8.,19.335));
#10153 = VECTOR('',#10154,1.);
#10154 = DIRECTION('',(0.,-1.,4.440892098501E-16));
#10155 = ORIENTED_EDGE('',*,*,#9309,.F.);
#10156 = PLANE('',#10157);
#10157 = AXIS2_PLACEMENT_3D('',#10158,#10159,#10160);
#10158 = CARTESIAN_POINT('',(105.82546421612,8.,14.29));
#10159 = DIRECTION('',(-0.866025403784,-2.22044604925E-16,-0.5));
#10160 = DIRECTION('',(-0.5,3.845925372767E-16,0.866025403784));
#10161 = ADVANCED_FACE('',(#10162),#10173,.T.);
#10162 = FACE_BOUND('',#10163,.T.);
#10163 = EDGE_LOOP('',(#10164,#10165,#10166,#10172));
#10164 = ORIENTED_EDGE('',*,*,#10150,.T.);
#10165 = ORIENTED_EDGE('',*,*,#9630,.T.);
#10166 = ORIENTED_EDGE('',*,*,#10167,.F.);
#10167 = EDGE_CURVE('',#9318,#9623,#10168,.T.);
#10168 = LINE('',#10169,#10170);
#10169 = CARTESIAN_POINT('',(97.087267891938,8.,19.335));
#10170 = VECTOR('',#10171,1.);
#10171 = DIRECTION('',(0.,-1.,4.440892098501E-16));
#10172 = ORIENTED_EDGE('',*,*,#9317,.F.);
#10173 = PLANE('',#10174);
#10174 = AXIS2_PLACEMENT_3D('',#10175,#10176,#10177);
#10175 = CARTESIAN_POINT('',(102.91273210806,8.,19.335));
#10176 = DIRECTION('',(0.,-4.440892098501E-16,-1.));
#10177 = DIRECTION('',(-1.,0.,0.));
#10178 = ADVANCED_FACE('',(#10179),#10190,.T.);
#10179 = FACE_BOUND('',#10180,.T.);
#10180 = EDGE_LOOP('',(#10181,#10182,#10183,#10189));
#10181 = ORIENTED_EDGE('',*,*,#10167,.T.);
#10182 = ORIENTED_EDGE('',*,*,#9622,.T.);
#10183 = ORIENTED_EDGE('',*,*,#10184,.F.);
#10184 = EDGE_CURVE('',#9326,#9615,#10185,.T.);
#10185 = LINE('',#10186,#10187);
#10186 = CARTESIAN_POINT('',(94.174535783877,8.,14.29));
#10187 = VECTOR('',#10188,1.);
#10188 = DIRECTION('',(0.,-1.,4.440892098501E-16));
#10189 = ORIENTED_EDGE('',*,*,#9325,.F.);
#10190 = PLANE('',#10191);
#10191 = AXIS2_PLACEMENT_3D('',#10192,#10193,#10194);
#10192 = CARTESIAN_POINT('',(97.087267891938,8.,19.335));
#10193 = DIRECTION('',(0.866025403784,-2.22044604925E-16,-0.5));
#10194 = DIRECTION('',(-0.5,-3.845925372767E-16,-0.866025403784));
#10195 = ADVANCED_FACE('',(#10196),#10207,.T.);
#10196 = FACE_BOUND('',#10197,.T.);
#10197 = EDGE_LOOP('',(#10198,#10199,#10200,#10206));
#10198 = ORIENTED_EDGE('',*,*,#10184,.T.);
#10199 = ORIENTED_EDGE('',*,*,#9614,.T.);
#10200 = ORIENTED_EDGE('',*,*,#10201,.F.);
#10201 = EDGE_CURVE('',#9334,#9607,#10202,.T.);
#10202 = LINE('',#10203,#10204);
#10203 = CARTESIAN_POINT('',(97.087267891938,8.,9.245));
#10204 = VECTOR('',#10205,1.);
#10205 = DIRECTION('',(0.,-1.,4.440892098501E-16));
#10206 = ORIENTED_EDGE('',*,*,#9333,.F.);
#10207 = PLANE('',#10208);
#10208 = AXIS2_PLACEMENT_3D('',#10209,#10210,#10211);
#10209 = CARTESIAN_POINT('',(94.174535783877,8.,14.29));
#10210 = DIRECTION('',(0.866025403784,2.22044604925E-16,0.5));
#10211 = DIRECTION('',(0.5,-3.845925372767E-16,-0.866025403784));
#10212 = ADVANCED_FACE('',(#10213),#10219,.T.);
#10213 = FACE_BOUND('',#10214,.T.);
#10214 = EDGE_LOOP('',(#10215,#10216,#10217,#10218));
#10215 = ORIENTED_EDGE('',*,*,#10201,.T.);
#10216 = ORIENTED_EDGE('',*,*,#9606,.T.);
#10217 = ORIENTED_EDGE('',*,*,#10126,.F.);
#10218 = ORIENTED_EDGE('',*,*,#9341,.F.);
#10219 = PLANE('',#10220);
#10220 = AXIS2_PLACEMENT_3D('',#10221,#10222,#10223);
#10221 = CARTESIAN_POINT('',(97.087267891938,8.,9.245));
#10222 = DIRECTION('',(3.049296628557E-16,4.440892098501E-16,1.));
#10223 = DIRECTION('',(1.,-1.354159730374E-31,-3.049296628557E-16));
#10224 = ( GEOMETRIC_REPRESENTATION_CONTEXT(3) 
GLOBAL_UNCERTAINTY_ASSIGNED_CONTEXT((#10228)) 
GLOBAL_UNIT_ASSIGNED_CONTEXT((#10225,#10226,#10227)) 
REPRESENTATION_CONTEXT('Context #1',
  '3D Context with UNIT and UNCERTAINTY') );
#10225 = ( LENGTH_UNIT() NAMED_UNIT(*) SI_UNIT(.MILLI.,.METRE.) );
#10226 = ( NAMED_UNIT(*) PLANE_ANGLE_UNIT() SI_UNIT($,.RADIAN.) );
#10227 = ( NAMED_UNIT(*) SI_UNIT($,.STERADIAN.) SOLID_ANGLE_UNIT() );
#10228 = UNCERTAINTY_MEASURE_WITH_UNIT(LENGTH_MEASURE(1.E-05),#10225,
  'distance_accuracy_value','confusion accuracy');
#10229 = PRODUCT_RELATED_PRODUCT_CATEGORY('part',$,(#7));
ENDSEC;
END-ISO-10303-21;
